repository	file	line	declaration
Y-Less/sscanf	Y-Less--sscanf/sscanf2.inc	178	stock const SSCANF_VERSION_STRING[] = #SSCANF_VERSION_MAJOR "." #SSCANF_VERSION_MINOR "." #SSCANF_VERSION_BUILD;
Y-Less/sscanf	Y-Less--sscanf/sscanf2.inc	203	forward BCD(number);
Y-Less/sscanf	Y-Less--sscanf/sscanf2.inc	304	forward SSCANF_ERROR(specifier, sscanf_error:error);
Y-Less/sscanf	Y-Less--sscanf/sscanf2.inc	410	native SSCANF_GetLastError();
Y-Less/sscanf	Y-Less--sscanf/sscanf2.inc	422	native SSCANF_GetErrorSpecifier();
Y-Less/sscanf	Y-Less--sscanf/sscanf2.inc	432	native SSCANF_ClearLastError();
Y-Less/sscanf	Y-Less--sscanf/sscanf2.inc	447	native sscanf_error:SSCANF_GetErrorCategory(error);
Y-Less/sscanf	Y-Less--sscanf/sscanf2.inc	462	native SSCANF_Levenshtein(const string1[], const string2[]);
Y-Less/sscanf	Y-Less--sscanf/sscanf2.inc	479	native Float:SSCANF_TextSimilarity(const string1[], const string2[]);
Y-Less/sscanf	Y-Less--sscanf/sscanf2.inc	492	native SSCANF_GetOption(const name[]) = SSCANF_Option;
Y-Less/sscanf	Y-Less--sscanf/sscanf2.inc	521	native SSCANF_SetOption(const name[], {_, Float}:value) = SSCANF_Option;
Y-Less/sscanf	Y-Less--sscanf/sscanf2.inc	558	forward SSCANF_Option(const name[], {_, Float}:value = -1);
Y-Less/sscanf	Y-Less--sscanf/sscanf2.inc	574	native SSCANF_VersionString(version[], size = sizeof (version)) = SSCANF_Version;
Y-Less/sscanf	Y-Less--sscanf/sscanf2.inc	596	native SSCANF_VersionBCD() = SSCANF_Version;
Y-Less/sscanf	Y-Less--sscanf/sscanf2.inc	650	forward sscanf(const data[], const format[], {T_WEAPON, Float, _}:...);
Y-Less/sscanf	Y-Less--sscanf/sscanf2.inc	658	native sscanf(const data[], const format[], {T_WEAPON, Float, _}:...);
Y-Less/sscanf	Y-Less--sscanf/sscanf2.inc	693	forward unformat(const data[], const format[], {T_WEAPON, Float, _}:...);
Y-Less/sscanf	Y-Less--sscanf/sscanf2.inc	701	native unformat(const data[], const format[], {T_WEAPON, Float, _}:...);
Y-Less/sscanf	Y-Less--sscanf/sscanf2.inc	725	stock const SSCANF_UNK_[] = "sscanf";
Y-Less/sscanf	Y-Less--sscanf/sscanf2.inc	736	stock const SSCANF_FOM_[] = "unformat";
Y-Less/sscanf	Y-Less--sscanf/sscanf2.inc	747	stock const SSCANF_EXT_[] = "extract";
Y-Less/sscanf	Y-Less--sscanf/sscanf2.inc	758	stock const SSCANF_QUIET[] = "SSCANF_QUIET";
Y-Less/sscanf	Y-Less--sscanf/sscanf2.inc	770	stock const OLD_DEFAULT_NAME[] = "OLD_DEFAULT_NAME";
Y-Less/sscanf	Y-Less--sscanf/sscanf2.inc	784	stock const MATCH_NAME_PARTIAL[] = "MATCH_NAME_PARTIAL";
Y-Less/sscanf	Y-Less--sscanf/sscanf2.inc	818	stock const CELLMIN_ON_MATCHES[] = "CELLMIN_ON_MATCHES";
Y-Less/sscanf	Y-Less--sscanf/sscanf2.inc	842	stock const OLD_DEFAULT_KUSTOM[] = "OLD_DEFAULT_KUSTOM";
Y-Less/sscanf	Y-Less--sscanf/sscanf2.inc	852	stock const OLD_DEFAULT_CUSTOM[] = "OLD_DEFAULT_CUSTOM";
Y-Less/sscanf	Y-Less--sscanf/sscanf2.inc	888	stock const SSCANF_COLOUR_FORMS[] = "SSCANF_COLOUR_FORMS";
Y-Less/sscanf	Y-Less--sscanf/sscanf2.inc	904	stock const SSCANF_ALPHA[] = "SSCANF_ALPHA";
Y-Less/sscanf	Y-Less--sscanf/sscanf2.inc	919	stock const SSCANF_ARGB[] = "SSCANF_ARGB";
Y-Less/sscanf	Y-Less--sscanf/sscanf2.inc	934	stock const MATCH_NAME_FIRST[] = "MATCH_NAME_FIRST";
Y-Less/sscanf	Y-Less--sscanf/sscanf2.inc	954	stock const MATCH_NAME_SIMILARITY[] = "MATCH_NAME_SIMILARITY";
Y-Less/sscanf	Y-Less--sscanf/sscanf2.inc	972	stock const ERROR_CODE_IN_RET[] = "ERROR_CODE_IN_RET";
Y-Less/sscanf	Y-Less--sscanf/sscanf2.inc	987	stock const WARNINGS_AS_ERRORS[] = "WARNINGS_AS_ERRORS";
Y-Less/sscanf	Y-Less--sscanf/sscanf2.inc	1002	stock const ERROR_CATEGORY_ONLY[] = "ERROR_CATEGORY_ONLY";
Y-Less/sscanf	Y-Less--sscanf/sscanf2.inc	1024	forward %0_%2(%1); \
Y-Less/sscanf	Y-Less--sscanf/sscanf2.inc	1045	forward SSCANF_PlayerCheck();
Y-Less/sscanf	Y-Less--sscanf/sscanf2.inc	1062	forward SSCANF_RunInit(); /// <p/>
Y-Less/sscanf	Y-Less--sscanf/sscanf2.inc	1173	forward OnScriptInit SSCANF_BRACKETS;
Y-Less/sscanf	Y-Less--sscanf/sscanf2.inc	1266	forward OnCachedInit();
Y-Less/sscanf	Y-Less--sscanf/sscanf2.inc	1449	stock SSCANF_GetSimilarString(const input[], const candidates[][], Float:threshold = 0.111111, count = sizeof (candidates))
Y-Less/sscanf	Y-Less--sscanf/sscanf2.inc	1485	stock SSCANF_GetSimilarValue(const input[], const candidates[][], const results[], fail = cellmin, Float:threshold = 0.111111, count = sizeof (candidates), check = sizeof (results))
Y-Less/sscanf	Y-Less--sscanf/sscanf2.inc	1520	stock SSCANF_GetClosestString(const input[], const candidates[][], threshold = cellmax, count = sizeof (candidates))
Y-Less/sscanf	Y-Less--sscanf/sscanf2.inc	1568	stock SSCANF_GetClosestValue(const input[], const candidates[][], const results[], fail = cellmin, threshold = cellmax, count = sizeof (candidates), check = sizeof (results))
Y-Less/sscanf	Y-Less--sscanf/sscanf2.inc	2045	stock SSCANF_Debug()
Y-Less/sscanf	Y-Less--sscanf/sscanf2.inc	2173	stock sscanf(string[], format[], {Float,_}:...)
katursis/Pawn.CMD	katursis--Pawn.CMD/src/Pawn.CMD.inc	42	native PC_Init(); // internal
katursis/Pawn.CMD	katursis--Pawn.CMD/src/Pawn.CMD.inc	44	native PC_RegAlias(const cmd[], const alias[], ...);
katursis/Pawn.CMD	katursis--Pawn.CMD/src/Pawn.CMD.inc	45	native PC_SetFlags(const cmd[], flags);
katursis/Pawn.CMD	katursis--Pawn.CMD/src/Pawn.CMD.inc	46	native PC_GetFlags(const cmd[]);
katursis/Pawn.CMD	katursis--Pawn.CMD/src/Pawn.CMD.inc	47	native PC_RenameCommand(const cmd[], const newname[]);
katursis/Pawn.CMD	katursis--Pawn.CMD/src/Pawn.CMD.inc	48	native PC_CommandExists(const cmd[]);
katursis/Pawn.CMD	katursis--Pawn.CMD/src/Pawn.CMD.inc	49	native PC_DeleteCommand(const cmd[]);
katursis/Pawn.CMD	katursis--Pawn.CMD/src/Pawn.CMD.inc	51	native CmdArray:PC_GetCommandArray();
katursis/Pawn.CMD	katursis--Pawn.CMD/src/Pawn.CMD.inc	52	native CmdArray:PC_GetAliasArray(const cmd[]);
katursis/Pawn.CMD	katursis--Pawn.CMD/src/Pawn.CMD.inc	53	native PC_GetArraySize(CmdArray:arr);
katursis/Pawn.CMD	katursis--Pawn.CMD/src/Pawn.CMD.inc	54	native PC_GetCommandName(CmdArray:arr, index, dest[], size = sizeof dest);
katursis/Pawn.CMD	katursis--Pawn.CMD/src/Pawn.CMD.inc	55	native PC_FreeArray(&CmdArray:arr);
katursis/Pawn.CMD	katursis--Pawn.CMD/src/Pawn.CMD.inc	57	native PC_EmulateCommand(playerid, const cmdtext[]);
katursis/Pawn.CMD	katursis--Pawn.CMD/src/Pawn.CMD.inc	60	forward PC_OnInit();
katursis/Pawn.CMD	katursis--Pawn.CMD/src/Pawn.CMD.inc	64	forward OnPlayerCommandReceived(playerid, cmd[], params[], flags);
katursis/Pawn.CMD	katursis--Pawn.CMD/src/Pawn.CMD.inc	68	forward OnPlayerCommandPerformed(playerid, cmd[], params[], result, flags);
katursis/Pawn.CMD	katursis--Pawn.CMD/src/Pawn.CMD.inc	72	forward pc_cmd_%0(%1); \
katursis/Pawn.CMD	katursis--Pawn.CMD/src/Pawn.CMD.inc	76	forward pc_alias_%0(); \
katursis/Pawn.CMD	katursis--Pawn.CMD/src/Pawn.CMD.inc	81	forward pc_flags_%0(); \
katursis/Pawn.CMD	katursis--Pawn.CMD/src/Pawn.CMD.inc	120	forward PawnCmd_OnFilterScriptInit();
katursis/Pawn.CMD	katursis--Pawn.CMD/src/Pawn.CMD.inc	143	forward PawnCmd_OnGameModeInit();
openmultiplayer/omp-stdlib	openmultiplayer--omp-stdlib/omp_menu.inc	94	native Menu:CreateMenu(const title[], columns, Float:x, Float:y, Float:column1width, Float:column2width = 0.0, OPEN_MP_TAGS:...);
openmultiplayer/omp-stdlib	openmultiplayer--omp-stdlib/omp_menu.inc	107	native bool:DestroyMenu(Menu:menuid);
openmultiplayer/omp-stdlib	openmultiplayer--omp-stdlib/omp_menu.inc	133	native AddMenuItem(Menu:menuid, column, const text[], OPEN_MP_TAGS:...);
openmultiplayer/omp-stdlib	openmultiplayer--omp-stdlib/omp_menu.inc	149	native bool:SetMenuColumnHeader(Menu:menuid, column, const heading[], OPEN_MP_TAGS:...);
openmultiplayer/omp-stdlib	openmultiplayer--omp-stdlib/omp_menu.inc	168	native bool:ShowMenuForPlayer(Menu:menuid, playerid);
openmultiplayer/omp-stdlib	openmultiplayer--omp-stdlib/omp_menu.inc	185	native bool:HideMenuForPlayer(Menu:menuid, playerid);
openmultiplayer/omp-stdlib	openmultiplayer--omp-stdlib/omp_menu.inc	195	native bool:IsValidMenu(Menu:menuid);
openmultiplayer/omp-stdlib	openmultiplayer--omp-stdlib/omp_menu.inc	206	native bool:DisableMenu(Menu:menuid);
openmultiplayer/omp-stdlib	openmultiplayer--omp-stdlib/omp_menu.inc	227	native bool:DisableMenuRow(Menu:menuid, row);
openmultiplayer/omp-stdlib	openmultiplayer--omp-stdlib/omp_menu.inc	244	native Menu:GetPlayerMenu(playerid);
openmultiplayer/omp-stdlib	openmultiplayer--omp-stdlib/omp_menu.inc	250	native bool:IsMenuDisabled(Menu:menuid);
openmultiplayer/omp-stdlib	openmultiplayer--omp-stdlib/omp_menu.inc	256	native bool:IsMenuRowDisabled(Menu:menuid, row);
openmultiplayer/omp-stdlib	openmultiplayer--omp-stdlib/omp_menu.inc	262	native GetMenuColumns(Menu:menuid);
openmultiplayer/omp-stdlib	openmultiplayer--omp-stdlib/omp_menu.inc	268	native GetMenuItems(Menu:menuid, column);
openmultiplayer/omp-stdlib	openmultiplayer--omp-stdlib/omp_menu.inc	274	native bool:GetMenuPos(Menu:menuid, &Float:x, &Float:y);
openmultiplayer/omp-stdlib	openmultiplayer--omp-stdlib/omp_menu.inc	280	native bool:GetMenuColumnWidth(Menu:menuid, &Float:column1Width, &Float:column2Width = 0.0);
openmultiplayer/omp-stdlib	openmultiplayer--omp-stdlib/omp_menu.inc	286	native bool:GetMenuColumnHeader(Menu:menuid, column, header[], len = sizeof (header));
openmultiplayer/omp-stdlib	openmultiplayer--omp-stdlib/omp_menu.inc	292	native bool:GetMenuItem(Menu:menuid, column, row, cell[], len = sizeof (cell));
openmultiplayer/omp-stdlib	openmultiplayer--omp-stdlib/omp_menu.inc	327	forward OnPlayerSelectedMenuRow(playerid, row);
openmultiplayer/omp-stdlib	openmultiplayer--omp-stdlib/omp_menu.inc	340	forward OnPlayerExitedMenu(playerid);
openmultiplayer/omp-stdlib	openmultiplayer--omp-stdlib/_open_mp.inc	182	stock ShowPlayerMarkers(PLAYER_MARKERS_MODE:mode)
openmultiplayer/omp-stdlib	openmultiplayer--omp-stdlib/_open_mp.inc	209	stock ShowPlayerMarkers(PLAYER_MARKERS_MODE:mode)
openmultiplayer/omp-stdlib	openmultiplayer--omp-stdlib/_open_mp.inc	490	stock GetPlayerPoolSize()
openmultiplayer/omp-stdlib	openmultiplayer--omp-stdlib/_open_mp.inc	503	stock GetVehiclePoolSize()
openmultiplayer/omp-stdlib	openmultiplayer--omp-stdlib/_open_mp.inc	517	stock GetActorPoolSize()
openmultiplayer/omp-stdlib	openmultiplayer--omp-stdlib/console.inc	42	native print(const string[], foreground = -1, background = -1);
openmultiplayer/omp-stdlib	openmultiplayer--omp-stdlib/console.inc	44	stock print(const __string[], __foreground = -1, __background = -1)
openmultiplayer/omp-stdlib	openmultiplayer--omp-stdlib/console.inc	89	native printf(const format[], {Float, _}:...);
openmultiplayer/omp-stdlib	openmultiplayer--omp-stdlib/console.inc	99	forward clreol();
openmultiplayer/omp-stdlib	openmultiplayer--omp-stdlib/console.inc	108	forward clrscr();
openmultiplayer/omp-stdlib	openmultiplayer--omp-stdlib/console.inc	117	forward getchar(bool:echo = true);
openmultiplayer/omp-stdlib	openmultiplayer--omp-stdlib/console.inc	133	forward getstring(string[], size = sizeof (string), bool:pack = false);
openmultiplayer/omp-stdlib	openmultiplayer--omp-stdlib/console.inc	150	forward getvalue(base = 10, end = '\r', ...);
openmultiplayer/omp-stdlib	openmultiplayer--omp-stdlib/console.inc	161	forward bool:gotoxy(x = 1, y = 1);
openmultiplayer/omp-stdlib	openmultiplayer--omp-stdlib/console.inc	177	forward setattr(foreground = -1, background = -1);
openmultiplayer/omp-stdlib	openmultiplayer--omp-stdlib/omp_dialog.inc	105	native bool:ShowPlayerDialog(playerid, dialogid, DIALOG_STYLE:style, const title[], const body[], const button1[], const button2[], OPEN_MP_TAGS:...);
openmultiplayer/omp-stdlib	openmultiplayer--omp-stdlib/omp_dialog.inc	118	native bool:HidePlayerDialog(playerid);
openmultiplayer/omp-stdlib	openmultiplayer--omp-stdlib/omp_dialog.inc	136	native bool:GetPlayerDialogData(playerid, &DIALOG_STYLE:style, title[], titleSize = sizeof (title), body[], bodySize = sizeof (body), button1[], button1Size = sizeof (button1), button2[], button2Size = sizeof (button2));
openmultiplayer/omp-stdlib	openmultiplayer--omp-stdlib/omp_dialog.inc	146	native GetPlayerDialogID(playerid);
openmultiplayer/omp-stdlib	openmultiplayer--omp-stdlib/omp_dialog.inc	149	native # Deprecated();
openmultiplayer/omp-stdlib	openmultiplayer--omp-stdlib/omp_dialog.inc	150	native           Deprecated(
openmultiplayer/omp-stdlib	openmultiplayer--omp-stdlib/omp_dialog.inc	151	native      ====================(
openmultiplayer/omp-stdlib	openmultiplayer--omp-stdlib/omp_dialog.inc	152	native
openmultiplayer/omp-stdlib	openmultiplayer--omp-stdlib/omp_dialog.inc	169	native GetPlayerDialog(playerid) = GetPlayerDialogID;
openmultiplayer/omp-stdlib	openmultiplayer--omp-stdlib/omp_dialog.inc	213	forward OnDialogResponse(playerid, dialogid, response, listitem, inputtext[]);
openmultiplayer/omp-stdlib	openmultiplayer--omp-stdlib/omp_pickup.inc	65	native # Global();
openmultiplayer/omp-stdlib	openmultiplayer--omp-stdlib/omp_pickup.inc	66	native             Global(
openmultiplayer/omp-stdlib	openmultiplayer--omp-stdlib/omp_pickup.inc	67	native      ====================(
openmultiplayer/omp-stdlib	openmultiplayer--omp-stdlib/omp_pickup.inc	68	native
openmultiplayer/omp-stdlib	openmultiplayer--omp-stdlib/omp_pickup.inc	95	native AddStaticPickup(model, type, Float:x, Float:y, Float:z, virtualWorld = 0);
openmultiplayer/omp-stdlib	openmultiplayer--omp-stdlib/omp_pickup.inc	164	native CreatePickup(model, type, Float:x, Float:y, Float:z, virtualWorld = 0);
openmultiplayer/omp-stdlib	openmultiplayer--omp-stdlib/omp_pickup.inc	173	native bool:DestroyPickup(pickup);
openmultiplayer/omp-stdlib	openmultiplayer--omp-stdlib/omp_pickup.inc	178	native bool:IsValidPickup(pickupid);
openmultiplayer/omp-stdlib	openmultiplayer--omp-stdlib/omp_pickup.inc	183	native bool:IsPickupStreamedIn(playerid, pickupid);
openmultiplayer/omp-stdlib	openmultiplayer--omp-stdlib/omp_pickup.inc	188	native bool:GetPickupPos(pickupid, &Float:x, &Float:y, &Float:z);
openmultiplayer/omp-stdlib	openmultiplayer--omp-stdlib/omp_pickup.inc	193	native GetPickupModel(pickupid);
openmultiplayer/omp-stdlib	openmultiplayer--omp-stdlib/omp_pickup.inc	198	native GetPickupType(pickupid);
openmultiplayer/omp-stdlib	openmultiplayer--omp-stdlib/omp_pickup.inc	203	native GetPickupVirtualWorld(pickupid);
openmultiplayer/omp-stdlib	openmultiplayer--omp-stdlib/omp_pickup.inc	208	native bool:SetPickupPos(pickupid, Float:x, Float:y, Float:z, bool:update = true);
openmultiplayer/omp-stdlib	openmultiplayer--omp-stdlib/omp_pickup.inc	213	native bool:SetPickupModel(pickupid, model, bool:update = true);
openmultiplayer/omp-stdlib	openmultiplayer--omp-stdlib/omp_pickup.inc	218	native bool:SetPickupType(pickupid, type, bool:update = true);
openmultiplayer/omp-stdlib	openmultiplayer--omp-stdlib/omp_pickup.inc	223	native bool:SetPickupVirtualWorld(pickupid, virtualWorld);
openmultiplayer/omp-stdlib	openmultiplayer--omp-stdlib/omp_pickup.inc	228	native bool:ShowPickupForPlayer(playerid, pickupid);
openmultiplayer/omp-stdlib	openmultiplayer--omp-stdlib/omp_pickup.inc	233	native bool:HidePickupForPlayer(playerid, pickupid);
openmultiplayer/omp-stdlib	openmultiplayer--omp-stdlib/omp_pickup.inc	238	native bool:IsPickupHiddenForPlayer(playerid, pickupid);
openmultiplayer/omp-stdlib	openmultiplayer--omp-stdlib/omp_pickup.inc	241	native # Per-Player();
openmultiplayer/omp-stdlib	openmultiplayer--omp-stdlib/omp_pickup.inc	242	native           Per-Player(
openmultiplayer/omp-stdlib	openmultiplayer--omp-stdlib/omp_pickup.inc	243	native      ====================(
openmultiplayer/omp-stdlib	openmultiplayer--omp-stdlib/omp_pickup.inc	244	native
openmultiplayer/omp-stdlib	openmultiplayer--omp-stdlib/omp_pickup.inc	250	native CreatePlayerPickup(playerid, model, type, Float:x, Float:y, Float:z, virtualWorld = 0);
openmultiplayer/omp-stdlib	openmultiplayer--omp-stdlib/omp_pickup.inc	255	native bool:DestroyPlayerPickup(playerid, pickupid);
openmultiplayer/omp-stdlib	openmultiplayer--omp-stdlib/omp_pickup.inc	260	native bool:IsValidPlayerPickup(playerid, pickupid);
openmultiplayer/omp-stdlib	openmultiplayer--omp-stdlib/omp_pickup.inc	265	native bool:IsPlayerPickupStreamedIn(playerid, pickupid);
openmultiplayer/omp-stdlib	openmultiplayer--omp-stdlib/omp_pickup.inc	270	native bool:GetPlayerPickupPos(playerid, pickupid, &Float:x, &Float:y, &Float:z);
openmultiplayer/omp-stdlib	openmultiplayer--omp-stdlib/omp_pickup.inc	275	native bool:SetPlayerPickupPos(playerid, pickupid, Float:x, Float:y, Float:z, bool:update = true);
openmultiplayer/omp-stdlib	openmultiplayer--omp-stdlib/omp_pickup.inc	280	native bool:SetPlayerPickupModel(playerid, pickupid, model, bool:update = true);
openmultiplayer/omp-stdlib	openmultiplayer--omp-stdlib/omp_pickup.inc	285	native bool:SetPlayerPickupType(playerid, pickupid, type, bool:update = true);
openmultiplayer/omp-stdlib	openmultiplayer--omp-stdlib/omp_pickup.inc	290	native bool:SetPlayerPickupVirtualWorld(playerid, pickupid, virtualWorld);
openmultiplayer/omp-stdlib	openmultiplayer--omp-stdlib/omp_pickup.inc	295	native GetPlayerPickupModel(playerid, pickupid);
openmultiplayer/omp-stdlib	openmultiplayer--omp-stdlib/omp_pickup.inc	300	native GetPlayerPickupType(playerid, pickupid);
openmultiplayer/omp-stdlib	openmultiplayer--omp-stdlib/omp_pickup.inc	305	native GetPlayerPickupVirtualWorld(playerid, pickupid);
openmultiplayer/omp-stdlib	openmultiplayer--omp-stdlib/omp_pickup.inc	333	forward OnPlayerPickUpPickup(playerid, pickupid);
openmultiplayer/omp-stdlib	openmultiplayer--omp-stdlib/omp_pickup.inc	346	forward OnPlayerPickUpPlayerPickup(playerid, pickupid);
openmultiplayer/omp-stdlib	openmultiplayer--omp-stdlib/omp_pickup.inc	359	forward OnPickupStreamIn(pickupid, playerid);
openmultiplayer/omp-stdlib	openmultiplayer--omp-stdlib/omp_pickup.inc	372	forward OnPickupStreamOut(pickupid, playerid);
openmultiplayer/omp-stdlib	openmultiplayer--omp-stdlib/omp_pickup.inc	385	forward OnPlayerPickupStreamIn(pickupid, playerid);
openmultiplayer/omp-stdlib	openmultiplayer--omp-stdlib/omp_pickup.inc	398	forward OnPlayerPickupStreamOut(pickupid, playerid);
openmultiplayer/omp-stdlib	openmultiplayer--omp-stdlib/omp_network.inc	130	native bool:Kick(playerid);
openmultiplayer/omp-stdlib	openmultiplayer--omp-stdlib/omp_network.inc	145	native bool:Ban(playerid);
openmultiplayer/omp-stdlib	openmultiplayer--omp-stdlib/omp_network.inc	157	native bool:BanEx(playerid, const reason[]);
openmultiplayer/omp-stdlib	openmultiplayer--omp-stdlib/omp_network.inc	174	native bool:BlockIpAddress(const ipAddress[], timeMS);
openmultiplayer/omp-stdlib	openmultiplayer--omp-stdlib/omp_network.inc	183	native bool:UnBlockIpAddress(const ipAddress[]);
openmultiplayer/omp-stdlib	openmultiplayer--omp-stdlib/omp_network.inc	188	native bool:ClearBanList();
openmultiplayer/omp-stdlib	openmultiplayer--omp-stdlib/omp_network.inc	193	native bool:IsBanned(const ipaddress[]);
openmultiplayer/omp-stdlib	openmultiplayer--omp-stdlib/omp_network.inc	203	native bool:IsPlayerAdmin(playerid);
openmultiplayer/omp-stdlib	openmultiplayer--omp-stdlib/omp_network.inc	208	native bool:SetPlayerAdmin(playerid, bool:admin);
openmultiplayer/omp-stdlib	openmultiplayer--omp-stdlib/omp_network.inc	222	native bool:SendRconCommand(const format[], OPEN_MP_TAGS:...);
openmultiplayer/omp-stdlib	openmultiplayer--omp-stdlib/omp_network.inc	237	native bool:SendRconCommandf(const format[], OPEN_MP_TAGS:...) = SendRconCommand;
openmultiplayer/omp-stdlib	openmultiplayer--omp-stdlib/omp_network.inc	251	native GetPlayerVersion(playerid, version[], len = sizeof (version));
openmultiplayer/omp-stdlib	openmultiplayer--omp-stdlib/omp_network.inc	260	native gpci(playerid, serial[], len = sizeof (serial));
openmultiplayer/omp-stdlib	openmultiplayer--omp-stdlib/omp_network.inc	269	native GPCI(playerid, serial[], len = sizeof (serial)) = gpci;
openmultiplayer/omp-stdlib	openmultiplayer--omp-stdlib/omp_network.inc	290	native GetPlayerIp(playerid, ip[], len = sizeof (ip));
openmultiplayer/omp-stdlib	openmultiplayer--omp-stdlib/omp_network.inc	295	native GetPlayerRawIp(playerid);
openmultiplayer/omp-stdlib	openmultiplayer--omp-stdlib/omp_network.inc	308	native GetPlayerPing(playerid);
openmultiplayer/omp-stdlib	openmultiplayer--omp-stdlib/omp_network.inc	319	native bool:SendClientCheck(playerid, type, memoryAddress, memoryOffset, byteCount);
openmultiplayer/omp-stdlib	openmultiplayer--omp-stdlib/omp_network.inc	322	native # Netstats();
openmultiplayer/omp-stdlib	openmultiplayer--omp-stdlib/omp_network.inc	323	native            Netstats(
openmultiplayer/omp-stdlib	openmultiplayer--omp-stdlib/omp_network.inc	324	native      ====================(
openmultiplayer/omp-stdlib	openmultiplayer--omp-stdlib/omp_network.inc	325	native
openmultiplayer/omp-stdlib	openmultiplayer--omp-stdlib/omp_network.inc	348	native NetStats_GetConnectedTime(playerid);
openmultiplayer/omp-stdlib	openmultiplayer--omp-stdlib/omp_network.inc	367	native NetStats_MessagesReceived(playerid);
openmultiplayer/omp-stdlib	openmultiplayer--omp-stdlib/omp_network.inc	386	native NetStats_BytesReceived(playerid);
openmultiplayer/omp-stdlib	openmultiplayer--omp-stdlib/omp_network.inc	404	native NetStats_MessagesSent(playerid);
openmultiplayer/omp-stdlib	openmultiplayer--omp-stdlib/omp_network.inc	423	native NetStats_BytesSent(playerid);
openmultiplayer/omp-stdlib	openmultiplayer--omp-stdlib/omp_network.inc	441	native NetStats_MessagesRecvPerSecond(playerid);
openmultiplayer/omp-stdlib	openmultiplayer--omp-stdlib/omp_network.inc	467	native Float:NetStats_PacketLossPercent(playerid);
openmultiplayer/omp-stdlib	openmultiplayer--omp-stdlib/omp_network.inc	502	native CONNECTION_STATUS:NetStats_ConnectionStatus(playerid);
openmultiplayer/omp-stdlib	openmultiplayer--omp-stdlib/omp_network.inc	516	native CONNECTION_STATUS:GetPlayerConnectMode(playerid) = NetStats_ConnectionStatus;
openmultiplayer/omp-stdlib	openmultiplayer--omp-stdlib/omp_network.inc	536	native NetStats_GetIpPort(playerid, output[], size = sizeof (output));
openmultiplayer/omp-stdlib	openmultiplayer--omp-stdlib/omp_network.inc	539	native # Formatted();
openmultiplayer/omp-stdlib	openmultiplayer--omp-stdlib/omp_network.inc	540	native           Formatted(
openmultiplayer/omp-stdlib	openmultiplayer--omp-stdlib/omp_network.inc	541	native      ====================(
openmultiplayer/omp-stdlib	openmultiplayer--omp-stdlib/omp_network.inc	542	native
openmultiplayer/omp-stdlib	openmultiplayer--omp-stdlib/omp_network.inc	584	native bool:GetNetworkStats(output[], size = sizeof (output));
openmultiplayer/omp-stdlib	openmultiplayer--omp-stdlib/omp_network.inc	606	native bool:GetPlayerNetworkStats(playerid, output[], size = sizeof (output));
openmultiplayer/omp-stdlib	openmultiplayer--omp-stdlib/omp_network.inc	631	forward OnClientCheckResponse(playerid, actionid, memaddr, retndata);
openmultiplayer/omp-stdlib	openmultiplayer--omp-stdlib/omp_network.inc	650	forward OnRconLoginAttempt(ip[], password[], success);
openmultiplayer/omp-stdlib	openmultiplayer--omp-stdlib/omp_network.inc	666	forward OnPlayerFinishedDownloading(playerid, virtualworld);
openmultiplayer/omp-stdlib	openmultiplayer--omp-stdlib/omp_network.inc	673	forward OnPlayerRequestDownload(playerid, DOWNLOAD_REQUEST:type, crc);
openmultiplayer/omp-stdlib	openmultiplayer--omp-stdlib/omp_network.inc	696	forward OnRconCommand(cmd[]);
openmultiplayer/omp-stdlib	openmultiplayer--omp-stdlib/file.inc	78	native File:fopen(const filename[], filemode:mode = io_readwrite);
openmultiplayer/omp-stdlib	openmultiplayer--omp-stdlib/file.inc	93	native bool:fclose(File:handle);
openmultiplayer/omp-stdlib	openmultiplayer--omp-stdlib/file.inc	102	native File:ftemp();
openmultiplayer/omp-stdlib	openmultiplayer--omp-stdlib/file.inc	117	native bool:fremove(const filename[]);
openmultiplayer/omp-stdlib	openmultiplayer--omp-stdlib/file.inc	131	native fwrite(File:handle, const string[]);
openmultiplayer/omp-stdlib	openmultiplayer--omp-stdlib/file.inc	144	native fread(File:handle, string[], size = sizeof (string), bool:pack = false);
openmultiplayer/omp-stdlib	openmultiplayer--omp-stdlib/file.inc	155	native bool:fputchar(File:handle, value, bool:utf8 = true);
openmultiplayer/omp-stdlib	openmultiplayer--omp-stdlib/file.inc	160	native fgetchar(File:handle, bool:utf8 = true);
openmultiplayer/omp-stdlib	openmultiplayer--omp-stdlib/file.inc	171	native fblockwrite(File:handle, const buffer[], size = sizeof (buffer));
openmultiplayer/omp-stdlib	openmultiplayer--omp-stdlib/file.inc	183	native fblockread(File:handle, buffer[], size = sizeof (buffer));
openmultiplayer/omp-stdlib	openmultiplayer--omp-stdlib/file.inc	208	native fseek(File:handle, position = 0, seek_whence:whence = seek_start);
openmultiplayer/omp-stdlib	openmultiplayer--omp-stdlib/file.inc	216	native ftell(File:handle);
openmultiplayer/omp-stdlib	openmultiplayer--omp-stdlib/file.inc	226	native flength(File:handle);
openmultiplayer/omp-stdlib	openmultiplayer--omp-stdlib/file.inc	235	native bool:fflush(File:handle);
openmultiplayer/omp-stdlib	openmultiplayer--omp-stdlib/file.inc	237	stock bool:fflush(File:__handle)
openmultiplayer/omp-stdlib	openmultiplayer--omp-stdlib/file.inc	253	native fexist(const filename[]);
openmultiplayer/omp-stdlib	openmultiplayer--omp-stdlib/file.inc	274	native bool:fstat(const filename[], &size = 0, &timestamp = 0, &attrib = 0, &inode = 0);
openmultiplayer/omp-stdlib	openmultiplayer--omp-stdlib/file.inc	286	native bool:frename(const oldname[], const newname[]);
openmultiplayer/omp-stdlib	openmultiplayer--omp-stdlib/file.inc	298	native bool:fcopy(const source[], const target[]);
openmultiplayer/omp-stdlib	openmultiplayer--omp-stdlib/file.inc	312	native filecrc(const filename[]);
openmultiplayer/omp-stdlib	openmultiplayer--omp-stdlib/file.inc	324	forward diskfree(const volume[] = "");
openmultiplayer/omp-stdlib	openmultiplayer--omp-stdlib/file.inc	340	native bool:fattrib(const filename[], timestamp = 0, attrib = 0x0F);
openmultiplayer/omp-stdlib	openmultiplayer--omp-stdlib/file.inc	351	native bool:fmatch(const filename[], const pattern[], index = 0, size = sizeof (filename));
openmultiplayer/omp-stdlib	openmultiplayer--omp-stdlib/file.inc	363	native bool:fmkdir(const dirname[]) = fcreatedir;
openmultiplayer/omp-stdlib	openmultiplayer--omp-stdlib/file.inc	374	native bool:fcreatedir(const dirname[]);
openmultiplayer/omp-stdlib	openmultiplayer--omp-stdlib/file.inc	389	native bool:deletecfg(const cfgname[] = "", const section[] = "", const key[] = "");
openmultiplayer/omp-stdlib	openmultiplayer--omp-stdlib/file.inc	411	native readcfg(const cfgname[] = "", const section[] = "", const key[], value[], size = sizeof (value), const defvalue[] = "", bool:pack = false);
openmultiplayer/omp-stdlib	openmultiplayer--omp-stdlib/file.inc	426	native readcfgvalue(const cfgname[] = "", const section[] = "", const key[], defvalue = 0);
openmultiplayer/omp-stdlib	openmultiplayer--omp-stdlib/file.inc	439	native bool:writecfg(const filename[] = "", const section[] = "", const key[], const value[]);
openmultiplayer/omp-stdlib	openmultiplayer--omp-stdlib/file.inc	452	native bool:writecfgvalue(const filename[] = "", const section[] = "", const key[], value);
openmultiplayer/omp-stdlib	openmultiplayer--omp-stdlib/file.inc	457	native bool:ffind(const pattern[], filename[], size = sizeof (filename), &idx);
openmultiplayer/omp-stdlib	openmultiplayer--omp-stdlib/file.inc	462	native bool:dfind(const pattern[], filename[], size = sizeof (filename), &idx);
openmultiplayer/omp-stdlib	openmultiplayer--omp-stdlib/file.inc	467	native bool:dcreate(const name[]) = fcreatedir;
openmultiplayer/omp-stdlib	openmultiplayer--omp-stdlib/file.inc	472	native bool:drename(const oldname[], const newname[]) = frename;
openmultiplayer/omp-stdlib	openmultiplayer--omp-stdlib/file.inc	477	native bool:ftouch(const filename[]);
openmultiplayer/omp-stdlib	openmultiplayer--omp-stdlib/file.inc	482	forward File:operator++(File:a);
openmultiplayer/omp-stdlib	openmultiplayer--omp-stdlib/file.inc	486	forward File:operator--(File:a);
openmultiplayer/omp-stdlib	openmultiplayer--omp-stdlib/file.inc	490	forward File:operator-(File:a);
openmultiplayer/omp-stdlib	openmultiplayer--omp-stdlib/file.inc	494	forward File:operator+(File:a, File:b);
openmultiplayer/omp-stdlib	openmultiplayer--omp-stdlib/file.inc	498	forward File:operator+(File:a, _:b);
openmultiplayer/omp-stdlib	openmultiplayer--omp-stdlib/file.inc	502	forward File:operator-(File:a, File:b);
openmultiplayer/omp-stdlib	openmultiplayer--omp-stdlib/file.inc	506	forward File:operator-(_:a, File:b);
openmultiplayer/omp-stdlib	openmultiplayer--omp-stdlib/file.inc	510	forward File:operator-(File:a, _:b);
openmultiplayer/omp-stdlib	openmultiplayer--omp-stdlib/file.inc	514	forward File:operator*(File:a, File:b);
openmultiplayer/omp-stdlib	openmultiplayer--omp-stdlib/file.inc	518	forward File:operator*(File:a, _:b);
openmultiplayer/omp-stdlib	openmultiplayer--omp-stdlib/file.inc	522	forward File:operator/(File:a, File:b);
openmultiplayer/omp-stdlib	openmultiplayer--omp-stdlib/file.inc	526	forward File:operator/(_:a, File:b);
openmultiplayer/omp-stdlib	openmultiplayer--omp-stdlib/file.inc	530	forward File:operator/(File:a, _:b);
openmultiplayer/omp-stdlib	openmultiplayer--omp-stdlib/file.inc	534	forward File:operator%(File:a, File:b);
openmultiplayer/omp-stdlib	openmultiplayer--omp-stdlib/file.inc	538	forward File:operator%(_:a, File:b);
openmultiplayer/omp-stdlib	openmultiplayer--omp-stdlib/file.inc	542	forward File:operator%(File:a, _:b);
openmultiplayer/omp-stdlib	openmultiplayer--omp-stdlib/file.inc	546	forward bool:operator<(File:a, File:b);
openmultiplayer/omp-stdlib	openmultiplayer--omp-stdlib/file.inc	550	forward bool:operator<(_:a, File:b);
openmultiplayer/omp-stdlib	openmultiplayer--omp-stdlib/file.inc	554	forward bool:operator<(File:a, _:b);
openmultiplayer/omp-stdlib	openmultiplayer--omp-stdlib/file.inc	558	forward bool:operator<=(File:a, File:b);
openmultiplayer/omp-stdlib	openmultiplayer--omp-stdlib/file.inc	562	forward bool:operator<=(_:a, File:b);
openmultiplayer/omp-stdlib	openmultiplayer--omp-stdlib/file.inc	566	forward bool:operator<=(File:a, _:b);
openmultiplayer/omp-stdlib	openmultiplayer--omp-stdlib/file.inc	570	forward bool:operator>(File:a, File:b);
openmultiplayer/omp-stdlib	openmultiplayer--omp-stdlib/file.inc	574	forward bool:operator>(_:a, File:b);
openmultiplayer/omp-stdlib	openmultiplayer--omp-stdlib/file.inc	578	forward bool:operator>(File:a, _:b);
openmultiplayer/omp-stdlib	openmultiplayer--omp-stdlib/file.inc	582	forward bool:operator>=(File:a, File:b);
openmultiplayer/omp-stdlib	openmultiplayer--omp-stdlib/file.inc	586	forward bool:operator>=(_:a, File:b);
openmultiplayer/omp-stdlib	openmultiplayer--omp-stdlib/file.inc	590	forward bool:operator>=(File:a, _:b);
openmultiplayer/omp-stdlib	openmultiplayer--omp-stdlib/omp_database.inc	111	native DB:DB_Open(const name[], SQLITE_OPEN:flags = SQLITE_OPEN_READWRITE | SQLITE_OPEN_CREATE);
openmultiplayer/omp-stdlib	openmultiplayer--omp-stdlib/omp_database.inc	125	native bool:DB_Close(DB:db);
openmultiplayer/omp-stdlib	openmultiplayer--omp-stdlib/omp_database.inc	135	native DBResult:DB_ExecuteQuery(DB:db, const query[], OPEN_MP_TAGS:...);
openmultiplayer/omp-stdlib	openmultiplayer--omp-stdlib/omp_database.inc	144	native bool:DB_FreeResultSet(DBResult:result);
openmultiplayer/omp-stdlib	openmultiplayer--omp-stdlib/omp_database.inc	154	native DB_GetRowCount(DBResult:result);
openmultiplayer/omp-stdlib	openmultiplayer--omp-stdlib/omp_database.inc	165	native bool:DB_SelectNextRow(DBResult:result);
openmultiplayer/omp-stdlib	openmultiplayer--omp-stdlib/omp_database.inc	175	native DB_GetFieldCount(DBResult:result);
openmultiplayer/omp-stdlib	openmultiplayer--omp-stdlib/omp_database.inc	189	native bool:DB_GetFieldName(DBResult:result, field, output[], size = sizeof (output));
openmultiplayer/omp-stdlib	openmultiplayer--omp-stdlib/omp_database.inc	203	native bool:DB_GetFieldString(DBResult:result, field, output[], size = sizeof (output));
openmultiplayer/omp-stdlib	openmultiplayer--omp-stdlib/omp_database.inc	214	native DB_GetFieldInt(DBResult:result, field = 0);
openmultiplayer/omp-stdlib	openmultiplayer--omp-stdlib/omp_database.inc	225	native Float:DB_GetFieldFloat(DBResult:result, field = 0);
openmultiplayer/omp-stdlib	openmultiplayer--omp-stdlib/omp_database.inc	239	native bool:DB_GetFieldStringByName(DBResult:result, const field[], output[], size = sizeof (output));
openmultiplayer/omp-stdlib	openmultiplayer--omp-stdlib/omp_database.inc	250	native DB_GetFieldIntByName(DBResult:result, const field[]);
openmultiplayer/omp-stdlib	openmultiplayer--omp-stdlib/omp_database.inc	261	native Float:DB_GetFieldFloatByName(DBResult:result, const field[]);
openmultiplayer/omp-stdlib	openmultiplayer--omp-stdlib/omp_database.inc	269	native DB_GetMemHandle(DB:db);
openmultiplayer/omp-stdlib	openmultiplayer--omp-stdlib/omp_database.inc	277	native DB_GetLegacyDBResult(DBResult:result);
openmultiplayer/omp-stdlib	openmultiplayer--omp-stdlib/omp_database.inc	282	native DB_GetDatabaseConnectionCount();
openmultiplayer/omp-stdlib	openmultiplayer--omp-stdlib/omp_database.inc	287	native DB_GetDatabaseResultSetCount();
openmultiplayer/omp-stdlib	openmultiplayer--omp-stdlib/omp_database.inc	295	native DB:db_open(const name[]) = DB_Open;
openmultiplayer/omp-stdlib	openmultiplayer--omp-stdlib/omp_database.inc	303	native bool:db_close(DB:db) = DB_Close;
openmultiplayer/omp-stdlib	openmultiplayer--omp-stdlib/omp_database.inc	311	native DBResult:db_query(DB:db, const query[]) = DB_ExecuteQuery;
openmultiplayer/omp-stdlib	openmultiplayer--omp-stdlib/omp_database.inc	319	native bool:db_free_result(DBResult:result) = DB_FreeResultSet;
openmultiplayer/omp-stdlib	openmultiplayer--omp-stdlib/omp_database.inc	327	native db_num_rows(DBResult:result) = DB_GetRowCount;
openmultiplayer/omp-stdlib	openmultiplayer--omp-stdlib/omp_database.inc	335	native bool:db_next_row(DBResult:result) = DB_SelectNextRow;
openmultiplayer/omp-stdlib	openmultiplayer--omp-stdlib/omp_database.inc	343	native db_num_fields(DBResult:result) = DB_GetFieldCount;
openmultiplayer/omp-stdlib	openmultiplayer--omp-stdlib/omp_database.inc	351	native bool:db_field_name(DBResult:result, field, output[], size = sizeof (output)) = DB_GetFieldName;
openmultiplayer/omp-stdlib	openmultiplayer--omp-stdlib/omp_database.inc	359	native bool:db_get_field(DBResult:result, field, output[], size = sizeof (output)) = DB_GetFieldString;
openmultiplayer/omp-stdlib	openmultiplayer--omp-stdlib/omp_database.inc	367	native db_get_field_int(DBResult:result, field = 0) = DB_GetFieldInt;
openmultiplayer/omp-stdlib	openmultiplayer--omp-stdlib/omp_database.inc	375	native Float:db_get_field_float(DBResult:result, field = 0) = DB_GetFieldFloat;
openmultiplayer/omp-stdlib	openmultiplayer--omp-stdlib/omp_database.inc	383	native bool:db_get_field_assoc(DBResult:result, const field[], output[], size = sizeof (output)) = DB_GetFieldStringByName;
openmultiplayer/omp-stdlib	openmultiplayer--omp-stdlib/omp_database.inc	391	native db_get_field_assoc_int(DBResult:result, const field[]) = DB_GetFieldIntByName;
openmultiplayer/omp-stdlib	openmultiplayer--omp-stdlib/omp_database.inc	399	native Float:db_get_field_assoc_float(DBResult:result, const field[]) = DB_GetFieldFloatByName;
openmultiplayer/omp-stdlib	openmultiplayer--omp-stdlib/omp_database.inc	407	native db_get_mem_handle(DB:db) = DB_GetMemHandle;
openmultiplayer/omp-stdlib	openmultiplayer--omp-stdlib/omp_database.inc	415	native db_get_result_mem_handle(DBResult:result) = DB_GetLegacyDBResult;
openmultiplayer/omp-stdlib	openmultiplayer--omp-stdlib/omp_database.inc	423	native db_debug_openfiles() = DB_GetDatabaseConnectionCount;
openmultiplayer/omp-stdlib	openmultiplayer--omp-stdlib/omp_database.inc	431	native db_debug_openresults() = DB_GetDatabaseResultSetCount;
openmultiplayer/omp-stdlib	openmultiplayer--omp-stdlib/omp_class.inc	78	native AddPlayerClass(skin, Float:spawnX, Float:spawnY, Float:spawnZ, Float:angle, WEAPON:weapon1 = WEAPON_FIST, ammo1 = 0, WEAPON:weapon2 = WEAPON_FIST, ammo2 = 0, WEAPON:weapon3 = WEAPON_FIST, ammo3 = 0);
openmultiplayer/omp-stdlib	openmultiplayer--omp-stdlib/omp_class.inc	115	native AddPlayerClassEx(team, skin, Float:spawnX, Float:spawnY, Float:spawnZ, Float:angle, WEAPON:weapon1 = WEAPON_FIST, ammo1 = 0, WEAPON:weapon2 = WEAPON_FIST, ammo2 = 0, WEAPON:weapon3 = WEAPON_FIST, ammo3 = 0);
openmultiplayer/omp-stdlib	openmultiplayer--omp-stdlib/omp_class.inc	143	native bool:SetSpawnInfo(playerid, team, skin, Float:spawnX, Float:spawnY, Float:spawnZ, Float:angle, WEAPON:weapon1 = WEAPON_FIST, ammo1 = 0, WEAPON:weapon2 = WEAPON_FIST, ammo2 = 0, WEAPON:weapon3 = WEAPON_FIST, ammo3 = 0);
openmultiplayer/omp-stdlib	openmultiplayer--omp-stdlib/omp_class.inc	168	native bool:GetSpawnInfo(playerid, &team, &skin = 0, &Float:spawnX = 0.0, &Float:spawnY = 0.0, &Float:spawnZ = 0.0, &Float:angle = 0.0, &WEAPON:weapon1 = WEAPON_FIST, &ammo1 = 0, &WEAPON:weapon2 = WEAPON_FIST, &ammo2 = 0, &WEAPON:weapon3 = WEAPON_FIST, &ammo3 = 0);
openmultiplayer/omp-stdlib	openmultiplayer--omp-stdlib/omp_class.inc	183	native bool:SpawnPlayer(playerid);
openmultiplayer/omp-stdlib	openmultiplayer--omp-stdlib/omp_class.inc	195	forward void:SetTeamCount(count);
openmultiplayer/omp-stdlib	openmultiplayer--omp-stdlib/omp_class.inc	208	native bool:ForceClassSelection(playerid);
openmultiplayer/omp-stdlib	openmultiplayer--omp-stdlib/omp_class.inc	214	native GetAvailableClasses();
openmultiplayer/omp-stdlib	openmultiplayer--omp-stdlib/omp_class.inc	219	native bool:GetPlayerClass(classid, &team, &skin = 0, &Float:spawnX = 0.0, &Float:spawnY = 0.0, &Float:spawnZ = 0.0, &Float:angle = 0.0, &WEAPON:weapon1 = WEAPON_FIST, &ammo1 = 0, &WEAPON:weapon2 = WEAPON_FIST, &ammo2 = 0, &WEAPON:weapon3 = WEAPON_FIST, &ammo3 = 0);
openmultiplayer/omp-stdlib	openmultiplayer--omp-stdlib/omp_class.inc	224	native bool:EditPlayerClass(classid, team, skin, Float:spawnX, Float:spawnY, Float:spawnZ, Float:angle, WEAPON:weapon1 = WEAPON_FIST, ammo1 = 0, WEAPON:weapon2 = WEAPON_FIST, ammo2 = 0, WEAPON:weapon3 = WEAPON_FIST, ammo3 = 0);
openmultiplayer/omp-stdlib	openmultiplayer--omp-stdlib/omp_class.inc	255	forward OnPlayerRequestClass(playerid, classid);
openmultiplayer/omp-stdlib	openmultiplayer--omp-stdlib/omp_class.inc	272	forward OnPlayerRequestSpawn(playerid);
openmultiplayer/omp-stdlib	openmultiplayer--omp-stdlib/omp_class.inc	291	forward OnPlayerSpawn(playerid);
openmultiplayer/omp-stdlib	openmultiplayer--omp-stdlib/omp_npc.inc	158	native # Core();
openmultiplayer/omp-stdlib	openmultiplayer--omp-stdlib/omp_npc.inc	159	native        Core(
openmultiplayer/omp-stdlib	openmultiplayer--omp-stdlib/omp_npc.inc	160	native      ====================(
openmultiplayer/omp-stdlib	openmultiplayer--omp-stdlib/omp_npc.inc	161	native
openmultiplayer/omp-stdlib	openmultiplayer--omp-stdlib/omp_npc.inc	173	native NPC_Create(const name[]);
openmultiplayer/omp-stdlib	openmultiplayer--omp-stdlib/omp_npc.inc	182	native NPC_Destroy(npcid);
openmultiplayer/omp-stdlib	openmultiplayer--omp-stdlib/omp_npc.inc	192	native bool:NPC_IsValid(npcid);
openmultiplayer/omp-stdlib	openmultiplayer--omp-stdlib/omp_npc.inc	202	native bool:NPC_IsDead(npcid);
openmultiplayer/omp-stdlib	openmultiplayer--omp-stdlib/omp_npc.inc	212	native NPC_Spawn(npcid);
openmultiplayer/omp-stdlib	openmultiplayer--omp-stdlib/omp_npc.inc	222	native NPC_Respawn(npcid);
openmultiplayer/omp-stdlib	openmultiplayer--omp-stdlib/omp_npc.inc	233	native bool:NPC_IsSpawned(npcid);
openmultiplayer/omp-stdlib	openmultiplayer--omp-stdlib/omp_npc.inc	244	native NPC_GetAll(npcs[], size = sizeof(npcs));
openmultiplayer/omp-stdlib	openmultiplayer--omp-stdlib/omp_npc.inc	247	native # Position & Movement();
openmultiplayer/omp-stdlib	openmultiplayer--omp-stdlib/omp_npc.inc	248	native                Position & Movement(
openmultiplayer/omp-stdlib	openmultiplayer--omp-stdlib/omp_npc.inc	249	native      ====================(
openmultiplayer/omp-stdlib	openmultiplayer--omp-stdlib/omp_npc.inc	250	native
openmultiplayer/omp-stdlib	openmultiplayer--omp-stdlib/omp_npc.inc	264	native NPC_SetPos(npcid, Float:x, Float:y, Float:z);
openmultiplayer/omp-stdlib	openmultiplayer--omp-stdlib/omp_npc.inc	277	native NPC_GetPos(npcid, &Float:x, &Float:y, &Float:z);
openmultiplayer/omp-stdlib	openmultiplayer--omp-stdlib/omp_npc.inc	282	native NPC_SetRot(npcid, Float:x, Float:y, Float:z);
openmultiplayer/omp-stdlib	openmultiplayer--omp-stdlib/omp_npc.inc	287	native NPC_GetRot(npcid, &Float:x, &Float:y, &Float:z);
openmultiplayer/omp-stdlib	openmultiplayer--omp-stdlib/omp_npc.inc	292	native NPC_SetFacingAngle(npcid, Float:angle);
openmultiplayer/omp-stdlib	openmultiplayer--omp-stdlib/omp_npc.inc	297	native NPC_SetAngleToPos(npcid, Float:x, Float:y, Float:z);
openmultiplayer/omp-stdlib	openmultiplayer--omp-stdlib/omp_npc.inc	302	native NPC_SetAngleToPlayer(npcid, playerid);
openmultiplayer/omp-stdlib	openmultiplayer--omp-stdlib/omp_npc.inc	307	native NPC_GetFacingAngle(npcid, &Float:angle);
openmultiplayer/omp-stdlib	openmultiplayer--omp-stdlib/omp_npc.inc	312	native NPC_SetVirtualWorld(npcid, virtualWorld);
openmultiplayer/omp-stdlib	openmultiplayer--omp-stdlib/omp_npc.inc	317	native NPC_GetVirtualWorld(npcid);
openmultiplayer/omp-stdlib	openmultiplayer--omp-stdlib/omp_npc.inc	333	native NPC_Move(npcid, Float:x, Float:y, Float:z, NPC_MOVE_TYPE:moveType = NPC_MOVE_TYPE_AUTO, Float:moveSpeed = NPC_MOVE_SPEED_AUTO, Float:stopRange = 0.2);
openmultiplayer/omp-stdlib	openmultiplayer--omp-stdlib/omp_npc.inc	349	native NPC_MoveToPlayer(npcid, playerid, NPC_MOVE_TYPE:moveType = NPC_MOVE_TYPE_AUTO, Float:moveSpeed = NPC_MOVE_SPEED_AUTO, Float:stopRange = 0.2, updateDelayMS = 500, autoRestart = false);
openmultiplayer/omp-stdlib	openmultiplayer--omp-stdlib/omp_npc.inc	354	native bool:NPC_StopMove(npcid);
openmultiplayer/omp-stdlib	openmultiplayer--omp-stdlib/omp_npc.inc	359	native bool:NPC_IsMoving(npcid);
openmultiplayer/omp-stdlib	openmultiplayer--omp-stdlib/omp_npc.inc	370	native bool:NPC_IsMovingToPlayer(npcid, playerid);
openmultiplayer/omp-stdlib	openmultiplayer--omp-stdlib/omp_npc.inc	383	native NPC_SetVelocity(npcid, Float:x, Float:y, Float:z);
openmultiplayer/omp-stdlib	openmultiplayer--omp-stdlib/omp_npc.inc	396	native NPC_GetVelocity(npcid, &Float:x, &Float:y, &Float:z);
openmultiplayer/omp-stdlib	openmultiplayer--omp-stdlib/omp_npc.inc	410	native NPC_GetPosMovingTo(npcid, &Float:x, &Float:y, &Float:z);
openmultiplayer/omp-stdlib	openmultiplayer--omp-stdlib/omp_npc.inc	413	native # Appearance();
openmultiplayer/omp-stdlib	openmultiplayer--omp-stdlib/omp_npc.inc	414	native          Appearance(
openmultiplayer/omp-stdlib	openmultiplayer--omp-stdlib/omp_npc.inc	415	native      ====================(
openmultiplayer/omp-stdlib	openmultiplayer--omp-stdlib/omp_npc.inc	416	native
openmultiplayer/omp-stdlib	openmultiplayer--omp-stdlib/omp_npc.inc	422	native NPC_SetSkin(npcid, skinid);
openmultiplayer/omp-stdlib	openmultiplayer--omp-stdlib/omp_npc.inc	432	native NPC_GetSkin(npcid);
openmultiplayer/omp-stdlib	openmultiplayer--omp-stdlib/omp_npc.inc	442	native NPC_GetCustomSkin(npcid);
openmultiplayer/omp-stdlib	openmultiplayer--omp-stdlib/omp_npc.inc	447	native bool:NPC_IsStreamedIn(npcid, playerid);
openmultiplayer/omp-stdlib	openmultiplayer--omp-stdlib/omp_npc.inc	452	native bool:NPC_IsAnyStreamedIn(npcid);
openmultiplayer/omp-stdlib	openmultiplayer--omp-stdlib/omp_npc.inc	457	native NPC_SetInterior(npcid, interiorid);
openmultiplayer/omp-stdlib	openmultiplayer--omp-stdlib/omp_npc.inc	462	native NPC_GetInterior(npcid);
openmultiplayer/omp-stdlib	openmultiplayer--omp-stdlib/omp_npc.inc	465	native # Health & Combat();
openmultiplayer/omp-stdlib	openmultiplayer--omp-stdlib/omp_npc.inc	466	native              Health & Combat(
openmultiplayer/omp-stdlib	openmultiplayer--omp-stdlib/omp_npc.inc	467	native      ====================(
openmultiplayer/omp-stdlib	openmultiplayer--omp-stdlib/omp_npc.inc	468	native
openmultiplayer/omp-stdlib	openmultiplayer--omp-stdlib/omp_npc.inc	474	native NPC_SetHealth(npcid, Float:health);
openmultiplayer/omp-stdlib	openmultiplayer--omp-stdlib/omp_npc.inc	479	native Float:NPC_GetHealth(npcid);
openmultiplayer/omp-stdlib	openmultiplayer--omp-stdlib/omp_npc.inc	484	native NPC_SetArmour(npcid, Float:armour);
openmultiplayer/omp-stdlib	openmultiplayer--omp-stdlib/omp_npc.inc	489	native Float:NPC_GetArmour(npcid);
openmultiplayer/omp-stdlib	openmultiplayer--omp-stdlib/omp_npc.inc	494	native NPC_SetInvulnerable(npcid, bool:toggle = true);
openmultiplayer/omp-stdlib	openmultiplayer--omp-stdlib/omp_npc.inc	499	native bool:NPC_IsInvulnerable(npcid);
openmultiplayer/omp-stdlib	openmultiplayer--omp-stdlib/omp_npc.inc	511	native NPC_Kill(npcid, killerid = INVALID_PLAYER_ID, WEAPON:reason = REASON_SUICIDE);
openmultiplayer/omp-stdlib	openmultiplayer--omp-stdlib/omp_npc.inc	514	native # Weapons & Combat();
openmultiplayer/omp-stdlib	openmultiplayer--omp-stdlib/omp_npc.inc	515	native                Weapons & Combat(
openmultiplayer/omp-stdlib	openmultiplayer--omp-stdlib/omp_npc.inc	516	native      ====================(
openmultiplayer/omp-stdlib	openmultiplayer--omp-stdlib/omp_npc.inc	517	native
openmultiplayer/omp-stdlib	openmultiplayer--omp-stdlib/omp_npc.inc	523	native NPC_SetWeapon(npcid, WEAPON:weaponid);
openmultiplayer/omp-stdlib	openmultiplayer--omp-stdlib/omp_npc.inc	528	native WEAPON:NPC_GetWeapon(npcid);
openmultiplayer/omp-stdlib	openmultiplayer--omp-stdlib/omp_npc.inc	533	native NPC_SetAmmo(npcid, ammo);
openmultiplayer/omp-stdlib	openmultiplayer--omp-stdlib/omp_npc.inc	538	native NPC_GetAmmo(npcid);
openmultiplayer/omp-stdlib	openmultiplayer--omp-stdlib/omp_npc.inc	543	native NPC_SetAmmoInClip(npcid, ammo);
openmultiplayer/omp-stdlib	openmultiplayer--omp-stdlib/omp_npc.inc	548	native NPC_GetAmmoInClip(npcid);
openmultiplayer/omp-stdlib	openmultiplayer--omp-stdlib/omp_npc.inc	553	native NPC_SetKeys(npcid, upAndDown, leftAndRight, keys);
openmultiplayer/omp-stdlib	openmultiplayer--omp-stdlib/omp_npc.inc	558	native NPC_GetKeys(npcid, &upAnddown, &leftandRight, &keys);
openmultiplayer/omp-stdlib	openmultiplayer--omp-stdlib/omp_npc.inc	563	native bool:NPC_MeleeAttack(npcid, time = -1, bool:secondaryAttack = false);
openmultiplayer/omp-stdlib	openmultiplayer--omp-stdlib/omp_npc.inc	568	native bool:NPC_StopMeleeAttack(npcid);
openmultiplayer/omp-stdlib	openmultiplayer--omp-stdlib/omp_npc.inc	573	native bool:NPC_IsMeleeAttacking(npcid);
openmultiplayer/omp-stdlib	openmultiplayer--omp-stdlib/omp_npc.inc	578	native NPC_SetFightingStyle(npcid, FIGHT_STYLE:style);
openmultiplayer/omp-stdlib	openmultiplayer--omp-stdlib/omp_npc.inc	583	native FIGHT_STYLE:NPC_GetFightingStyle(npcid);
openmultiplayer/omp-stdlib	openmultiplayer--omp-stdlib/omp_npc.inc	588	native bool:NPC_EnableReloading(npcid, bool:enable = true);
openmultiplayer/omp-stdlib	openmultiplayer--omp-stdlib/omp_npc.inc	593	native bool:NPC_IsReloadEnabled(npcid);
openmultiplayer/omp-stdlib	openmultiplayer--omp-stdlib/omp_npc.inc	598	native bool:NPC_IsReloading(npcid);
openmultiplayer/omp-stdlib	openmultiplayer--omp-stdlib/omp_npc.inc	603	native bool:NPC_EnableInfiniteAmmo(npcid, bool:enable = true);
openmultiplayer/omp-stdlib	openmultiplayer--omp-stdlib/omp_npc.inc	608	native bool:NPC_IsInfiniteAmmoEnabled(npcid);
openmultiplayer/omp-stdlib	openmultiplayer--omp-stdlib/omp_npc.inc	613	native WEAPONSTATE:NPC_GetWeaponState(npcid);
openmultiplayer/omp-stdlib	openmultiplayer--omp-stdlib/omp_npc.inc	624	native NPC_SetWeaponState(npcid, WEAPONSTATE:weaponState);
openmultiplayer/omp-stdlib	openmultiplayer--omp-stdlib/omp_npc.inc	645	native NPC_Shoot(npcid, WEAPON:weaponid, hitId, hitType, Float:endPointX, Float:endPointY, Float:endPointZ, Float:offsetX = 0.0, Float:offsetY = 0.0, Float:offsetZ = 0.0, bool:isHit = true, NPC_ENTITY_CHECK:checkInBetweenFlags = NPC_ENTITY_CHECK_ALL);
openmultiplayer/omp-stdlib	openmultiplayer--omp-stdlib/omp_npc.inc	650	native bool:NPC_IsShooting(npcid);
openmultiplayer/omp-stdlib	openmultiplayer--omp-stdlib/omp_npc.inc	655	native NPC_AimAt(npcid, Float:pointX, Float:pointY, Float:pointZ, bool:shoot = false, shootDelay = -1, bool:updateAngle = true, Float:offsetFromX = 0.0, Float:offsetFromY = 0.0, Float:offsetFromZ = 0.0, NPC_ENTITY_CHECK:checkInBetweenFlags = NPC_ENTITY_CHECK_ALL);
openmultiplayer/omp-stdlib	openmultiplayer--omp-stdlib/omp_npc.inc	660	native NPC_AimAtPlayer(npcid, playerid, bool:shoot = false, shootDelay = -1, bool:updateAngle = true, Float:offsetX = 0.0, Float:offsetY = 0.0, Float:offsetZ = 0.0, Float:offsetFromX = 0.0, Float:offsetFromY = 0.0, Float:offsetFromZ = 0.0, NPC_ENTITY_CHECK:checkInBetweenFlags = NPC_ENTITY_CHECK_ALL);
openmultiplayer/omp-stdlib	openmultiplayer--omp-stdlib/omp_npc.inc	665	native bool:NPC_StopAim(npcid);
openmultiplayer/omp-stdlib	openmultiplayer--omp-stdlib/omp_npc.inc	670	native bool:NPC_IsAiming(npcid);
openmultiplayer/omp-stdlib	openmultiplayer--omp-stdlib/omp_npc.inc	675	native bool:NPC_IsAimingAtPlayer(npcid, playerid);
openmultiplayer/omp-stdlib	openmultiplayer--omp-stdlib/omp_npc.inc	686	native NPC_GetPlayerAimingAt(npcid);
openmultiplayer/omp-stdlib	openmultiplayer--omp-stdlib/omp_npc.inc	697	native NPC_GetPlayerMovingTo(npcid);
openmultiplayer/omp-stdlib	openmultiplayer--omp-stdlib/omp_npc.inc	702	native NPC_SetWeaponAccuracy(npcid, WEAPON:weaponid, Float:accuracy);
openmultiplayer/omp-stdlib	openmultiplayer--omp-stdlib/omp_npc.inc	707	native Float:NPC_GetWeaponAccuracy(npcid, WEAPON:weaponid);
openmultiplayer/omp-stdlib	openmultiplayer--omp-stdlib/omp_npc.inc	712	native NPC_SetWeaponReloadTime(npcid, WEAPON:weaponid, time);
openmultiplayer/omp-stdlib	openmultiplayer--omp-stdlib/omp_npc.inc	717	native NPC_GetWeaponReloadTime(npcid, WEAPON:weaponid);
openmultiplayer/omp-stdlib	openmultiplayer--omp-stdlib/omp_npc.inc	722	native NPC_GetWeaponActualReloadTime(npcid, WEAPON:weaponid);
openmultiplayer/omp-stdlib	openmultiplayer--omp-stdlib/omp_npc.inc	727	native NPC_SetWeaponShootTime(npcid, WEAPON:weaponid, time);
openmultiplayer/omp-stdlib	openmultiplayer--omp-stdlib/omp_npc.inc	732	native NPC_GetWeaponShootTime(npcid, WEAPON:weaponid);
openmultiplayer/omp-stdlib	openmultiplayer--omp-stdlib/omp_npc.inc	737	native NPC_SetWeaponClipSize(npcid, WEAPON:weaponid, size);
openmultiplayer/omp-stdlib	openmultiplayer--omp-stdlib/omp_npc.inc	742	native NPC_GetWeaponClipSize(npcid, WEAPON:weaponid);
openmultiplayer/omp-stdlib	openmultiplayer--omp-stdlib/omp_npc.inc	747	native NPC_GetWeaponActualClipSize(npcid, WEAPON:weaponid);
openmultiplayer/omp-stdlib	openmultiplayer--omp-stdlib/omp_npc.inc	758	native bool:NPC_SetWeaponSkillLevel(npcid, WEAPONSKILL:skill, level);
openmultiplayer/omp-stdlib	openmultiplayer--omp-stdlib/omp_npc.inc	768	native NPC_GetWeaponSkillLevel(npcid, WEAPONSKILL:skill);
openmultiplayer/omp-stdlib	openmultiplayer--omp-stdlib/omp_npc.inc	771	native # Vehicles();
openmultiplayer/omp-stdlib	openmultiplayer--omp-stdlib/omp_npc.inc	772	native          Vehicles(
openmultiplayer/omp-stdlib	openmultiplayer--omp-stdlib/omp_npc.inc	773	native      ====================(
openmultiplayer/omp-stdlib	openmultiplayer--omp-stdlib/omp_npc.inc	774	native
openmultiplayer/omp-stdlib	openmultiplayer--omp-stdlib/omp_npc.inc	780	native bool:NPC_EnterVehicle(npcid, vehicleid, seatid, NPC_MOVE_TYPE:moveType = NPC_MOVE_TYPE_AUTO);
openmultiplayer/omp-stdlib	openmultiplayer--omp-stdlib/omp_npc.inc	785	native bool:NPC_ExitVehicle(npcid);
openmultiplayer/omp-stdlib	openmultiplayer--omp-stdlib/omp_npc.inc	790	native bool:NPC_PutInVehicle(npcid, vehicleid, seatid);
openmultiplayer/omp-stdlib	openmultiplayer--omp-stdlib/omp_npc.inc	795	native bool:NPC_RemoveFromVehicle(npcid);
openmultiplayer/omp-stdlib	openmultiplayer--omp-stdlib/omp_npc.inc	800	native NPC_GetVehicle(npcid);
openmultiplayer/omp-stdlib	openmultiplayer--omp-stdlib/omp_npc.inc	805	native NPC_GetVehicleID(npcid);
openmultiplayer/omp-stdlib	openmultiplayer--omp-stdlib/omp_npc.inc	810	native NPC_GetVehicleSeat(npcid);
openmultiplayer/omp-stdlib	openmultiplayer--omp-stdlib/omp_npc.inc	815	native NPC_GetEnteringVehicle(npcid);
openmultiplayer/omp-stdlib	openmultiplayer--omp-stdlib/omp_npc.inc	820	native NPC_GetEnteringVehicleID(npcid);
openmultiplayer/omp-stdlib	openmultiplayer--omp-stdlib/omp_npc.inc	825	native NPC_GetEnteringVehicleSeat(npcid);
openmultiplayer/omp-stdlib	openmultiplayer--omp-stdlib/omp_npc.inc	830	native bool:NPC_IsEnteringVehicle(npcid);
openmultiplayer/omp-stdlib	openmultiplayer--omp-stdlib/omp_npc.inc	835	native bool:NPC_UseVehicleSiren(npcid, bool:use = true);
openmultiplayer/omp-stdlib	openmultiplayer--omp-stdlib/omp_npc.inc	840	native bool:NPC_IsVehicleSirenUsed(npcid);
openmultiplayer/omp-stdlib	openmultiplayer--omp-stdlib/omp_npc.inc	845	native NPC_SetVehicleHealth(npcid, Float:health);
openmultiplayer/omp-stdlib	openmultiplayer--omp-stdlib/omp_npc.inc	850	native Float:NPC_GetVehicleHealth(npcid);
openmultiplayer/omp-stdlib	openmultiplayer--omp-stdlib/omp_npc.inc	855	native NPC_SetVehicleHydraThrusters(npcid, direction);
openmultiplayer/omp-stdlib	openmultiplayer--omp-stdlib/omp_npc.inc	860	native NPC_GetVehicleHydraThrusters(npcid);
openmultiplayer/omp-stdlib	openmultiplayer--omp-stdlib/omp_npc.inc	865	native NPC_SetVehicleGearState(npcid, LANDING_GEAR_STATE:gearState);
openmultiplayer/omp-stdlib	openmultiplayer--omp-stdlib/omp_npc.inc	870	native LANDING_GEAR_STATE:NPC_GetVehicleGearState(npcid);
openmultiplayer/omp-stdlib	openmultiplayer--omp-stdlib/omp_npc.inc	875	native NPC_SetVehicleTrainSpeed(npcid, Float:speed);
openmultiplayer/omp-stdlib	openmultiplayer--omp-stdlib/omp_npc.inc	880	native Float:NPC_GetVehicleTrainSpeed(npcid);
openmultiplayer/omp-stdlib	openmultiplayer--omp-stdlib/omp_npc.inc	883	native # Animations();
openmultiplayer/omp-stdlib	openmultiplayer--omp-stdlib/omp_npc.inc	884	native            Animations(
openmultiplayer/omp-stdlib	openmultiplayer--omp-stdlib/omp_npc.inc	885	native      ====================(
openmultiplayer/omp-stdlib	openmultiplayer--omp-stdlib/omp_npc.inc	886	native
openmultiplayer/omp-stdlib	openmultiplayer--omp-stdlib/omp_npc.inc	892	native NPC_ResetAnimation(npcid);
openmultiplayer/omp-stdlib	openmultiplayer--omp-stdlib/omp_npc.inc	897	native NPC_SetAnimation(npcid, animationId, Float:delta, bool:loop, bool:lockX, bool:lockY, bool:freeze, time);
openmultiplayer/omp-stdlib	openmultiplayer--omp-stdlib/omp_npc.inc	902	native NPC_GetAnimation(npcid, &animationId, &Float:delta, &bool:loop, &bool:lockX, &bool:lockY, &bool:freeze, &time);
openmultiplayer/omp-stdlib	openmultiplayer--omp-stdlib/omp_npc.inc	907	native NPC_ApplyAnimation(npcid, const animlib[], const animname[], Float:delta, bool:loop, bool:lockX, bool:lockY, bool:freeze, time);
openmultiplayer/omp-stdlib	openmultiplayer--omp-stdlib/omp_npc.inc	912	native NPC_ClearAnimations(npcid);
openmultiplayer/omp-stdlib	openmultiplayer--omp-stdlib/omp_npc.inc	917	native NPC_SetSpecialAction(npcid, SPECIAL_ACTION:actionid);
openmultiplayer/omp-stdlib	openmultiplayer--omp-stdlib/omp_npc.inc	922	native SPECIAL_ACTION:NPC_GetSpecialAction(npcid);
openmultiplayer/omp-stdlib	openmultiplayer--omp-stdlib/omp_npc.inc	925	native # Playback();
openmultiplayer/omp-stdlib	openmultiplayer--omp-stdlib/omp_npc.inc	926	native          Playback(
openmultiplayer/omp-stdlib	openmultiplayer--omp-stdlib/omp_npc.inc	927	native      ====================(
openmultiplayer/omp-stdlib	openmultiplayer--omp-stdlib/omp_npc.inc	928	native
openmultiplayer/omp-stdlib	openmultiplayer--omp-stdlib/omp_npc.inc	934	native bool:NPC_StartPlayback(npcid, const recordName[], bool:autoUnload = false, Float:startX = 0.0, Float:startY = 0.0, Float:startZ = 0.0, Float:rotX = 0.0, Float:rotY = 0.0, Float:rotZ = 0.0);
openmultiplayer/omp-stdlib	openmultiplayer--omp-stdlib/omp_npc.inc	939	native bool:NPC_StartPlaybackEx(npcid, recordId, bool:autoUnload = false, Float:startX = 0.0, Float:startY = 0.0, Float:startZ = 0.0, Float:rotX = 0.0, Float:rotY = 0.0, Float:rotZ = 0.0);
openmultiplayer/omp-stdlib	openmultiplayer--omp-stdlib/omp_npc.inc	944	native bool:NPC_StopPlayback(npcid);
openmultiplayer/omp-stdlib	openmultiplayer--omp-stdlib/omp_npc.inc	949	native bool:NPC_PausePlayback(npcid, bool:paused = true);
openmultiplayer/omp-stdlib	openmultiplayer--omp-stdlib/omp_npc.inc	954	native bool:NPC_IsPlayingPlayback(npcid);
openmultiplayer/omp-stdlib	openmultiplayer--omp-stdlib/omp_npc.inc	959	native bool:NPC_IsPlaybackPaused(npcid);
openmultiplayer/omp-stdlib	openmultiplayer--omp-stdlib/omp_npc.inc	962	native # Surfing();
openmultiplayer/omp-stdlib	openmultiplayer--omp-stdlib/omp_npc.inc	963	native          Surfing(
openmultiplayer/omp-stdlib	openmultiplayer--omp-stdlib/omp_npc.inc	964	native      ====================(
openmultiplayer/omp-stdlib	openmultiplayer--omp-stdlib/omp_npc.inc	965	native
openmultiplayer/omp-stdlib	openmultiplayer--omp-stdlib/omp_npc.inc	971	native NPC_SetSurfingOffsets(npcid, Float:x, Float:y, Float:z);
openmultiplayer/omp-stdlib	openmultiplayer--omp-stdlib/omp_npc.inc	976	native NPC_GetSurfingOffsets(npcid, &Float:x, &Float:y, &Float:z);
openmultiplayer/omp-stdlib	openmultiplayer--omp-stdlib/omp_npc.inc	981	native NPC_SetSurfingVehicle(npcid, vehicleid);
openmultiplayer/omp-stdlib	openmultiplayer--omp-stdlib/omp_npc.inc	986	native NPC_GetSurfingVehicle(npcid);
openmultiplayer/omp-stdlib	openmultiplayer--omp-stdlib/omp_npc.inc	991	native NPC_SetSurfingObject(npcid, objectid);
openmultiplayer/omp-stdlib	openmultiplayer--omp-stdlib/omp_npc.inc	996	native NPC_GetSurfingObject(npcid);
openmultiplayer/omp-stdlib	openmultiplayer--omp-stdlib/omp_npc.inc	1001	native NPC_SetSurfingPlayerObject(npcid, objectid);
openmultiplayer/omp-stdlib	openmultiplayer--omp-stdlib/omp_npc.inc	1006	native NPC_GetSurfingPlayerObject(npcid);
openmultiplayer/omp-stdlib	openmultiplayer--omp-stdlib/omp_npc.inc	1011	native NPC_ResetSurfingData(npcid);
openmultiplayer/omp-stdlib	openmultiplayer--omp-stdlib/omp_npc.inc	1014	native # Records();
openmultiplayer/omp-stdlib	openmultiplayer--omp-stdlib/omp_npc.inc	1015	native          Records(
openmultiplayer/omp-stdlib	openmultiplayer--omp-stdlib/omp_npc.inc	1016	native      ============================(
openmultiplayer/omp-stdlib	openmultiplayer--omp-stdlib/omp_npc.inc	1017	native
openmultiplayer/omp-stdlib	openmultiplayer--omp-stdlib/omp_npc.inc	1023	native NPC_LoadRecord(const filePath[]);
openmultiplayer/omp-stdlib	openmultiplayer--omp-stdlib/omp_npc.inc	1028	native bool:NPC_UnloadRecord(recordId);
openmultiplayer/omp-stdlib	openmultiplayer--omp-stdlib/omp_npc.inc	1033	native bool:NPC_IsValidRecord(recordId);
openmultiplayer/omp-stdlib	openmultiplayer--omp-stdlib/omp_npc.inc	1038	native NPC_GetRecordCount();
openmultiplayer/omp-stdlib	openmultiplayer--omp-stdlib/omp_npc.inc	1043	native bool:NPC_UnloadAllRecords();
openmultiplayer/omp-stdlib	openmultiplayer--omp-stdlib/omp_npc.inc	1046	native # Paths();
openmultiplayer/omp-stdlib	openmultiplayer--omp-stdlib/omp_npc.inc	1047	native          Paths(
openmultiplayer/omp-stdlib	openmultiplayer--omp-stdlib/omp_npc.inc	1048	native      ========================(
openmultiplayer/omp-stdlib	openmultiplayer--omp-stdlib/omp_npc.inc	1049	native
openmultiplayer/omp-stdlib	openmultiplayer--omp-stdlib/omp_npc.inc	1055	native NPC_CreatePath();
openmultiplayer/omp-stdlib	openmultiplayer--omp-stdlib/omp_npc.inc	1060	native bool:NPC_DestroyPath(pathid);
openmultiplayer/omp-stdlib	openmultiplayer--omp-stdlib/omp_npc.inc	1065	native bool:NPC_DestroyAllPath();
openmultiplayer/omp-stdlib	openmultiplayer--omp-stdlib/omp_npc.inc	1070	native NPC_GetPathCount();
openmultiplayer/omp-stdlib	openmultiplayer--omp-stdlib/omp_npc.inc	1075	native bool:NPC_AddPointToPath(pathid, Float:x, Float:y, Float:z, Float:stopRange = 0.2);
openmultiplayer/omp-stdlib	openmultiplayer--omp-stdlib/omp_npc.inc	1080	native bool:NPC_RemovePointFromPath(pathid, pointIndex);
openmultiplayer/omp-stdlib	openmultiplayer--omp-stdlib/omp_npc.inc	1085	native bool:NPC_ClearPath(pathid);
openmultiplayer/omp-stdlib	openmultiplayer--omp-stdlib/omp_npc.inc	1090	native NPC_GetPathPointCount(pathid);
openmultiplayer/omp-stdlib	openmultiplayer--omp-stdlib/omp_npc.inc	1095	native bool:NPC_GetPathPoint(pathid, pointIndex, &Float:x, &Float:y, &Float:z, &Float:stopRange = 0.2);
openmultiplayer/omp-stdlib	openmultiplayer--omp-stdlib/omp_npc.inc	1100	native bool:NPC_IsValidPath(pathid);
openmultiplayer/omp-stdlib	openmultiplayer--omp-stdlib/omp_npc.inc	1105	native NPC_GetCurrentPathPointIndex(npcid);
openmultiplayer/omp-stdlib	openmultiplayer--omp-stdlib/omp_npc.inc	1110	native bool:NPC_MoveByPath(npcid, pathid, NPC_MOVE_TYPE:moveType = NPC_MOVE_TYPE_AUTO, Float:moveSpeed = NPC_MOVE_SPEED_AUTO, bool:reversed = false);
openmultiplayer/omp-stdlib	openmultiplayer--omp-stdlib/omp_npc.inc	1115	native bool:NPC_HasPathPointInRange(pathId, Float:x, Float:y, Float:z, Float:radius);
openmultiplayer/omp-stdlib	openmultiplayer--omp-stdlib/omp_npc.inc	1118	native # Nodes();
openmultiplayer/omp-stdlib	openmultiplayer--omp-stdlib/omp_npc.inc	1119	native          Nodes(
openmultiplayer/omp-stdlib	openmultiplayer--omp-stdlib/omp_npc.inc	1120	native      ========================(
openmultiplayer/omp-stdlib	openmultiplayer--omp-stdlib/omp_npc.inc	1121	native
openmultiplayer/omp-stdlib	openmultiplayer--omp-stdlib/omp_npc.inc	1127	native bool:NPC_OpenNode(nodeid);
openmultiplayer/omp-stdlib	openmultiplayer--omp-stdlib/omp_npc.inc	1132	native bool:NPC_CloseNode(nodeid);
openmultiplayer/omp-stdlib	openmultiplayer--omp-stdlib/omp_npc.inc	1137	native bool:NPC_IsNodeOpen(nodeid);
openmultiplayer/omp-stdlib	openmultiplayer--omp-stdlib/omp_npc.inc	1142	native NPC_GetNodeType(nodeid);
openmultiplayer/omp-stdlib	openmultiplayer--omp-stdlib/omp_npc.inc	1147	native bool:NPC_SetNodePoint(nodeid, pointid);
openmultiplayer/omp-stdlib	openmultiplayer--omp-stdlib/omp_npc.inc	1152	native bool:NPC_GetNodePointPosition(nodeid, &Float:x, &Float:y, &Float:z);
openmultiplayer/omp-stdlib	openmultiplayer--omp-stdlib/omp_npc.inc	1157	native NPC_GetNodePointCount(nodeid);
openmultiplayer/omp-stdlib	openmultiplayer--omp-stdlib/omp_npc.inc	1162	native bool:NPC_GetNodeInfo(nodeid, &vehnodes, &pednodes, &navinode);
openmultiplayer/omp-stdlib	openmultiplayer--omp-stdlib/omp_npc.inc	1167	native bool:NPC_PlayNode(npcid, nodeid, NPC_MOVE_TYPE:moveType = NPC_MOVE_TYPE_AUTO, Float:speed = NPC_MOVE_SPEED_AUTO, Float:radius = 0.0, bool:setAngle = true);
openmultiplayer/omp-stdlib	openmultiplayer--omp-stdlib/omp_npc.inc	1172	native bool:NPC_StopPlayingNode(npcid);
openmultiplayer/omp-stdlib	openmultiplayer--omp-stdlib/omp_npc.inc	1177	native bool:NPC_PausePlayingNode(npcid);
openmultiplayer/omp-stdlib	openmultiplayer--omp-stdlib/omp_npc.inc	1182	native bool:NPC_ResumePlayingNode(npcid);
openmultiplayer/omp-stdlib	openmultiplayer--omp-stdlib/omp_npc.inc	1187	native bool:NPC_IsPlayingNode(npcid);
openmultiplayer/omp-stdlib	openmultiplayer--omp-stdlib/omp_npc.inc	1192	native NPC_ChangeNode(npcid, nodeid, linkid);
openmultiplayer/omp-stdlib	openmultiplayer--omp-stdlib/omp_npc.inc	1197	native bool:NPC_IsPlayingNodePaused(npcid);
openmultiplayer/omp-stdlib	openmultiplayer--omp-stdlib/omp_npc.inc	1202	native bool:NPC_UpdateNodePoint(npcid, pointid);
openmultiplayer/omp-stdlib	openmultiplayer--omp-stdlib/omp_npc.inc	1205	native # Callbacks();
openmultiplayer/omp-stdlib	openmultiplayer--omp-stdlib/omp_npc.inc	1206	native          Callbacks(
openmultiplayer/omp-stdlib	openmultiplayer--omp-stdlib/omp_npc.inc	1207	native      ============================(
openmultiplayer/omp-stdlib	openmultiplayer--omp-stdlib/omp_npc.inc	1208	native
openmultiplayer/omp-stdlib	openmultiplayer--omp-stdlib/omp_npc.inc	1214	forward OnNPCFinishMove(npcid);
openmultiplayer/omp-stdlib	openmultiplayer--omp-stdlib/omp_npc.inc	1219	forward OnNPCCreate(npcid);
openmultiplayer/omp-stdlib	openmultiplayer--omp-stdlib/omp_npc.inc	1224	forward OnNPCDestroy(npcid);
openmultiplayer/omp-stdlib	openmultiplayer--omp-stdlib/omp_npc.inc	1229	forward OnNPCSpawn(npcid);
openmultiplayer/omp-stdlib	openmultiplayer--omp-stdlib/omp_npc.inc	1234	forward OnNPCRespawn(npcid);
openmultiplayer/omp-stdlib	openmultiplayer--omp-stdlib/omp_npc.inc	1239	forward OnNPCWeaponStateChange(npcid, newState, oldState);
openmultiplayer/omp-stdlib	openmultiplayer--omp-stdlib/omp_npc.inc	1244	forward OnNPCTakeDamage(npcid, issuerid, Float:amount, WEAPON:weaponid, bodypart);
openmultiplayer/omp-stdlib	openmultiplayer--omp-stdlib/omp_npc.inc	1249	forward OnNPCGiveDamage(npcid, damagedid, Float:amount, WEAPON:weaponid, bodypart);
openmultiplayer/omp-stdlib	openmultiplayer--omp-stdlib/omp_npc.inc	1254	forward OnNPCDeath(npcid, killerid, WEAPON:reason);
openmultiplayer/omp-stdlib	openmultiplayer--omp-stdlib/omp_npc.inc	1259	forward OnNPCPlaybackStart(npcid, recordid);
openmultiplayer/omp-stdlib	openmultiplayer--omp-stdlib/omp_npc.inc	1264	forward OnNPCPlaybackEnd(npcid, recordid);
openmultiplayer/omp-stdlib	openmultiplayer--omp-stdlib/omp_npc.inc	1269	forward OnNPCWeaponShot(npcid, WEAPON:weaponid, BULLET_HIT_TYPE:hittype, hitid, Float:fX, Float:fY, Float:fZ);
openmultiplayer/omp-stdlib	openmultiplayer--omp-stdlib/omp_npc.inc	1274	forward OnNPCFinishNodePoint(npcid, nodeid, pointid);
openmultiplayer/omp-stdlib	openmultiplayer--omp-stdlib/omp_npc.inc	1279	forward OnNPCFinishNode(npcid, nodeid);
openmultiplayer/omp-stdlib	openmultiplayer--omp-stdlib/omp_npc.inc	1284	forward OnNPCChangeNode(npcid, newnodeid, oldnodeid);
openmultiplayer/omp-stdlib	openmultiplayer--omp-stdlib/omp_npc.inc	1289	forward OnNPCFinishMovePath(npcid, pathid);
openmultiplayer/omp-stdlib	openmultiplayer--omp-stdlib/omp_npc.inc	1294	forward OnNPCFinishMovePathPoint(npcid, pathid, pointid);
openmultiplayer/omp-stdlib	openmultiplayer--omp-stdlib/time.inc	34	native gettime(&hour = 0, &minute = 0, &second = 0);
openmultiplayer/omp-stdlib	openmultiplayer--omp-stdlib/time.inc	45	native getdate(&year = 0, &month = 0, &day = 0);
openmultiplayer/omp-stdlib	openmultiplayer--omp-stdlib/time.inc	57	native tickcount(&granularity = 0);
openmultiplayer/omp-stdlib	openmultiplayer--omp-stdlib/time.inc	73	forward @timer();
openmultiplayer/omp-stdlib	openmultiplayer--omp-stdlib/time.inc	99	native settimer(milliseconds, bool:singleshot = false);
openmultiplayer/omp-stdlib	openmultiplayer--omp-stdlib/time.inc	101	stock settimer(__milliseconds, bool:__singleshot = false)
openmultiplayer/omp-stdlib	openmultiplayer--omp-stdlib/time.inc	131	native delay(milliseconds);
openmultiplayer/omp-stdlib	openmultiplayer--omp-stdlib/time.inc	133	stock delay(__milliseconds)
openmultiplayer/omp-stdlib	openmultiplayer--omp-stdlib/time.inc	161	native cvttimestamp(seconds1970, &year = 0, &month = 0, &day = 0, &hour = 0, &minute = 0, &second = 0);
openmultiplayer/omp-stdlib	openmultiplayer--omp-stdlib/time.inc	163	stock cvttimestamp(__seconds1970, &__year = 0, &__month = 0, &__day = 0, &__hour = 0, &__minute = 0, &__second = 0)
openmultiplayer/omp-stdlib	openmultiplayer--omp-stdlib/time.inc	228	forward setdate(year = cellmin, month = cellmin, day = cellmin);
openmultiplayer/omp-stdlib	openmultiplayer--omp-stdlib/time.inc	240	forward settime(hour = cellmin, minute = cellmin, second = cellmin);
openmultiplayer/omp-stdlib	openmultiplayer--omp-stdlib/time.inc	251	native settimestamp(seconds1970);
openmultiplayer/omp-stdlib	openmultiplayer--omp-stdlib/time.inc	253	stock settimestamp(__seconds1970)
openmultiplayer/omp-stdlib	openmultiplayer--omp-stdlib/omp_actor.inc	106	native CreateActor(skin, Float:x, Float:y, Float:z, Float:angle);
openmultiplayer/omp-stdlib	openmultiplayer--omp-stdlib/omp_actor.inc	118	native bool:DestroyActor(actorid);
openmultiplayer/omp-stdlib	openmultiplayer--omp-stdlib/omp_actor.inc	130	native bool:IsActorStreamedIn(actorid, playerid);
openmultiplayer/omp-stdlib	openmultiplayer--omp-stdlib/omp_actor.inc	145	native bool:SetActorVirtualWorld(actorid, virtualWorld);
openmultiplayer/omp-stdlib	openmultiplayer--omp-stdlib/omp_actor.inc	155	native GetActorVirtualWorld(actorid);
openmultiplayer/omp-stdlib	openmultiplayer--omp-stdlib/omp_actor.inc	182	native bool:ApplyActorAnimation(actorid, const animationLibrary[], const animationName[], Float:delta, bool:loop, bool:lockX, bool:lockY, bool:freeze, time);
openmultiplayer/omp-stdlib	openmultiplayer--omp-stdlib/omp_actor.inc	195	native bool:ClearActorAnimations(actorid);
openmultiplayer/omp-stdlib	openmultiplayer--omp-stdlib/omp_actor.inc	213	native bool:SetActorPos(actorid, Float:x, Float:y, Float:z);
openmultiplayer/omp-stdlib	openmultiplayer--omp-stdlib/omp_actor.inc	231	native bool:GetActorPos(actorid, &Float:x, &Float:y, &Float:z);
openmultiplayer/omp-stdlib	openmultiplayer--omp-stdlib/omp_actor.inc	248	native bool:SetActorFacingAngle(actorid, Float:angle);
openmultiplayer/omp-stdlib	openmultiplayer--omp-stdlib/omp_actor.inc	263	native bool:GetActorFacingAngle(actorid, &Float:angle);
openmultiplayer/omp-stdlib	openmultiplayer--omp-stdlib/omp_actor.inc	275	native bool:SetActorHealth(actorid, Float:health);
openmultiplayer/omp-stdlib	openmultiplayer--omp-stdlib/omp_actor.inc	287	native bool:GetActorHealth(actorid, &Float:health);
openmultiplayer/omp-stdlib	openmultiplayer--omp-stdlib/omp_actor.inc	302	native bool:SetActorInvulnerable(actorid, bool:invulnerable = true);
openmultiplayer/omp-stdlib	openmultiplayer--omp-stdlib/omp_actor.inc	313	native bool:IsActorInvulnerable(actorid);
openmultiplayer/omp-stdlib	openmultiplayer--omp-stdlib/omp_actor.inc	321	native bool:IsValidActor(actorid);
openmultiplayer/omp-stdlib	openmultiplayer--omp-stdlib/omp_actor.inc	330	native bool:SetActorSkin(actorid, skin);
openmultiplayer/omp-stdlib	openmultiplayer--omp-stdlib/omp_actor.inc	338	native GetActorSkin(actorid);
openmultiplayer/omp-stdlib	openmultiplayer--omp-stdlib/omp_actor.inc	358	native bool:GetActorAnimation(actorid, animationLibrary[], librarySize = sizeof (animationLibrary), animationName[], nameSize = sizeof (animationName), &Float:delta, &bool:loop = false, &bool:lockX = false, &bool:lockY = false, &bool:freeze = false, &time = 0);
openmultiplayer/omp-stdlib	openmultiplayer--omp-stdlib/omp_actor.inc	371	native bool:GetActorSpawnInfo(actorid, &skin, &Float:spawnX = 0.0, &Float:spawnY = 0.0, &Float:spawnZ = 0.0, &Float:spawnAngle = 0.0);
openmultiplayer/omp-stdlib	openmultiplayer--omp-stdlib/omp_actor.inc	382	native GetActors(actors[], size = sizeof (actors));
openmultiplayer/omp-stdlib	openmultiplayer--omp-stdlib/omp_actor.inc	423	forward OnPlayerGiveDamageActor(playerid, damaged_actorid, Float:amount, WEAPON:weaponid, bodypart);
openmultiplayer/omp-stdlib	openmultiplayer--omp-stdlib/omp_actor.inc	435	forward OnActorStreamIn(actorid, forplayerid);
openmultiplayer/omp-stdlib	openmultiplayer--omp-stdlib/omp_actor.inc	447	forward OnActorStreamOut(actorid, forplayerid);
openmultiplayer/omp-stdlib	openmultiplayer--omp-stdlib/omp_textlabel.inc	86	native # Global();
openmultiplayer/omp-stdlib	openmultiplayer--omp-stdlib/omp_textlabel.inc	87	native             Global(
openmultiplayer/omp-stdlib	openmultiplayer--omp-stdlib/omp_textlabel.inc	88	native      ====================(
openmultiplayer/omp-stdlib	openmultiplayer--omp-stdlib/omp_textlabel.inc	89	native
openmultiplayer/omp-stdlib	openmultiplayer--omp-stdlib/omp_textlabel.inc	120	native Text3D:Create3DTextLabel(const text[], colour, Float:x, Float:y, Float:z, Float:drawDistance, virtualWorld, bool:testLOS = false, OPEN_MP_TAGS:...);
openmultiplayer/omp-stdlib	openmultiplayer--omp-stdlib/omp_textlabel.inc	135	native bool:Delete3DTextLabel(Text3D:textid);
openmultiplayer/omp-stdlib	openmultiplayer--omp-stdlib/omp_textlabel.inc	157	native bool:Attach3DTextLabelToPlayer(Text3D:textid, parentid, Float:offsetX, Float:offsetY, Float:offsetZ);
openmultiplayer/omp-stdlib	openmultiplayer--omp-stdlib/omp_textlabel.inc	176	native bool:Attach3DTextLabelToVehicle(Text3D:textid, parentid, Float:offsetX, Float:offsetY, Float:offsetZ);
openmultiplayer/omp-stdlib	openmultiplayer--omp-stdlib/omp_textlabel.inc	193	native bool:Update3DTextLabelText(Text3D:textid, colour, const text[], OPEN_MP_TAGS:...);
openmultiplayer/omp-stdlib	openmultiplayer--omp-stdlib/omp_textlabel.inc	198	native bool:IsValid3DTextLabel(Text3D:textid);
openmultiplayer/omp-stdlib	openmultiplayer--omp-stdlib/omp_textlabel.inc	203	native bool:Is3DTextLabelStreamedIn(playerid, Text3D:textid);
openmultiplayer/omp-stdlib	openmultiplayer--omp-stdlib/omp_textlabel.inc	208	native bool:Get3DTextLabelText(Text3D:textid, text[], len = sizeof (text));
openmultiplayer/omp-stdlib	openmultiplayer--omp-stdlib/omp_textlabel.inc	216	native Get3DTextLabelColor(Text3D:textid);
openmultiplayer/omp-stdlib	openmultiplayer--omp-stdlib/omp_textlabel.inc	221	native Get3DTextLabelColour(Text3D:textid) = Get3DTextLabelColor;
openmultiplayer/omp-stdlib	openmultiplayer--omp-stdlib/omp_textlabel.inc	226	native bool:Get3DTextLabelPos(Text3D:textid, &Float:x, &Float:y, &Float:z);
openmultiplayer/omp-stdlib	openmultiplayer--omp-stdlib/omp_textlabel.inc	231	native Float:Get3DTextLabelDrawDistance(Text3D:textid);
openmultiplayer/omp-stdlib	openmultiplayer--omp-stdlib/omp_textlabel.inc	236	native bool:Set3DTextLabelDrawDistance(Text3D:textid, Float:drawDistance);
openmultiplayer/omp-stdlib	openmultiplayer--omp-stdlib/omp_textlabel.inc	241	native bool:Get3DTextLabelLOS(Text3D:textid);
openmultiplayer/omp-stdlib	openmultiplayer--omp-stdlib/omp_textlabel.inc	246	native bool:Set3DTextLabelLOS(Text3D:textid, bool:enable);
openmultiplayer/omp-stdlib	openmultiplayer--omp-stdlib/omp_textlabel.inc	251	native Get3DTextLabelVirtualWorld(Text3D:textid);
openmultiplayer/omp-stdlib	openmultiplayer--omp-stdlib/omp_textlabel.inc	256	native bool:Set3DTextLabelVirtualWorld(Text3D:textid, virtualWorld);
openmultiplayer/omp-stdlib	openmultiplayer--omp-stdlib/omp_textlabel.inc	261	native bool:Get3DTextLabelAttachedData(Text3D:textid, &parentPlayerid, &parentVehicleid);
openmultiplayer/omp-stdlib	openmultiplayer--omp-stdlib/omp_textlabel.inc	264	native # Per-Player();
openmultiplayer/omp-stdlib	openmultiplayer--omp-stdlib/omp_textlabel.inc	265	native           Per-Player(
openmultiplayer/omp-stdlib	openmultiplayer--omp-stdlib/omp_textlabel.inc	266	native      ====================(
openmultiplayer/omp-stdlib	openmultiplayer--omp-stdlib/omp_textlabel.inc	267	native
openmultiplayer/omp-stdlib	openmultiplayer--omp-stdlib/omp_textlabel.inc	295	native PlayerText3D:CreatePlayer3DTextLabel(playerid, const text[], colour, Float:x, Float:y, Float:z, Float:drawDistance, parentPlayerid = INVALID_PLAYER_ID, parentVehicleid = INVALID_VEHICLE_ID, bool:testLOS = false, OPEN_MP_TAGS:...);
openmultiplayer/omp-stdlib	openmultiplayer--omp-stdlib/omp_textlabel.inc	313	native bool:DeletePlayer3DTextLabel(playerid, PlayerText3D:textid);
openmultiplayer/omp-stdlib	openmultiplayer--omp-stdlib/omp_textlabel.inc	331	native bool:UpdatePlayer3DTextLabelText(playerid, PlayerText3D:textid, colour, const text[], OPEN_MP_TAGS:...);
openmultiplayer/omp-stdlib	openmultiplayer--omp-stdlib/omp_textlabel.inc	336	native bool:IsValidPlayer3DTextLabel(playerid, PlayerText3D:textid);
openmultiplayer/omp-stdlib	openmultiplayer--omp-stdlib/omp_textlabel.inc	341	native bool:GetPlayer3DTextLabelText(playerid, PlayerText3D:textid, text[], len = sizeof (text));
openmultiplayer/omp-stdlib	openmultiplayer--omp-stdlib/omp_textlabel.inc	349	native GetPlayer3DTextLabelColor(playerid, PlayerText3D:textid);
openmultiplayer/omp-stdlib	openmultiplayer--omp-stdlib/omp_textlabel.inc	354	native GetPlayer3DTextLabelColour(playerid, PlayerText3D:textid) = GetPlayer3DTextLabelColor;
openmultiplayer/omp-stdlib	openmultiplayer--omp-stdlib/omp_textlabel.inc	359	native bool:GetPlayer3DTextLabelPos(playerid, PlayerText3D:textid, &Float:x, &Float:y, &Float:z);
openmultiplayer/omp-stdlib	openmultiplayer--omp-stdlib/omp_textlabel.inc	369	native Float:GetPlayer3DTextLabelDrawDist(playerid, PlayerText3D:textid);
openmultiplayer/omp-stdlib	openmultiplayer--omp-stdlib/omp_textlabel.inc	375	native Float:GetPlayer3DTextLabelDrawDistance(playerid, PlayerText3D:textid) = GetPlayer3DTextLabelDrawDist;
openmultiplayer/omp-stdlib	openmultiplayer--omp-stdlib/omp_textlabel.inc	386	native bool:SetPlayer3DTextLabelDrawDist(playerid, PlayerText3D:textid, Float:drawDistance);
openmultiplayer/omp-stdlib	openmultiplayer--omp-stdlib/omp_textlabel.inc	392	native bool:SetPlayer3DTextLabelDrawDistance(playerid, PlayerText3D:textid, Float:drawDistance) = SetPlayer3DTextLabelDrawDist;
openmultiplayer/omp-stdlib	openmultiplayer--omp-stdlib/omp_textlabel.inc	398	native bool:GetPlayer3DTextLabelLOS(playerid, PlayerText3D:textid);
openmultiplayer/omp-stdlib	openmultiplayer--omp-stdlib/omp_textlabel.inc	403	native bool:SetPlayer3DTextLabelLOS(playerid, PlayerText3D:textid, bool:enable);
openmultiplayer/omp-stdlib	openmultiplayer--omp-stdlib/omp_textlabel.inc	413	native GetPlayer3DTextLabelVirtualW(playerid, PlayerText3D:textid);
openmultiplayer/omp-stdlib	openmultiplayer--omp-stdlib/omp_textlabel.inc	419	native GetPlayer3DTextLabelVirtualWorld(playerid, PlayerText3D:textid) = GetPlayer3DTextLabelVirtualW;
openmultiplayer/omp-stdlib	openmultiplayer--omp-stdlib/omp_textlabel.inc	430	native bool:GetPlayer3DTextLabelAttached(playerid, PlayerText3D:textid, &parentPlayerid, &parentVehicleid);
openmultiplayer/omp-stdlib	openmultiplayer--omp-stdlib/omp_textlabel.inc	436	native bool:GetPlayer3DTextLabelAttachedData(playerid, PlayerText3D:textid, &parentPlayerid, &parentVehicleid) = GetPlayer3DTextLabelAttached;
openmultiplayer/omp-stdlib	openmultiplayer--omp-stdlib/float.inc	65	native Float:float(value);
openmultiplayer/omp-stdlib	openmultiplayer--omp-stdlib/float.inc	76	native Float:floatstr(const string[]);
openmultiplayer/omp-stdlib	openmultiplayer--omp-stdlib/float.inc	88	native Float:strfloat(const string[]) = floatstr;
openmultiplayer/omp-stdlib	openmultiplayer--omp-stdlib/float.inc	100	native Float:floatmul(Float:oper1, Float:oper2);
openmultiplayer/omp-stdlib	openmultiplayer--omp-stdlib/float.inc	112	native Float:floatdiv(Float:dividend, Float:divisor);
openmultiplayer/omp-stdlib	openmultiplayer--omp-stdlib/float.inc	125	native Float:floatadd(Float:oper1, Float:oper2);
openmultiplayer/omp-stdlib	openmultiplayer--omp-stdlib/float.inc	138	native Float:floatsub(Float:oper1, Float:oper2);
openmultiplayer/omp-stdlib	openmultiplayer--omp-stdlib/float.inc	148	native Float:floatfract(Float:value);
openmultiplayer/omp-stdlib	openmultiplayer--omp-stdlib/float.inc	170	native floatround(Float:value, floatround_method:method = floatround_round);
openmultiplayer/omp-stdlib	openmultiplayer--omp-stdlib/float.inc	180	native floatcmp(Float:oper1, Float:oper2);
openmultiplayer/omp-stdlib	openmultiplayer--omp-stdlib/float.inc	192	native Float:floatsqroot(Float:value);
openmultiplayer/omp-stdlib	openmultiplayer--omp-stdlib/float.inc	203	native Float:floatpower(Float:value, Float:exponent);
openmultiplayer/omp-stdlib	openmultiplayer--omp-stdlib/float.inc	214	native Float:floatlog(Float:value, Float:base = 10.0);
openmultiplayer/omp-stdlib	openmultiplayer--omp-stdlib/float.inc	238	native Float:floatsin(Float:value, anglemode:mode = radian);
openmultiplayer/omp-stdlib	openmultiplayer--omp-stdlib/float.inc	262	native Float:floatcos(Float:value, anglemode:mode = radian);
openmultiplayer/omp-stdlib	openmultiplayer--omp-stdlib/float.inc	286	native Float:floattan(Float:value, anglemode:mode = radian);
openmultiplayer/omp-stdlib	openmultiplayer--omp-stdlib/float.inc	294	native Float:floatabs(Float:value);
openmultiplayer/omp-stdlib	openmultiplayer--omp-stdlib/float.inc	300	native Float:operator*(Float:oper1, Float:oper2) = floatmul;
openmultiplayer/omp-stdlib	openmultiplayer--omp-stdlib/float.inc	305	native Float:operator/(Float:oper1, Float:oper2) = floatdiv;
openmultiplayer/omp-stdlib	openmultiplayer--omp-stdlib/float.inc	310	native Float:operator+(Float:oper1, Float:oper2) = floatadd;
openmultiplayer/omp-stdlib	openmultiplayer--omp-stdlib/float.inc	315	native Float:operator-(Float:oper1, Float:oper2) = floatsub;
openmultiplayer/omp-stdlib	openmultiplayer--omp-stdlib/float.inc	320	native Float:operator=(oper) = float;
openmultiplayer/omp-stdlib	openmultiplayer--omp-stdlib/float.inc	326	native Float:operator++(Float:oper);
openmultiplayer/omp-stdlib	openmultiplayer--omp-stdlib/float.inc	328	stock Float:operator++(Float:__oper)
openmultiplayer/omp-stdlib	openmultiplayer--omp-stdlib/float.inc	337	native Float:operator--(Float:oper);
openmultiplayer/omp-stdlib	openmultiplayer--omp-stdlib/float.inc	339	stock Float:operator--(Float:__oper)
openmultiplayer/omp-stdlib	openmultiplayer--omp-stdlib/float.inc	348	native Float:operator-(Float:oper);
openmultiplayer/omp-stdlib	openmultiplayer--omp-stdlib/float.inc	350	stock Float:operator-(Float:__oper)
openmultiplayer/omp-stdlib	openmultiplayer--omp-stdlib/float.inc	359	native Float:operator*(Float:oper1, oper2);
openmultiplayer/omp-stdlib	openmultiplayer--omp-stdlib/float.inc	361	stock Float:operator*(Float:__oper1, __oper2)
openmultiplayer/omp-stdlib	openmultiplayer--omp-stdlib/float.inc	370	native Float:operator/(Float:oper1, oper2);
openmultiplayer/omp-stdlib	openmultiplayer--omp-stdlib/float.inc	372	stock Float:operator/(Float:__oper1, __oper2)
openmultiplayer/omp-stdlib	openmultiplayer--omp-stdlib/float.inc	381	native Float:operator/(oper1, Float:oper2);
openmultiplayer/omp-stdlib	openmultiplayer--omp-stdlib/float.inc	383	stock Float:operator/(__oper1, Float:__oper2)
openmultiplayer/omp-stdlib	openmultiplayer--omp-stdlib/float.inc	392	native Float:operator+(Float:oper1, oper2);
openmultiplayer/omp-stdlib	openmultiplayer--omp-stdlib/float.inc	394	stock Float:operator+(Float:__oper1, __oper2)
openmultiplayer/omp-stdlib	openmultiplayer--omp-stdlib/float.inc	403	native Float:operator-(Float:oper1, oper2);
openmultiplayer/omp-stdlib	openmultiplayer--omp-stdlib/float.inc	405	stock Float:operator-(Float:__oper1, __oper2)
openmultiplayer/omp-stdlib	openmultiplayer--omp-stdlib/float.inc	414	native Float:operator-(oper1, Float:oper2);
openmultiplayer/omp-stdlib	openmultiplayer--omp-stdlib/float.inc	416	stock Float:operator-(__oper1, Float:__oper2)
openmultiplayer/omp-stdlib	openmultiplayer--omp-stdlib/float.inc	425	native bool:operator==(Float:oper1, Float:oper2);
openmultiplayer/omp-stdlib	openmultiplayer--omp-stdlib/float.inc	427	stock bool:operator==(Float:__oper1, Float:__oper2)
openmultiplayer/omp-stdlib	openmultiplayer--omp-stdlib/float.inc	436	native bool:operator==(Float:oper1, oper2);
openmultiplayer/omp-stdlib	openmultiplayer--omp-stdlib/float.inc	438	stock bool:operator==(Float:__oper1, __oper2)
openmultiplayer/omp-stdlib	openmultiplayer--omp-stdlib/float.inc	447	native bool:operator!=(Float:oper1, Float:oper2);
openmultiplayer/omp-stdlib	openmultiplayer--omp-stdlib/float.inc	449	stock bool:operator!=(Float:__oper1, Float:__oper2)
openmultiplayer/omp-stdlib	openmultiplayer--omp-stdlib/float.inc	458	native bool:operator!=(Float:oper1, Float:oper2);
openmultiplayer/omp-stdlib	openmultiplayer--omp-stdlib/float.inc	460	stock bool:operator!=(Float:__oper1, __oper2)
openmultiplayer/omp-stdlib	openmultiplayer--omp-stdlib/float.inc	469	native bool:operator>(Float:oper1, Float:oper2);
openmultiplayer/omp-stdlib	openmultiplayer--omp-stdlib/float.inc	471	stock bool:operator>(Float:__oper1, Float:__oper2)
openmultiplayer/omp-stdlib	openmultiplayer--omp-stdlib/float.inc	480	native bool:operator>(Float:oper1, oper2);
openmultiplayer/omp-stdlib	openmultiplayer--omp-stdlib/float.inc	482	stock bool:operator>(Float:__oper1, __oper2)
openmultiplayer/omp-stdlib	openmultiplayer--omp-stdlib/float.inc	491	native bool:operator>(oper1, Float:oper2);
openmultiplayer/omp-stdlib	openmultiplayer--omp-stdlib/float.inc	493	stock bool:operator>(__oper1, Float:__oper2)
openmultiplayer/omp-stdlib	openmultiplayer--omp-stdlib/float.inc	502	native bool:operator>=(Float:oper1, Float:oper2);
openmultiplayer/omp-stdlib	openmultiplayer--omp-stdlib/float.inc	504	stock bool:operator>=(Float:__oper1, Float:__oper2)
openmultiplayer/omp-stdlib	openmultiplayer--omp-stdlib/float.inc	513	native bool:operator>=(Float:oper1, oper2);
openmultiplayer/omp-stdlib	openmultiplayer--omp-stdlib/float.inc	515	stock bool:operator>=(Float:__oper1, __oper2)
openmultiplayer/omp-stdlib	openmultiplayer--omp-stdlib/float.inc	524	native bool:operator>=(oper1, Float:oper2);
openmultiplayer/omp-stdlib	openmultiplayer--omp-stdlib/float.inc	526	stock bool:operator>=(__oper1, Float:__oper2)
openmultiplayer/omp-stdlib	openmultiplayer--omp-stdlib/float.inc	535	native bool:operator<(Float:oper1, Float:oper2);
openmultiplayer/omp-stdlib	openmultiplayer--omp-stdlib/float.inc	537	stock bool:operator<(Float:__oper1, Float:__oper2)
openmultiplayer/omp-stdlib	openmultiplayer--omp-stdlib/float.inc	546	native bool:operator<(Float:oper1, oper2);
openmultiplayer/omp-stdlib	openmultiplayer--omp-stdlib/float.inc	548	stock bool:operator<(Float:__oper1, __oper2)
openmultiplayer/omp-stdlib	openmultiplayer--omp-stdlib/float.inc	557	native bool:operator<(oper1, Float:oper2);
openmultiplayer/omp-stdlib	openmultiplayer--omp-stdlib/float.inc	559	stock bool:operator<(__oper1, Float:__oper2)
openmultiplayer/omp-stdlib	openmultiplayer--omp-stdlib/float.inc	568	native bool:operator<=(Float:oper1, Float:oper2);
openmultiplayer/omp-stdlib	openmultiplayer--omp-stdlib/float.inc	570	stock bool:operator<=(Float:__oper1, Float:__oper2)
openmultiplayer/omp-stdlib	openmultiplayer--omp-stdlib/float.inc	579	native bool:operator<=(Float:oper1, oper2);
openmultiplayer/omp-stdlib	openmultiplayer--omp-stdlib/float.inc	581	stock bool:operator<=(Float:__oper1, __oper2)
openmultiplayer/omp-stdlib	openmultiplayer--omp-stdlib/float.inc	590	native bool:operator<=(oper1, Float:oper2);
openmultiplayer/omp-stdlib	openmultiplayer--omp-stdlib/float.inc	592	stock bool:operator<=(__oper1, Float:__oper2)
openmultiplayer/omp-stdlib	openmultiplayer--omp-stdlib/float.inc	601	native bool:operator!(Float:oper);
openmultiplayer/omp-stdlib	openmultiplayer--omp-stdlib/float.inc	603	stock bool:operator!(Float:__oper)
openmultiplayer/omp-stdlib	openmultiplayer--omp-stdlib/float.inc	612	forward operator%(Float:oper1, Float:oper2);
openmultiplayer/omp-stdlib	openmultiplayer--omp-stdlib/float.inc	617	forward operator%(Float:oper1, oper2);
openmultiplayer/omp-stdlib	openmultiplayer--omp-stdlib/float.inc	622	forward operator%(oper1, Float:oper2);
openmultiplayer/omp-stdlib	openmultiplayer--omp-stdlib/omp_variable.inc	90	native # Server Variables();
openmultiplayer/omp-stdlib	openmultiplayer--omp-stdlib/omp_variable.inc	91	native        Server Variables(
openmultiplayer/omp-stdlib	openmultiplayer--omp-stdlib/omp_variable.inc	92	native      ====================(
openmultiplayer/omp-stdlib	openmultiplayer--omp-stdlib/omp_variable.inc	93	native
openmultiplayer/omp-stdlib	openmultiplayer--omp-stdlib/omp_variable.inc	112	native bool:SetSVarInt(const svar[], value);
openmultiplayer/omp-stdlib	openmultiplayer--omp-stdlib/omp_variable.inc	127	native GetSVarInt(const svar[]);
openmultiplayer/omp-stdlib	openmultiplayer--omp-stdlib/omp_variable.inc	145	native bool:SetSVarString(const svar[], const value[], OPEN_MP_TAGS:...);
openmultiplayer/omp-stdlib	openmultiplayer--omp-stdlib/omp_variable.inc	161	native GetSVarString(const svar[], output[], len = sizeof (output));
openmultiplayer/omp-stdlib	openmultiplayer--omp-stdlib/omp_variable.inc	179	native bool:SetSVarFloat(const svar[], Float:value);
openmultiplayer/omp-stdlib	openmultiplayer--omp-stdlib/omp_variable.inc	194	native Float:GetSVarFloat(const svar[]);
openmultiplayer/omp-stdlib	openmultiplayer--omp-stdlib/omp_variable.inc	213	native bool:DeleteSVar(const svar[]);
openmultiplayer/omp-stdlib	openmultiplayer--omp-stdlib/omp_variable.inc	223	native GetSVarsUpperIndex();
openmultiplayer/omp-stdlib	openmultiplayer--omp-stdlib/omp_variable.inc	236	native GetSVarNameAtIndex(index, output[], size = sizeof (output));
openmultiplayer/omp-stdlib	openmultiplayer--omp-stdlib/omp_variable.inc	260	native VARTYPE:GetSVarType(const svar[]);
openmultiplayer/omp-stdlib	openmultiplayer--omp-stdlib/omp_variable.inc	263	native # Player Variables();
openmultiplayer/omp-stdlib	openmultiplayer--omp-stdlib/omp_variable.inc	264	native        Player Variables(
openmultiplayer/omp-stdlib	openmultiplayer--omp-stdlib/omp_variable.inc	265	native      ====================(
openmultiplayer/omp-stdlib	openmultiplayer--omp-stdlib/omp_variable.inc	266	native
openmultiplayer/omp-stdlib	openmultiplayer--omp-stdlib/omp_variable.inc	289	native bool:SetPVarInt(playerid, const pvar[], value);
openmultiplayer/omp-stdlib	openmultiplayer--omp-stdlib/omp_variable.inc	305	native GetPVarInt(playerid, const pvar[]);
openmultiplayer/omp-stdlib	openmultiplayer--omp-stdlib/omp_variable.inc	320	native bool:SetPVarString(playerid, const pvar[], const value[], OPEN_MP_TAGS:...);
openmultiplayer/omp-stdlib	openmultiplayer--omp-stdlib/omp_variable.inc	340	native GetPVarString(playerid, const pvar[], output[], len = sizeof (output));
openmultiplayer/omp-stdlib	openmultiplayer--omp-stdlib/omp_variable.inc	360	native bool:SetPVarFloat(playerid, const pvar[], Float:value);
openmultiplayer/omp-stdlib	openmultiplayer--omp-stdlib/omp_variable.inc	375	native Float:GetPVarFloat(playerid, const pvar[]);
openmultiplayer/omp-stdlib	openmultiplayer--omp-stdlib/omp_variable.inc	396	native bool:DeletePVar(playerid, const pvar[]);
openmultiplayer/omp-stdlib	openmultiplayer--omp-stdlib/omp_variable.inc	407	native GetPVarsUpperIndex(playerid);
openmultiplayer/omp-stdlib	openmultiplayer--omp-stdlib/omp_variable.inc	421	native GetPVarNameAtIndex(playerid, index, output[], size = sizeof (output));
openmultiplayer/omp-stdlib	openmultiplayer--omp-stdlib/omp_variable.inc	446	native VARTYPE:GetPVarType(playerid, const pvar[]);
openmultiplayer/omp-stdlib	openmultiplayer--omp-stdlib/omp_textdraw.inc	163	native # Global();
openmultiplayer/omp-stdlib	openmultiplayer--omp-stdlib/omp_textdraw.inc	164	native              Global(
openmultiplayer/omp-stdlib	openmultiplayer--omp-stdlib/omp_textdraw.inc	165	native      ====================(
openmultiplayer/omp-stdlib	openmultiplayer--omp-stdlib/omp_textdraw.inc	166	native
openmultiplayer/omp-stdlib	openmultiplayer--omp-stdlib/omp_textdraw.inc	202	native Text:TextDrawCreate(Float:x, Float:y, const format[], OPEN_MP_TAGS:...);
openmultiplayer/omp-stdlib	openmultiplayer--omp-stdlib/omp_textdraw.inc	209	native bool:TextDrawDestroy(Text:textid);
openmultiplayer/omp-stdlib	openmultiplayer--omp-stdlib/omp_textdraw.inc	228	native bool:TextDrawLetterSize(Text:textid, Float:width, Float:height);
openmultiplayer/omp-stdlib	openmultiplayer--omp-stdlib/omp_textdraw.inc	262	native bool:TextDrawTextSize(Text:textid, Float:width, Float:height);
openmultiplayer/omp-stdlib	openmultiplayer--omp-stdlib/omp_textdraw.inc	273	native bool:TextDrawAlignment(Text:textid, TEXT_DRAW_ALIGN:alignment);
openmultiplayer/omp-stdlib	openmultiplayer--omp-stdlib/omp_textdraw.inc	288	native bool:TextDrawColor(Text:textid, textColor);
openmultiplayer/omp-stdlib	openmultiplayer--omp-stdlib/omp_textdraw.inc	300	native bool:TextDrawColour(Text:textid, textColour) = TextDrawColor;
openmultiplayer/omp-stdlib	openmultiplayer--omp-stdlib/omp_textdraw.inc	314	native bool:TextDrawUseBox(Text:textid, bool:enableBox);
openmultiplayer/omp-stdlib	openmultiplayer--omp-stdlib/omp_textdraw.inc	330	native bool:TextDrawBoxColor(Text:textid, boxColor);
openmultiplayer/omp-stdlib	openmultiplayer--omp-stdlib/omp_textdraw.inc	343	native bool:TextDrawBoxColour(Text:textid, boxColour) = TextDrawBoxColor;
openmultiplayer/omp-stdlib	openmultiplayer--omp-stdlib/omp_textdraw.inc	360	native bool:TextDrawSetShadow(Text:textid, shadowSize);
openmultiplayer/omp-stdlib	openmultiplayer--omp-stdlib/omp_textdraw.inc	372	native bool:TextDrawSetOutline(Text:textid, outlineSize);
openmultiplayer/omp-stdlib	openmultiplayer--omp-stdlib/omp_textdraw.inc	391	native bool:TextDrawBackgroundColor(Text:textid, backgroundColor);
openmultiplayer/omp-stdlib	openmultiplayer--omp-stdlib/omp_textdraw.inc	407	native bool:TextDrawBackgroundColour(Text:textid, backgroundColour) = TextDrawBackgroundColor;
openmultiplayer/omp-stdlib	openmultiplayer--omp-stdlib/omp_textdraw.inc	422	native bool:TextDrawFont(Text:textid, TEXT_DRAW_FONT:font);
openmultiplayer/omp-stdlib	openmultiplayer--omp-stdlib/omp_textdraw.inc	437	native bool:TextDrawSetProportional(Text:textid, bool:proportional);
openmultiplayer/omp-stdlib	openmultiplayer--omp-stdlib/omp_textdraw.inc	448	native bool:TextDrawSetSelectable(Text:textid, bool:selectable);
openmultiplayer/omp-stdlib	openmultiplayer--omp-stdlib/omp_textdraw.inc	463	native bool:TextDrawShowForPlayer(playerid, Text:textid);
openmultiplayer/omp-stdlib	openmultiplayer--omp-stdlib/omp_textdraw.inc	474	native bool:TextDrawHideForPlayer(playerid, Text:textid);
openmultiplayer/omp-stdlib	openmultiplayer--omp-stdlib/omp_textdraw.inc	488	native bool:TextDrawShowForAll(Text:textid);
openmultiplayer/omp-stdlib	openmultiplayer--omp-stdlib/omp_textdraw.inc	498	native bool:TextDrawHideForAll(Text:textid);
openmultiplayer/omp-stdlib	openmultiplayer--omp-stdlib/omp_textdraw.inc	508	native bool:TextDrawSetString(Text:textid, const format[], OPEN_MP_TAGS:...);
openmultiplayer/omp-stdlib	openmultiplayer--omp-stdlib/omp_textdraw.inc	520	native bool:TextDrawSetPreviewModel(Text:textid, model);
openmultiplayer/omp-stdlib	openmultiplayer--omp-stdlib/omp_textdraw.inc	533	native bool:TextDrawSetPreviewRot(Text:textid, Float:rotationX, Float:rotationY, Float:rotationZ, Float:zoom = 1.0);
openmultiplayer/omp-stdlib	openmultiplayer--omp-stdlib/omp_textdraw.inc	550	native bool:TextDrawSetPreviewVehCol(Text:textid, colour1, colour2);
openmultiplayer/omp-stdlib	openmultiplayer--omp-stdlib/omp_textdraw.inc	563	native bool:TextDrawSetPreviewVehicleColours(Text:textid, colour1, colour2) = TextDrawSetPreviewVehCol;
openmultiplayer/omp-stdlib	openmultiplayer--omp-stdlib/omp_textdraw.inc	580	native bool:TextDrawSetPreviewVehicleColors(Text:textid, colour1, colour2) = TextDrawSetPreviewVehCol;
openmultiplayer/omp-stdlib	openmultiplayer--omp-stdlib/omp_textdraw.inc	586	native bool:IsValidTextDraw(Text:textid);
openmultiplayer/omp-stdlib	openmultiplayer--omp-stdlib/omp_textdraw.inc	591	native bool:IsTextDrawVisibleForPlayer(playerid, Text:textid);
openmultiplayer/omp-stdlib	openmultiplayer--omp-stdlib/omp_textdraw.inc	596	native bool:TextDrawGetString(Text:textid, string[], stringSize = sizeof (string));
openmultiplayer/omp-stdlib	openmultiplayer--omp-stdlib/omp_textdraw.inc	601	native bool:TextDrawSetPos(Text:textid, Float:x, Float:y);
openmultiplayer/omp-stdlib	openmultiplayer--omp-stdlib/omp_textdraw.inc	606	native bool:TextDrawGetLetterSize(Text:textid, &Float:width, &Float:height);
openmultiplayer/omp-stdlib	openmultiplayer--omp-stdlib/omp_textdraw.inc	611	native bool:TextDrawGetTextSize(Text:textid, &Float:width, &Float:height);
openmultiplayer/omp-stdlib	openmultiplayer--omp-stdlib/omp_textdraw.inc	616	native bool:TextDrawGetPos(Text:textid, &Float:x, &Float:y);
openmultiplayer/omp-stdlib	openmultiplayer--omp-stdlib/omp_textdraw.inc	624	native TextDrawGetColor(Text:textid);
openmultiplayer/omp-stdlib	openmultiplayer--omp-stdlib/omp_textdraw.inc	629	native TextDrawGetColour(Text:textid) = TextDrawGetColor;
openmultiplayer/omp-stdlib	openmultiplayer--omp-stdlib/omp_textdraw.inc	637	native TextDrawGetBoxColor(Text:textid);
openmultiplayer/omp-stdlib	openmultiplayer--omp-stdlib/omp_textdraw.inc	642	native TextDrawGetBoxColour(Text:textid) = TextDrawGetBoxColor;
openmultiplayer/omp-stdlib	openmultiplayer--omp-stdlib/omp_textdraw.inc	650	native TextDrawGetBackgroundColor(Text:textid);
openmultiplayer/omp-stdlib	openmultiplayer--omp-stdlib/omp_textdraw.inc	655	native TextDrawGetBackgroundColour(Text:textid) = TextDrawGetBackgroundColor;
openmultiplayer/omp-stdlib	openmultiplayer--omp-stdlib/omp_textdraw.inc	660	native TextDrawGetShadow(Text:textid);
openmultiplayer/omp-stdlib	openmultiplayer--omp-stdlib/omp_textdraw.inc	665	native TextDrawGetOutline(Text:textid);
openmultiplayer/omp-stdlib	openmultiplayer--omp-stdlib/omp_textdraw.inc	670	native TEXT_DRAW_FONT:TextDrawGetFont(Text:textid);
openmultiplayer/omp-stdlib	openmultiplayer--omp-stdlib/omp_textdraw.inc	675	native bool:TextDrawIsBox(Text:textid);
openmultiplayer/omp-stdlib	openmultiplayer--omp-stdlib/omp_textdraw.inc	680	native bool:TextDrawIsProportional(Text:textid);
openmultiplayer/omp-stdlib	openmultiplayer--omp-stdlib/omp_textdraw.inc	685	native bool:TextDrawIsSelectable(Text:textid);
openmultiplayer/omp-stdlib	openmultiplayer--omp-stdlib/omp_textdraw.inc	690	native TEXT_DRAW_ALIGN:TextDrawGetAlignment(Text:textid);
openmultiplayer/omp-stdlib	openmultiplayer--omp-stdlib/omp_textdraw.inc	695	native TextDrawGetPreviewModel(Text:textid);
openmultiplayer/omp-stdlib	openmultiplayer--omp-stdlib/omp_textdraw.inc	700	native bool:TextDrawGetPreviewRot(Text:textid, &Float:rotationX, &Float:rotationY, &Float:rotationZ, &Float:zoom);
openmultiplayer/omp-stdlib	openmultiplayer--omp-stdlib/omp_textdraw.inc	710	native bool:TextDrawGetPreviewVehCol(Text:textid, &colour1, &colour2);
openmultiplayer/omp-stdlib	openmultiplayer--omp-stdlib/omp_textdraw.inc	716	native bool:TextDrawGetPreviewVehicleColours(Text:textid, &colour1, &colour2) = TextDrawGetPreviewVehCol;
openmultiplayer/omp-stdlib	openmultiplayer--omp-stdlib/omp_textdraw.inc	726	native bool:TextDrawGetPreviewVehicleColors(Text:textid, &colour1, &colour2) = TextDrawGetPreviewVehCol;
openmultiplayer/omp-stdlib	openmultiplayer--omp-stdlib/omp_textdraw.inc	732	native bool:TextDrawSetStringForPlayer(Text:textid, playerid, const format[], OPEN_MP_TAGS:...);
openmultiplayer/omp-stdlib	openmultiplayer--omp-stdlib/omp_textdraw.inc	735	native # Per-Player();
openmultiplayer/omp-stdlib	openmultiplayer--omp-stdlib/omp_textdraw.inc	736	native           Per-Player(
openmultiplayer/omp-stdlib	openmultiplayer--omp-stdlib/omp_textdraw.inc	737	native      ====================(
openmultiplayer/omp-stdlib	openmultiplayer--omp-stdlib/omp_textdraw.inc	738	native
openmultiplayer/omp-stdlib	openmultiplayer--omp-stdlib/omp_textdraw.inc	790	native PlayerText:CreatePlayerTextDraw(playerid, Float:x, Float:y, const format[], OPEN_MP_TAGS:...);
openmultiplayer/omp-stdlib	openmultiplayer--omp-stdlib/omp_textdraw.inc	813	native bool:PlayerTextDrawDestroy(playerid, PlayerText:textid);
openmultiplayer/omp-stdlib	openmultiplayer--omp-stdlib/omp_textdraw.inc	842	native bool:PlayerTextDrawLetterSize(playerid, PlayerText:textid, Float:width, Float:height);
openmultiplayer/omp-stdlib	openmultiplayer--omp-stdlib/omp_textdraw.inc	888	native bool:PlayerTextDrawTextSize(playerid, PlayerText:textid, Float:width, Float:height);
openmultiplayer/omp-stdlib	openmultiplayer--omp-stdlib/omp_textdraw.inc	914	native bool:PlayerTextDrawAlignment(playerid, PlayerText:textid, TEXT_DRAW_ALIGN:alignment);
openmultiplayer/omp-stdlib	openmultiplayer--omp-stdlib/omp_textdraw.inc	943	native bool:PlayerTextDrawColor(playerid, PlayerText:textid, textColor);
openmultiplayer/omp-stdlib	openmultiplayer--omp-stdlib/omp_textdraw.inc	969	native bool:PlayerTextDrawColour(playerid, PlayerText:textid, textColour) = PlayerTextDrawColor;
openmultiplayer/omp-stdlib	openmultiplayer--omp-stdlib/omp_textdraw.inc	993	native bool:PlayerTextDrawUseBox(playerid, PlayerText:textid, bool:boxEnabled);
openmultiplayer/omp-stdlib	openmultiplayer--omp-stdlib/omp_textdraw.inc	1020	native bool:PlayerTextDrawBoxColor(playerid, PlayerText:textid, boxColor);
openmultiplayer/omp-stdlib	openmultiplayer--omp-stdlib/omp_textdraw.inc	1044	native bool:PlayerTextDrawBoxColour(playerid, PlayerText:textid, boxColour) = PlayerTextDrawBoxColor;
openmultiplayer/omp-stdlib	openmultiplayer--omp-stdlib/omp_textdraw.inc	1068	native bool:PlayerTextDrawSetShadow(playerid, PlayerText:textid, shadowSize);
openmultiplayer/omp-stdlib	openmultiplayer--omp-stdlib/omp_textdraw.inc	1094	native bool:PlayerTextDrawSetOutline(playerid, PlayerText:textid, outlineSize);
openmultiplayer/omp-stdlib	openmultiplayer--omp-stdlib/omp_textdraw.inc	1124	native bool:PlayerTextDrawBackgroundColor(playerid, PlayerText:textid, backgroundColor);
openmultiplayer/omp-stdlib	openmultiplayer--omp-stdlib/omp_textdraw.inc	1151	native bool:PlayerTextDrawBackgroundColour(playerid, PlayerText:textid, backgroundColour) = PlayerTextDrawBackgroundColor;
openmultiplayer/omp-stdlib	openmultiplayer--omp-stdlib/omp_textdraw.inc	1177	native bool:PlayerTextDrawFont(playerid, PlayerText:textid, TEXT_DRAW_FONT:font);
openmultiplayer/omp-stdlib	openmultiplayer--omp-stdlib/omp_textdraw.inc	1203	native bool:PlayerTextDrawSetProportional(playerid, PlayerText:textid, bool:proportional);
openmultiplayer/omp-stdlib	openmultiplayer--omp-stdlib/omp_textdraw.inc	1220	native bool:PlayerTextDrawSetSelectable(playerid, PlayerText:textid, bool:selectable);
openmultiplayer/omp-stdlib	openmultiplayer--omp-stdlib/omp_textdraw.inc	1243	native bool:PlayerTextDrawShow(playerid, PlayerText:textid);
openmultiplayer/omp-stdlib	openmultiplayer--omp-stdlib/omp_textdraw.inc	1266	native bool:PlayerTextDrawHide(playerid, PlayerText:textid);
openmultiplayer/omp-stdlib	openmultiplayer--omp-stdlib/omp_textdraw.inc	1293	native bool:PlayerTextDrawSetString(playerid, PlayerText:textid, const format[], OPEN_MP_TAGS:...);
openmultiplayer/omp-stdlib	openmultiplayer--omp-stdlib/omp_textdraw.inc	1313	native bool:PlayerTextDrawSetPreviewModel(playerid, PlayerText:textid, model);
openmultiplayer/omp-stdlib	openmultiplayer--omp-stdlib/omp_textdraw.inc	1333	native bool:PlayerTextDrawSetPreviewRot(playerid, PlayerText:textid, Float:rotX, Float:rotY, Float:rotZ, Float:zoom = 1.0);
openmultiplayer/omp-stdlib	openmultiplayer--omp-stdlib/omp_textdraw.inc	1356	native bool:PlayerTextDrawSetPreviewVehCol(playerid, PlayerText:textid, colour1, colour2);
openmultiplayer/omp-stdlib	openmultiplayer--omp-stdlib/omp_textdraw.inc	1375	native bool:PlayerTextDrawSetPreviewVehicleColours(playerid, PlayerText:textid, colour1, colour2) = PlayerTextDrawSetPreviewVehCol;
openmultiplayer/omp-stdlib	openmultiplayer--omp-stdlib/omp_textdraw.inc	1398	native bool:PlayerTextDrawSetPreviewVehicleColors(playerid, PlayerText:textid, colour1, colour2) = PlayerTextDrawSetPreviewVehCol;
openmultiplayer/omp-stdlib	openmultiplayer--omp-stdlib/omp_textdraw.inc	1404	native bool:IsValidPlayerTextDraw(playerid, PlayerText:textid);
openmultiplayer/omp-stdlib	openmultiplayer--omp-stdlib/omp_textdraw.inc	1409	native bool:IsPlayerTextDrawVisible(playerid, PlayerText:textid);
openmultiplayer/omp-stdlib	openmultiplayer--omp-stdlib/omp_textdraw.inc	1414	native bool:PlayerTextDrawGetString(playerid, PlayerText:textid, string[], stringSize = sizeof (string));
openmultiplayer/omp-stdlib	openmultiplayer--omp-stdlib/omp_textdraw.inc	1419	native bool:PlayerTextDrawSetPos(playerid, PlayerText:textid, Float:x, Float:y);
openmultiplayer/omp-stdlib	openmultiplayer--omp-stdlib/omp_textdraw.inc	1424	native bool:PlayerTextDrawGetLetterSize(playerid, PlayerText:textid, &Float:width, &Float:height);
openmultiplayer/omp-stdlib	openmultiplayer--omp-stdlib/omp_textdraw.inc	1429	native bool:PlayerTextDrawGetTextSize(playerid, PlayerText:textid, &Float:width, &Float:height);
openmultiplayer/omp-stdlib	openmultiplayer--omp-stdlib/omp_textdraw.inc	1434	native bool:PlayerTextDrawGetPos(playerid, PlayerText:textid, &Float:x, &Float:y);
openmultiplayer/omp-stdlib	openmultiplayer--omp-stdlib/omp_textdraw.inc	1442	native PlayerTextDrawGetColor(playerid, PlayerText:textid);
openmultiplayer/omp-stdlib	openmultiplayer--omp-stdlib/omp_textdraw.inc	1447	native PlayerTextDrawGetColour(playerid, PlayerText:textid) = PlayerTextDrawGetColor;
openmultiplayer/omp-stdlib	openmultiplayer--omp-stdlib/omp_textdraw.inc	1455	native PlayerTextDrawGetBoxColor(playerid, PlayerText:textid);
openmultiplayer/omp-stdlib	openmultiplayer--omp-stdlib/omp_textdraw.inc	1460	native PlayerTextDrawGetBoxColour(playerid, PlayerText:textid) = PlayerTextDrawGetBoxColor;
openmultiplayer/omp-stdlib	openmultiplayer--omp-stdlib/omp_textdraw.inc	1470	native PlayerTextDrawGetBackgroundCol(playerid, PlayerText:textid);
openmultiplayer/omp-stdlib	openmultiplayer--omp-stdlib/omp_textdraw.inc	1476	native PlayerTextDrawGetBackgroundColour(playerid, PlayerText:textid) = PlayerTextDrawGetBackgroundCol;
openmultiplayer/omp-stdlib	openmultiplayer--omp-stdlib/omp_textdraw.inc	1486	native PlayerTextDrawGetBackgroundColor(playerid, PlayerText:textid) = PlayerTextDrawGetBackgroundCol;
openmultiplayer/omp-stdlib	openmultiplayer--omp-stdlib/omp_textdraw.inc	1492	native PlayerTextDrawGetShadow(playerid, PlayerText:textid);
openmultiplayer/omp-stdlib	openmultiplayer--omp-stdlib/omp_textdraw.inc	1497	native PlayerTextDrawGetOutline(playerid, PlayerText:textid);
openmultiplayer/omp-stdlib	openmultiplayer--omp-stdlib/omp_textdraw.inc	1502	native TEXT_DRAW_FONT:PlayerTextDrawGetFont(playerid, PlayerText:textid);
openmultiplayer/omp-stdlib	openmultiplayer--omp-stdlib/omp_textdraw.inc	1507	native bool:PlayerTextDrawIsBox(playerid, PlayerText:textid);
openmultiplayer/omp-stdlib	openmultiplayer--omp-stdlib/omp_textdraw.inc	1512	native bool:PlayerTextDrawIsProportional(playerid, PlayerText:textid);
openmultiplayer/omp-stdlib	openmultiplayer--omp-stdlib/omp_textdraw.inc	1517	native bool:PlayerTextDrawIsSelectable(playerid, PlayerText:textid);
openmultiplayer/omp-stdlib	openmultiplayer--omp-stdlib/omp_textdraw.inc	1522	native TEXT_DRAW_ALIGN:PlayerTextDrawGetAlignment(playerid, PlayerText:textid);
openmultiplayer/omp-stdlib	openmultiplayer--omp-stdlib/omp_textdraw.inc	1527	native PlayerTextDrawGetPreviewModel(playerid, PlayerText:textid);
openmultiplayer/omp-stdlib	openmultiplayer--omp-stdlib/omp_textdraw.inc	1532	native bool:PlayerTextDrawGetPreviewRot(playerid, PlayerText:textid, &Float:rotationX, &Float:rotationY, &Float:rotationZ, &Float:zoom);
openmultiplayer/omp-stdlib	openmultiplayer--omp-stdlib/omp_textdraw.inc	1542	native bool:PlayerTextDrawGetPreviewVehCol(playerid, PlayerText:textid, &colour1, &colour2);
openmultiplayer/omp-stdlib	openmultiplayer--omp-stdlib/omp_textdraw.inc	1548	native bool:PlayerTextDrawGetPreviewVehicleColours(playerid, PlayerText:textid, &colour1, &colour2) = PlayerTextDrawGetPreviewVehCol;
openmultiplayer/omp-stdlib	openmultiplayer--omp-stdlib/omp_textdraw.inc	1558	native bool:PlayerTextDrawGetPreviewVehicleColors(playerid, PlayerText:textid, &colour1, &colour2) = PlayerTextDrawGetPreviewVehCol;
openmultiplayer/omp-stdlib	openmultiplayer--omp-stdlib/omp_textdraw.inc	1562	native # Selection();
openmultiplayer/omp-stdlib	openmultiplayer--omp-stdlib/omp_textdraw.inc	1563	native           Selection(
openmultiplayer/omp-stdlib	openmultiplayer--omp-stdlib/omp_textdraw.inc	1564	native      ====================(
openmultiplayer/omp-stdlib	openmultiplayer--omp-stdlib/omp_textdraw.inc	1565	native
openmultiplayer/omp-stdlib	openmultiplayer--omp-stdlib/omp_textdraw.inc	1583	native bool:SelectTextDraw(playerid, hoverColor);
openmultiplayer/omp-stdlib	openmultiplayer--omp-stdlib/omp_textdraw.inc	1596	native bool:CancelSelectTextDraw(playerid);
openmultiplayer/omp-stdlib	openmultiplayer--omp-stdlib/omp_textdraw.inc	1634	forward OnPlayerClickTextDraw(playerid, Text:clickedid);
openmultiplayer/omp-stdlib	openmultiplayer--omp-stdlib/omp_textdraw.inc	1657	forward OnPlayerClickPlayerTextDraw(playerid, PlayerText:playertextid);
openmultiplayer/omp-stdlib	openmultiplayer--omp-stdlib/omp_vehicle.inc	444	native AddStaticVehicle(modelid, Float:spawnX, Float:spawnY, Float:spawnZ, Float:angle, colour1, colour2);
openmultiplayer/omp-stdlib	openmultiplayer--omp-stdlib/omp_vehicle.inc	476	native AddStaticVehicleEx(modelid, Float:spawnX, Float:spawnY, Float:spawnZ, Float:angle, colour1, colour2, respawnDelay, bool:addSiren = false);
openmultiplayer/omp-stdlib	openmultiplayer--omp-stdlib/omp_vehicle.inc	506	native CreateVehicle(modelid, Float:spawnX, Float:spawnY, Float:spawnZ, Float:angle, colour1, colour2, respawnDelay, bool:addSiren = false);
openmultiplayer/omp-stdlib	openmultiplayer--omp-stdlib/omp_vehicle.inc	520	native bool:DestroyVehicle(vehicleid);
openmultiplayer/omp-stdlib	openmultiplayer--omp-stdlib/omp_vehicle.inc	539	native bool:IsVehicleStreamedIn(vehicleid, playerid);
openmultiplayer/omp-stdlib	openmultiplayer--omp-stdlib/omp_vehicle.inc	556	native bool:GetVehiclePos(vehicleid, &Float:x, &Float:y, &Float:z);
openmultiplayer/omp-stdlib	openmultiplayer--omp-stdlib/omp_vehicle.inc	574	native bool:SetVehiclePos(vehicleid, Float:x, Float:y, Float:z);
openmultiplayer/omp-stdlib	openmultiplayer--omp-stdlib/omp_vehicle.inc	591	native bool:GetVehicleZAngle(vehicleid, &Float:angle);
openmultiplayer/omp-stdlib	openmultiplayer--omp-stdlib/omp_vehicle.inc	614	native bool:GetVehicleRotationQuat(vehicleid, &Float:w, &Float:x, &Float:y, &Float:z);
openmultiplayer/omp-stdlib	openmultiplayer--omp-stdlib/omp_vehicle.inc	628	native Float:GetVehicleDistanceFromPoint(vehicleid, Float:x, Float:y, Float:z);
openmultiplayer/omp-stdlib	openmultiplayer--omp-stdlib/omp_vehicle.inc	645	native bool:SetVehicleZAngle(vehicleid, Float:angle);
openmultiplayer/omp-stdlib	openmultiplayer--omp-stdlib/omp_vehicle.inc	667	native bool:SetVehicleParamsForPlayer(vehicleid, playerid, objective = -1, doors = -1);
openmultiplayer/omp-stdlib	openmultiplayer--omp-stdlib/omp_vehicle.inc	682	native void:ManualVehicleEngineAndLights();
openmultiplayer/omp-stdlib	openmultiplayer--omp-stdlib/omp_vehicle.inc	709	native bool:SetVehicleParamsEx(vehicleid, engine = -1, lights = -1, alarm = -1, doors = -1, bonnet = -1, boot = -1, objective = -1);
openmultiplayer/omp-stdlib	openmultiplayer--omp-stdlib/omp_vehicle.inc	726	native bool:GetVehicleParamsEx(vehicleid, &engine = -1, &lights = -1, &alarm = -1, &doors = -1, &bonnet = -1, &boot = -1, &objective = -1);
openmultiplayer/omp-stdlib	openmultiplayer--omp-stdlib/omp_vehicle.inc	731	native bool:SetVehicleParamsSirenState(vehicleid, bool:enabled);
openmultiplayer/omp-stdlib	openmultiplayer--omp-stdlib/omp_vehicle.inc	740	native GetVehicleParamsSirenState(vehicleid);
openmultiplayer/omp-stdlib	openmultiplayer--omp-stdlib/omp_vehicle.inc	759	native bool:SetVehicleParamsCarDoors(vehicleid, frontLeft = -1, frontRight = -1, rearLeft = -1, rearRight = -1);
openmultiplayer/omp-stdlib	openmultiplayer--omp-stdlib/omp_vehicle.inc	775	native bool:GetVehicleParamsCarDoors(vehicleid, &frontLeft = -1, &frontRight = -1, &rearLeft = -1, &rearRight = -1);
openmultiplayer/omp-stdlib	openmultiplayer--omp-stdlib/omp_vehicle.inc	793	native bool:SetVehicleParamsCarWindows(vehicleid, frontLeft = -1, frontRight = -1, rearLeft = -1, rearRight = -1);
openmultiplayer/omp-stdlib	openmultiplayer--omp-stdlib/omp_vehicle.inc	810	native bool:GetVehicleParamsCarWindows(vehicleid, &frontLeft = -1, &frontRight = -1, &rearLeft = -1, &rearRight = -1);
openmultiplayer/omp-stdlib	openmultiplayer--omp-stdlib/omp_vehicle.inc	823	native bool:SetVehicleToRespawn(vehicleid);
openmultiplayer/omp-stdlib	openmultiplayer--omp-stdlib/omp_vehicle.inc	839	native bool:LinkVehicleToInterior(vehicleid, interiorid);
openmultiplayer/omp-stdlib	openmultiplayer--omp-stdlib/omp_vehicle.inc	863	native bool:AddVehicleComponent(vehicleid, component);
openmultiplayer/omp-stdlib	openmultiplayer--omp-stdlib/omp_vehicle.inc	877	native bool:RemoveVehicleComponent(vehicleid, component);
openmultiplayer/omp-stdlib	openmultiplayer--omp-stdlib/omp_vehicle.inc	891	native bool:VehicleCanHaveComponent(modelid, componentid);
openmultiplayer/omp-stdlib	openmultiplayer--omp-stdlib/omp_vehicle.inc	901	native GetVehicleSeats(vehicleid);
openmultiplayer/omp-stdlib	openmultiplayer--omp-stdlib/omp_vehicle.inc	911	native GetVehicleMaxPassengers(vehicleid) = GetVehicleSeats;
openmultiplayer/omp-stdlib	openmultiplayer--omp-stdlib/omp_vehicle.inc	934	native bool:ChangeVehicleColor(vehicleid, color1, color2);
openmultiplayer/omp-stdlib	openmultiplayer--omp-stdlib/omp_vehicle.inc	954	native bool:ChangeVehicleColours(vehicleid, colour1, colour2) = ChangeVehicleColor;
openmultiplayer/omp-stdlib	openmultiplayer--omp-stdlib/omp_vehicle.inc	971	native bool:ChangeVehiclePaintjob(vehicleid, paintjob);
openmultiplayer/omp-stdlib	openmultiplayer--omp-stdlib/omp_vehicle.inc	1000	native bool:SetVehicleHealth(vehicleid, Float:health);
openmultiplayer/omp-stdlib	openmultiplayer--omp-stdlib/omp_vehicle.inc	1027	native bool:GetVehicleHealth(vehicleid, &Float:health);
openmultiplayer/omp-stdlib	openmultiplayer--omp-stdlib/omp_vehicle.inc	1042	native bool:AttachTrailerToVehicle(trailerid, vehicleid);
openmultiplayer/omp-stdlib	openmultiplayer--omp-stdlib/omp_vehicle.inc	1052	native bool:DetachTrailerFromVehicle(vehicleid);
openmultiplayer/omp-stdlib	openmultiplayer--omp-stdlib/omp_vehicle.inc	1064	native bool:IsTrailerAttachedToVehicle(vehicleid);
openmultiplayer/omp-stdlib	openmultiplayer--omp-stdlib/omp_vehicle.inc	1075	native GetVehicleTrailer(vehicleid);
openmultiplayer/omp-stdlib	openmultiplayer--omp-stdlib/omp_vehicle.inc	1103	native bool:SetVehicleNumberPlate(vehicleid, const numberPlate[]);
openmultiplayer/omp-stdlib	openmultiplayer--omp-stdlib/omp_vehicle.inc	1116	native GetVehicleModel(vehicleid);
openmultiplayer/omp-stdlib	openmultiplayer--omp-stdlib/omp_vehicle.inc	1165	native GetVehicleComponentInSlot(vehicleid, CARMODTYPE:slot);
openmultiplayer/omp-stdlib	openmultiplayer--omp-stdlib/omp_vehicle.inc	1179	native CARMODTYPE:GetVehicleComponentType(component);
openmultiplayer/omp-stdlib	openmultiplayer--omp-stdlib/omp_vehicle.inc	1187	native bool:GetRandomCarColPair(modelid, &colour1, &colour2, &colour3 = 0, &colour4 = 0);
openmultiplayer/omp-stdlib	openmultiplayer--omp-stdlib/omp_vehicle.inc	1195	native bool:GetRandomVehicleColourPair(modelid, &colour1, &colour2, &colour3 = 0, &colour4 = 0) = GetRandomCarColPair;
openmultiplayer/omp-stdlib	openmultiplayer--omp-stdlib/omp_vehicle.inc	1206	native bool:GetRandomVehicleColorPair(modelid, &color1, &color2, &color3 = 0, &color4 = 0) = GetRandomCarColPair;
openmultiplayer/omp-stdlib	openmultiplayer--omp-stdlib/omp_vehicle.inc	1215	native CarColIndexToColour(index, alpha = 0xFF);
openmultiplayer/omp-stdlib	openmultiplayer--omp-stdlib/omp_vehicle.inc	1223	native VehicleColourIndexToColour(index, alpha = 0xFF) = CarColIndexToColour;
openmultiplayer/omp-stdlib	openmultiplayer--omp-stdlib/omp_vehicle.inc	1237	native bool:RepairVehicle(vehicleid);
openmultiplayer/omp-stdlib	openmultiplayer--omp-stdlib/omp_vehicle.inc	1257	native bool:GetVehicleVelocity(vehicleid, &Float:x, &Float:y, &Float:z);
openmultiplayer/omp-stdlib	openmultiplayer--omp-stdlib/omp_vehicle.inc	1272	native bool:SetVehicleVelocity(vehicleid, Float:x, Float:y, Float:z);
openmultiplayer/omp-stdlib	openmultiplayer--omp-stdlib/omp_vehicle.inc	1289	native bool:SetVehicleAngularVelocity(vehicleid, Float:x, Float:y, Float:z);
openmultiplayer/omp-stdlib	openmultiplayer--omp-stdlib/omp_vehicle.inc	1341	native bool:GetVehicleDamageStatus(vehicleid, &VEHICLE_PANEL_STATUS:panels, &VEHICLE_DOOR_STATUS:doors, &VEHICLE_LIGHT_STATUS:lights, &VEHICLE_TYRE_STATUS:tyres);
openmultiplayer/omp-stdlib	openmultiplayer--omp-stdlib/omp_vehicle.inc	1390	native bool:UpdateVehicleDamageStatus(vehicleid, VEHICLE_PANEL_STATUS:panels, VEHICLE_DOOR_STATUS:doors, VEHICLE_LIGHT_STATUS:lights, VEHICLE_TYRE_STATUS:tires);
openmultiplayer/omp-stdlib	openmultiplayer--omp-stdlib/omp_vehicle.inc	1418	native bool:GetVehicleModelInfo(vehiclemodel, VEHICLE_MODEL_INFO:infotype, &Float:x, &Float:y, &Float:z);
openmultiplayer/omp-stdlib	openmultiplayer--omp-stdlib/omp_vehicle.inc	1429	native bool:SetVehicleVirtualWorld(vehicleid, virtualWorld);
openmultiplayer/omp-stdlib	openmultiplayer--omp-stdlib/omp_vehicle.inc	1439	native GetVehicleVirtualWorld(vehicleid);
openmultiplayer/omp-stdlib	openmultiplayer--omp-stdlib/omp_vehicle.inc	1444	native bool:GetVehicleSirenState(vehicleid);
openmultiplayer/omp-stdlib	openmultiplayer--omp-stdlib/omp_vehicle.inc	1449	native LANDING_GEAR_STATE:GetVehicleLandingGearState(vehicleid);
openmultiplayer/omp-stdlib	openmultiplayer--omp-stdlib/omp_vehicle.inc	1454	native GetVehicleHydraReactorAngle(vehicleid);
openmultiplayer/omp-stdlib	openmultiplayer--omp-stdlib/omp_vehicle.inc	1459	native Float:GetVehicleTrainSpeed(vehicleid);
openmultiplayer/omp-stdlib	openmultiplayer--omp-stdlib/omp_vehicle.inc	1469	native bool:IsValidVehicle(vehicleid);
openmultiplayer/omp-stdlib	openmultiplayer--omp-stdlib/omp_vehicle.inc	1474	native bool:GetVehicleSpawnInfo(vehicleid, &Float:spawnX, &Float:spawnY, &Float:spawnZ, &Float:angle, &colour1 = 0, &colour2 = 0);
openmultiplayer/omp-stdlib	openmultiplayer--omp-stdlib/omp_vehicle.inc	1479	native bool:SetVehicleSpawnInfo(vehicleid, modelid, Float:spawnX, Float:spawnY, Float:spawnZ, Float:angle, colour1, colour2, respawnDelay = -2, interior = -2);
openmultiplayer/omp-stdlib	openmultiplayer--omp-stdlib/omp_vehicle.inc	1487	native bool:GetVehicleColor(vehicleid, &color1, &color2);
openmultiplayer/omp-stdlib	openmultiplayer--omp-stdlib/omp_vehicle.inc	1492	native bool:GetVehicleColours(vehicleid, &colour1, &colour2) = GetVehicleColor;
openmultiplayer/omp-stdlib	openmultiplayer--omp-stdlib/omp_vehicle.inc	1497	native GetVehiclePaintjob(vehicleid);
openmultiplayer/omp-stdlib	openmultiplayer--omp-stdlib/omp_vehicle.inc	1502	native GetVehicleInterior(vehicleid);
openmultiplayer/omp-stdlib	openmultiplayer--omp-stdlib/omp_vehicle.inc	1507	native bool:GetVehicleNumberPlate(vehicleid, plate[], len = sizeof (plate));
openmultiplayer/omp-stdlib	openmultiplayer--omp-stdlib/omp_vehicle.inc	1512	native bool:SetVehicleRespawnDelay(vehicleid, respawnDelay);
openmultiplayer/omp-stdlib	openmultiplayer--omp-stdlib/omp_vehicle.inc	1517	native GetVehicleRespawnDelay(vehicleid);
openmultiplayer/omp-stdlib	openmultiplayer--omp-stdlib/omp_vehicle.inc	1522	native GetVehicleOccupiedTick(vehicleid);
openmultiplayer/omp-stdlib	openmultiplayer--omp-stdlib/omp_vehicle.inc	1527	native GetVehicleRespawnTick(vehicleid);
openmultiplayer/omp-stdlib	openmultiplayer--omp-stdlib/omp_vehicle.inc	1532	native GetVehicleLastDriver(vehicleid);
openmultiplayer/omp-stdlib	openmultiplayer--omp-stdlib/omp_vehicle.inc	1537	native GetVehicleDriver(vehicleid);
openmultiplayer/omp-stdlib	openmultiplayer--omp-stdlib/omp_vehicle.inc	1542	native bool:IsPlayerInModShop(playerid);
openmultiplayer/omp-stdlib	openmultiplayer--omp-stdlib/omp_vehicle.inc	1547	native bool:GetPlayerSirenState(playerid);
openmultiplayer/omp-stdlib	openmultiplayer--omp-stdlib/omp_vehicle.inc	1552	native LANDING_GEAR_STATE:GetPlayerLandingGearState(playerid);
openmultiplayer/omp-stdlib	openmultiplayer--omp-stdlib/omp_vehicle.inc	1557	native GetPlayerHydraReactorAngle(playerid);
openmultiplayer/omp-stdlib	openmultiplayer--omp-stdlib/omp_vehicle.inc	1562	native Float:GetPlayerTrainSpeed(playerid);
openmultiplayer/omp-stdlib	openmultiplayer--omp-stdlib/omp_vehicle.inc	1567	native GetVehicleCab(vehicleid);
openmultiplayer/omp-stdlib	openmultiplayer--omp-stdlib/omp_vehicle.inc	1572	native bool:HasVehicleBeenOccupied(vehicleid);
openmultiplayer/omp-stdlib	openmultiplayer--omp-stdlib/omp_vehicle.inc	1577	native bool:IsVehicleOccupied(vehicleid);
openmultiplayer/omp-stdlib	openmultiplayer--omp-stdlib/omp_vehicle.inc	1582	native bool:IsVehicleDead(vehicleid);
openmultiplayer/omp-stdlib	openmultiplayer--omp-stdlib/omp_vehicle.inc	1587	native bool:ToggleVehicleSirenEnabled(vehicleid, bool:enabled);
openmultiplayer/omp-stdlib	openmultiplayer--omp-stdlib/omp_vehicle.inc	1593	native bool:IsVehicleSirenEnabled(vehicleid);
openmultiplayer/omp-stdlib	openmultiplayer--omp-stdlib/omp_vehicle.inc	1614	native bool:GetVehicleMatrix(vehicleid, &Float:rightX, &Float:rightY, &Float:rightZ, &Float:upX, &Float:upY, &Float:upZ, &Float:atX, &Float:atY, &Float:atZ);
openmultiplayer/omp-stdlib	openmultiplayer--omp-stdlib/omp_vehicle.inc	1636	native bool:GetVehicleRotation(vehicleid, &Float:x, &Float:y, &Float:z);
openmultiplayer/omp-stdlib	openmultiplayer--omp-stdlib/omp_vehicle.inc	1641	native GetVehicleModelCount(modelid);
openmultiplayer/omp-stdlib	openmultiplayer--omp-stdlib/omp_vehicle.inc	1646	native GetVehicleModelsUsed();
openmultiplayer/omp-stdlib	openmultiplayer--omp-stdlib/omp_vehicle.inc	1654	native void:EnableVehicleFriendlyFire();
openmultiplayer/omp-stdlib	openmultiplayer--omp-stdlib/omp_vehicle.inc	1665	native GetVehicles(vehicles[], size = sizeof (vehicles));
openmultiplayer/omp-stdlib	openmultiplayer--omp-stdlib/omp_vehicle.inc	1678	native GetVehicleOccupant(vehicleid, seatid);
openmultiplayer/omp-stdlib	openmultiplayer--omp-stdlib/omp_vehicle.inc	1689	native CountVehicleOccupants(vehicleid);
openmultiplayer/omp-stdlib	openmultiplayer--omp-stdlib/omp_vehicle.inc	1692	native # Deprecated();
openmultiplayer/omp-stdlib	openmultiplayer--omp-stdlib/omp_vehicle.inc	1693	native           Deprecated(
openmultiplayer/omp-stdlib	openmultiplayer--omp-stdlib/omp_vehicle.inc	1694	native      ====================(
openmultiplayer/omp-stdlib	openmultiplayer--omp-stdlib/omp_vehicle.inc	1695	native
openmultiplayer/omp-stdlib	openmultiplayer--omp-stdlib/omp_vehicle.inc	1705	native GetVehicleTower(vehicleid);
openmultiplayer/omp-stdlib	openmultiplayer--omp-stdlib/omp_vehicle.inc	1742	forward OnTrailerUpdate(playerid, vehicleid);
openmultiplayer/omp-stdlib	openmultiplayer--omp-stdlib/omp_vehicle.inc	1760	forward OnVehicleSirenStateChange(playerid, vehicleid, newstate);
openmultiplayer/omp-stdlib	openmultiplayer--omp-stdlib/omp_vehicle.inc	1775	forward OnVehicleStreamIn(vehicleid, forplayerid);
openmultiplayer/omp-stdlib	openmultiplayer--omp-stdlib/omp_vehicle.inc	1791	forward OnVehicleStreamOut(vehicleid, forplayerid);
openmultiplayer/omp-stdlib	openmultiplayer--omp-stdlib/omp_vehicle.inc	1812	forward OnPlayerEnterVehicle(playerid, vehicleid, ispassenger);
openmultiplayer/omp-stdlib	openmultiplayer--omp-stdlib/omp_vehicle.inc	1832	forward OnPlayerExitVehicle(playerid, vehicleid);
openmultiplayer/omp-stdlib	openmultiplayer--omp-stdlib/omp_vehicle.inc	1847	forward OnVehicleSpawn(vehicleid);
openmultiplayer/omp-stdlib	openmultiplayer--omp-stdlib/omp_vehicle.inc	1866	forward OnVehicleDeath(vehicleid, killerid);
openmultiplayer/omp-stdlib	openmultiplayer--omp-stdlib/omp_vehicle.inc	1885	forward OnVehicleMod(playerid, vehicleid, componentid);
openmultiplayer/omp-stdlib	openmultiplayer--omp-stdlib/omp_vehicle.inc	1902	forward OnEnterExitModShop(playerid, enterexit, interiorid);
openmultiplayer/omp-stdlib	openmultiplayer--omp-stdlib/omp_vehicle.inc	1922	forward OnVehiclePaintjob(playerid, vehicleid, paintjobid);
openmultiplayer/omp-stdlib	openmultiplayer--omp-stdlib/omp_vehicle.inc	1946	forward OnVehicleRespray(playerid, vehicleid, color1, color2);
openmultiplayer/omp-stdlib	openmultiplayer--omp-stdlib/omp_vehicle.inc	1963	forward OnVehicleDamageStatusUpdate(vehicleid, playerid);
openmultiplayer/omp-stdlib	openmultiplayer--omp-stdlib/omp_vehicle.inc	1992	forward OnUnoccupiedVehicleUpdate(vehicleid, playerid, passenger_seat, Float:new_x, Float:new_y, Float:new_z, Float:vel_x, Float:vel_y, Float:vel_z);
openmultiplayer/omp-stdlib	openmultiplayer--omp-stdlib/omp_core.inc	259	native # Pawn Utilities();
openmultiplayer/omp-stdlib	openmultiplayer--omp-stdlib/omp_core.inc	260	native         Pawn Utilities(
openmultiplayer/omp-stdlib	openmultiplayer--omp-stdlib/omp_core.inc	261	native      ====================(
openmultiplayer/omp-stdlib	openmultiplayer--omp-stdlib/omp_core.inc	262	native
openmultiplayer/omp-stdlib	openmultiplayer--omp-stdlib/omp_core.inc	279	native print(const string[]);
openmultiplayer/omp-stdlib	openmultiplayer--omp-stdlib/omp_core.inc	288	native Print(const string[]) = print;
openmultiplayer/omp-stdlib	openmultiplayer--omp-stdlib/omp_core.inc	323	native __printf(const format[], OPEN_MP_TAGS:...) = printf;
openmultiplayer/omp-stdlib	openmultiplayer--omp-stdlib/omp_core.inc	360	native PrintF(const format[], OPEN_MP_TAGS:...) = printf;
openmultiplayer/omp-stdlib	openmultiplayer--omp-stdlib/omp_core.inc	399	native format(output[], len = sizeof (output), const format[], {Float, _}:...);
openmultiplayer/omp-stdlib	openmultiplayer--omp-stdlib/omp_core.inc	434	native Format(output[], len = sizeof (output), const format[], {Float, _}:...) = format;
openmultiplayer/omp-stdlib	openmultiplayer--omp-stdlib/omp_core.inc	451	native SetTimer(const functionName[], interval, bool:repeating);
openmultiplayer/omp-stdlib	openmultiplayer--omp-stdlib/omp_core.inc	487	native SetTimerEx(const functionName[], interval, bool:repeating, const specifiers[] = "", OPEN_MP_TAGS:...);
openmultiplayer/omp-stdlib	openmultiplayer--omp-stdlib/omp_core.inc	498	native bool:KillTimer(timerid);
openmultiplayer/omp-stdlib	openmultiplayer--omp-stdlib/omp_core.inc	503	native bool:IsValidTimer(timerid);
openmultiplayer/omp-stdlib	openmultiplayer--omp-stdlib/omp_core.inc	508	native bool:IsRepeatingTimer(timerid);
openmultiplayer/omp-stdlib	openmultiplayer--omp-stdlib/omp_core.inc	513	native GetTimerRemaining(timerid);
openmultiplayer/omp-stdlib	openmultiplayer--omp-stdlib/omp_core.inc	518	native GetTimerInterval(timerid);
openmultiplayer/omp-stdlib	openmultiplayer--omp-stdlib/omp_core.inc	523	native CountRunningTimers();
openmultiplayer/omp-stdlib	openmultiplayer--omp-stdlib/omp_core.inc	546	native CallRemoteFunction(const functionName[], const specifiers[] = "", OPEN_MP_TAGS:...);
openmultiplayer/omp-stdlib	openmultiplayer--omp-stdlib/omp_core.inc	569	native CallLocalFunction(const functionName[], const specifiers[] = "", OPEN_MP_TAGS:...);
openmultiplayer/omp-stdlib	openmultiplayer--omp-stdlib/omp_core.inc	581	native bool:GameTextForAll(const format[], time, style, OPEN_MP_TAGS:...);
openmultiplayer/omp-stdlib	openmultiplayer--omp-stdlib/omp_core.inc	594	native bool:GameTextForAllf(const format[], time, style, OPEN_MP_TAGS:...) = GameTextForAll;
openmultiplayer/omp-stdlib	openmultiplayer--omp-stdlib/omp_core.inc	605	native bool:HideGameTextForAll(style);
openmultiplayer/omp-stdlib	openmultiplayer--omp-stdlib/omp_core.inc	619	native bool:SendClientMessageToAll(colour, const format[], OPEN_MP_TAGS:...);
openmultiplayer/omp-stdlib	openmultiplayer--omp-stdlib/omp_core.inc	634	native bool:SendClientMessageToAllf(colour, const format[], OPEN_MP_TAGS:...) = SendClientMessageToAll;
openmultiplayer/omp-stdlib	openmultiplayer--omp-stdlib/omp_core.inc	648	native bool:SendPlayerMessageToAll(senderid, const format[], OPEN_MP_TAGS:...);
openmultiplayer/omp-stdlib	openmultiplayer--omp-stdlib/omp_core.inc	663	native bool:SendPlayerMessageToAllf(senderid, const format[], OPEN_MP_TAGS:...) = SendPlayerMessageToAll;
openmultiplayer/omp-stdlib	openmultiplayer--omp-stdlib/omp_core.inc	684	native bool:SendDeathMessage(killer, killee, weapon);
openmultiplayer/omp-stdlib	openmultiplayer--omp-stdlib/omp_core.inc	700	native GetWeaponName(WEAPON:weaponid, weapon[], len = sizeof (weapon));
openmultiplayer/omp-stdlib	openmultiplayer--omp-stdlib/omp_core.inc	705	native bool:IsValidNickName(const name[]);
openmultiplayer/omp-stdlib	openmultiplayer--omp-stdlib/omp_core.inc	710	native WEAPON_SLOT:GetWeaponSlot(WEAPON:weaponid);
openmultiplayer/omp-stdlib	openmultiplayer--omp-stdlib/omp_core.inc	723	native GetAnimationName(index, animationLibrary[], len1 = sizeof (animationLibrary), animationName[], len2 = sizeof (animationName));
openmultiplayer/omp-stdlib	openmultiplayer--omp-stdlib/omp_core.inc	739	native bool:CreateExplosion(Float:x, Float:y, Float:z, type, Float:radius);
openmultiplayer/omp-stdlib	openmultiplayer--omp-stdlib/omp_core.inc	742	native # Maths();
openmultiplayer/omp-stdlib	openmultiplayer--omp-stdlib/omp_core.inc	743	native             Maths(
openmultiplayer/omp-stdlib	openmultiplayer--omp-stdlib/omp_core.inc	744	native      ====================(
openmultiplayer/omp-stdlib	openmultiplayer--omp-stdlib/omp_core.inc	745	native
openmultiplayer/omp-stdlib	openmultiplayer--omp-stdlib/omp_core.inc	759	native Float:VectorSize(Float:x, Float:y, Float:z);
openmultiplayer/omp-stdlib	openmultiplayer--omp-stdlib/omp_core.inc	768	native Float:asin(Float:value);
openmultiplayer/omp-stdlib	openmultiplayer--omp-stdlib/omp_core.inc	777	native Float:ASin(Float:value) = asin;
openmultiplayer/omp-stdlib	openmultiplayer--omp-stdlib/omp_core.inc	786	native Float:acos(Float:value);
openmultiplayer/omp-stdlib	openmultiplayer--omp-stdlib/omp_core.inc	795	native Float:ACos(Float:value) = acos;
openmultiplayer/omp-stdlib	openmultiplayer--omp-stdlib/omp_core.inc	805	native Float:atan(Float:value);
openmultiplayer/omp-stdlib	openmultiplayer--omp-stdlib/omp_core.inc	815	native Float:ATan(Float:value) = atan;
openmultiplayer/omp-stdlib	openmultiplayer--omp-stdlib/omp_core.inc	826	native Float:atan2(Float:y, Float:x);
openmultiplayer/omp-stdlib	openmultiplayer--omp-stdlib/omp_core.inc	837	native Float:ATan2(Float:y, Float:x) = atan2;
openmultiplayer/omp-stdlib	openmultiplayer--omp-stdlib/omp_core.inc	840	native # Server Config();
openmultiplayer/omp-stdlib	openmultiplayer--omp-stdlib/omp_core.inc	841	native         Server Config(
openmultiplayer/omp-stdlib	openmultiplayer--omp-stdlib/omp_core.inc	842	native      ====================(
openmultiplayer/omp-stdlib	openmultiplayer--omp-stdlib/omp_core.inc	843	native
openmultiplayer/omp-stdlib	openmultiplayer--omp-stdlib/omp_core.inc	858	native GetTickCount();
openmultiplayer/omp-stdlib	openmultiplayer--omp-stdlib/omp_core.inc	866	native GetServerTickRate();
openmultiplayer/omp-stdlib	openmultiplayer--omp-stdlib/omp_core.inc	879	native GetMaxPlayers();
openmultiplayer/omp-stdlib	openmultiplayer--omp-stdlib/omp_core.inc	885	native bool:SetModeRestartTime(Float:seconds);
openmultiplayer/omp-stdlib	openmultiplayer--omp-stdlib/omp_core.inc	891	native Float:GetModeRestartTime();
openmultiplayer/omp-stdlib	openmultiplayer--omp-stdlib/omp_core.inc	898	native void:GameModeExit();
openmultiplayer/omp-stdlib	openmultiplayer--omp-stdlib/omp_core.inc	919	native GetConsoleVarAsString(const cvar[], buffer[], len = sizeof (buffer));
openmultiplayer/omp-stdlib	openmultiplayer--omp-stdlib/omp_core.inc	933	native GetConsoleVarAsInt(const cvar[]);
openmultiplayer/omp-stdlib	openmultiplayer--omp-stdlib/omp_core.inc	947	native Float:GetConsoleVarAsFloat(const cvar[]);
openmultiplayer/omp-stdlib	openmultiplayer--omp-stdlib/omp_core.inc	960	native bool:GetConsoleVarAsBool(const cvar[]);
openmultiplayer/omp-stdlib	openmultiplayer--omp-stdlib/omp_core.inc	965	native void:AllowNickNameCharacter(character, bool:allow);
openmultiplayer/omp-stdlib	openmultiplayer--omp-stdlib/omp_core.inc	970	native bool:IsNickNameCharacterAllowed(character);
openmultiplayer/omp-stdlib	openmultiplayer--omp-stdlib/omp_core.inc	975	native bool:AddServerRule(const rule[], const format[], OPEN_MP_TAGS:...);
openmultiplayer/omp-stdlib	openmultiplayer--omp-stdlib/omp_core.inc	980	native bool:SetServerRule(const rule[], const format[], OPEN_MP_TAGS:...);
openmultiplayer/omp-stdlib	openmultiplayer--omp-stdlib/omp_core.inc	985	native bool:RemoveServerRule(const rule[]);
openmultiplayer/omp-stdlib	openmultiplayer--omp-stdlib/omp_core.inc	990	native bool:IsValidServerRule(const rule[]);
openmultiplayer/omp-stdlib	openmultiplayer--omp-stdlib/omp_core.inc	993	native # Client Config();
openmultiplayer/omp-stdlib	openmultiplayer--omp-stdlib/omp_core.inc	994	native         Client Config(
openmultiplayer/omp-stdlib	openmultiplayer--omp-stdlib/omp_core.inc	995	native      ====================(
openmultiplayer/omp-stdlib	openmultiplayer--omp-stdlib/omp_core.inc	996	native
openmultiplayer/omp-stdlib	openmultiplayer--omp-stdlib/omp_core.inc	1010	native void:DisableInteriorEnterExits();
openmultiplayer/omp-stdlib	openmultiplayer--omp-stdlib/omp_core.inc	1019	native void:DisableNameTagLOS();
openmultiplayer/omp-stdlib	openmultiplayer--omp-stdlib/omp_core.inc	1032	native bool:LimitGlobalChatRadius(Float:chatRadius);
openmultiplayer/omp-stdlib	openmultiplayer--omp-stdlib/omp_core.inc	1042	native bool:LimitPlayerMarkerRadius(Float:markerRadius);
openmultiplayer/omp-stdlib	openmultiplayer--omp-stdlib/omp_core.inc	1049	native bool:SetGameModeText(const format[], OPEN_MP_TAGS:...);
openmultiplayer/omp-stdlib	openmultiplayer--omp-stdlib/omp_core.inc	1062	native void:SetGravity(Float:gravity);
openmultiplayer/omp-stdlib	openmultiplayer--omp-stdlib/omp_core.inc	1070	native Float:GetGravity();
openmultiplayer/omp-stdlib	openmultiplayer--omp-stdlib/omp_core.inc	1081	native void:SetNameTagDrawDistance(Float:distance);
openmultiplayer/omp-stdlib	openmultiplayer--omp-stdlib/omp_core.inc	1092	native void:SetWeather(weatherid);
openmultiplayer/omp-stdlib	openmultiplayer--omp-stdlib/omp_core.inc	1105	native void:SetWorldTime(hour);
openmultiplayer/omp-stdlib	openmultiplayer--omp-stdlib/omp_core.inc	1117	native void:ShowNameTags(bool:show);
openmultiplayer/omp-stdlib	openmultiplayer--omp-stdlib/omp_core.inc	1140	native void:ShowPlayerMarkers(PLAYER_MARKERS_MODE:mode);
openmultiplayer/omp-stdlib	openmultiplayer--omp-stdlib/omp_core.inc	1152	native void:UsePlayerPedAnims();
openmultiplayer/omp-stdlib	openmultiplayer--omp-stdlib/omp_core.inc	1160	native GetWeather();
openmultiplayer/omp-stdlib	openmultiplayer--omp-stdlib/omp_core.inc	1168	native GetWorldTime();
openmultiplayer/omp-stdlib	openmultiplayer--omp-stdlib/omp_core.inc	1173	native void:ToggleChatTextReplacement(bool:enable);
openmultiplayer/omp-stdlib	openmultiplayer--omp-stdlib/omp_core.inc	1178	native bool:ChatTextReplacementToggled();
openmultiplayer/omp-stdlib	openmultiplayer--omp-stdlib/omp_core.inc	1187	native void:EnableStuntBonusForAll(bool:enable);
openmultiplayer/omp-stdlib	openmultiplayer--omp-stdlib/omp_core.inc	1197	native void:AllowAdminTeleport(bool:allow);
openmultiplayer/omp-stdlib	openmultiplayer--omp-stdlib/omp_core.inc	1205	native bool:IsAdminTeleportAllowed();
openmultiplayer/omp-stdlib	openmultiplayer--omp-stdlib/omp_core.inc	1216	native void:AllowInteriorWeapons(bool:allow);
openmultiplayer/omp-stdlib	openmultiplayer--omp-stdlib/omp_core.inc	1223	native bool:AreInteriorWeaponsAllowed();
openmultiplayer/omp-stdlib	openmultiplayer--omp-stdlib/omp_core.inc	1230	native void:EnableAllAnimations(bool:enable);
openmultiplayer/omp-stdlib	openmultiplayer--omp-stdlib/omp_core.inc	1237	native bool:AreAllAnimationsEnabled();
openmultiplayer/omp-stdlib	openmultiplayer--omp-stdlib/omp_core.inc	1246	native void:EnableZoneNames(bool:enable);
openmultiplayer/omp-stdlib	openmultiplayer--omp-stdlib/omp_core.inc	1249	native # NPCs();
openmultiplayer/omp-stdlib	openmultiplayer--omp-stdlib/omp_core.inc	1250	native              NPCs(
openmultiplayer/omp-stdlib	openmultiplayer--omp-stdlib/omp_core.inc	1251	native      ====================(
openmultiplayer/omp-stdlib	openmultiplayer--omp-stdlib/omp_core.inc	1252	native
openmultiplayer/omp-stdlib	openmultiplayer--omp-stdlib/omp_core.inc	1268	native ConnectNPC(const name[], const script[]);
openmultiplayer/omp-stdlib	openmultiplayer--omp-stdlib/omp_core.inc	1271	native # Deprecated();
openmultiplayer/omp-stdlib	openmultiplayer--omp-stdlib/omp_core.inc	1272	native           Deprecated(
openmultiplayer/omp-stdlib	openmultiplayer--omp-stdlib/omp_core.inc	1273	native      ====================(
openmultiplayer/omp-stdlib	openmultiplayer--omp-stdlib/omp_core.inc	1274	native
openmultiplayer/omp-stdlib	openmultiplayer--omp-stdlib/omp_core.inc	1279	native GetPlayerPoolSize();
openmultiplayer/omp-stdlib	openmultiplayer--omp-stdlib/omp_core.inc	1283	native GetVehiclePoolSize();
openmultiplayer/omp-stdlib	openmultiplayer--omp-stdlib/omp_core.inc	1287	native GetActorPoolSize();
openmultiplayer/omp-stdlib	openmultiplayer--omp-stdlib/omp_core.inc	1298	forward void:EnableTirePopping(bool:enable);
openmultiplayer/omp-stdlib	openmultiplayer--omp-stdlib/omp_core.inc	1320	native GetServerVarAsString(const cvar[], buffer[], len = sizeof (buffer)) = GetConsoleVarAsString;
openmultiplayer/omp-stdlib	openmultiplayer--omp-stdlib/omp_core.inc	1335	native GetServerVarAsInt(const cvar[]) = GetConsoleVarAsInt;
openmultiplayer/omp-stdlib	openmultiplayer--omp-stdlib/omp_core.inc	1350	native Float:GetServerVarAsFloat(const cvar[]) = GetConsoleVarAsFloat;
openmultiplayer/omp-stdlib	openmultiplayer--omp-stdlib/omp_core.inc	1365	native bool:GetServerVarAsBool(const cvar[]) = GetConsoleVarAsBool;
openmultiplayer/omp-stdlib	openmultiplayer--omp-stdlib/omp_core.inc	1375	forward void:SetDeathDropAmount(amount);
openmultiplayer/omp-stdlib	openmultiplayer--omp-stdlib/omp_core.inc	1392	native SHA256_PassHash(const password[], const salt[], output[], size = sizeof (output));
openmultiplayer/omp-stdlib	openmultiplayer--omp-stdlib/omp_core.inc	1406	native SHA256_Hash(const content[], const salt[], output[], size = sizeof (output)) = SHA256_PassHash;
openmultiplayer/omp-stdlib	openmultiplayer--omp-stdlib/omp_core.inc	1412	native GetRunningTimers() = CountRunningTimers;
openmultiplayer/omp-stdlib	openmultiplayer--omp-stdlib/omp_core.inc	1442	forward OnGameModeInit();
openmultiplayer/omp-stdlib	openmultiplayer--omp-stdlib/omp_core.inc	1466	forward OnGameModeExit();
openmultiplayer/omp-stdlib	openmultiplayer--omp-stdlib/omp_core.inc	1476	forward OnFilterScriptInit();
openmultiplayer/omp-stdlib	openmultiplayer--omp-stdlib/omp_core.inc	1486	forward OnFilterScriptExit();
openmultiplayer/omp-stdlib	openmultiplayer--omp-stdlib/omp_core.inc	1496	forward OnScriptLoadPlayer(playerid, bool:isEntryScript);
openmultiplayer/omp-stdlib	openmultiplayer--omp-stdlib/omp_core.inc	1506	forward OnScriptUnloadPlayer(playerid, bool:isEntryScript);
openmultiplayer/omp-stdlib	openmultiplayer--omp-stdlib/args.inc	33	native argcount();
openmultiplayer/omp-stdlib	openmultiplayer--omp-stdlib/args.inc	49	native bool:argindex(index, value[], size = sizeof (value), bool:pack = false);
openmultiplayer/omp-stdlib	openmultiplayer--omp-stdlib/args.inc	71	native bool:argstr(skip = 0, const argument[] = "", value[] = "", size = sizeof (value), bool:pack = false);
openmultiplayer/omp-stdlib	openmultiplayer--omp-stdlib/args.inc	90	native bool:argvalue(skip = 0, const argument[] = "", &value = cellmin);
openmultiplayer/omp-stdlib	openmultiplayer--omp-stdlib/string.inc	40	native strlen(const string[]);
openmultiplayer/omp-stdlib	openmultiplayer--omp-stdlib/string.inc	59	native strpack(dest[], const source[], maxlength = sizeof (dest));
openmultiplayer/omp-stdlib	openmultiplayer--omp-stdlib/string.inc	80	native strunpack(dest[], const source[], maxlength = sizeof (dest));
openmultiplayer/omp-stdlib	openmultiplayer--omp-stdlib/string.inc	99	native strcat(dest[], const source[], maxlength = sizeof (dest));
openmultiplayer/omp-stdlib	openmultiplayer--omp-stdlib/string.inc	111	native strcopy(dest[], const source[], maxlength = sizeof (dest));
openmultiplayer/omp-stdlib	openmultiplayer--omp-stdlib/string.inc	113	stock strcopy(__dest[], const __source[], __maxlength = sizeof (__dest))
openmultiplayer/omp-stdlib	openmultiplayer--omp-stdlib/string.inc	137	native strmid(dest[], const source[], start, end, maxlength = sizeof (dest));
openmultiplayer/omp-stdlib	openmultiplayer--omp-stdlib/string.inc	156	native bool:strins(string[], const substr[], pos, maxlength = sizeof (string));
openmultiplayer/omp-stdlib	openmultiplayer--omp-stdlib/string.inc	174	native bool:strdel(string[], start, end);
openmultiplayer/omp-stdlib	openmultiplayer--omp-stdlib/string.inc	213	native strcmp(const string1[], const string2[], bool:ignorecase = false, length = cellmax);
openmultiplayer/omp-stdlib	openmultiplayer--omp-stdlib/string.inc	235	native strfind(const string[], const sub[], bool:ignorecase = false, pos = 0);
openmultiplayer/omp-stdlib	openmultiplayer--omp-stdlib/string.inc	252	native strval(const string[]);
openmultiplayer/omp-stdlib	openmultiplayer--omp-stdlib/string.inc	281	native valstr(dest[], value, bool:pack = false);
openmultiplayer/omp-stdlib	openmultiplayer--omp-stdlib/string.inc	289	native bool:ispacked(const string[]);
openmultiplayer/omp-stdlib	openmultiplayer--omp-stdlib/string.inc	329	native strformat(dest[], size = sizeof (dest), bool:pack = true, const format[], {Fixed, Float, _}:...);
openmultiplayer/omp-stdlib	openmultiplayer--omp-stdlib/string.inc	350	native uudecode(dest[], const source[], maxlength = sizeof (dest));
openmultiplayer/omp-stdlib	openmultiplayer--omp-stdlib/string.inc	373	native uuencode(dest[], const source[], numbytes, maxlength = sizeof (dest));
openmultiplayer/omp-stdlib	openmultiplayer--omp-stdlib/string.inc	397	native bool:memcpy(dest[], const source[], index = 0, numbytes, maxlength = sizeof (dest));
openmultiplayer/omp-stdlib	openmultiplayer--omp-stdlib/string.inc	414	native bool:strequal(const string1[], const string2[], bool:ignorecase = false, length = cellmax);
openmultiplayer/omp-stdlib	openmultiplayer--omp-stdlib/string.inc	416	stock bool:strequal(const __string1[], const __string2[], bool:__ignorecase = false, __length = cellmax)
openmultiplayer/omp-stdlib	openmultiplayer--omp-stdlib/omp_http.inc	131	native HTTP(index, HTTP_METHOD:method, const url[], const data[], const callback[]);
openmultiplayer/omp-stdlib	openmultiplayer--omp-stdlib/omp_gangzone.inc	65	native # Global();
openmultiplayer/omp-stdlib	openmultiplayer--omp-stdlib/omp_gangzone.inc	66	native             Global(
openmultiplayer/omp-stdlib	openmultiplayer--omp-stdlib/omp_gangzone.inc	67	native      ====================(
openmultiplayer/omp-stdlib	openmultiplayer--omp-stdlib/omp_gangzone.inc	68	native
openmultiplayer/omp-stdlib	openmultiplayer--omp-stdlib/omp_gangzone.inc	95	native GangZoneCreate(Float:minX, Float:minY, Float:maxX, Float:maxY);
openmultiplayer/omp-stdlib	openmultiplayer--omp-stdlib/omp_gangzone.inc	111	native bool:GangZoneDestroy(zoneid);
openmultiplayer/omp-stdlib	openmultiplayer--omp-stdlib/omp_gangzone.inc	132	native bool:GangZoneShowForPlayer(playerid, zoneid, colour);
openmultiplayer/omp-stdlib	openmultiplayer--omp-stdlib/omp_gangzone.inc	155	native bool:GangZoneShowForAll(zoneid, colour);
openmultiplayer/omp-stdlib	openmultiplayer--omp-stdlib/omp_gangzone.inc	172	native bool:GangZoneHideForPlayer(playerid, zoneid);
openmultiplayer/omp-stdlib	openmultiplayer--omp-stdlib/omp_gangzone.inc	188	native bool:GangZoneHideForAll(zoneid);
openmultiplayer/omp-stdlib	openmultiplayer--omp-stdlib/omp_gangzone.inc	207	native bool:GangZoneFlashForPlayer(playerid, zoneid, flashColour);
openmultiplayer/omp-stdlib	openmultiplayer--omp-stdlib/omp_gangzone.inc	225	native bool:GangZoneFlashForAll(zoneid, flashColour);
openmultiplayer/omp-stdlib	openmultiplayer--omp-stdlib/omp_gangzone.inc	242	native bool:GangZoneStopFlashForPlayer(playerid, zoneid);
openmultiplayer/omp-stdlib	openmultiplayer--omp-stdlib/omp_gangzone.inc	263	native bool:GangZoneStopFlashForAll(zoneid);
openmultiplayer/omp-stdlib	openmultiplayer--omp-stdlib/omp_gangzone.inc	283	native bool:IsValidGangZone(zoneid);
openmultiplayer/omp-stdlib	openmultiplayer--omp-stdlib/omp_gangzone.inc	304	native bool:IsPlayerInGangZone(playerid, zoneid);
openmultiplayer/omp-stdlib	openmultiplayer--omp-stdlib/omp_gangzone.inc	325	native bool:IsGangZoneVisibleForPlayer(playerid, zoneid);
openmultiplayer/omp-stdlib	openmultiplayer--omp-stdlib/omp_gangzone.inc	343	native GangZoneGetColourForPlayer(playerid, zoneid);
openmultiplayer/omp-stdlib	openmultiplayer--omp-stdlib/omp_gangzone.inc	364	native GangZoneGetColorForPlayer(playerid, zoneid) = GangZoneGetColourForPlayer;
openmultiplayer/omp-stdlib	openmultiplayer--omp-stdlib/omp_gangzone.inc	382	native GangZoneGetFlashColourForPlayer(playerid, zoneid);
openmultiplayer/omp-stdlib	openmultiplayer--omp-stdlib/omp_gangzone.inc	403	native GangZoneGetFlashColorForPlayer(playerid, zoneid) = GangZoneGetFlashColourForPlayer;
openmultiplayer/omp-stdlib	openmultiplayer--omp-stdlib/omp_gangzone.inc	424	native bool:IsGangZoneFlashingForPlayer(playerid, zoneid);
openmultiplayer/omp-stdlib	openmultiplayer--omp-stdlib/omp_gangzone.inc	445	native bool:GangZoneGetPos(zoneid, &Float:minX, &Float:minY, &Float:maxX, &Float:maxY);
openmultiplayer/omp-stdlib	openmultiplayer--omp-stdlib/omp_gangzone.inc	462	native bool:UseGangZoneCheck(zoneid, bool:enable);
openmultiplayer/omp-stdlib	openmultiplayer--omp-stdlib/omp_gangzone.inc	465	native # Per-Player();
openmultiplayer/omp-stdlib	openmultiplayer--omp-stdlib/omp_gangzone.inc	466	native           Per-Player(
openmultiplayer/omp-stdlib	openmultiplayer--omp-stdlib/omp_gangzone.inc	467	native      ====================(
openmultiplayer/omp-stdlib	openmultiplayer--omp-stdlib/omp_gangzone.inc	468	native
openmultiplayer/omp-stdlib	openmultiplayer--omp-stdlib/omp_gangzone.inc	498	native CreatePlayerGangZone(playerid, Float:minx, Float:miny, Float:maxx, Float:maxy);
openmultiplayer/omp-stdlib	openmultiplayer--omp-stdlib/omp_gangzone.inc	523	native bool:PlayerGangZoneDestroy(playerid, zoneid);
openmultiplayer/omp-stdlib	openmultiplayer--omp-stdlib/omp_gangzone.inc	550	native bool:PlayerGangZoneShow(playerid, zoneid, colour);
openmultiplayer/omp-stdlib	openmultiplayer--omp-stdlib/omp_gangzone.inc	576	native bool:PlayerGangZoneHide(playerid, zoneid);
openmultiplayer/omp-stdlib	openmultiplayer--omp-stdlib/omp_gangzone.inc	603	native bool:PlayerGangZoneFlash(playerid, zoneid, flashColour);
openmultiplayer/omp-stdlib	openmultiplayer--omp-stdlib/omp_gangzone.inc	629	native bool:PlayerGangZoneStopFlash(playerid, zoneid);
openmultiplayer/omp-stdlib	openmultiplayer--omp-stdlib/omp_gangzone.inc	654	native bool:IsValidPlayerGangZone(playerid, zoneid);
openmultiplayer/omp-stdlib	openmultiplayer--omp-stdlib/omp_gangzone.inc	679	native bool:IsPlayerInPlayerGangZone(playerid, zoneid);
openmultiplayer/omp-stdlib	openmultiplayer--omp-stdlib/omp_gangzone.inc	704	native bool:IsPlayerGangZoneVisible(playerid, zoneid);
openmultiplayer/omp-stdlib	openmultiplayer--omp-stdlib/omp_gangzone.inc	726	native PlayerGangZoneGetColour(playerid, zoneid);
openmultiplayer/omp-stdlib	openmultiplayer--omp-stdlib/omp_gangzone.inc	751	native PlayerGangZoneGetColor(playerid, zoneid) = PlayerGangZoneGetColour;
openmultiplayer/omp-stdlib	openmultiplayer--omp-stdlib/omp_gangzone.inc	773	native PlayerGangZoneGetFlashColour(playerid, zoneid);
openmultiplayer/omp-stdlib	openmultiplayer--omp-stdlib/omp_gangzone.inc	798	native PlayerGangZoneGetFlashColor(playerid, zoneid) = PlayerGangZoneGetFlashColour;
openmultiplayer/omp-stdlib	openmultiplayer--omp-stdlib/omp_gangzone.inc	823	native bool:IsPlayerGangZoneFlashing(playerid, zoneid);
openmultiplayer/omp-stdlib	openmultiplayer--omp-stdlib/omp_gangzone.inc	849	native bool:PlayerGangZoneGetPos(playerid, zoneid, &Float:minX, &Float:minY, &Float:maxX, &Float:maxY);
openmultiplayer/omp-stdlib	openmultiplayer--omp-stdlib/omp_gangzone.inc	875	native bool:UsePlayerGangZoneCheck(playerid, zoneid, bool:enable);
openmultiplayer/omp-stdlib	openmultiplayer--omp-stdlib/omp_gangzone.inc	904	forward OnPlayerEnterGangZone(playerid, zoneid);
openmultiplayer/omp-stdlib	openmultiplayer--omp-stdlib/omp_gangzone.inc	918	forward OnPlayerLeaveGangZone(playerid, zoneid);
openmultiplayer/omp-stdlib	openmultiplayer--omp-stdlib/omp_gangzone.inc	932	forward OnPlayerEnterPlayerGangZone(playerid, zoneid);
openmultiplayer/omp-stdlib	openmultiplayer--omp-stdlib/omp_gangzone.inc	946	forward OnPlayerLeavePlayerGangZone(playerid, zoneid);
openmultiplayer/omp-stdlib	openmultiplayer--omp-stdlib/omp_gangzone.inc	960	forward OnPlayerClickGangZone(playerid, zoneid);
openmultiplayer/omp-stdlib	openmultiplayer--omp-stdlib/omp_gangzone.inc	974	forward OnPlayerClickPlayerGangZone(playerid, zoneid);
openmultiplayer/omp-stdlib	openmultiplayer--omp-stdlib/core.inc	33	native heapspace();
openmultiplayer/omp-stdlib	openmultiplayer--omp-stdlib/core.inc	44	native funcidx(const name[]);
openmultiplayer/omp-stdlib	openmultiplayer--omp-stdlib/core.inc	53	native numargs();
openmultiplayer/omp-stdlib	openmultiplayer--omp-stdlib/core.inc	64	native getarg(arg, index = 0);
openmultiplayer/omp-stdlib	openmultiplayer--omp-stdlib/core.inc	76	native bool:setarg(arg, index = 0, value);
openmultiplayer/omp-stdlib	openmultiplayer--omp-stdlib/core.inc	86	native tolower(c);
openmultiplayer/omp-stdlib	openmultiplayer--omp-stdlib/core.inc	96	native toupper(c);
openmultiplayer/omp-stdlib	openmultiplayer--omp-stdlib/core.inc	104	native swapchars(c);
openmultiplayer/omp-stdlib	openmultiplayer--omp-stdlib/core.inc	117	native random(max);
openmultiplayer/omp-stdlib	openmultiplayer--omp-stdlib/core.inc	128	native min(value1, value2);
openmultiplayer/omp-stdlib	openmultiplayer--omp-stdlib/core.inc	139	native max(value1, value2);
openmultiplayer/omp-stdlib	openmultiplayer--omp-stdlib/core.inc	150	native clamp(value, min = cellmin, max = cellmax);
openmultiplayer/omp-stdlib	openmultiplayer--omp-stdlib/core.inc	167	native getproperty(id = 0, const name[] = "", value = cellmin, string[] = "");
openmultiplayer/omp-stdlib	openmultiplayer--omp-stdlib/core.inc	183	native setproperty(id = 0, const name[] = "", value = cellmin, const string[] = "");
openmultiplayer/omp-stdlib	openmultiplayer--omp-stdlib/core.inc	198	native deleteproperty(id = 0, const name[] = "", value = cellmin);
openmultiplayer/omp-stdlib	openmultiplayer--omp-stdlib/core.inc	213	native bool:existproperty(id = 0, const name[] = "", value = cellmin);
openmultiplayer/omp-stdlib	openmultiplayer--omp-stdlib/core.inc	300	native getpubvar(const name[]);
openmultiplayer/omp-stdlib	openmultiplayer--omp-stdlib/core.inc	302	stock getpubvar(const __name[])
openmultiplayer/omp-stdlib	openmultiplayer--omp-stdlib/core.inc	331	native setpubvar(const name[], value);
openmultiplayer/omp-stdlib	openmultiplayer--omp-stdlib/core.inc	333	stock setpubvar(const __name[], __value)
openmultiplayer/omp-stdlib	openmultiplayer--omp-stdlib/core.inc	364	native bool:existpubvar(const name[]);
openmultiplayer/omp-stdlib	openmultiplayer--omp-stdlib/core.inc	366	stock bool:existpubvar(const __name[])
openmultiplayer/omp-stdlib	openmultiplayer--omp-stdlib/core.inc	380	native numpubvars();
openmultiplayer/omp-stdlib	openmultiplayer--omp-stdlib/core.inc	382	stock numpubvars()
openmultiplayer/omp-stdlib	openmultiplayer--omp-stdlib/omp_player.inc	584	native #World()
openmultiplayer/omp-stdlib	openmultiplayer--omp-stdlib/omp_player.inc	599	native bool:SetPlayerWantedLevel(playerid, level);
openmultiplayer/omp-stdlib	openmultiplayer--omp-stdlib/omp_player.inc	609	native GetPlayerWantedLevel(playerid);
openmultiplayer/omp-stdlib	openmultiplayer--omp-stdlib/omp_player.inc	621	native bool:SetPlayerWeather(playerid, weather);
openmultiplayer/omp-stdlib	openmultiplayer--omp-stdlib/omp_player.inc	626	native GetPlayerWeather(playerid);
openmultiplayer/omp-stdlib	openmultiplayer--omp-stdlib/omp_player.inc	650	native bool:SetPlayerShopName(playerid, const shopName[]);
openmultiplayer/omp-stdlib	openmultiplayer--omp-stdlib/omp_player.inc	674	native bool:PlayAudioStreamForPlayer(playerid, const url[], Float:posX = 0.0, Float:posY = 0.0, Float:posZ = 0.0, Float:distance = 50.0, bool:usepos = false);
openmultiplayer/omp-stdlib	openmultiplayer--omp-stdlib/omp_player.inc	683	native bool:StopAudioStreamForPlayer(playerid);
openmultiplayer/omp-stdlib	openmultiplayer--omp-stdlib/omp_player.inc	703	native bool:CreateExplosionForPlayer(playerid, Float:x, Float:y, Float:z, type, Float:radius);
openmultiplayer/omp-stdlib	openmultiplayer--omp-stdlib/omp_player.inc	721	native bool:SetPlayerTime(playerid, hour, minute);
openmultiplayer/omp-stdlib	openmultiplayer--omp-stdlib/omp_player.inc	739	native bool:GetPlayerTime(playerid, &hour, &minute);
openmultiplayer/omp-stdlib	openmultiplayer--omp-stdlib/omp_player.inc	752	native bool:PlayerHasClockEnabled(playerid);
openmultiplayer/omp-stdlib	openmultiplayer--omp-stdlib/omp_player.inc	768	native bool:TogglePlayerClock(playerid, bool:toggle);
openmultiplayer/omp-stdlib	openmultiplayer--omp-stdlib/omp_player.inc	788	native bool:PlayerPlaySound(playerid, soundid, Float:x = 0.0, Float:y = 0.0, Float:z = 0.0);
openmultiplayer/omp-stdlib	openmultiplayer--omp-stdlib/omp_player.inc	805	native bool:SetPlayerWorldBounds(playerid, Float:maxX, Float:minX, Float:maxY, Float:minY);
openmultiplayer/omp-stdlib	openmultiplayer--omp-stdlib/omp_player.inc	810	native bool:ClearPlayerWorldBounds(playerid);
openmultiplayer/omp-stdlib	openmultiplayer--omp-stdlib/omp_player.inc	815	native bool:GetPlayerWorldBounds(playerid, &Float:maxX, &Float:minX, &Float:maxY, &Float:minY);
openmultiplayer/omp-stdlib	openmultiplayer--omp-stdlib/omp_player.inc	836	native bool:RemoveBuildingForPlayer(playerid, modelid, Float:centerX, Float:centerY, Float:centerZ, Float:radius);
openmultiplayer/omp-stdlib	openmultiplayer--omp-stdlib/omp_player.inc	841	native GetPlayerBuildingsRemoved(playerid);
openmultiplayer/omp-stdlib	openmultiplayer--omp-stdlib/omp_player.inc	855	native bool:RemovePlayerMapIcon(playerid, iconid);
openmultiplayer/omp-stdlib	openmultiplayer--omp-stdlib/omp_player.inc	894	native bool:SetPlayerMapIcon(playerid, iconid, Float:x, Float:y, Float:z, markerType, colour, MAPICON:style = MAPICON_LOCAL);
openmultiplayer/omp-stdlib	openmultiplayer--omp-stdlib/omp_player.inc	907	native bool:EnableStuntBonusForPlayer(playerid, bool:enable);
openmultiplayer/omp-stdlib	openmultiplayer--omp-stdlib/omp_player.inc	923	native bool:IsPlayerInRangeOfPoint(playerid, Float:range, Float:x, Float:y, Float:z);
openmultiplayer/omp-stdlib	openmultiplayer--omp-stdlib/omp_player.inc	959	native bool:PlayCrimeReportForPlayer(playerid, suspectid, crime);
openmultiplayer/omp-stdlib	openmultiplayer--omp-stdlib/omp_player.inc	971	native bool:DisableRemoteVehicleCollisions(playerid, bool:disable);
openmultiplayer/omp-stdlib	openmultiplayer--omp-stdlib/omp_player.inc	976	native bool:SetPlayerGravity(playerid, Float:gravity);
openmultiplayer/omp-stdlib	openmultiplayer--omp-stdlib/omp_player.inc	981	native Float:GetPlayerGravity(playerid);
openmultiplayer/omp-stdlib	openmultiplayer--omp-stdlib/omp_player.inc	984	native #Character()
openmultiplayer/omp-stdlib	openmultiplayer--omp-stdlib/omp_player.inc	1010	native bool:SetPlayerDrunkLevel(playerid, level);
openmultiplayer/omp-stdlib	openmultiplayer--omp-stdlib/omp_player.inc	1026	native GetPlayerDrunkLevel(playerid);
openmultiplayer/omp-stdlib	openmultiplayer--omp-stdlib/omp_player.inc	1043	native bool:SetPlayerInterior(playerid, interiorid);
openmultiplayer/omp-stdlib	openmultiplayer--omp-stdlib/omp_player.inc	1066	native bool:SetPlayerSkin(playerid, skinid);
openmultiplayer/omp-stdlib	openmultiplayer--omp-stdlib/omp_player.inc	1079	native GetPlayerSkin(playerid);
openmultiplayer/omp-stdlib	openmultiplayer--omp-stdlib/omp_player.inc	1099	native bool:SetPlayerHealth(playerid, Float:health);
openmultiplayer/omp-stdlib	openmultiplayer--omp-stdlib/omp_player.inc	1121	native bool:GetPlayerHealth(playerid, &Float:health);
openmultiplayer/omp-stdlib	openmultiplayer--omp-stdlib/omp_player.inc	1148	native PLAYER_STATE:GetPlayerState(playerid);
openmultiplayer/omp-stdlib	openmultiplayer--omp-stdlib/omp_player.inc	1171	native bool:SetPlayerFightingStyle(playerid, FIGHT_STYLE:style);
openmultiplayer/omp-stdlib	openmultiplayer--omp-stdlib/omp_player.inc	1191	native FIGHT_STYLE:GetPlayerFightingStyle(playerid);
openmultiplayer/omp-stdlib	openmultiplayer--omp-stdlib/omp_player.inc	1208	native bool:SetPlayerVelocity(playerid, Float:x, Float:y, Float:z);
openmultiplayer/omp-stdlib	openmultiplayer--omp-stdlib/omp_player.inc	1221	native bool:GetPlayerVelocity(playerid, &Float:x, &Float:y, &Float:z);
openmultiplayer/omp-stdlib	openmultiplayer--omp-stdlib/omp_player.inc	1235	native Float:GetPlayerDistanceFromPoint(playerid, Float:x, Float:y, Float:z);
openmultiplayer/omp-stdlib	openmultiplayer--omp-stdlib/omp_player.inc	1247	native GetPlayerInterior(playerid);
openmultiplayer/omp-stdlib	openmultiplayer--omp-stdlib/omp_player.inc	1268	native bool:SetPlayerPos(playerid, Float:x, Float:y, Float:z);
openmultiplayer/omp-stdlib	openmultiplayer--omp-stdlib/omp_player.inc	1286	native bool:GetPlayerPos(playerid, &Float:x, &Float:y, &Float:z);
openmultiplayer/omp-stdlib	openmultiplayer--omp-stdlib/omp_player.inc	1303	native bool:SetPlayerFacingAngle(playerid, Float:angle);
openmultiplayer/omp-stdlib	openmultiplayer--omp-stdlib/omp_player.inc	1318	native bool:GetPlayerFacingAngle(playerid, &Float:angle);
openmultiplayer/omp-stdlib	openmultiplayer--omp-stdlib/omp_player.inc	1339	native bool:SetPlayerPosFindZ(playerid, Float:x, Float:y, Float:z);
openmultiplayer/omp-stdlib	openmultiplayer--omp-stdlib/omp_player.inc	1367	native bool:SetPlayerSkillLevel(playerid, WEAPONSKILL:skill, level);
openmultiplayer/omp-stdlib	openmultiplayer--omp-stdlib/omp_player.inc	1416	native bool:SetPlayerSpecialAction(playerid, SPECIAL_ACTION:actionid);
openmultiplayer/omp-stdlib	openmultiplayer--omp-stdlib/omp_player.inc	1449	native bool:ApplyAnimation(playerid, const animationLibrary[], const animationName[], Float:delta, bool:loop, bool:lockX, bool:lockY, bool:freeze, time, FORCE_SYNC:forceSync = SYNC_NONE);
openmultiplayer/omp-stdlib	openmultiplayer--omp-stdlib/omp_player.inc	1458	native GetPlayerAnimationIndex(playerid);
openmultiplayer/omp-stdlib	openmultiplayer--omp-stdlib/omp_player.inc	1475	native bool:ClearAnimations(playerid, FORCE_SYNC:forceSync = SYNC_NONE);
openmultiplayer/omp-stdlib	openmultiplayer--omp-stdlib/omp_player.inc	1520	native SPECIAL_ACTION:GetPlayerSpecialAction(playerid);
openmultiplayer/omp-stdlib	openmultiplayer--omp-stdlib/omp_player.inc	1533	native GetPlayerCustomSkin(playerid);
openmultiplayer/omp-stdlib	openmultiplayer--omp-stdlib/omp_player.inc	1538	native GetPlayerSkillLevel(playerid, WEAPONSKILL:skill);
openmultiplayer/omp-stdlib	openmultiplayer--omp-stdlib/omp_player.inc	1543	native bool:GetPlayerRotationQuat(playerid, &Float:w, &Float:x, &Float:y, &Float:z);
openmultiplayer/omp-stdlib	openmultiplayer--omp-stdlib/omp_player.inc	1546	native #Client()
openmultiplayer/omp-stdlib	openmultiplayer--omp-stdlib/omp_player.inc	1570	native bool:SendClientMessage(playerid, colour, const format[], OPEN_MP_TAGS:...);
openmultiplayer/omp-stdlib	openmultiplayer--omp-stdlib/omp_player.inc	1594	native bool:SendClientMessagef(playerid, colour, const format[], OPEN_MP_TAGS:...) = SendClientMessage;
openmultiplayer/omp-stdlib	openmultiplayer--omp-stdlib/omp_player.inc	1611	native bool:GameTextForPlayer(playerid, const format[], time, style, OPEN_MP_TAGS:...);
openmultiplayer/omp-stdlib	openmultiplayer--omp-stdlib/omp_player.inc	1631	native bool:GameTextForPlayerf(playerid, const format[], time, style, OPEN_MP_TAGS:...) = GameTextForPlayer;
openmultiplayer/omp-stdlib	openmultiplayer--omp-stdlib/omp_player.inc	1647	native bool:HideGameTextForPlayer(playerid, style);
openmultiplayer/omp-stdlib	openmultiplayer--omp-stdlib/omp_player.inc	1661	native bool:HasGameText(playerid, style);
openmultiplayer/omp-stdlib	openmultiplayer--omp-stdlib/omp_player.inc	1681	native bool:GetGameText(playerid, style, message[], len = sizeof (message), time, remaining);
openmultiplayer/omp-stdlib	openmultiplayer--omp-stdlib/omp_player.inc	1698	native bool:SendDeathMessageToPlayer(playerid, killer, killee, weapon);
openmultiplayer/omp-stdlib	openmultiplayer--omp-stdlib/omp_player.inc	1715	native bool:SendPlayerMessageToPlayer(playerid, senderid, const format[], OPEN_MP_TAGS:...);
openmultiplayer/omp-stdlib	openmultiplayer--omp-stdlib/omp_player.inc	1733	native bool:SendPlayerMessageToPlayerf(playerid, senderid, const format[], OPEN_MP_TAGS:...) = SendPlayerMessageToPlayer;
openmultiplayer/omp-stdlib	openmultiplayer--omp-stdlib/omp_player.inc	1750	native bool:SetPlayerTeam(playerid, teamid);
openmultiplayer/omp-stdlib	openmultiplayer--omp-stdlib/omp_player.inc	1764	native GetPlayerTeam(playerid);
openmultiplayer/omp-stdlib	openmultiplayer--omp-stdlib/omp_player.inc	1778	native bool:SetPlayerScore(playerid, score);
openmultiplayer/omp-stdlib	openmultiplayer--omp-stdlib/omp_player.inc	1788	native GetPlayerScore(playerid);
openmultiplayer/omp-stdlib	openmultiplayer--omp-stdlib/omp_player.inc	1803	native bool:SetPlayerColor(playerid, colour);
openmultiplayer/omp-stdlib	openmultiplayer--omp-stdlib/omp_player.inc	1815	native GetPlayerColor(playerid);
openmultiplayer/omp-stdlib	openmultiplayer--omp-stdlib/omp_player.inc	1823	native GetDefaultPlayerColour(playerid);
openmultiplayer/omp-stdlib	openmultiplayer--omp-stdlib/omp_player.inc	1848	native SetPlayerName(playerid, const name[]);
openmultiplayer/omp-stdlib	openmultiplayer--omp-stdlib/omp_player.inc	1867	native GetPlayerName(playerid, name[], len = sizeof (name));
openmultiplayer/omp-stdlib	openmultiplayer--omp-stdlib/omp_player.inc	1883	native bool:SetPlayerVirtualWorld(playerid, virtualWorld);
openmultiplayer/omp-stdlib	openmultiplayer--omp-stdlib/omp_player.inc	1894	native GetPlayerVirtualWorld(playerid);
openmultiplayer/omp-stdlib	openmultiplayer--omp-stdlib/omp_player.inc	1904	native bool:IsPlayerNPC(playerid);
openmultiplayer/omp-stdlib	openmultiplayer--omp-stdlib/omp_player.inc	1923	native bool:IsPlayerStreamedIn(targetid, playerid);
openmultiplayer/omp-stdlib	openmultiplayer--omp-stdlib/omp_player.inc	1936	native bool:IsPlayerConnected(playerid);
openmultiplayer/omp-stdlib	openmultiplayer--omp-stdlib/omp_player.inc	1949	native bool:SetPlayerChatBubble(playerid, const text[], colour, Float:drawDistance, expireTime, OPEN_MP_TAGS:...);
openmultiplayer/omp-stdlib	openmultiplayer--omp-stdlib/omp_player.inc	1966	native bool:ShowPlayerNameTagForPlayer(playerid, targetid, bool:show);
openmultiplayer/omp-stdlib	openmultiplayer--omp-stdlib/omp_player.inc	1979	native bool:TogglePlayerControllable(playerid, bool:controllable);
openmultiplayer/omp-stdlib	openmultiplayer--omp-stdlib/omp_player.inc	1997	native bool:GetPlayerKeys(playerid, &KEY:keys, &updown, &leftright);
openmultiplayer/omp-stdlib	openmultiplayer--omp-stdlib/omp_player.inc	2011	native bool:SetPlayerMarkerForPlayer(playerid, targetid, colour);
openmultiplayer/omp-stdlib	openmultiplayer--omp-stdlib/omp_player.inc	2024	native GetPlayerMarkerForPlayer(playerid, targetid);
openmultiplayer/omp-stdlib	openmultiplayer--omp-stdlib/omp_player.inc	2036	native bool:StartRecordingPlayerData(playerid, PLAYER_RECORDING_TYPE:recordType, const recordFile[]);
openmultiplayer/omp-stdlib	openmultiplayer--omp-stdlib/omp_player.inc	2045	native bool:StopRecordingPlayerData(playerid);
openmultiplayer/omp-stdlib	openmultiplayer--omp-stdlib/omp_player.inc	2054	native bool:IsPlayerSpawned(playerid);
openmultiplayer/omp-stdlib	openmultiplayer--omp-stdlib/omp_player.inc	2066	native bool:IsPlayerControllable(playerid);
openmultiplayer/omp-stdlib	openmultiplayer--omp-stdlib/omp_player.inc	2076	native bool:TogglePlayerGhostMode(playerid, bool:enable);
openmultiplayer/omp-stdlib	openmultiplayer--omp-stdlib/omp_player.inc	2088	native bool:GetPlayerGhostMode(playerid);
openmultiplayer/omp-stdlib	openmultiplayer--omp-stdlib/omp_player.inc	2091	native #Equipment()
openmultiplayer/omp-stdlib	openmultiplayer--omp-stdlib/omp_player.inc	2102	native GetPlayerMoney(playerid);
openmultiplayer/omp-stdlib	openmultiplayer--omp-stdlib/omp_player.inc	2115	native bool:ResetPlayerMoney(playerid);
openmultiplayer/omp-stdlib	openmultiplayer--omp-stdlib/omp_player.inc	2129	native bool:GivePlayerMoney(playerid, money);
openmultiplayer/omp-stdlib	openmultiplayer--omp-stdlib/omp_player.inc	2147	native bool:SetPlayerArmour(playerid, Float:armour);
openmultiplayer/omp-stdlib	openmultiplayer--omp-stdlib/omp_player.inc	2168	native bool:GetPlayerArmour(playerid, &Float:armour);
openmultiplayer/omp-stdlib	openmultiplayer--omp-stdlib/omp_player.inc	2183	native bool:GivePlayerWeapon(playerid, WEAPON:weaponid, ammo);
openmultiplayer/omp-stdlib	openmultiplayer--omp-stdlib/omp_player.inc	2199	native bool:RemovePlayerWeapon(playerid, WEAPON:weaponid);
openmultiplayer/omp-stdlib	openmultiplayer--omp-stdlib/omp_player.inc	2214	native WEAPON:GetPlayerWeapon(playerid);
openmultiplayer/omp-stdlib	openmultiplayer--omp-stdlib/omp_player.inc	2229	native bool:ResetPlayerWeapons(playerid);
openmultiplayer/omp-stdlib	openmultiplayer--omp-stdlib/omp_player.inc	2250	native bool:SetPlayerAmmo(playerid, WEAPON:weaponid, ammo);
openmultiplayer/omp-stdlib	openmultiplayer--omp-stdlib/omp_player.inc	2267	native bool:SetPlayerArmedWeapon(playerid, WEAPON:weaponid);
openmultiplayer/omp-stdlib	openmultiplayer--omp-stdlib/omp_player.inc	2279	native GetPlayerAmmo(playerid);
openmultiplayer/omp-stdlib	openmultiplayer--omp-stdlib/omp_player.inc	2298	native bool:GetPlayerWeaponData(playerid, WEAPON_SLOT:slot, &WEAPON:weapon, &ammo);
openmultiplayer/omp-stdlib	openmultiplayer--omp-stdlib/omp_player.inc	2317	native WEAPONSTATE:GetPlayerWeaponState(playerid);
openmultiplayer/omp-stdlib	openmultiplayer--omp-stdlib/omp_player.inc	2330	native GetPlayerVehicleID(playerid);
openmultiplayer/omp-stdlib	openmultiplayer--omp-stdlib/omp_player.inc	2344	native GetPlayerVehicleSeat(playerid);
openmultiplayer/omp-stdlib	openmultiplayer--omp-stdlib/omp_player.inc	2376	native bool:PutPlayerInVehicle(playerid, vehicleid, seatid);
openmultiplayer/omp-stdlib	openmultiplayer--omp-stdlib/omp_player.inc	2387	native bool:IsPlayerInVehicle(playerid, vehicleid);
openmultiplayer/omp-stdlib	openmultiplayer--omp-stdlib/omp_player.inc	2397	native bool:IsPlayerInAnyVehicle(playerid);
openmultiplayer/omp-stdlib	openmultiplayer--omp-stdlib/omp_player.inc	2416	native bool:RemovePlayerFromVehicle(playerid, bool:force = false);
openmultiplayer/omp-stdlib	openmultiplayer--omp-stdlib/omp_player.inc	2428	native GetPlayerSurfingVehicleID(playerid);
openmultiplayer/omp-stdlib	openmultiplayer--omp-stdlib/omp_player.inc	2437	native GetPlayerSurfingObjectID(playerid);
openmultiplayer/omp-stdlib	openmultiplayer--omp-stdlib/omp_player.inc	2442	native bool:GetPlayerSurfingOffsets(playerid, &Float:offsetX, &Float:offsetY, &Float:offsetZ);
openmultiplayer/omp-stdlib	openmultiplayer--omp-stdlib/omp_player.inc	2445	native #Camera()
openmultiplayer/omp-stdlib	openmultiplayer--omp-stdlib/omp_player.inc	2467	native bool:SetPlayerCameraPos(playerid, Float:x, Float:y, Float:z);
openmultiplayer/omp-stdlib	openmultiplayer--omp-stdlib/omp_player.inc	2490	native bool:SetPlayerCameraLookAt(playerid, Float:x, Float:y, Float:z, CAM_MOVE:cut = CAMERA_CUT);
openmultiplayer/omp-stdlib	openmultiplayer--omp-stdlib/omp_player.inc	2500	native bool:SetCameraBehindPlayer(playerid);
openmultiplayer/omp-stdlib	openmultiplayer--omp-stdlib/omp_player.inc	2518	native bool:GetPlayerCameraPos(playerid, &Float:x, &Float:y, &Float:z);
openmultiplayer/omp-stdlib	openmultiplayer--omp-stdlib/omp_player.inc	2548	native bool:PlayerSpectatePlayer(playerid, targetid, SPECTATE_MODE:mode = SPECTATE_MODE_NORMAL);
openmultiplayer/omp-stdlib	openmultiplayer--omp-stdlib/omp_player.inc	2571	native bool:PlayerSpectateVehicle(playerid, targetid, SPECTATE_MODE:mode = SPECTATE_MODE_NORMAL);
openmultiplayer/omp-stdlib	openmultiplayer--omp-stdlib/omp_player.inc	2599	native bool:GetPlayerLastShotVectors(playerid, &Float:originX, &Float:originY, &Float:originZ, &Float:hitPosX, &Float:hitPosY, &Float:hitPosZ);
openmultiplayer/omp-stdlib	openmultiplayer--omp-stdlib/omp_player.inc	2617	native GetPlayerCameraTargetPlayer(playerid);
openmultiplayer/omp-stdlib	openmultiplayer--omp-stdlib/omp_player.inc	2634	native GetPlayerCameraTargetActor(playerid);
openmultiplayer/omp-stdlib	openmultiplayer--omp-stdlib/omp_player.inc	2648	native GetPlayerCameraTargetObject(playerid);
openmultiplayer/omp-stdlib	openmultiplayer--omp-stdlib/omp_player.inc	2665	native GetPlayerCameraTargetVehicle(playerid);
openmultiplayer/omp-stdlib	openmultiplayer--omp-stdlib/omp_player.inc	2690	native bool:TogglePlayerSpectating(playerid, bool:toggle);
openmultiplayer/omp-stdlib	openmultiplayer--omp-stdlib/omp_player.inc	2706	native bool:EnablePlayerCameraTarget(playerid, bool:enable);
openmultiplayer/omp-stdlib	openmultiplayer--omp-stdlib/omp_player.inc	2727	native bool:InterpolateCameraPos(playerid, Float:fromX, Float:fromY, Float:fromZ, Float:toX, Float:toY, Float:toZ, time, CAM_MOVE:cut = CAMERA_CUT);
openmultiplayer/omp-stdlib	openmultiplayer--omp-stdlib/omp_player.inc	2748	native bool:InterpolateCameraLookAt(playerid, Float:fromX, Float:fromY, Float:fromZ, Float:toX, Float:toY, Float:toZ, time, CAM_MOVE:cut = CAMERA_CUT);
openmultiplayer/omp-stdlib	openmultiplayer--omp-stdlib/omp_player.inc	2758	native bool:AttachCameraToObject(playerid, objectid);
openmultiplayer/omp-stdlib	openmultiplayer--omp-stdlib/omp_player.inc	2771	native bool:AttachCameraToPlayerObject(playerid, objectid);
openmultiplayer/omp-stdlib	openmultiplayer--omp-stdlib/omp_player.inc	2788	native Float:GetPlayerCameraAspectRatio(playerid);
openmultiplayer/omp-stdlib	openmultiplayer--omp-stdlib/omp_player.inc	2805	native bool:GetPlayerCameraFrontVector(playerid, &Float:x, &Float:y, &Float:z);
openmultiplayer/omp-stdlib	openmultiplayer--omp-stdlib/omp_player.inc	2819	native CAM_MODE:GetPlayerCameraMode(playerid);
openmultiplayer/omp-stdlib	openmultiplayer--omp-stdlib/omp_player.inc	2833	native GetPlayerTargetPlayer(playerid);
openmultiplayer/omp-stdlib	openmultiplayer--omp-stdlib/omp_player.inc	2847	native GetPlayerTargetActor(playerid);
openmultiplayer/omp-stdlib	openmultiplayer--omp-stdlib/omp_player.inc	2859	native Float:GetPlayerCameraZoom(playerid);
openmultiplayer/omp-stdlib	openmultiplayer--omp-stdlib/omp_player.inc	2871	native bool:IsPlayerCameraTargetEnabled(playerid);
openmultiplayer/omp-stdlib	openmultiplayer--omp-stdlib/omp_player.inc	2884	native bool:TogglePlayerWidescreen(playerid, bool:wide);
openmultiplayer/omp-stdlib	openmultiplayer--omp-stdlib/omp_player.inc	2896	native bool:IsPlayerWidescreenToggled(playerid);
openmultiplayer/omp-stdlib	openmultiplayer--omp-stdlib/omp_player.inc	2908	native GetPlayerSpectateID(playerid);
openmultiplayer/omp-stdlib	openmultiplayer--omp-stdlib/omp_player.inc	2920	native GetPlayerSpectateType(playerid);
openmultiplayer/omp-stdlib	openmultiplayer--omp-stdlib/omp_player.inc	2929	native GetPlayerAnimFlags(playerid);
openmultiplayer/omp-stdlib	openmultiplayer--omp-stdlib/omp_player.inc	2938	native GetPlayerAnimationFlags(playerid) = GetPlayerAnimFlags;
openmultiplayer/omp-stdlib	openmultiplayer--omp-stdlib/omp_player.inc	2949	native bool:IsPlayerInDriveByMode(playerid);
openmultiplayer/omp-stdlib	openmultiplayer--omp-stdlib/omp_player.inc	2960	native bool:IsPlayerCuffed(playerid);
openmultiplayer/omp-stdlib	openmultiplayer--omp-stdlib/omp_player.inc	2969	native Float:GetPlayerZAim(playerid);
openmultiplayer/omp-stdlib	openmultiplayer--omp-stdlib/omp_player.inc	2978	native Float:GetPlayerAimZ(playerid) = GetPlayerZAim;
openmultiplayer/omp-stdlib	openmultiplayer--omp-stdlib/omp_player.inc	2989	native GetPlayers(players[], size = sizeof (players));
openmultiplayer/omp-stdlib	openmultiplayer--omp-stdlib/omp_player.inc	3001	native bool:IsPlayerUsingOfficialClient(playerid);
openmultiplayer/omp-stdlib	openmultiplayer--omp-stdlib/omp_player.inc	3010	native bool:AllowPlayerTeleport(playerid, bool:allow);
openmultiplayer/omp-stdlib	openmultiplayer--omp-stdlib/omp_player.inc	3019	native bool:IsPlayerTeleportAllowed(playerid);
openmultiplayer/omp-stdlib	openmultiplayer--omp-stdlib/omp_player.inc	3029	native bool:AllowPlayerWeapons(playerid, bool:allow);
openmultiplayer/omp-stdlib	openmultiplayer--omp-stdlib/omp_player.inc	3037	native bool:ArePlayerWeaponsAllowed(playerid);
openmultiplayer/omp-stdlib	openmultiplayer--omp-stdlib/omp_player.inc	3049	native bool:IsPlayerUsingOmp(playerid);
openmultiplayer/omp-stdlib	openmultiplayer--omp-stdlib/omp_player.inc	3079	forward OnPlayerStreamIn(playerid, forplayerid);
openmultiplayer/omp-stdlib	openmultiplayer--omp-stdlib/omp_player.inc	3094	forward OnPlayerStreamOut(playerid, forplayerid);
openmultiplayer/omp-stdlib	openmultiplayer--omp-stdlib/omp_player.inc	3128	forward OnPlayerTakeDamage(playerid, issuerid, Float:amount, WEAPON:weaponid, bodypart);
openmultiplayer/omp-stdlib	openmultiplayer--omp-stdlib/omp_player.inc	3161	forward OnPlayerGiveDamage(playerid, damagedid, Float:amount, WEAPON:weaponid, bodypart);
openmultiplayer/omp-stdlib	openmultiplayer--omp-stdlib/omp_player.inc	3177	forward OnPlayerClickPlayer(playerid, clickedplayerid, CLICK_SOURCE:source);
openmultiplayer/omp-stdlib	openmultiplayer--omp-stdlib/omp_player.inc	3203	forward OnPlayerDeath(playerid, killerid, WEAPON:reason);
openmultiplayer/omp-stdlib	openmultiplayer--omp-stdlib/omp_player.inc	3255	forward OnPlayerWeaponShot(playerid, WEAPON:weaponid, BULLET_HIT_TYPE:hittype, hitid, Float:fX, Float:fY, Float:fZ);
openmultiplayer/omp-stdlib	openmultiplayer--omp-stdlib/omp_player.inc	3276	forward OnPlayerClickMap(playerid, Float:fX, Float:fY, Float:fZ);
openmultiplayer/omp-stdlib	openmultiplayer--omp-stdlib/omp_player.inc	3295	forward OnIncomingConnection(playerid, ip_address[], port);
openmultiplayer/omp-stdlib	openmultiplayer--omp-stdlib/omp_player.inc	3314	forward OnPlayerUpdate(playerid);
openmultiplayer/omp-stdlib	openmultiplayer--omp-stdlib/omp_player.inc	3331	forward OnPlayerInteriorChange(playerid, newinteriorid, oldinteriorid);
openmultiplayer/omp-stdlib	openmultiplayer--omp-stdlib/omp_player.inc	3366	forward OnPlayerKeyStateChange(playerid, KEY:newkeys, KEY:oldkeys);
openmultiplayer/omp-stdlib	openmultiplayer--omp-stdlib/omp_player.inc	3400	forward OnPlayerStateChange(playerid, PLAYER_STATE:newstate, PLAYER_STATE:oldstate);
openmultiplayer/omp-stdlib	openmultiplayer--omp-stdlib/omp_player.inc	3417	forward OnPlayerText(playerid, text[]);
openmultiplayer/omp-stdlib	openmultiplayer--omp-stdlib/omp_player.inc	3436	forward OnPlayerCommandText(playerid, cmdtext[]);
openmultiplayer/omp-stdlib	openmultiplayer--omp-stdlib/omp_player.inc	3451	forward OnPlayerConnect(playerid);
openmultiplayer/omp-stdlib	openmultiplayer--omp-stdlib/omp_player.inc	3480	forward OnPlayerDisconnect(playerid, reason);
openmultiplayer/omp-stdlib	openmultiplayer--omp-stdlib/datagram.inc	39	forward sendstring(const message[], const destination[] = "");
openmultiplayer/omp-stdlib	openmultiplayer--omp-stdlib/datagram.inc	54	forward sendpacket(const packet[], size, const destination[] = "");
openmultiplayer/omp-stdlib	openmultiplayer--omp-stdlib/datagram.inc	70	forward listenport(port);
openmultiplayer/omp-stdlib	openmultiplayer--omp-stdlib/datagram.inc	84	forward @receivestring(const message[], const source[]);
openmultiplayer/omp-stdlib	openmultiplayer--omp-stdlib/datagram.inc	100	forward @receivepacket(const packet[], size, const source[]);
openmultiplayer/omp-stdlib	openmultiplayer--omp-stdlib/omp_object.inc	199	native bool:SetObjectsDefaultCameraCollision(bool:disable);
openmultiplayer/omp-stdlib	openmultiplayer--omp-stdlib/omp_object.inc	207	native bool:SetObjectsDefaultCameraCol(bool:disable);
openmultiplayer/omp-stdlib	openmultiplayer--omp-stdlib/omp_object.inc	213	native GetObjectType(playerid, objectid);
openmultiplayer/omp-stdlib	openmultiplayer--omp-stdlib/omp_object.inc	216	native # Global();
openmultiplayer/omp-stdlib	openmultiplayer--omp-stdlib/omp_object.inc	217	native             Global(
openmultiplayer/omp-stdlib	openmultiplayer--omp-stdlib/omp_object.inc	218	native      ====================(
openmultiplayer/omp-stdlib	openmultiplayer--omp-stdlib/omp_object.inc	219	native
openmultiplayer/omp-stdlib	openmultiplayer--omp-stdlib/omp_object.inc	264	native CreateObject(modelid, Float:x, Float:y, Float:z, Float:rotationX, Float:rotationY, Float:rotationZ, Float:drawDistance = 0.0);
openmultiplayer/omp-stdlib	openmultiplayer--omp-stdlib/omp_object.inc	287	native bool:AttachObjectToVehicle(objectid, parentid, Float:offsetX, Float:offsetY, Float:offsetZ, Float:rotationX, Float:rotationY, Float:rotationZ);
openmultiplayer/omp-stdlib	openmultiplayer--omp-stdlib/omp_object.inc	319	native bool:AttachObjectToObject(objectid, parentid, Float:offsetX, Float:offsetY, Float:offsetZ, Float:rotationX, Float:rotationY, Float:rotationZ, bool:syncRotation = true);
openmultiplayer/omp-stdlib	openmultiplayer--omp-stdlib/omp_object.inc	339	native bool:AttachObjectToPlayer(objectid, parentid, Float:offsetX, Float:offsetY, Float:offsetZ, Float:rotationX, Float:rotationY, Float:rotationZ);
openmultiplayer/omp-stdlib	openmultiplayer--omp-stdlib/omp_object.inc	354	native bool:SetObjectPos(objectid, Float:x, Float:y, Float:z);
openmultiplayer/omp-stdlib	openmultiplayer--omp-stdlib/omp_object.inc	372	native bool:GetObjectPos(objectid, &Float:x, &Float:y, &Float:z);
openmultiplayer/omp-stdlib	openmultiplayer--omp-stdlib/omp_object.inc	387	native bool:SetObjectRot(objectid, Float:rotationX, Float:rotationY, Float:rotationZ);
openmultiplayer/omp-stdlib	openmultiplayer--omp-stdlib/omp_object.inc	403	native bool:GetObjectRot(objectid, &Float:rotationX, &Float:rotationY, &Float:rotationZ);
openmultiplayer/omp-stdlib	openmultiplayer--omp-stdlib/omp_object.inc	413	native GetObjectModel(objectid);
openmultiplayer/omp-stdlib	openmultiplayer--omp-stdlib/omp_object.inc	428	native bool:SetObjectNoCameraCollision(objectid) = SetObjectNoCameraCol;
openmultiplayer/omp-stdlib	openmultiplayer--omp-stdlib/omp_object.inc	443	native bool:SetObjectNoCameraCol(objectid);
openmultiplayer/omp-stdlib	openmultiplayer--omp-stdlib/omp_object.inc	455	native bool:IsValidObject(objectid);
openmultiplayer/omp-stdlib	openmultiplayer--omp-stdlib/omp_object.inc	465	native bool:DestroyObject(objectid);
openmultiplayer/omp-stdlib	openmultiplayer--omp-stdlib/omp_object.inc	494	native bool:MoveObject(objectid, Float:targetX, Float:targetY, Float:targetZ, Float:speed, Float:rotationX = -1000.0, Float:rotationY = -1000.0, Float:rotationZ = -1000.0);
openmultiplayer/omp-stdlib	openmultiplayer--omp-stdlib/omp_object.inc	517	native bool:SetObjectMaterial(objectid, materialIndex, modelid, const textureLibrary[], const textureName[], materialColour = 0);
openmultiplayer/omp-stdlib	openmultiplayer--omp-stdlib/omp_object.inc	567	native bool:SetObjectMaterialText(objectid, const text[], materialIndex = 0, OBJECT_MATERIAL_SIZE:materialSize = OBJECT_MATERIAL_SIZE_256x128, const fontFace[] = "Arial", fontSize = 24, bool:bold = true, fontColour = 0xFFFFFFFF, backgroundColour = 0, OBJECT_MATERIAL_TEXT_ALIGN:textAlignment = OBJECT_MATERIAL_TEXT_ALIGN_LEFT, OPEN_MP_TAGS:...);
openmultiplayer/omp-stdlib	openmultiplayer--omp-stdlib/omp_object.inc	578	native bool:StopObject(objectid);
openmultiplayer/omp-stdlib	openmultiplayer--omp-stdlib/omp_object.inc	590	native bool:IsObjectMoving(objectid);
openmultiplayer/omp-stdlib	openmultiplayer--omp-stdlib/omp_object.inc	610	native bool:BeginObjectEditing(playerid, objectid);
openmultiplayer/omp-stdlib	openmultiplayer--omp-stdlib/omp_object.inc	630	native bool:EditObject(playerid, objectid) = BeginObjectEditing;
openmultiplayer/omp-stdlib	openmultiplayer--omp-stdlib/omp_object.inc	643	native bool:BeginObjectSelecting(playerid);
openmultiplayer/omp-stdlib	openmultiplayer--omp-stdlib/omp_object.inc	656	native bool:SelectObject(playerid) = BeginObjectSelecting;
openmultiplayer/omp-stdlib	openmultiplayer--omp-stdlib/omp_object.inc	667	native bool:EndObjectEditing(playerid);
openmultiplayer/omp-stdlib	openmultiplayer--omp-stdlib/omp_object.inc	678	native bool:CancelEdit(playerid) = EndObjectEditing;
openmultiplayer/omp-stdlib	openmultiplayer--omp-stdlib/omp_object.inc	684	native Float:GetObjectDrawDistance(objectid);
openmultiplayer/omp-stdlib	openmultiplayer--omp-stdlib/omp_object.inc	690	native bool:SetObjectMoveSpeed(objectid, Float:speed);
openmultiplayer/omp-stdlib	openmultiplayer--omp-stdlib/omp_object.inc	696	native Float:GetObjectMoveSpeed(objectid);
openmultiplayer/omp-stdlib	openmultiplayer--omp-stdlib/omp_object.inc	702	native bool:GetObjectMovingTargetPos(objectid, &Float:targetX, &Float:targetY, &Float:targetZ);
openmultiplayer/omp-stdlib	openmultiplayer--omp-stdlib/omp_object.inc	708	native bool:GetObjectTarget(objectid, &Float:targetX = 0.0, &Float:targetY = 0.0, &Float:targetZ = 0.0) = GetObjectMovingTargetPos;
openmultiplayer/omp-stdlib	openmultiplayer--omp-stdlib/omp_object.inc	714	native bool:GetObjectMovingTargetRot(objectid, &Float:rotationX, &Float:rotationY, &Float:rotationZ);
openmultiplayer/omp-stdlib	openmultiplayer--omp-stdlib/omp_object.inc	720	native bool:GetObjectAttachedData(objectid, &parentVehicle = 0, &parentObject = 0, &parentPlayer = 0);
openmultiplayer/omp-stdlib	openmultiplayer--omp-stdlib/omp_object.inc	726	native bool:GetObjectAttachedOffset(objectid, &Float:offsetX = 0.0, &Float:offsetY = 0.0, &Float:offsetZ = 0.0, &Float:rotationX = 0.0, &Float:rotationY = 0.0, &Float:rotationZ = 0.0);
openmultiplayer/omp-stdlib	openmultiplayer--omp-stdlib/omp_object.inc	732	native bool:GetObjectSyncRotation(objectid);
openmultiplayer/omp-stdlib	openmultiplayer--omp-stdlib/omp_object.inc	739	native IsObjectMaterialSlotUsed(objectid, materialIndex);
openmultiplayer/omp-stdlib	openmultiplayer--omp-stdlib/omp_object.inc	745	native bool:GetObjectMaterial(objectid, materialIndex, &modelid, textureLibrary[], textureLibrarySize = sizeof (textureLibrary), textureName[], textureNameSize = sizeof (textureName), &materialColour = 0);
openmultiplayer/omp-stdlib	openmultiplayer--omp-stdlib/omp_object.inc	751	native bool:GetObjectMaterialText(objectid, materialIndex, text[], textSize = sizeof (text), &OBJECT_MATERIAL_SIZE:materialSize, fontFace[], fontFaceSize = sizeof (fontFace), &fontSize = 0, &bool:bold = true, &fontColour = 0xFFFFFFFF, &backgroundColour = 0, &OBJECT_MATERIAL_TEXT_ALIGN:textAlignment = OBJECT_MATERIAL_TEXT_ALIGN_LEFT);
openmultiplayer/omp-stdlib	openmultiplayer--omp-stdlib/omp_object.inc	757	native bool:IsObjectNoCameraCol(objectid);
openmultiplayer/omp-stdlib	openmultiplayer--omp-stdlib/omp_object.inc	763	stock bool:HasObjectCameraCollision(objectid)
openmultiplayer/omp-stdlib	openmultiplayer--omp-stdlib/omp_object.inc	769	native # Per-Player();
openmultiplayer/omp-stdlib	openmultiplayer--omp-stdlib/omp_object.inc	770	native           Per-Player(
openmultiplayer/omp-stdlib	openmultiplayer--omp-stdlib/omp_object.inc	771	native      ====================(
openmultiplayer/omp-stdlib	openmultiplayer--omp-stdlib/omp_object.inc	772	native
openmultiplayer/omp-stdlib	openmultiplayer--omp-stdlib/omp_object.inc	803	native CreatePlayerObject(playerid, modelid, Float:x, Float:y, Float:z, Float:rotationX, Float:rotationY, Float:rotationZ, Float:drawDistance = 0.0);
openmultiplayer/omp-stdlib	openmultiplayer--omp-stdlib/omp_object.inc	822	native bool:AttachPlayerObjectToVehicle(playerid, objectid, parentid, Float:offsetX, Float:offsetY, Float:offsetZ, Float:rotationX, Float:rotationY, Float:rotationZ);
openmultiplayer/omp-stdlib	openmultiplayer--omp-stdlib/omp_object.inc	828	native bool:AttachPlayerObjectToObject(playerid, objectid, parentid, Float:offsetX, Float:offsetY, Float:offsetZ, Float:rotationX, Float:rotationY, Float:rotationZ, bool:syncRotation = true);
openmultiplayer/omp-stdlib	openmultiplayer--omp-stdlib/omp_object.inc	847	native bool:AttachPlayerObjectToPlayer(playerid, objectid, parentid, Float:offsetX, Float:offsetY, Float:offsetZ, Float:rotationX, Float:rotationY, Float:rotationZ);
openmultiplayer/omp-stdlib	openmultiplayer--omp-stdlib/omp_object.inc	867	native bool:SetPlayerObjectPos(playerid, objectid, Float:x, Float:y, Float:z);
openmultiplayer/omp-stdlib	openmultiplayer--omp-stdlib/omp_object.inc	889	native bool:GetPlayerObjectPos(playerid, objectid, &Float:x, &Float:y, &Float:z);
openmultiplayer/omp-stdlib	openmultiplayer--omp-stdlib/omp_object.inc	909	native bool:SetPlayerObjectRot(playerid, objectid, Float:rotationX, Float:rotationY, Float:rotationZ);
openmultiplayer/omp-stdlib	openmultiplayer--omp-stdlib/omp_object.inc	926	native bool:GetPlayerObjectRot(playerid, objectid, &Float:rotationX, &Float:rotationY, &Float:rotationZ);
openmultiplayer/omp-stdlib	openmultiplayer--omp-stdlib/omp_object.inc	938	native GetPlayerObjectModel(playerid, objectid);
openmultiplayer/omp-stdlib	openmultiplayer--omp-stdlib/omp_object.inc	952	native bool:SetPlayerObjectNoCameraCollision(playerid, objectid);
openmultiplayer/omp-stdlib	openmultiplayer--omp-stdlib/omp_object.inc	960	native bool:SetPlayerObjectNoCameraCol(playerid, objectid);
openmultiplayer/omp-stdlib	openmultiplayer--omp-stdlib/omp_object.inc	972	native bool:IsValidPlayerObject(playerid, objectid);
openmultiplayer/omp-stdlib	openmultiplayer--omp-stdlib/omp_object.inc	983	native bool:DestroyPlayerObject(playerid, objectid);
openmultiplayer/omp-stdlib	openmultiplayer--omp-stdlib/omp_object.inc	1007	native bool:MovePlayerObject(playerid, objectid, Float:targetX, Float:targetY, Float:targetZ, Float:speed, Float:rotationX = -1000.0, Float:rotationY = -1000.0, Float:rotationZ = -1000.0);
openmultiplayer/omp-stdlib	openmultiplayer--omp-stdlib/omp_object.inc	1020	native bool:StopPlayerObject(playerid, objectid);
openmultiplayer/omp-stdlib	openmultiplayer--omp-stdlib/omp_object.inc	1033	native bool:IsPlayerObjectMoving(playerid, objectid);
openmultiplayer/omp-stdlib	openmultiplayer--omp-stdlib/omp_object.inc	1053	native bool:SetPlayerObjectMaterial(playerid, objectid, materialIndex, modelid, const textureLibrary[], const textureName[], materialColour = 0);
openmultiplayer/omp-stdlib	openmultiplayer--omp-stdlib/omp_object.inc	1100	native bool:SetPlayerObjectMaterialText(playerid, objectid, const text[], materialIndex = 0, OBJECT_MATERIAL_SIZE:materialSize = OBJECT_MATERIAL_SIZE_256x128, const fontFace[] = "Arial", fontSize = 24, bool:bold = true, fontColour = 0xFFFFFFFF, backgroundColour = 0, OBJECT_MATERIAL_TEXT_ALIGN:textAlignment = OBJECT_MATERIAL_TEXT_ALIGN_LEFT, OPEN_MP_TAGS:...);
openmultiplayer/omp-stdlib	openmultiplayer--omp-stdlib/omp_object.inc	1118	native bool:BeginPlayerObjectEditing(playerid, objectid);
openmultiplayer/omp-stdlib	openmultiplayer--omp-stdlib/omp_object.inc	1136	native bool:EditPlayerObject(playerid, objectid) = BeginPlayerObjectEditing;
openmultiplayer/omp-stdlib	openmultiplayer--omp-stdlib/omp_object.inc	1142	native Float:GetPlayerObjectDrawDistance(playerid, objectid);
openmultiplayer/omp-stdlib	openmultiplayer--omp-stdlib/omp_object.inc	1148	native bool:SetPlayerObjectMoveSpeed(playerid, objectid, Float:speed);
openmultiplayer/omp-stdlib	openmultiplayer--omp-stdlib/omp_object.inc	1154	native Float:GetPlayerObjectMoveSpeed(playerid, objectid);
openmultiplayer/omp-stdlib	openmultiplayer--omp-stdlib/omp_object.inc	1160	native bool:GetPlayerObjectTarget(playerid, objectid, &Float:targetX = 0.0, &Float:targetY = 0.0, &Float:targetZ = 0.0) = GetPlayerObjectMovingTargetPos;
openmultiplayer/omp-stdlib	openmultiplayer--omp-stdlib/omp_object.inc	1166	native bool:GetPlayerObjectAttachedData(playerid, objectid, &parentVehicle, &parentObject = 0, &parentPlayer = 0);
openmultiplayer/omp-stdlib	openmultiplayer--omp-stdlib/omp_object.inc	1172	native bool:GetPlayerObjectAttachedOffset(playerid, objectid, &Float:offsetX = 0.0, &Float:offsetY = 0.0, &Float:offsetZ = 0.0, &Float:rotationX = 0.0, &Float:rotationY = 0.0, &Float:rotationZ = 0.0);
openmultiplayer/omp-stdlib	openmultiplayer--omp-stdlib/omp_object.inc	1178	native bool:GetPlayerObjectSyncRotation(playerid, objectid);
openmultiplayer/omp-stdlib	openmultiplayer--omp-stdlib/omp_object.inc	1185	native IsPlayerObjectMaterialSlotUsed(playerid, objectid, materialIndex);
openmultiplayer/omp-stdlib	openmultiplayer--omp-stdlib/omp_object.inc	1191	native bool:GetPlayerObjectMaterial(playerid, objectid, materialIndex, &modelid, textureLibrary[], textureLibrarySize = sizeof (textureLibrary), textureName[], textureNameSize = sizeof (textureName), &materialColour = 0);
openmultiplayer/omp-stdlib	openmultiplayer--omp-stdlib/omp_object.inc	1197	native bool:GetPlayerObjectMaterialText(playerid, objectid, materialIndex, text[], textSize = sizeof (text), &OBJECT_MATERIAL_SIZE:materialSize, fontFace[], fontFaceSize = sizeof (fontFace), &fontSize = 0, &bool:bold = true, &fontColour = 0xFFFFFFFF, &backgroundColour = 0, &OBJECT_MATERIAL_TEXT_ALIGN:textAlignment = OBJECT_MATERIAL_TEXT_ALIGN_LEFT);
openmultiplayer/omp-stdlib	openmultiplayer--omp-stdlib/omp_object.inc	1203	native bool:IsPlayerObjectNoCameraCol(playerid, objectid);
openmultiplayer/omp-stdlib	openmultiplayer--omp-stdlib/omp_object.inc	1209	stock bool:HasPlayerObjectCameraCollision(playerid, objectid)
openmultiplayer/omp-stdlib	openmultiplayer--omp-stdlib/omp_object.inc	1218	native GetPlayerSurfingPlayerObjectID(playerid);
openmultiplayer/omp-stdlib	openmultiplayer--omp-stdlib/omp_object.inc	1224	native bool:GetPlayerObjectMovingTargetPos(playerid, objectid, &Float:targetX, &Float:targetY, &Float:targetZ);
openmultiplayer/omp-stdlib	openmultiplayer--omp-stdlib/omp_object.inc	1230	native bool:GetPlayerObjectMovingTargetRot(playerid, objectid, &Float:rotationX, &Float:rotationY, &Float:rotationZ);
openmultiplayer/omp-stdlib	openmultiplayer--omp-stdlib/omp_object.inc	1237	native GetPlayerCameraTargetPlayerObject(playerid);
openmultiplayer/omp-stdlib	openmultiplayer--omp-stdlib/omp_object.inc	1245	native GetPlayerCameraTargetPlayerObj(playerid);
openmultiplayer/omp-stdlib	openmultiplayer--omp-stdlib/omp_object.inc	1248	native # Attachments();
openmultiplayer/omp-stdlib	openmultiplayer--omp-stdlib/omp_object.inc	1249	native          Attachments(
openmultiplayer/omp-stdlib	openmultiplayer--omp-stdlib/omp_object.inc	1250	native      ====================(
openmultiplayer/omp-stdlib	openmultiplayer--omp-stdlib/omp_object.inc	1251	native
openmultiplayer/omp-stdlib	openmultiplayer--omp-stdlib/omp_object.inc	1258	native bool:GetPlayerAttachedObject(playerid, index, &modelid, &bone = 0, &Float:offsetX = 0.0, &Float:offsetY = 0.0, &Float:offsetZ = 0.0, &Float:rotationX = 0.0, &Float:rotationY = 0.0, &Float:rotationZ = 0.0, &Float:scaleX = 0.0, &Float:scaleY = 0.0, &Float:scaleZ = 0.0, &materialColour1 = 0, &materialColour2 = 0);
openmultiplayer/omp-stdlib	openmultiplayer--omp-stdlib/omp_object.inc	1309	native bool:SetPlayerAttachedObject(playerid, index, modelid, bone, Float:offsetX = 0.0, Float:offsetY = 0.0, Float:offsetZ = 0.0, Float:rotationX = 0.0, Float:rotationY = 0.0, Float:rotationZ = 0.0, Float:scaleX = 1.0, Float:scaleY = 1.0, Float:scaleZ = 1.0, materialColour1 = 0, materialColour2 = 0);
openmultiplayer/omp-stdlib	openmultiplayer--omp-stdlib/omp_object.inc	1320	native bool:RemovePlayerAttachedObject(playerid, index);
openmultiplayer/omp-stdlib	openmultiplayer--omp-stdlib/omp_object.inc	1331	native bool:IsPlayerAttachedObjectSlotUsed(playerid, index);
openmultiplayer/omp-stdlib	openmultiplayer--omp-stdlib/omp_object.inc	1361	native bool:EditAttachedObject(playerid, index);
openmultiplayer/omp-stdlib	openmultiplayer--omp-stdlib/omp_object.inc	1364	native # DL();
openmultiplayer/omp-stdlib	openmultiplayer--omp-stdlib/omp_object.inc	1365	native               DL(
openmultiplayer/omp-stdlib	openmultiplayer--omp-stdlib/omp_object.inc	1366	native      ====================(
openmultiplayer/omp-stdlib	openmultiplayer--omp-stdlib/omp_object.inc	1367	native
openmultiplayer/omp-stdlib	openmultiplayer--omp-stdlib/omp_object.inc	1373	native bool:AddCharModel(baseid, newid, const dff[], const textureLibrary[]);
openmultiplayer/omp-stdlib	openmultiplayer--omp-stdlib/omp_object.inc	1378	native bool:AddSimpleModel(virtualWorld, baseid, newid, const dff[], const textureLibrary[]);
openmultiplayer/omp-stdlib	openmultiplayer--omp-stdlib/omp_object.inc	1383	native bool:AddSimpleModelTimed(virtualWorld, baseid, newid, const dff[], const textureLibrary[], timeOn, timeOff);
openmultiplayer/omp-stdlib	openmultiplayer--omp-stdlib/omp_object.inc	1388	native FindModelFileNameFromCRC(crc, output[], size = sizeof (output));
openmultiplayer/omp-stdlib	openmultiplayer--omp-stdlib/omp_object.inc	1393	native FindTextureFileNameFromCRC(crc, output[], size = sizeof (output));
openmultiplayer/omp-stdlib	openmultiplayer--omp-stdlib/omp_object.inc	1398	native bool:RedirectDownload(playerid, const url[]);
openmultiplayer/omp-stdlib	openmultiplayer--omp-stdlib/omp_object.inc	1403	native bool:GetCustomModelPath(modelid, dffPath[], dffSize = sizeof (dffPath), txdPath[], txdSize = sizeof (txdPath));
openmultiplayer/omp-stdlib	openmultiplayer--omp-stdlib/omp_object.inc	1408	native bool:IsValidCustomModel(modelid);
openmultiplayer/omp-stdlib	openmultiplayer--omp-stdlib/omp_object.inc	1445	forward OnPlayerSelectObject(playerid, SELECT_OBJECT:type, objectid, modelid, Float:fX, Float:fY, Float:fZ);
openmultiplayer/omp-stdlib	openmultiplayer--omp-stdlib/omp_object.inc	1474	forward OnPlayerEditObject(playerid, playerobject, objectid, EDIT_RESPONSE:response, Float:fX, Float:fY, Float:fZ, Float:fRotX, Float:fRotY, Float:fRotZ);
openmultiplayer/omp-stdlib	openmultiplayer--omp-stdlib/omp_object.inc	1503	forward OnPlayerEditAttachedObject(playerid, EDIT_RESPONSE:response, index, modelid, boneid, Float:fOffsetX, Float:fOffsetY, Float:fOffsetZ, Float:fRotX, Float:fRotY, Float:fRotZ, Float:fScaleX, Float:fScaleY, Float:fScaleZ);
openmultiplayer/omp-stdlib	openmultiplayer--omp-stdlib/omp_object.inc	1520	forward OnObjectMoved(objectid);
openmultiplayer/omp-stdlib	openmultiplayer--omp-stdlib/omp_object.inc	1537	forward OnPlayerObjectMoved(playerid, objectid);
openmultiplayer/omp-stdlib	openmultiplayer--omp-stdlib/omp_checkpoint.inc	75	native # Player Checkpoints();
openmultiplayer/omp-stdlib	openmultiplayer--omp-stdlib/omp_checkpoint.inc	76	native       Player Checkpoints(
openmultiplayer/omp-stdlib	openmultiplayer--omp-stdlib/omp_checkpoint.inc	77	native      ====================(
openmultiplayer/omp-stdlib	openmultiplayer--omp-stdlib/omp_checkpoint.inc	78	native
openmultiplayer/omp-stdlib	openmultiplayer--omp-stdlib/omp_checkpoint.inc	105	native bool:SetPlayerCheckpoint(playerid, Float:centreX, Float:centreY, Float:centreZ, Float:radius);
openmultiplayer/omp-stdlib	openmultiplayer--omp-stdlib/omp_checkpoint.inc	127	native bool:DisablePlayerCheckpoint(playerid);
openmultiplayer/omp-stdlib	openmultiplayer--omp-stdlib/omp_checkpoint.inc	145	native bool:IsPlayerInCheckpoint(playerid);
openmultiplayer/omp-stdlib	openmultiplayer--omp-stdlib/omp_checkpoint.inc	162	native bool:IsPlayerCheckpointActive(playerid);
openmultiplayer/omp-stdlib	openmultiplayer--omp-stdlib/omp_checkpoint.inc	183	native bool:GetPlayerCheckpoint(playerid, &Float:centreX = 0.0, &Float:centreY = 0.0, &Float:centreZ = 0.0, &Float:radius = 0.0);
openmultiplayer/omp-stdlib	openmultiplayer--omp-stdlib/omp_checkpoint.inc	186	native # Race Checkpoints();
openmultiplayer/omp-stdlib	openmultiplayer--omp-stdlib/omp_checkpoint.inc	187	native        Race Checkpoints(
openmultiplayer/omp-stdlib	openmultiplayer--omp-stdlib/omp_checkpoint.inc	188	native      ====================(
openmultiplayer/omp-stdlib	openmultiplayer--omp-stdlib/omp_checkpoint.inc	189	native
openmultiplayer/omp-stdlib	openmultiplayer--omp-stdlib/omp_checkpoint.inc	231	native bool:SetPlayerRaceCheckpoint(playerid, CP_TYPE:type, Float:centreX, Float:centreY, Float:centreZ, Float:nextX, Float:nextY, Float:nextZ, Float:radius);
openmultiplayer/omp-stdlib	openmultiplayer--omp-stdlib/omp_checkpoint.inc	248	native bool:DisablePlayerRaceCheckpoint(playerid);
openmultiplayer/omp-stdlib	openmultiplayer--omp-stdlib/omp_checkpoint.inc	266	native bool:IsPlayerInRaceCheckpoint(playerid);
openmultiplayer/omp-stdlib	openmultiplayer--omp-stdlib/omp_checkpoint.inc	283	native bool:IsPlayerRaceCheckpointActive(playerid);
openmultiplayer/omp-stdlib	openmultiplayer--omp-stdlib/omp_checkpoint.inc	307	native bool:GetPlayerRaceCheckpoint(playerid, &Float:centreX = 0.0, &Float:centreY = 0.0, &Float:centreZ = 0.0, &Float:nextX = 0.0, &Float:nextY = 0.0, &Float:nextZ = 0.0, &Float:radius = 0.0);
openmultiplayer/omp-stdlib	openmultiplayer--omp-stdlib/omp_checkpoint.inc	342	forward OnPlayerEnterCheckpoint(playerid);
openmultiplayer/omp-stdlib	openmultiplayer--omp-stdlib/omp_checkpoint.inc	364	forward OnPlayerLeaveCheckpoint(playerid);
openmultiplayer/omp-stdlib	openmultiplayer--omp-stdlib/omp_checkpoint.inc	384	forward OnPlayerEnterRaceCheckpoint(playerid);
openmultiplayer/omp-stdlib	openmultiplayer--omp-stdlib/omp_checkpoint.inc	404	forward OnPlayerLeaveRaceCheckpoint(playerid);
pawn-lang/YSI-Includes	pawn-lang--YSI-Includes/YSI_Core/y_profiling.inc	292	stock DumpProfilingTime(const string:name[], const timings[], iters, size = sizeof (timings))
pawn-lang/YSI-Includes	pawn-lang--YSI-Includes/YSI_Core/y_profiling.inc	344	stock bool:Profiling_Run(&profilings)
pawn-lang/YSI-Includes	pawn-lang--YSI-Includes/YSI_Core/y_profiling.inc	378	forward OnProfilingsComplete(profilings, fails);
pawn-lang/YSI-Includes	pawn-lang--YSI-Includes/YSI_Core/y_profiling.inc	417	stock Profiling_RunAll()
pawn-lang/YSI-Includes	pawn-lang--YSI-Includes/YSI_Core/y_profiling.inc	446	stock __PA(const name[])
pawn-lang/YSI-Includes	pawn-lang--YSI-Includes/YSI_Core/y_profiling.inc	451	stock __PB(const name[], results[], iters, size = sizeof (results))
pawn-lang/YSI-Includes	pawn-lang--YSI-Includes/YSI_Extra/y_inline_timers.inc	191	stock Timer_CreateCallback(Func:func<>, initialOrTime, timeOrCount = 0, count = -1)
pawn-lang/YSI-Includes	pawn-lang--YSI-Includes/YSI_Extra/y_inline_timers.inc	226	stock SetCallbackTimer(Func:func<>, initialOrTime, timeOrCount = 0, count = -1)
pawn-lang/YSI-Includes	pawn-lang--YSI-Includes/YSI_Extra/y_inline_timers.inc	244	stock Timer_KillCallback(func)
pawn-lang/YSI-Includes	pawn-lang--YSI-Includes/YSI_Extra/y_inline_timers.inc	268	stock KillCallbackTimer(func)
pawn-lang/YSI-Includes	pawn-lang--YSI-Includes/YSI_Extra/y_inline_streamer.inc	132	native bool:BAD_Streamer_HasIntData(STREAMER_TYPE:type, STREAMER_ALL_TAGS:id, data, fakeExtraParameter = 0) = Streamer_HasIntData;
pawn-lang/YSI-Includes	pawn-lang--YSI-Includes/YSI_Extra/y_inline_streamer.inc	134	stock bool:YSI_Streamer_HasIntData(STREAMER_TYPE:type, STREAMER_ALL_TAGS:id, data, fakeExtraParameter = 0)
pawn-lang/YSI-Includes	pawn-lang--YSI-Includes/YSI_Extra/y_inline_streamer.inc	152	native bool:BAD_Streamer_RemoveIntData(STREAMER_TYPE:type, STREAMER_ALL_TAGS:id, data, fakeExtraParameter = 0) = Streamer_RemoveIntData;
pawn-lang/YSI-Includes	pawn-lang--YSI-Includes/YSI_Extra/y_inline_streamer.inc	154	stock bool:YSI_Streamer_RemoveIntData(STREAMER_TYPE:type, STREAMER_ALL_TAGS:id, data, fakeExtraParameter = 0)
pawn-lang/YSI-Includes	pawn-lang--YSI-Includes/YSI_Extra/y_inline_streamer.inc	170	stock bool:YSI_Streamer_GetFloatData(STREAMER_TYPE:type, STREAMER_ALL_TAGS:id, data, &Float:result)
pawn-lang/YSI-Includes	pawn-lang--YSI-Includes/YSI_Extra/y_inline_streamer.inc	195	stock bool:YSI_Streamer_SetFloatData(STREAMER_TYPE:type, STREAMER_ALL_TAGS:id, data, Float:value)
pawn-lang/YSI-Includes	pawn-lang--YSI-Includes/YSI_Extra/y_inline_streamer.inc	214	stock bool:YSI_Streamer_HasFloatData(STREAMER_TYPE:type, STREAMER_ALL_TAGS:id, data)
pawn-lang/YSI-Includes	pawn-lang--YSI-Includes/YSI_Extra/y_inline_streamer.inc	226	stock bool:YSI_Streamer_RemoveFloatData(STREAMER_TYPE:type, STREAMER_ALL_TAGS:id, data)
pawn-lang/YSI-Includes	pawn-lang--YSI-Includes/YSI_Extra/y_inline_streamer.inc	241	forward OnDynamicObjectMoved(STREAMER_TAG_OBJECT:objectid);
pawn-lang/YSI-Includes	pawn-lang--YSI-Includes/YSI_Extra/y_inline_streamer.inc	268	forward Inline_OnDynamicObjectMoved(STREAMER_TAG_OBJECT:objectid);
pawn-lang/YSI-Includes	pawn-lang--YSI-Includes/YSI_Extra/y_inline_streamer.inc	272	stock Inline_StopDynamicObject(STREAMER_TAG_OBJECT:objectid)
pawn-lang/YSI-Includes	pawn-lang--YSI-Includes/YSI_Extra/y_inline_streamer.inc	292	stock Inline_DestroyDynamicObject(STREAMER_TAG_OBJECT:objectid)
pawn-lang/YSI-Includes	pawn-lang--YSI-Includes/YSI_Extra/y_inline_streamer.inc	311	stock MoveDynamicObjectCallback(STREAMER_TAG_OBJECT:objectid, Func:onMoved<i>, Float:x, Float:y, Float:z, Float:speed, Float:rx = -1000.0, Float:ry = -1000.0, Float:rz = -1000.0)
pawn-lang/YSI-Includes	pawn-lang--YSI-Includes/YSI_Extra/y_inline_streamer.inc	325	stock Inline_DestroyDynamicCP(STREAMER_TAG_CP:checkpointid)
pawn-lang/YSI-Includes	pawn-lang--YSI-Includes/YSI_Extra/y_inline_streamer.inc	344	stock STREAMER_TAG_CP:CreateDynamicCPCallback(Func:onEnter<ii>, Float:x, Float:y, Float:z, Float:size, worldid = -1, interiorid = -1, playerid = -1, Float:streamdistance = STREAMER_CP_SD, STREAMER_TAG_AREA:areaid = STREAMER_TAG_AREA:-1, priority = 0)
pawn-lang/YSI-Includes	pawn-lang--YSI-Includes/YSI_Extra/y_inline_streamer.inc	361	stock Inline_DestroyDynamicPickup(STREAMER_TAG_PICKUP:pickupid)
pawn-lang/YSI-Includes	pawn-lang--YSI-Includes/YSI_Extra/y_inline_streamer.inc	380	stock STREAMER_TAG_PICKUP:CreateDynamicPickupCallback(Func:onEnter<ii>, modelid, type, Float:x, Float:y, Float:z, worldid = -1, interiorid = -1, playerid = -1, Float:streamdistance = STREAMER_PICKUP_SD, STREAMER_TAG_AREA:areaid = STREAMER_TAG_AREA:-1, priority = 0)
pawn-lang/YSI-Includes	pawn-lang--YSI-Includes/YSI_Extra/y_inline_streamer.inc	397	stock Inline_DestroyDynamicRaceCP(STREAMER_TAG_RACE_CP:checkpointid)
pawn-lang/YSI-Includes	pawn-lang--YSI-Includes/YSI_Extra/y_inline_streamer.inc	416	stock STREAMER_TAG_RACE_CP:CreateDynamicRaceCPCallback(Func:onEnter<ii>, type, Float:x, Float:y, Float:z, Float:nextx, Float:nexty, Float:nextz, Float:size, worldid = -1, interiorid = -1, playerid = -1, Float:streamdistance = STREAMER_RACE_CP_SD, STREAMER_TAG_AREA:areaid = STREAMER_TAG_AREA:-1, priority = 0)
pawn-lang/YSI-Includes	pawn-lang--YSI-Includes/YSI_Extra/y_inline_streamer.inc	433	stock Inline_DestroyDynamicArea(STREAMER_TAG_AREA:areaid)
pawn-lang/YSI-Includes	pawn-lang--YSI-Includes/YSI_Extra/y_inline_streamer.inc	485	forward OnDynamicObjectMoved(STREAMER_TAG_OBJECT:objectid);
pawn-lang/YSI-Includes	pawn-lang--YSI-Includes/YSI_Extra/y_inline_streamer.inc	511	forward Inline_OnDynamicObjectMoved(STREAMER_TAG_OBJECT:objectid);
pawn-lang/YSI-Includes	pawn-lang--YSI-Includes/YSI_Extra/y_inline_streamer.inc	515	stock Inline_StopDynamicObject(STREAMER_TAG_OBJECT:objectid)
pawn-lang/YSI-Includes	pawn-lang--YSI-Includes/YSI_Extra/y_inline_streamer.inc	534	stock Inline_DestroyDynamicObject(STREAMER_TAG_OBJECT:objectid)
pawn-lang/YSI-Includes	pawn-lang--YSI-Includes/YSI_Extra/y_inline_streamer.inc	553	stock MoveDynamicObjectCallback(STREAMER_TAG_OBJECT:objectid, Func:onMoved<i>, Float:x, Float:y, Float:z, Float:speed, Float:rx = -1000.0, Float:ry = -1000.0, Float:rz = -1000.0)
pawn-lang/YSI-Includes	pawn-lang--YSI-Includes/YSI_Extra/y_inline_streamer.inc	567	stock Inline_DestroyDynamicCP(STREAMER_TAG_CP:checkpointid)
pawn-lang/YSI-Includes	pawn-lang--YSI-Includes/YSI_Extra/y_inline_streamer.inc	586	stock STREAMER_TAG_CP:CreateDynamicCPCallback(Func:onEnter<ii>, Float:x, Float:y, Float:z, Float:size, worldid = -1, interiorid = -1, playerid = -1, Float:streamdistance = STREAMER_CP_SD, STREAMER_TAG_AREA:areaid = STREAMER_TAG_AREA:-1, priority = 0)
pawn-lang/YSI-Includes	pawn-lang--YSI-Includes/YSI_Extra/y_inline_streamer.inc	601	stock Inline_DestroyDynamicPickup(STREAMER_TAG_PICKUP:pickupid)
pawn-lang/YSI-Includes	pawn-lang--YSI-Includes/YSI_Extra/y_inline_streamer.inc	620	stock STREAMER_TAG_PICKUP:CreateDynamicPickupCallback(Func:onEnter<ii>, modelid, type, Float:x, Float:y, Float:z, worldid = -1, interiorid = -1, playerid = -1, Float:streamdistance = STREAMER_PICKUP_SD, STREAMER_TAG_AREA:areaid = STREAMER_TAG_AREA:-1, priority = 0)
pawn-lang/YSI-Includes	pawn-lang--YSI-Includes/YSI_Extra/y_inline_streamer.inc	635	stock Inline_DestroyDynamicRaceCP(STREAMER_TAG_RACE_CP:checkpointid)
pawn-lang/YSI-Includes	pawn-lang--YSI-Includes/YSI_Extra/y_inline_streamer.inc	654	stock STREAMER_TAG_RACE_CP:CreateDynamicRaceCPCallback(Func:onEnter<ii>, type, Float:x, Float:y, Float:z, Float:nextx, Float:nexty, Float:nextz, Float:size, worldid = -1, interiorid = -1, playerid = -1, Float:streamdistance = STREAMER_RACE_CP_SD, STREAMER_TAG_AREA:areaid = STREAMER_TAG_AREA:-1, priority = 0)
pawn-lang/YSI-Includes	pawn-lang--YSI-Includes/YSI_Extra/y_inline_streamer.inc	669	stock Inline_DestroyDynamicArea(STREAMER_TAG_AREA:areaid)
pawn-lang/YSI-Includes	pawn-lang--YSI-Includes/YSI_Extra/y_inline_streamer.inc	703	stock Inline_DestroyDynamicMapIcon(STREAMER_TAG_MAP_ICON:iconid)
pawn-lang/YSI-Includes	pawn-lang--YSI-Includes/YSI_Extra/y_inline_streamer.inc	717	stock Inline_DestroyDynamic3DTextLabel(STREAMER_TAG_3D_TEXT_LABEL:id)
pawn-lang/YSI-Includes	pawn-lang--YSI-Includes/YSI_Extra/y_inline_streamer.inc	731	stock Inline_DestroyDynamicActor(STREAMER_TAG_ACTOR:actorid)
pawn-lang/YSI-Includes	pawn-lang--YSI-Includes/YSI_Extra/y_inline_streamer.inc	744	stock STREAMER_TAG_AREA:CreateDynamicCircleCallback(Func:onEnter<ii>, Float:x, Float:y, Float:size, worldid = -1, interiorid = -1, playerid = -1, priority = 0)
pawn-lang/YSI-Includes	pawn-lang--YSI-Includes/YSI_Extra/y_inline_streamer.inc	749	stock STREAMER_TAG_AREA:CreateDynamicCylinderCallback(Func:onEnter<ii>, Float:x, Float:y, Float:minz, Float:maxz, Float:size, worldid = -1, interiorid = -1, playerid = -1, priority = 0)
pawn-lang/YSI-Includes	pawn-lang--YSI-Includes/YSI_Extra/y_inline_streamer.inc	754	stock STREAMER_TAG_AREA:CreateDynamicSphereCallback(Func:onEnter<ii>, Float:x, Float:y, Float:z, Float:size, worldid = -1, interiorid = -1, playerid = -1, priority = 0)
pawn-lang/YSI-Includes	pawn-lang--YSI-Includes/YSI_Extra/y_inline_streamer.inc	759	stock STREAMER_TAG_AREA:CreateDynamicRectangleCallback(Func:onEnter<ii>, Float:minx, Float:miny, Float:maxx, Float:maxy, worldid = -1, interiorid = -1, playerid = -1, priority = 0)
pawn-lang/YSI-Includes	pawn-lang--YSI-Includes/YSI_Extra/y_inline_streamer.inc	764	stock STREAMER_TAG_AREA:CreateDynamicCuboidCallback(Func:onEnter<ii>, Float:minx, Float:miny, Float:minz, Float:maxx, Float:maxy, Float:maxz, worldid = -1, interiorid = -1, playerid = -1, priority = 0)
pawn-lang/YSI-Includes	pawn-lang--YSI-Includes/YSI_Extra/y_inline_streamer.inc	769	stock STREAMER_TAG_AREA:CreateDynamicCubeCallback(Func:onEnter<ii>, Float:minx, Float:miny, Float:minz, Float:maxx, Float:maxy, Float:maxz, worldid = -1, interiorid = -1, playerid = -1, priority = 0)
pawn-lang/YSI-Includes	pawn-lang--YSI-Includes/YSI_Extra/y_inline_streamer.inc	774	stock STREAMER_TAG_AREA:CreateDynamicPolygonCallback(Func:onEnter<ii>, const Float:points[], Float:minz = -FLOAT_INFINITY, Float:maxz = FLOAT_INFINITY, maxpoints = sizeof (points), worldid = -1, interiorid = -1, playerid = -1, priority = 0)
pawn-lang/YSI-Includes	pawn-lang--YSI-Includes/YSI_Extra/y_inline_mysql.inc	101	stock MySQL_PQueryInline(MySQL:handle, Func:cb<>, const query[], GLOBAL_TAG_TYPES:...)
pawn-lang/YSI-Includes	pawn-lang--YSI-Includes/YSI_Extra/y_inline_mysql.inc	115	stock MySQL_TQueryInline(MySQL:handle, Func:cb<>, const query[], GLOBAL_TAG_TYPES:...)
pawn-lang/YSI-Includes	pawn-lang--YSI-Includes/YSI_Extra/y_inline_mysql.inc	129	stock ORM_SelectInline(ORM:id, Func:cb<>)
pawn-lang/YSI-Includes	pawn-lang--YSI-Includes/YSI_Extra/y_inline_mysql.inc	139	stock ORM_UpdateInline(ORM:id, Func:cb<>)
pawn-lang/YSI-Includes	pawn-lang--YSI-Includes/YSI_Extra/y_inline_mysql.inc	149	stock ORM_InsertInline(ORM:id, Func:cb<>)
pawn-lang/YSI-Includes	pawn-lang--YSI-Includes/YSI_Extra/y_inline_mysql.inc	159	stock ORM_DeleteInline(ORM:id, Func:cb<>)
pawn-lang/YSI-Includes	pawn-lang--YSI-Includes/YSI_Extra/y_inline_mysql.inc	169	stock ORM_LoadInline(ORM:id, Func:cb<>)
pawn-lang/YSI-Includes	pawn-lang--YSI-Includes/YSI_Extra/y_inline_mysql.inc	179	stock ORM_SaveInline(ORM:id, Func:cb<>)
pawn-lang/YSI-Includes	pawn-lang--YSI-Includes/YSI_Extra/y_inline_requests.inc	106	stock Request:RequestCallback(RequestsClient:id, const path[], E_HTTP_METHOD:method, Func:callback<iisi>, body[] = "", Headers:headers = Headers:-1)
pawn-lang/YSI-Includes	pawn-lang--YSI-Includes/YSI_Extra/y_inline_requests.inc	118	stock Request:RequestJSONCallback(RequestsClient:id, const path[], E_HTTP_METHOD:method, Func:callback<iii>, Node:json = Node:-1, Headers:headers = Headers:-1)
pawn-lang/YSI-Includes	pawn-lang--YSI-Includes/YSI_Extra/y_inline_requests.inc	130	forward OnGetRequestData(Request:id, E_HTTP_STATUS:status, data[], dataLen);
pawn-lang/YSI-Includes	pawn-lang--YSI-Includes/YSI_Extra/y_inline_requests.inc	144	forward OnGetRequestJson(Request:id, E_HTTP_STATUS:status, Node:node);
pawn-lang/YSI-Includes	pawn-lang--YSI-Includes/md-sort/md-sort.inc	35	stock
pawn-lang/YSI-Includes	pawn-lang--YSI-Includes/md-sort/md-sort.inc	45	stock const
pawn-lang/YSI-Includes	pawn-lang--YSI-Includes/md-sort/md-sort.inc	51	stock SortDeepArray_Entry(&{Float, String, string, _}:cmp1, &_:cmp2, size, cmp_tag = tagof(cmp1), bool:cmp_string = false, bool:ignorecase = false, E_SORT_ORDER:order = SORT_ASC, limit = cellmax, array[][], ...) {
pawn-lang/YSI-Includes	pawn-lang--YSI-Includes/md-sort/md-sort.inc	85	stock _SortDeepArray(array[][], left, right, limit) {
pawn-lang/YSI-Includes	pawn-lang--YSI-Includes/md-sort/md-sort.inc	219	stock ExchangeArraySlots(array[][], slot1, slot2) {
pawn-lang/YSI-Includes	pawn-lang--YSI-Includes/md-sort/md-sort.inc	270	stock ShuffleDeepArray_Entry(...) {
pawn-lang/YSI-Includes	pawn-lang--YSI-Includes/md-sort/md-sort.inc	320	stock ResetDeepArray_Entry(...) {
pawn-lang/YSI-Includes	pawn-lang--YSI-Includes/md-sort/md-sort.inc	361	forward %1(%2); public %1(%2)
pawn-lang/YSI-Includes	pawn-lang--YSI-Includes/md-sort/md-sort.inc	400	stock SortArrayUsingComparator_Entry(size, ...) {
pawn-lang/YSI-Includes	pawn-lang--YSI-Includes/md-sort/md-sort.inc	446	stock SortArrayUsingComparator_QS(array, func, left, right) {
pawn-lang/YSI-Includes	pawn-lang--YSI-Includes/md-sort/md-sort.inc	583	stock SortArrayUsingCompInto_Entry(results[], size, ...) {
pawn-lang/YSI-Includes	pawn-lang--YSI-Includes/md-sort/md-sort.inc	660	stock SortArrayUsingCompInto_QS(array, results[], func, left, right) {
pawn-lang/YSI-Includes	pawn-lang--YSI-Includes/amx/addressof_light.inc	114	stock __ARR[1] = {};
pawn-lang/YSI-Includes	pawn-lang--YSI-Includes/amx/addressof_light.inc	117	stock __REF = 0;
pawn-lang/YSI-Includes	pawn-lang--YSI-Includes/amx/addressof_light.inc	120	stock gAddressOfReturnVar_ = 0;
pawn-lang/YSI-Includes	pawn-lang--YSI-Includes/amx/addressof_light.inc	123	forward bool:AddressOfGetNextCall_();
pawn-lang/YSI-Includes	pawn-lang--YSI-Includes/amx/addressof_light.inc	143	stock bool:AddressOfGetNextCall_() {
pawn-lang/YSI-Includes	pawn-lang--YSI-Includes/amx/opcode.inc	138	stock const gAMXOpcodeParameterCounts[] = {
pawn-lang/YSI-Includes	pawn-lang--YSI-Includes/amx/opcode.inc	155	stock const gAMXOpcodeNeedsReloc[] = {
pawn-lang/YSI-Includes	pawn-lang--YSI-Includes/amx/opcode.inc	178	stock const gAMXOpcodeNames[][OPCODE_MAX_INSN_NAME] = {
pawn-lang/YSI-Includes	pawn-lang--YSI-Includes/amx/opcode.inc	206	stock const gAMXOpcodeBaseSizes[] = {
pawn-lang/YSI-Includes	pawn-lang--YSI-Includes/amx/opcode.inc	219	forward Opcode:UnsafeUnrelocateOpcode(Opcode:opcode);
pawn-lang/YSI-Includes	pawn-lang--YSI-Includes/amx/opcode.inc	257	forward Opcode:RelocateMacroOpcodeNow(Opcode:opcode);
pawn-lang/YSI-Includes	pawn-lang--YSI-Includes/amx/opcode.inc	264	stock Opcode:RelocateOpcodeNow(Opcode:opcode) {
pawn-lang/YSI-Includes	pawn-lang--YSI-Includes/amx/opcode.inc	834	stock bool:IsOpcodeValid(Opcode:opcode) {
pawn-lang/YSI-Includes	pawn-lang--YSI-Includes/amx/opcode.inc	936	stock Opcode:RelocateOpcode(Opcode:opcode) {
pawn-lang/YSI-Includes	pawn-lang--YSI-Includes/amx/opcode.inc	944	stock bool:IsOpcodeRelocationRequired() {
pawn-lang/YSI-Includes	pawn-lang--YSI-Includes/amx/opcode.inc	1123	stock Opcode:UnrelocateOpcode(Opcode:opcode) {
pawn-lang/YSI-Includes	pawn-lang--YSI-Includes/amx/opcode.inc	1141	stock GetOpcodeInstructionName(Opcode:opcode) {
pawn-lang/YSI-Includes	pawn-lang--YSI-Includes/amx/opcode.inc	1150	stock GetOpcodeInstructionParameters(Opcode:opcode) {
pawn-lang/YSI-Includes	pawn-lang--YSI-Includes/amx/opcode.inc	1158	stock bool:GetOpcodeInstructionRelocatable(Opcode:opcode) {
pawn-lang/YSI-Includes	pawn-lang--YSI-Includes/amx/opcode.inc	1170	stock Opcode:RelocateMacroOpcodeNow(Opcode:opcode) {
pawn-lang/YSI-Includes	pawn-lang--YSI-Includes/amx/phys_memory.inc	81	stock refabs(...) {
pawn-lang/YSI-Includes	pawn-lang--YSI-Includes/amx/phys_memory.inc	94	stock refwide(&wide, ...) {
pawn-lang/YSI-Includes	pawn-lang--YSI-Includes/amx/phys_memory.inc	104	stock ReadPhysMemory(address, dest[], num = sizeof(dest)) {
pawn-lang/YSI-Includes	pawn-lang--YSI-Includes/amx/phys_memory.inc	129	stock WritePhysMemory(address, src[], num = sizeof(src)) {
pawn-lang/YSI-Includes	pawn-lang--YSI-Includes/amx/phys_memory.inc	154	stock ReadPhysMemoryCell(address) {
pawn-lang/YSI-Includes	pawn-lang--YSI-Includes/amx/phys_memory.inc	164	stock WritePhysMemoryCell(address, what) {
pawn-lang/YSI-Includes	pawn-lang--YSI-Includes/amx/disasm.inc	80	stock DisasmInit(ctx[DisasmContext], start = 0, end = 0) {
pawn-lang/YSI-Includes	pawn-lang--YSI-Includes/amx/disasm.inc	111	stock bool:DisasmDecodeInsn(ctx[DisasmContext]) {
pawn-lang/YSI-Includes	pawn-lang--YSI-Includes/amx/disasm.inc	136	stock DisasmResult:DisasmNext(ctx[DisasmContext]) {
pawn-lang/YSI-Includes	pawn-lang--YSI-Includes/amx/disasm.inc	156	stock Opcode:DisasmNextInsn(ctx[DisasmContext]) {
pawn-lang/YSI-Includes	pawn-lang--YSI-Includes/amx/disasm.inc	164	stock Opcode:DisasmGetOpcode(const ctx[DisasmContext]) {
pawn-lang/YSI-Includes	pawn-lang--YSI-Includes/amx/disasm.inc	169	stock DisasmGetOperand(const ctx[DisasmContext], index = 0) {
pawn-lang/YSI-Includes	pawn-lang--YSI-Includes/amx/disasm.inc	174	stock DisasmGetNumOperands(const ctx[DisasmContext]) {
pawn-lang/YSI-Includes	pawn-lang--YSI-Includes/amx/disasm.inc	185	stock bool:DisasmNeedReloc(const ctx[DisasmContext]) {
pawn-lang/YSI-Includes	pawn-lang--YSI-Includes/amx/disasm.inc	190	stock DisasmReloc(addr) {
pawn-lang/YSI-Includes	pawn-lang--YSI-Includes/amx/disasm.inc	195	stock DisasmGetNextIp(const ctx[DisasmContext]) {
pawn-lang/YSI-Includes	pawn-lang--YSI-Includes/amx/disasm.inc	200	stock DisasmGetCurIp(const ctx[DisasmContext]) {
pawn-lang/YSI-Includes	pawn-lang--YSI-Includes/amx/disasm.inc	205	stock DisasmGetRemaining(const ctx[DisasmContext]) {
pawn-lang/YSI-Includes	pawn-lang--YSI-Includes/amx/disasm.inc	210	stock DisasmGetInsnName(const ctx[DisasmContext], name[], size = sizeof(name)) {
pawn-lang/YSI-Includes	pawn-lang--YSI-Includes/amx/disasm.inc	216	stock DisasmGetOperandReloc(const ctx[DisasmContext], index = 0) {
pawn-lang/YSI-Includes	pawn-lang--YSI-Includes/amx/disasm.inc	283	stock DisasmWriteCode(File:file) {
pawn-lang/YSI-Includes	pawn-lang--YSI-Includes/amx/disasm.inc	421	stock DisasmWriteDataRowChar(File:file, start, num, max) {
pawn-lang/YSI-Includes	pawn-lang--YSI-Includes/amx/disasm.inc	456	stock DisasmWriteDataRowHex(File:file, start, num, max) {
pawn-lang/YSI-Includes	pawn-lang--YSI-Includes/amx/disasm.inc	472	stock DisasmWriteData(File:file) {
pawn-lang/YSI-Includes	pawn-lang--YSI-Includes/amx/disasm.inc	493	stock DisasmWriteFile(File:file) {
pawn-lang/YSI-Includes	pawn-lang--YSI-Includes/amx/disasm.inc	499	stock bool:DisasmWrite(const filename[]) {
pawn-lang/YSI-Includes	pawn-lang--YSI-Includes/amx/disasm.inc	510	stock DisasmDump(const filename[]) {
pawn-lang/YSI-Includes	pawn-lang--YSI-Includes/amx/stack_trace.inc	48	stock GetFunctionFromReturnAddress(ret_addr) {
pawn-lang/YSI-Includes	pawn-lang--YSI-Includes/amx/stack_trace.inc	68	stock GetStackTrace(trace[], skip = 0, max = sizeof(trace)) {
pawn-lang/YSI-Includes	pawn-lang--YSI-Includes/amx/stack_trace.inc	93	stock PrintStackTrace(trace[], max = sizeof(trace)) {
pawn-lang/YSI-Includes	pawn-lang--YSI-Includes/amx/amx_header.inc	145	forward bool:GetPublicInfo(index, info[AMX_FUNCSTUBNT]);
pawn-lang/YSI-Includes	pawn-lang--YSI-Includes/amx/amx_header.inc	146	forward GetPublicIndexFromAddress(address);
pawn-lang/YSI-Includes	pawn-lang--YSI-Includes/amx/amx_header.inc	149	forward GetPublicAddressFromName(const name[]);
pawn-lang/YSI-Includes	pawn-lang--YSI-Includes/amx/amx_header.inc	150	forward GetPublicAddressFromIndex(index);
pawn-lang/YSI-Includes	pawn-lang--YSI-Includes/amx/amx_header.inc	151	forward bool:GetPublicNameFromIndex(index, name[], size = sizeof(name));
pawn-lang/YSI-Includes	pawn-lang--YSI-Includes/amx/amx_header.inc	152	forward bool:GetPublicNameFromAddress(address, name[], size = sizeof(name));
pawn-lang/YSI-Includes	pawn-lang--YSI-Includes/amx/amx_header.inc	153	forward HookPublic(index, address);
pawn-lang/YSI-Includes	pawn-lang--YSI-Includes/amx/amx_header.inc	156	forward bool:GetTagInfo(index, info[AMX_FUNCSTUBNT]);
pawn-lang/YSI-Includes	pawn-lang--YSI-Includes/amx/amx_header.inc	157	forward GetTagIndexFromID(id);
pawn-lang/YSI-Includes	pawn-lang--YSI-Includes/amx/amx_header.inc	158	forward GetTagIndexFromName(const name[]);
pawn-lang/YSI-Includes	pawn-lang--YSI-Includes/amx/amx_header.inc	159	forward GetTagIDFromName(const name[]);
pawn-lang/YSI-Includes	pawn-lang--YSI-Includes/amx/amx_header.inc	160	forward GetTagIDFromIndex(index);
pawn-lang/YSI-Includes	pawn-lang--YSI-Includes/amx/amx_header.inc	161	forward bool:GetTagNameFromIndex(index, name[], size = sizeof(name));
pawn-lang/YSI-Includes	pawn-lang--YSI-Includes/amx/amx_header.inc	162	forward bool:GetTagNameFromID(id, name[], size = sizeof(name));
pawn-lang/YSI-Includes	pawn-lang--YSI-Includes/amx/amx_header.inc	165	forward bool:GetNativeInfo(index, info[AMX_FUNCSTUBNT]);
pawn-lang/YSI-Includes	pawn-lang--YSI-Includes/amx/amx_header.inc	166	forward GetNativeIndexFromAddress(address, wide = 0);
pawn-lang/YSI-Includes	pawn-lang--YSI-Includes/amx/amx_header.inc	167	forward GetNativeIndexFromAddressWide(address, wide);
pawn-lang/YSI-Includes	pawn-lang--YSI-Includes/amx/amx_header.inc	168	forward GetNativeIndexFromName(const name[]);
pawn-lang/YSI-Includes	pawn-lang--YSI-Includes/amx/amx_header.inc	169	forward GetNativeAddressFromName(const name[], &wide = 0);
pawn-lang/YSI-Includes	pawn-lang--YSI-Includes/amx/amx_header.inc	170	forward GetNativeAddressFromIndex(index, &wide = 0);
pawn-lang/YSI-Includes	pawn-lang--YSI-Includes/amx/amx_header.inc	171	forward bool:GetNativeNameFromIndex(index, name[], size = sizeof(name));
pawn-lang/YSI-Includes	pawn-lang--YSI-Includes/amx/amx_header.inc	172	forward bool:GetNativeNameFromAddress(address, name[], size = sizeof(name));
pawn-lang/YSI-Includes	pawn-lang--YSI-Includes/amx/amx_header.inc	173	forward bool:GetNativeNameFromAddressWide(address, wide, name[], size = sizeof(name));
pawn-lang/YSI-Includes	pawn-lang--YSI-Includes/amx/amx_header.inc	174	forward HookNative(index, address, wide = 0, &old_wide = 0);
pawn-lang/YSI-Includes	pawn-lang--YSI-Includes/amx/amx_header.inc	177	forward bool:GetPubVarInfo(index, info[AMX_FUNCSTUBNT]);
pawn-lang/YSI-Includes	pawn-lang--YSI-Includes/amx/amx_header.inc	178	forward GetPubVarIndexFromName(const name[]);
pawn-lang/YSI-Includes	pawn-lang--YSI-Includes/amx/amx_header.inc	179	forward GetPubVarIndexFromAddress(address);
pawn-lang/YSI-Includes	pawn-lang--YSI-Includes/amx/amx_header.inc	180	forward GetPubVarAddressFromName(const name[]);
pawn-lang/YSI-Includes	pawn-lang--YSI-Includes/amx/amx_header.inc	181	forward GetPubVarAddressFromIndex(index);
pawn-lang/YSI-Includes	pawn-lang--YSI-Includes/amx/amx_header.inc	182	forward bool:GetPubVarNameFromIndex(index, name[], size = sizeof(name));
pawn-lang/YSI-Includes	pawn-lang--YSI-Includes/amx/amx_header.inc	183	forward bool:GetPubVarNameFromAddress(address, name[], size = sizeof(name));
pawn-lang/YSI-Includes	pawn-lang--YSI-Includes/amx/amx_header.inc	186	forward GetRawAmxHeader(plain_amxhdr[AMX_HDR_CELLS]);
pawn-lang/YSI-Includes	pawn-lang--YSI-Includes/amx/amx_header.inc	187	forward GetAmxHeaderNow(amxhdr[AMX_HDR]);
pawn-lang/YSI-Includes	pawn-lang--YSI-Includes/amx/amx_header.inc	188	forward GetAmxHeader(amxhdr[AMX_HDR]);
pawn-lang/YSI-Includes	pawn-lang--YSI-Includes/amx/amx_header.inc	189	forward GetAmxHeaderComponent(AMX_HDR:comp);
pawn-lang/YSI-Includes	pawn-lang--YSI-Includes/amx/amx_header.inc	190	forward PrintAmxHeader();
pawn-lang/YSI-Includes	pawn-lang--YSI-Includes/amx/amx_header.inc	199	stock GetRawAmxHeader(plain_amxhdr[AMX_HDR_CELLS]) {
pawn-lang/YSI-Includes	pawn-lang--YSI-Includes/amx/amx_header.inc	303	stock GetAmxHeaderNow(amxhdr[AMX_HDR]) {
pawn-lang/YSI-Includes	pawn-lang--YSI-Includes/amx/amx_header.inc	353	stock ResetStaticAmxHeader() {
pawn-lang/YSI-Includes	pawn-lang--YSI-Includes/amx/amx_header.inc	363	stock GetAmxHeader(amxhdr[AMX_HDR]) {
pawn-lang/YSI-Includes	pawn-lang--YSI-Includes/amx/amx_header.inc	369	stock GetAmxHeaderComponent(AMX_HDR:comp) {
pawn-lang/YSI-Includes	pawn-lang--YSI-Includes/amx/amx_header.inc	423	stock PrintAmxHeader() {
pawn-lang/YSI-Includes	pawn-lang--YSI-Includes/amx/amx_header.inc	563	stock GetNumPublics(const amxhdr[AMX_HDR]) {
pawn-lang/YSI-Includes	pawn-lang--YSI-Includes/amx/amx_header.inc	571	stock GetPublicIndexFromAddress(address) {
pawn-lang/YSI-Includes	pawn-lang--YSI-Includes/amx/amx_header.inc	589	stock bool:GetPublicInfo(index, info[AMX_FUNCSTUBNT]) {
pawn-lang/YSI-Includes	pawn-lang--YSI-Includes/amx/amx_header.inc	607	stock GetPublicAddressFromIndex(index) {
pawn-lang/YSI-Includes	pawn-lang--YSI-Includes/amx/amx_header.inc	614	stock GetPublicAddressFromName(const name[]) {
pawn-lang/YSI-Includes	pawn-lang--YSI-Includes/amx/amx_header.inc	619	stock bool:GetPublicNameFromIndex(index, name[], size = sizeof(name)) {
pawn-lang/YSI-Includes	pawn-lang--YSI-Includes/amx/amx_header.inc	629	stock bool:GetPublicNameFromAddress(address, name[], size = sizeof(name)) {
pawn-lang/YSI-Includes	pawn-lang--YSI-Includes/amx/amx_header.inc	634	stock HookPublic(index, address) {
pawn-lang/YSI-Includes	pawn-lang--YSI-Includes/amx/amx_header.inc	651	stock GetNumNatives(const amxhdr[AMX_HDR]) {
pawn-lang/YSI-Includes	pawn-lang--YSI-Includes/amx/amx_header.inc	672	stock GetNativeIndexFromAddress(address, wide = 0) {
pawn-lang/YSI-Includes	pawn-lang--YSI-Includes/amx/amx_header.inc	694	stock bool:GetNativeInfo(index, info[AMX_FUNCSTUBNT]) {
pawn-lang/YSI-Includes	pawn-lang--YSI-Includes/amx/amx_header.inc	726	stock GetNativeIndexFromName(const name[]) {
pawn-lang/YSI-Includes	pawn-lang--YSI-Includes/amx/amx_header.inc	766	stock GetNativeAddressFromIndex(index, &wide = 0) {
pawn-lang/YSI-Includes	pawn-lang--YSI-Includes/amx/amx_header.inc	774	stock GetNativeAddressFromName(const name[], &wide = 0) {
pawn-lang/YSI-Includes	pawn-lang--YSI-Includes/amx/amx_header.inc	779	stock bool:GetNativeNameFromIndex(index, name[], size = sizeof(name)) {
pawn-lang/YSI-Includes	pawn-lang--YSI-Includes/amx/amx_header.inc	789	stock bool:GetNativeNameFromAddress(address, name[], size = sizeof(name)) {
pawn-lang/YSI-Includes	pawn-lang--YSI-Includes/amx/amx_header.inc	794	stock bool:GetNativeNameFromAddressWide(address, wide, name[], size = sizeof(name)) {
pawn-lang/YSI-Includes	pawn-lang--YSI-Includes/amx/amx_header.inc	799	stock HookNative(index, address, wide = 0, &old_wide = 0) {
pawn-lang/YSI-Includes	pawn-lang--YSI-Includes/amx/amx_header.inc	822	stock GetNumPubVars(const amxhdr[AMX_HDR]) {
pawn-lang/YSI-Includes	pawn-lang--YSI-Includes/amx/amx_header.inc	829	stock bool:GetPubVarInfo(index, info[AMX_FUNCSTUBNT]) {
pawn-lang/YSI-Includes	pawn-lang--YSI-Includes/amx/amx_header.inc	847	stock GetPubVarIndexFromName(const name[]) {
pawn-lang/YSI-Includes	pawn-lang--YSI-Includes/amx/amx_header.inc	874	stock GetPubVarIndexFromAddress(address) {
pawn-lang/YSI-Includes	pawn-lang--YSI-Includes/amx/amx_header.inc	892	stock GetPubVarAddressFromIndex(index) {
pawn-lang/YSI-Includes	pawn-lang--YSI-Includes/amx/amx_header.inc	899	stock GetPubVarAddressFromName(const name[]) {
pawn-lang/YSI-Includes	pawn-lang--YSI-Includes/amx/amx_header.inc	904	stock bool:GetPubVar(const name[], &value) {
pawn-lang/YSI-Includes	pawn-lang--YSI-Includes/amx/amx_header.inc	933	stock bool:SetPubVar(const name[], value) {
pawn-lang/YSI-Includes	pawn-lang--YSI-Includes/amx/amx_header.inc	962	stock bool:GetPubVarNameFromIndex(index, name[], size = sizeof(name)) {
pawn-lang/YSI-Includes	pawn-lang--YSI-Includes/amx/amx_header.inc	972	stock bool:GetPubVarNameFromAddress(address, name[], size = sizeof(name)) {
pawn-lang/YSI-Includes	pawn-lang--YSI-Includes/amx/amx_header.inc	977	stock GetNumTags(const amxhdr[AMX_HDR]) {
pawn-lang/YSI-Includes	pawn-lang--YSI-Includes/amx/amx_header.inc	984	stock bool:GetTagInfo(index, info[AMX_FUNCSTUBNT]) {
pawn-lang/YSI-Includes	pawn-lang--YSI-Includes/amx/amx_header.inc	1006	stock GetTagIndexFromName(const name[]) {
pawn-lang/YSI-Includes	pawn-lang--YSI-Includes/amx/amx_header.inc	1033	stock GetTagIndexFromID(id) {
pawn-lang/YSI-Includes	pawn-lang--YSI-Includes/amx/amx_header.inc	1054	stock GetTagIDFromIndex(index) {
pawn-lang/YSI-Includes	pawn-lang--YSI-Includes/amx/amx_header.inc	1063	stock GetTagIDFromName(const name[]) {
pawn-lang/YSI-Includes	pawn-lang--YSI-Includes/amx/amx_header.inc	1070	stock bool:GetTagNameFromIndex(index, name[], size = sizeof(name)) {
pawn-lang/YSI-Includes	pawn-lang--YSI-Includes/amx/amx_header.inc	1086	stock bool:GetTagNameFromID(id, name[], size = sizeof(name)) {
pawn-lang/YSI-Includes	pawn-lang--YSI-Includes/amx/amx_header.inc	1099	stock bool:IsTagIDStrong(tag) {
pawn-lang/YSI-Includes	pawn-lang--YSI-Includes/amx/amx_header.inc	1104	stock bool:IsTagIDWeak(tag) {
pawn-lang/YSI-Includes	pawn-lang--YSI-Includes/amx/amx_header.inc	1109	stock bool:IsTagIDEmpty(tag) {
pawn-lang/YSI-Includes	pawn-lang--YSI-Includes/amx/amx_header.inc	1114	stock bool:IsTagNameStrong(const tag[]) {
pawn-lang/YSI-Includes	pawn-lang--YSI-Includes/amx/amx_header.inc	1119	stock bool:IsTagNameWeak(const tag[]) {
pawn-lang/YSI-Includes	pawn-lang--YSI-Includes/amx/amx_header.inc	1124	stock bool:IsTagNameEmpty(const tag[]) {
pawn-lang/YSI-Includes	pawn-lang--YSI-Includes/amx/amx_header.inc	1129	stock bool:IsTagIndexStrong(tag) {
pawn-lang/YSI-Includes	pawn-lang--YSI-Includes/amx/amx_header.inc	1135	stock bool:IsTagIndexWeak(tag) {
pawn-lang/YSI-Includes	pawn-lang--YSI-Includes/amx/amx_header.inc	1141	stock bool:IsTagIndexEmpty(tag) {
pawn-lang/YSI-Includes	pawn-lang--YSI-Includes/amx/os.inc	64	stock OS:GetOS() {
pawn-lang/YSI-Includes	pawn-lang--YSI-Includes/amx/os.inc	81	stock bool:IsWindows() {
pawn-lang/YSI-Includes	pawn-lang--YSI-Includes/amx/os.inc	86	stock bool:IsLinux() {
pawn-lang/YSI-Includes	pawn-lang--YSI-Includes/amx/amx.inc	107	stock GetAmxAddress() {
pawn-lang/YSI-Includes	pawn-lang--YSI-Includes/amx/amx.inc	136	stock ReadAmxCell(offset) {
pawn-lang/YSI-Includes	pawn-lang--YSI-Includes/amx/amx.inc	145	stock WriteAmxCell(offset, value) {
pawn-lang/YSI-Includes	pawn-lang--YSI-Includes/amx/codescan.inc	43	forward TailCall_FoundCallback(m[CodeScanner])
pawn-lang/YSI-Includes	pawn-lang--YSI-Includes/amx/codescan.inc	73	stock MyFunc(a, b[], ...) {
pawn-lang/YSI-Includes	pawn-lang--YSI-Includes/amx/codescan.inc	227	stock gCodeScanCallback_match[CodeScanner] = {};
pawn-lang/YSI-Includes	pawn-lang--YSI-Includes/amx/codescan.inc	355	stock CodeScanAddMatcher(scanner[CodeScanner], searcher[CodeScanMatcher]) {
pawn-lang/YSI-Includes	pawn-lang--YSI-Includes/amx/codescan.inc	364	stock CodeScanMatcherInit_(searcher[CodeScanMatcher], address, flags = SCANNER_IGNORE_NOP | SCANNER_IGNORE_BOUNDS | SCANNER_IGNORE_BREAK | SCANNER_IGNORE_HALT) {
pawn-lang/YSI-Includes	pawn-lang--YSI-Includes/amx/codescan.inc	392	stock CodeScanMatcherData(searcher[CodeScanMatcher], val) {
pawn-lang/YSI-Includes	pawn-lang--YSI-Includes/amx/codescan.inc	404	stock CodeScanMatcherPattern_(searcher[CodeScanMatcher], {Opcode, Float, _}:...) {
pawn-lang/YSI-Includes	pawn-lang--YSI-Includes/amx/codescan.inc	855	stock bool:CodeScanStep(dctx[DisasmContext], csState[CodeScanner]) {
pawn-lang/YSI-Includes	pawn-lang--YSI-Includes/amx/codescan.inc	939	forward bool:CodeScanRun(csState[CodeScanner]);
pawn-lang/YSI-Includes	pawn-lang--YSI-Includes/amx/codescan.inc	1002	stock bool:CodeScanRunFast(csState[CodeScanner], searchFuncAddr = 0) {
pawn-lang/YSI-Includes	pawn-lang--YSI-Includes/amx/codescan.inc	1075	stock bool:CodeScanRun(csState[CodeScanner]) {
pawn-lang/YSI-Includes	pawn-lang--YSI-Includes/amx/codescan.inc	1126	stock CodeScanInit(scanner[CodeScanner]) {
pawn-lang/YSI-Includes	pawn-lang--YSI-Includes/amx/codescan.inc	1148	stock CodeScanClone(dest[CodeScanner], const src[CodeScanner]) {
pawn-lang/YSI-Includes	pawn-lang--YSI-Includes/amx/codescan.inc	1154	stock CodeScanGetFunctionScanner(const csm[CodeScanner], ret[CodeScanner], ctx[DisasmContext]) {
pawn-lang/YSI-Includes	pawn-lang--YSI-Includes/amx/codescan.inc	1171	stock CodeScanGetMatchScanner(const csm[CodeScanner], ret[CodeScanner], ctx[DisasmContext], bool:accurate = false) {
pawn-lang/YSI-Includes	pawn-lang--YSI-Includes/amx/codescan.inc	1191	stock CodeScanGetFunctionDisasm(const csm[CodeScanner], ctx[DisasmContext], offset = 0) {
pawn-lang/YSI-Includes	pawn-lang--YSI-Includes/amx/codescan.inc	1199	stock CodeScanGetMatchDisasm(const csm[CodeScanner], ctx[DisasmContext], offset = 0) {
pawn-lang/YSI-Includes	pawn-lang--YSI-Includes/amx/codescan.inc	1207	stock CodeScanGetFunctionAsm(const csm[CodeScanner], ctx[AsmContext], offset = 0) {
pawn-lang/YSI-Includes	pawn-lang--YSI-Includes/amx/codescan.inc	1214	stock CodeScanGetMatchAsm(const csm[CodeScanner], ctx[AsmContext], offset = 0) {
pawn-lang/YSI-Includes	pawn-lang--YSI-Includes/amx/codescan.inc	1221	stock CodeScanGetMatchFunc(const csm[CodeScanner]) {
pawn-lang/YSI-Includes	pawn-lang--YSI-Includes/amx/codescan.inc	1227	stock CodeScanGetMatchAddress(const csm[CodeScanner]) {
pawn-lang/YSI-Includes	pawn-lang--YSI-Includes/amx/codescan.inc	1233	stock CodeScanGetMatchFuncData(const csm[CodeScanner]) {
pawn-lang/YSI-Includes	pawn-lang--YSI-Includes/amx/codescan.inc	1239	stock CodeScanGetMatchAddressData(const csm[CodeScanner]) {
pawn-lang/YSI-Includes	pawn-lang--YSI-Includes/amx/codescan.inc	1245	stock CodeScanGetMatchLength(const csm[CodeScanner]) {
pawn-lang/YSI-Includes	pawn-lang--YSI-Includes/amx/codescan.inc	1250	stock CodeScanNOPMatch(const csm[CodeScanner]) {
pawn-lang/YSI-Includes	pawn-lang--YSI-Includes/amx/codescan.inc	1259	stock CodeScanGetMatchType(csm[CodeScanner]) {
pawn-lang/YSI-Includes	pawn-lang--YSI-Includes/amx/codescan.inc	1288	stock CodeScanGetMatchHeap(const csm[CodeScanner]) {
pawn-lang/YSI-Includes	pawn-lang--YSI-Includes/amx/codescan.inc	1293	stock CodeScanGetMatchStack(const csm[CodeScanner]) {
pawn-lang/YSI-Includes	pawn-lang--YSI-Includes/amx/codescan.inc	1298	stock CodeScanGetMatchHole(const csm[CodeScanner], idx) {
pawn-lang/YSI-Includes	pawn-lang--YSI-Includes/amx/codescan.inc	1303	stock CodeScanGetHoleCount(const csm[CodeScanner]) {
pawn-lang/YSI-Includes	pawn-lang--YSI-Includes/amx/codescan.inc	1308	stock CodeScanGetMatchName(const csm[CodeScanner], name[]) {
pawn-lang/YSI-Includes	pawn-lang--YSI-Includes/amx/amx_jit.inc	54	stock GetJITGeneratorVersion() {
pawn-lang/YSI-Includes	pawn-lang--YSI-Includes/amx/amx_jit.inc	62	stock GetAmxJITBaseAddress() {
pawn-lang/YSI-Includes	pawn-lang--YSI-Includes/amx/amx_jit.inc	73	stock ResolveJITAddress(addr) {
pawn-lang/YSI-Includes	pawn-lang--YSI-Includes/amx/addressof.inc	93	stock A@ = 0;
pawn-lang/YSI-Includes	pawn-lang--YSI-Includes/amx/addressof.inc	96	stock bool:NativeIdxOfGetNextCall_() {
pawn-lang/YSI-Includes	pawn-lang--YSI-Includes/amx/stack_dump.inc	77	stock DumpStack()
pawn-lang/YSI-Includes	pawn-lang--YSI-Includes/amx/stack_dump.inc	105	stock DumpFullStack()
pawn-lang/YSI-Includes	pawn-lang--YSI-Includes/amx/shellcode.inc	44	stock RunShellcode(code_ptr, bool:align = true) {
pawn-lang/YSI-Includes	pawn-lang--YSI-Includes/amx/shellcode.inc	51	stock RunShellcodeWide(code_ptr, wide_ptr, bool:align = true) {
pawn-lang/YSI-Includes	pawn-lang--YSI-Includes/amx/frame_info.inc	44	stock GetCurrentFrame() {
pawn-lang/YSI-Includes	pawn-lang--YSI-Includes/amx/frame_info.inc	52	stock GetFramePreviousFrame(frm_addr) {
pawn-lang/YSI-Includes	pawn-lang--YSI-Includes/amx/frame_info.inc	60	stock GetFrameReturn(frm_addr) {
pawn-lang/YSI-Includes	pawn-lang--YSI-Includes/amx/frame_info.inc	71	stock SetFramePreviousFrame(frm_addr, addr) {
pawn-lang/YSI-Includes	pawn-lang--YSI-Includes/amx/frame_info.inc	78	stock SetFrameReturn(frm_addr, addr) {
pawn-lang/YSI-Includes	pawn-lang--YSI-Includes/amx/frame_info.inc	89	stock SetFrameParameterSize(frm_addr, size) {
pawn-lang/YSI-Includes	pawn-lang--YSI-Includes/amx/frame_info.inc	100	stock SetFrameParameterCount(frm_addr, count) {
pawn-lang/YSI-Includes	pawn-lang--YSI-Includes/amx/frame_info.inc	105	stock GetFrameTotalSize(frm_addr) {
pawn-lang/YSI-Includes	pawn-lang--YSI-Includes/amx/frame_info.inc	110	stock GetFrameTotalCount(frm_addr) {
pawn-lang/YSI-Includes	pawn-lang--YSI-Includes/amx/frame_info.inc	115	stock GetFrameNextFrame(frm_addr) {
pawn-lang/YSI-Includes	pawn-lang--YSI-Includes/amx/frame_info.inc	132	stock GetFrameLocalSize(frm_addr) {
pawn-lang/YSI-Includes	pawn-lang--YSI-Includes/amx/frame_info.inc	143	stock GetFrameLocalCount(frm_addr) {
pawn-lang/YSI-Includes	pawn-lang--YSI-Includes/amx/frame_info.inc	148	stock GetFrameHeaderSize(frm_addr) {
pawn-lang/YSI-Includes	pawn-lang--YSI-Includes/amx/frame_info.inc	154	stock GetFrameHeaderCount(frm_addr) {
pawn-lang/YSI-Includes	pawn-lang--YSI-Includes/amx/frame_info.inc	159	stock GetFrameParameterSize(frm_addr) {
pawn-lang/YSI-Includes	pawn-lang--YSI-Includes/amx/frame_info.inc	170	stock GetFrameParameterCount(frm_addr) {
pawn-lang/YSI-Includes	pawn-lang--YSI-Includes/amx/frame_info.inc	175	stock GetFrameParameter(frm_addr, param, idx = -1) {
pawn-lang/YSI-Includes	pawn-lang--YSI-Includes/amx/frame_info.inc	233	stock GetFrameVariable(frm_addr, param, idx = -1) {
pawn-lang/YSI-Includes	pawn-lang--YSI-Includes/amx/frame_info.inc	267	stock GetFrameLocal(frm_addr, param) {
pawn-lang/YSI-Includes	pawn-lang--YSI-Includes/amx/frame_info.inc	311	stock SetFrameParameter(frm_addr, param, value, idx = -1) {
pawn-lang/YSI-Includes	pawn-lang--YSI-Includes/amx/frame_info.inc	374	stock SetFrameVariable(frm_addr, param, value, idx = -1) {
pawn-lang/YSI-Includes	pawn-lang--YSI-Includes/amx/frame_info.inc	413	stock SetFrameLocal(frm_addr, param, value) {
pawn-lang/YSI-Includes	pawn-lang--YSI-Includes/amx/frame_info.inc	478	stock GetCurrentFramePreviousFrame() {
pawn-lang/YSI-Includes	pawn-lang--YSI-Includes/amx/frame_info.inc	483	stock GetCurrentFrameReturn() {
pawn-lang/YSI-Includes	pawn-lang--YSI-Includes/amx/frame_info.inc	488	stock GetCurrentFrameTotalSize() {
pawn-lang/YSI-Includes	pawn-lang--YSI-Includes/amx/frame_info.inc	493	stock GetCurrentFrameTotalCount() {
pawn-lang/YSI-Includes	pawn-lang--YSI-Includes/amx/frame_info.inc	498	stock GetCurrentFrameLocalSize() {
pawn-lang/YSI-Includes	pawn-lang--YSI-Includes/amx/frame_info.inc	503	stock GetCurrentFrameLocalCount() {
pawn-lang/YSI-Includes	pawn-lang--YSI-Includes/amx/frame_info.inc	508	stock GetCurrentFrameHeaderSize() {
pawn-lang/YSI-Includes	pawn-lang--YSI-Includes/amx/frame_info.inc	513	stock GetCurrentFrameHeaderCount() {
pawn-lang/YSI-Includes	pawn-lang--YSI-Includes/amx/frame_info.inc	518	stock GetCurrentFrameParameterSize() {
pawn-lang/YSI-Includes	pawn-lang--YSI-Includes/amx/frame_info.inc	523	stock GetCurrentFrameParameter(param, idx = -1) {
pawn-lang/YSI-Includes	pawn-lang--YSI-Includes/amx/frame_info.inc	528	stock GetCurrentFrameLocal(param) {
pawn-lang/YSI-Includes	pawn-lang--YSI-Includes/amx/frame_info.inc	533	stock GetCurrentFrameParameterCount() {
pawn-lang/YSI-Includes	pawn-lang--YSI-Includes/amx/frame_info.inc	538	stock SetCurrentFrameReturn(addr) {
pawn-lang/YSI-Includes	pawn-lang--YSI-Includes/amx/frame_info.inc	543	stock SetCurrentFramePreviousFrame(addr) {
pawn-lang/YSI-Includes	pawn-lang--YSI-Includes/amx/frame_info.inc	548	stock SetCurrentParameterSize(size) {
pawn-lang/YSI-Includes	pawn-lang--YSI-Includes/amx/frame_info.inc	553	stock SetCurrentParameterCount(count) {
pawn-lang/YSI-Includes	pawn-lang--YSI-Includes/amx/frame_info.inc	558	stock GetFrameFunction(frm_addr) {
pawn-lang/YSI-Includes	pawn-lang--YSI-Includes/amx/frame_info.inc	637	stock GetCurrentFrameFunction() {
pawn-lang/YSI-Includes	pawn-lang--YSI-Includes/amx/addressof_jit.inc	78	stock AddressofResolve() {
pawn-lang/YSI-Includes	pawn-lang--YSI-Includes/amx/amx_base.inc	72	forward bool:HasSysreqD();
pawn-lang/YSI-Includes	pawn-lang--YSI-Includes/amx/amx_base.inc	73	forward bool:HasReloc();
pawn-lang/YSI-Includes	pawn-lang--YSI-Includes/amx/amx_base.inc	89	stock GetAmxBaseAddressNow() {
pawn-lang/YSI-Includes	pawn-lang--YSI-Includes/amx/amx_base.inc	120	stock GetAmxBaseAddress() {
pawn-lang/YSI-Includes	pawn-lang--YSI-Includes/amx/amx_base.inc	133	stock bool:HasSysreqD() {
pawn-lang/YSI-Includes	pawn-lang--YSI-Includes/amx/amx_base.inc	145	stock bool:HasReloc() {
pawn-lang/YSI-Includes	pawn-lang--YSI-Includes/amx/heap_alloc.inc	47	stock HeapAllocBytes(nbytes) {
pawn-lang/YSI-Includes	pawn-lang--YSI-Includes/amx/heap_alloc.inc	61	stock HeapAllocCells(ncells) {
pawn-lang/YSI-Includes	pawn-lang--YSI-Includes/amx/heap_alloc.inc	69	stock HeapRelease(address) {
pawn-lang/YSI-Includes	pawn-lang--YSI-Includes/amx/amx_memory.inc	74	stock ref(...) {
pawn-lang/YSI-Includes	pawn-lang--YSI-Includes/amx/amx_memory.inc	86	stock deref(v) {
pawn-lang/YSI-Includes	pawn-lang--YSI-Includes/amx/amx_memory.inc	99	stock argref(n) {
pawn-lang/YSI-Includes	pawn-lang--YSI-Includes/amx/amx_memory.inc	112	stock argderef(n) {
pawn-lang/YSI-Includes	pawn-lang--YSI-Includes/amx/amx_memory.inc	125	stock gAmxAssemblyAddress_;
pawn-lang/YSI-Includes	pawn-lang--YSI-Includes/amx/amx_memory.inc	131	stock ReadAmxMemoryArray(address, values[], size = sizeof(values)) {
pawn-lang/YSI-Includes	pawn-lang--YSI-Includes/amx/amx_memory.inc	139	stock WriteAmxMemoryArray(address, const values[], size = sizeof(values)) {
pawn-lang/YSI-Includes	pawn-lang--YSI-Includes/amx/amx_memory.inc	147	stock GetAmxNextInstructionPointer()
pawn-lang/YSI-Includes	pawn-lang--YSI-Includes/amx/amx_memory.inc	160	stock GetAmxHeapBase() {
pawn-lang/YSI-Includes	pawn-lang--YSI-Includes/amx/amx_memory.inc	177	stock GetAmxHeapTop()
pawn-lang/YSI-Includes	pawn-lang--YSI-Includes/amx/amx_memory.inc	186	stock GetAmxStackBase()
pawn-lang/YSI-Includes	pawn-lang--YSI-Includes/amx/amx_memory.inc	194	stock GetAmxStackBottom() {
pawn-lang/YSI-Includes	pawn-lang--YSI-Includes/amx/amx_memory.inc	203	stock GetAmxFrame()
pawn-lang/YSI-Includes	pawn-lang--YSI-Includes/amx/amx_memory.inc	213	stock SetAmxHeapTop(ptr)
pawn-lang/YSI-Includes	pawn-lang--YSI-Includes/amx/amx_memory.inc	220	stock SetAmxStackBottom(ptr) {
pawn-lang/YSI-Includes	pawn-lang--YSI-Includes/amx/amx_memory.inc	241	stock SetAmxFrame(ptr) {
pawn-lang/YSI-Includes	pawn-lang--YSI-Includes/amx/amx_memory.inc	258	stock SetAmxNextInstructionPointer(ptr) {
pawn-lang/YSI-Includes	pawn-lang--YSI-Includes/amx/amx_memory.inc	277	stock WriteAmxMemory(address, value) {
pawn-lang/YSI-Includes	pawn-lang--YSI-Includes/amx/amx_memory.inc	285	stock ReadAmxMemory(address) {
pawn-lang/YSI-Includes	pawn-lang--YSI-Includes/amx/dynamic_call.inc	49	forward bool:Push(arg);
pawn-lang/YSI-Includes	pawn-lang--YSI-Includes/amx/dynamic_call.inc	50	forward bool:PushString(const string[]);
pawn-lang/YSI-Includes	pawn-lang--YSI-Includes/amx/dynamic_call.inc	51	forward bool:Pop(&arg = 0);
pawn-lang/YSI-Includes	pawn-lang--YSI-Includes/amx/dynamic_call.inc	52	forward Call(address, bool:auto_pop = true);
pawn-lang/YSI-Includes	pawn-lang--YSI-Includes/amx/dynamic_call.inc	53	forward SysreqC(index, bool:auto_pop = true);
pawn-lang/YSI-Includes	pawn-lang--YSI-Includes/amx/dynamic_call.inc	54	forward SysreqD(address, bool:auto_pop = true);
pawn-lang/YSI-Includes	pawn-lang--YSI-Includes/amx/dynamic_call.inc	55	forward CallN(address, args_to_push, bool:auto_pop = true);
pawn-lang/YSI-Includes	pawn-lang--YSI-Includes/amx/dynamic_call.inc	56	forward SysreqCN(index, args_to_push, bool:auto_pop = true);
pawn-lang/YSI-Includes	pawn-lang--YSI-Includes/amx/dynamic_call.inc	57	forward SysreqDN(address, args_to_push, bool:auto_pop = true);
pawn-lang/YSI-Includes	pawn-lang--YSI-Includes/amx/dynamic_call.inc	58	forward CallFunction(address, {Float,_}:...);
pawn-lang/YSI-Includes	pawn-lang--YSI-Includes/amx/dynamic_call.inc	59	forward CallNative(index, {Float,_}:...);
pawn-lang/YSI-Includes	pawn-lang--YSI-Includes/amx/dynamic_call.inc	60	forward CallNativeByAddress(address, {Float,_}:...);
pawn-lang/YSI-Includes	pawn-lang--YSI-Includes/amx/dynamic_call.inc	70	native AmxSysreqDStub() = heapspace;
pawn-lang/YSI-Includes	pawn-lang--YSI-Includes/amx/dynamic_call.inc	109	stock bool:Push(arg) {
pawn-lang/YSI-Includes	pawn-lang--YSI-Includes/amx/dynamic_call.inc	118	stock bool:PushString(const string[]) {
pawn-lang/YSI-Includes	pawn-lang--YSI-Includes/amx/dynamic_call.inc	126	stock bool:Pop(&arg = 0) {
pawn-lang/YSI-Includes	pawn-lang--YSI-Includes/amx/dynamic_call.inc	135	stock Call(address, bool:auto_pop = true) {
pawn-lang/YSI-Includes	pawn-lang--YSI-Includes/amx/dynamic_call.inc	167	stock CallN(address, args_to_push, bool:auto_pop = true) {
pawn-lang/YSI-Includes	pawn-lang--YSI-Includes/amx/dynamic_call.inc	205	stock CallFunction(address, {Float,_}:...) {
pawn-lang/YSI-Includes	pawn-lang--YSI-Includes/amx/dynamic_call.inc	258	stock SysreqC(index, bool:auto_pop = true) {
pawn-lang/YSI-Includes	pawn-lang--YSI-Includes/amx/dynamic_call.inc	326	stock SysreqD(address, bool:auto_pop = true) {
pawn-lang/YSI-Includes	pawn-lang--YSI-Includes/amx/dynamic_call.inc	393	stock SysreqDWide(address, wide, bool:auto_pop = true) {
pawn-lang/YSI-Includes	pawn-lang--YSI-Includes/amx/dynamic_call.inc	460	stock SysreqCN(index, args_to_push, bool:auto_pop = true) {
pawn-lang/YSI-Includes	pawn-lang--YSI-Includes/amx/dynamic_call.inc	531	stock SysreqDN(address, args_to_push, bool:auto_pop = true) {
pawn-lang/YSI-Includes	pawn-lang--YSI-Includes/amx/dynamic_call.inc	603	stock SysreqDNWide(address, wide, args_to_push, bool:auto_pop = true) {
pawn-lang/YSI-Includes	pawn-lang--YSI-Includes/amx/dynamic_call.inc	675	stock CallNative(index, {Float,_}:...) {
pawn-lang/YSI-Includes	pawn-lang--YSI-Includes/amx/dynamic_call.inc	763	stock CallNativeByAddress(address, {Float,_}:...) {
pawn-lang/YSI-Includes	pawn-lang--YSI-Includes/amx/dynamic_call.inc	852	stock CallNativeByAddressWide(address, wide, {Float,_}:...) {
pawn-lang/YSI-Includes	pawn-lang--YSI-Includes/amx/profiler.inc	222	stock ProfilerInit() {
pawn-lang/YSI-Includes	pawn-lang--YSI-Includes/amx/profiler.inc	265	stock bool:ProfilerWriteData(const filename[]) {
pawn-lang/YSI-Includes	pawn-lang--YSI-Includes/amx/jit.inc	54	stock bool:IsJITPresent() {
pawn-lang/YSI-Includes	pawn-lang--YSI-Includes/amx/asm.inc	97	stock const ASM_ARGUMENTS_OFFSET    =  3 * cellbytes;
pawn-lang/YSI-Includes	pawn-lang--YSI-Includes/amx/asm.inc	100	stock const ASM_LOCALS_OFFSET       = -1 * cellbytes;
pawn-lang/YSI-Includes	pawn-lang--YSI-Includes/amx/asm.inc	103	stock const ASM_CALLER_FRAME_OFFSET =  0x00;
pawn-lang/YSI-Includes	pawn-lang--YSI-Includes/amx/asm.inc	106	stock const ASM_RETURN_ADDR_OFFSET  =  1 * cellbytes;
pawn-lang/YSI-Includes	pawn-lang--YSI-Includes/amx/asm.inc	109	stock const ASM_CTRL_COD = 0;
pawn-lang/YSI-Includes	pawn-lang--YSI-Includes/amx/asm.inc	112	stock const ASM_CTRL_DAT = 1;
pawn-lang/YSI-Includes	pawn-lang--YSI-Includes/amx/asm.inc	115	stock const ASM_CTRL_HEA = 2;
pawn-lang/YSI-Includes	pawn-lang--YSI-Includes/amx/asm.inc	118	stock const ASM_CTRL_STP = 3;
pawn-lang/YSI-Includes	pawn-lang--YSI-Includes/amx/asm.inc	121	stock const ASM_CTRL_STK = 4;
pawn-lang/YSI-Includes	pawn-lang--YSI-Includes/amx/asm.inc	124	stock const ASM_CTRL_FRM = 5;
pawn-lang/YSI-Includes	pawn-lang--YSI-Includes/amx/asm.inc	127	stock const ASM_CTRL_CIP = 6;
pawn-lang/YSI-Includes	pawn-lang--YSI-Includes/amx/asm.inc	130	stock const ASM_CTRL_JIT = 7;
pawn-lang/YSI-Includes	pawn-lang--YSI-Includes/amx/asm.inc	133	stock const ASM_CTRL_JMP = 8;
pawn-lang/YSI-Includes	pawn-lang--YSI-Includes/amx/asm.inc	195	stock AsmError:AsmEmitLabelStringize(ctx[AsmContext], const label[]) {
pawn-lang/YSI-Includes	pawn-lang--YSI-Includes/amx/asm.inc	237	stock AsmError:AsmEmitJumpStringize(ctx[AsmContext], const label[], bool:relative) {
pawn-lang/YSI-Includes	pawn-lang--YSI-Includes/amx/asm.inc	277	stock AsmError:AsmEmitOpcode(ctx[AsmContext], Opcode:opcode) {
pawn-lang/YSI-Includes	pawn-lang--YSI-Includes/amx/asm.inc	285	stock AsmError:AsmEmitOperand(ctx[AsmContext], value) {
pawn-lang/YSI-Includes	pawn-lang--YSI-Includes/amx/asm.inc	290	stock AsmError:AsmEmitInstruction(ctx[AsmContext], Opcode:opcode, ...) {
pawn-lang/YSI-Includes	pawn-lang--YSI-Includes/amx/asm.inc	315	stock AsmGetJumpAddressFromOffset(const ctx[AsmContext], offset) {
pawn-lang/YSI-Includes	pawn-lang--YSI-Includes/amx/asm.inc	327	stock AsmError:AsmEmitJumpInstruction(ctx[AsmContext], Opcode:opcode, offset) {
pawn-lang/YSI-Includes	pawn-lang--YSI-Includes/amx/asm.inc	332	stock AsmError:AsmEmitJumpLabelInstruction(ctx[AsmContext], Opcode:opcode, const label[], bool:relative = false) {
pawn-lang/YSI-Includes	pawn-lang--YSI-Includes/amx/asm.inc	346	stock AsmError:AsmInitPtr(ctx[AsmContext], buffer, size) {
pawn-lang/YSI-Includes	pawn-lang--YSI-Includes/amx/asm.inc	359	stock AsmGetPreviousWriteOffset() {
pawn-lang/YSI-Includes	pawn-lang--YSI-Includes/amx/asm.inc	364	stock AsmGetBufferSize(const ctx[AsmContext]) {
pawn-lang/YSI-Includes	pawn-lang--YSI-Includes/amx/asm.inc	369	stock AsmError:AsmInit(ctx[AsmContext], buffer[], size = sizeof(buffer)) {
pawn-lang/YSI-Includes	pawn-lang--YSI-Includes/amx/asm.inc	374	stock AsmGetCode(const ctx[AsmContext]) {
pawn-lang/YSI-Includes	pawn-lang--YSI-Includes/amx/asm.inc	381	stock AsmGetCodeSize(const ctx[AsmContext]) {
pawn-lang/YSI-Includes	pawn-lang--YSI-Includes/amx/asm.inc	386	stock AsmError:AsmGetError(const ctx[AsmContext]) {
pawn-lang/YSI-Includes	pawn-lang--YSI-Includes/amx/asm.inc	391	stock AsmSetError(ctx[AsmContext], AsmError:error) {
pawn-lang/YSI-Includes	pawn-lang--YSI-Includes/amx/asm.inc	396	stock AsmClearError(ctx[AsmContext]) {
pawn-lang/YSI-Includes	pawn-lang--YSI-Includes/amx/asm.inc	401	stock AsmGetErrorHandler(const ctx[AsmContext]) {
pawn-lang/YSI-Includes	pawn-lang--YSI-Includes/amx/asm.inc	406	stock AsmError:AsmSetErrorHandler(ctx[AsmContext], error_handler) {
pawn-lang/YSI-Includes	pawn-lang--YSI-Includes/amx/asm.inc	412	stock AsmError:AsmSetErrorHandlerName(ctx[AsmContext], const error_handler[]) {
pawn-lang/YSI-Includes	pawn-lang--YSI-Includes/amx/asm.inc	418	stock AsmEmitPadding(ctx[AsmContext], Opcode:op = OP_NOP) {
pawn-lang/YSI-Includes	pawn-lang--YSI-Includes/amx/asm.inc	438	stock AsmError:AsmEmitAdd(ctx[AsmContext]) {
pawn-lang/YSI-Includes	pawn-lang--YSI-Includes/amx/asm.inc	443	stock AsmError:AsmEmitAddC(ctx[AsmContext], value) {
pawn-lang/YSI-Includes	pawn-lang--YSI-Includes/amx/asm.inc	448	stock AsmError:AsmEmitAddrAlt(ctx[AsmContext], offset) {
pawn-lang/YSI-Includes	pawn-lang--YSI-Includes/amx/asm.inc	453	stock AsmError:AsmEmitAddrPri(ctx[AsmContext], offset) {
pawn-lang/YSI-Includes	pawn-lang--YSI-Includes/amx/asm.inc	458	stock AsmError:AsmEmitAlignAlt(ctx[AsmContext], number) {
pawn-lang/YSI-Includes	pawn-lang--YSI-Includes/amx/asm.inc	463	stock AsmError:AsmEmitAlignPri(ctx[AsmContext], number) {
pawn-lang/YSI-Includes	pawn-lang--YSI-Includes/amx/asm.inc	468	stock AsmError:AsmEmitAnd(ctx[AsmContext]) {
pawn-lang/YSI-Includes	pawn-lang--YSI-Includes/amx/asm.inc	473	stock AsmError:AsmEmitBounds(ctx[AsmContext], bound) {
pawn-lang/YSI-Includes	pawn-lang--YSI-Includes/amx/asm.inc	478	stock AsmError:AsmEmitBreak(ctx[AsmContext]) {
pawn-lang/YSI-Includes	pawn-lang--YSI-Includes/amx/asm.inc	483	stock AsmError:AsmEmitCall(ctx[AsmContext], address) {
pawn-lang/YSI-Includes	pawn-lang--YSI-Includes/amx/asm.inc	488	stock AsmError:AsmEmitCallAbs(ctx[AsmContext], address) {
pawn-lang/YSI-Includes	pawn-lang--YSI-Includes/amx/asm.inc	495	stock AsmError:AsmEmitCallLabelStringize(ctx[AsmContext], const label[]) {
pawn-lang/YSI-Includes	pawn-lang--YSI-Includes/amx/asm.inc	500	stock AsmError:AsmEmitCmps(ctx[AsmContext], nbytes) {
pawn-lang/YSI-Includes	pawn-lang--YSI-Includes/amx/asm.inc	505	stock AsmError:AsmEmitConstAlt(ctx[AsmContext], value) {
pawn-lang/YSI-Includes	pawn-lang--YSI-Includes/amx/asm.inc	510	stock AsmError:AsmEmitConstPri(ctx[AsmContext], value) {
pawn-lang/YSI-Includes	pawn-lang--YSI-Includes/amx/asm.inc	515	stock AsmError:AsmEmitDec(ctx[AsmContext], address) {
pawn-lang/YSI-Includes	pawn-lang--YSI-Includes/amx/asm.inc	520	stock AsmError:AsmEmitDecAlt(ctx[AsmContext]) {
pawn-lang/YSI-Includes	pawn-lang--YSI-Includes/amx/asm.inc	525	stock AsmError:AsmEmitDecI(ctx[AsmContext]) {
pawn-lang/YSI-Includes	pawn-lang--YSI-Includes/amx/asm.inc	530	stock AsmError:AsmEmitDecPri(ctx[AsmContext]) {
pawn-lang/YSI-Includes	pawn-lang--YSI-Includes/amx/asm.inc	535	stock AsmError:AsmEmitDecS(ctx[AsmContext], offset) {
pawn-lang/YSI-Includes	pawn-lang--YSI-Includes/amx/asm.inc	540	stock AsmError:AsmEmitEq(ctx[AsmContext]) {
pawn-lang/YSI-Includes	pawn-lang--YSI-Includes/amx/asm.inc	545	stock AsmError:AsmEmitEqCAlt(ctx[AsmContext], value) {
pawn-lang/YSI-Includes	pawn-lang--YSI-Includes/amx/asm.inc	550	stock AsmError:AsmEmitEqCPri(ctx[AsmContext], value) {
pawn-lang/YSI-Includes	pawn-lang--YSI-Includes/amx/asm.inc	555	stock AsmError:AsmEmitFill(ctx[AsmContext], nbytes) {
pawn-lang/YSI-Includes	pawn-lang--YSI-Includes/amx/asm.inc	560	stock AsmError:AsmEmitGeq(ctx[AsmContext]) {
pawn-lang/YSI-Includes	pawn-lang--YSI-Includes/amx/asm.inc	565	stock AsmError:AsmEmitGrtr(ctx[AsmContext]) {
pawn-lang/YSI-Includes	pawn-lang--YSI-Includes/amx/asm.inc	570	stock AsmError:AsmEmitHalt(ctx[AsmContext], code) {
pawn-lang/YSI-Includes	pawn-lang--YSI-Includes/amx/asm.inc	575	stock AsmError:AsmEmitHeap(ctx[AsmContext], nbytes) {
pawn-lang/YSI-Includes	pawn-lang--YSI-Includes/amx/asm.inc	580	stock AsmError:AsmEmitIdxaddr(ctx[AsmContext]) {
pawn-lang/YSI-Includes	pawn-lang--YSI-Includes/amx/asm.inc	585	stock AsmError:AsmEmitIdxaddrB(ctx[AsmContext], shift) {
pawn-lang/YSI-Includes	pawn-lang--YSI-Includes/amx/asm.inc	590	stock AsmError:AsmEmitInc(ctx[AsmContext], address) {
pawn-lang/YSI-Includes	pawn-lang--YSI-Includes/amx/asm.inc	595	stock AsmError:AsmEmitIncAlt(ctx[AsmContext]) {
pawn-lang/YSI-Includes	pawn-lang--YSI-Includes/amx/asm.inc	600	stock AsmError:AsmEmitIncI(ctx[AsmContext]) {
pawn-lang/YSI-Includes	pawn-lang--YSI-Includes/amx/asm.inc	605	stock AsmError:AsmEmitIncPri(ctx[AsmContext]) {
pawn-lang/YSI-Includes	pawn-lang--YSI-Includes/amx/asm.inc	610	stock AsmError:AsmEmitIncS(ctx[AsmContext], offset) {
pawn-lang/YSI-Includes	pawn-lang--YSI-Includes/amx/asm.inc	615	stock AsmError:AsmEmitInvert(ctx[AsmContext]) {
pawn-lang/YSI-Includes	pawn-lang--YSI-Includes/amx/asm.inc	620	stock AsmError:AsmEmitJeq(ctx[AsmContext], address) {
pawn-lang/YSI-Includes	pawn-lang--YSI-Includes/amx/asm.inc	625	stock AsmError:AsmEmitJeqRel(ctx[AsmContext], offset) {
pawn-lang/YSI-Includes	pawn-lang--YSI-Includes/amx/asm.inc	630	stock AsmError:AsmEmitJgeq(ctx[AsmContext], address) {
pawn-lang/YSI-Includes	pawn-lang--YSI-Includes/amx/asm.inc	635	stock AsmError:AsmEmitJgeqRel(ctx[AsmContext], offset) {
pawn-lang/YSI-Includes	pawn-lang--YSI-Includes/amx/asm.inc	640	stock AsmError:AsmEmitJgrtr(ctx[AsmContext], address) {
pawn-lang/YSI-Includes	pawn-lang--YSI-Includes/amx/asm.inc	645	stock AsmError:AsmEmitJgrtrRel(ctx[AsmContext], offset) {
pawn-lang/YSI-Includes	pawn-lang--YSI-Includes/amx/asm.inc	650	stock AsmError:AsmEmitJleq(ctx[AsmContext], address) {
pawn-lang/YSI-Includes	pawn-lang--YSI-Includes/amx/asm.inc	655	stock AsmError:AsmEmitJleqRel(ctx[AsmContext], offset) {
pawn-lang/YSI-Includes	pawn-lang--YSI-Includes/amx/asm.inc	660	stock AsmError:AsmEmitJless(ctx[AsmContext], address) {
pawn-lang/YSI-Includes	pawn-lang--YSI-Includes/amx/asm.inc	665	stock AsmError:AsmEmitJlessRel(ctx[AsmContext], offset) {
pawn-lang/YSI-Includes	pawn-lang--YSI-Includes/amx/asm.inc	670	stock AsmError:AsmEmitJneq(ctx[AsmContext], address) {
pawn-lang/YSI-Includes	pawn-lang--YSI-Includes/amx/asm.inc	675	stock AsmError:AsmEmitJneqRel(ctx[AsmContext], offset) {
pawn-lang/YSI-Includes	pawn-lang--YSI-Includes/amx/asm.inc	680	stock AsmError:AsmEmitJnz(ctx[AsmContext], address) {
pawn-lang/YSI-Includes	pawn-lang--YSI-Includes/amx/asm.inc	685	stock AsmError:AsmEmitJnzRel(ctx[AsmContext], offset) {
pawn-lang/YSI-Includes	pawn-lang--YSI-Includes/amx/asm.inc	690	stock AsmError:AsmEmitJsgeq(ctx[AsmContext], address) {
pawn-lang/YSI-Includes	pawn-lang--YSI-Includes/amx/asm.inc	695	stock AsmError:AsmEmitJsgeqRel(ctx[AsmContext], offset) {
pawn-lang/YSI-Includes	pawn-lang--YSI-Includes/amx/asm.inc	700	stock AsmError:AsmEmitJsgrtr(ctx[AsmContext], address) {
pawn-lang/YSI-Includes	pawn-lang--YSI-Includes/amx/asm.inc	705	stock AsmError:AsmEmitJsgrtrRel(ctx[AsmContext], offset) {
pawn-lang/YSI-Includes	pawn-lang--YSI-Includes/amx/asm.inc	710	stock AsmError:AsmEmitJsleq(ctx[AsmContext], address) {
pawn-lang/YSI-Includes	pawn-lang--YSI-Includes/amx/asm.inc	715	stock AsmError:AsmEmitJsleqRel(ctx[AsmContext], offset) {
pawn-lang/YSI-Includes	pawn-lang--YSI-Includes/amx/asm.inc	720	stock AsmError:AsmEmitJsless(ctx[AsmContext], address) {
pawn-lang/YSI-Includes	pawn-lang--YSI-Includes/amx/asm.inc	725	stock AsmError:AsmEmitJslessRel(ctx[AsmContext], offset) {
pawn-lang/YSI-Includes	pawn-lang--YSI-Includes/amx/asm.inc	730	stock AsmError:AsmEmitJump(ctx[AsmContext], address) {
pawn-lang/YSI-Includes	pawn-lang--YSI-Includes/amx/asm.inc	735	stock AsmError:AsmEmitJumpRel(ctx[AsmContext], offset) {
pawn-lang/YSI-Includes	pawn-lang--YSI-Includes/amx/asm.inc	740	stock AsmError:AsmEmitJzer(ctx[AsmContext], address) {
pawn-lang/YSI-Includes	pawn-lang--YSI-Includes/amx/asm.inc	745	stock AsmError:AsmEmitJzerRel(ctx[AsmContext], offset) {
pawn-lang/YSI-Includes	pawn-lang--YSI-Includes/amx/asm.inc	750	stock AsmError:AsmEmitJrel(ctx[AsmContext], offset) {
pawn-lang/YSI-Includes	pawn-lang--YSI-Includes/amx/asm.inc	755	stock AsmError:AsmEmitJeqLabelStringize(ctx[AsmContext], const label[]) {
pawn-lang/YSI-Includes	pawn-lang--YSI-Includes/amx/asm.inc	760	stock AsmError:AsmEmitJgeqLabelStringize(ctx[AsmContext], const label[]) {
pawn-lang/YSI-Includes	pawn-lang--YSI-Includes/amx/asm.inc	765	stock AsmError:AsmEmitJgrtrLabelStringize(ctx[AsmContext], const label[]) {
pawn-lang/YSI-Includes	pawn-lang--YSI-Includes/amx/asm.inc	770	stock AsmError:AsmEmitJleqLabelStringize(ctx[AsmContext], const label[]) {
pawn-lang/YSI-Includes	pawn-lang--YSI-Includes/amx/asm.inc	775	stock AsmError:AsmEmitJlessLabelStringize(ctx[AsmContext], const label[]) {
pawn-lang/YSI-Includes	pawn-lang--YSI-Includes/amx/asm.inc	780	stock AsmError:AsmEmitJneqLabelStringize(ctx[AsmContext], const label[]) {
pawn-lang/YSI-Includes	pawn-lang--YSI-Includes/amx/asm.inc	785	stock AsmError:AsmEmitJnzLabelStringize(ctx[AsmContext], const label[]) {
pawn-lang/YSI-Includes	pawn-lang--YSI-Includes/amx/asm.inc	790	stock AsmError:AsmEmitJsgeqLabelStringize(ctx[AsmContext], const label[]) {
pawn-lang/YSI-Includes	pawn-lang--YSI-Includes/amx/asm.inc	795	stock AsmError:AsmEmitJsgrtrLabelStringize(ctx[AsmContext], const label[]) {
pawn-lang/YSI-Includes	pawn-lang--YSI-Includes/amx/asm.inc	800	stock AsmError:AsmEmitJsleqLabelStringize(ctx[AsmContext], const label[]) {
pawn-lang/YSI-Includes	pawn-lang--YSI-Includes/amx/asm.inc	805	stock AsmError:AsmEmitJslessLabelStringize(ctx[AsmContext], const label[]) {
pawn-lang/YSI-Includes	pawn-lang--YSI-Includes/amx/asm.inc	810	stock AsmError:AsmEmitJumpLabelStringize(ctx[AsmContext], const label[]) {
pawn-lang/YSI-Includes	pawn-lang--YSI-Includes/amx/asm.inc	815	stock AsmError:AsmEmitJzerLabelStringize(ctx[AsmContext], const label[]) {
pawn-lang/YSI-Includes	pawn-lang--YSI-Includes/amx/asm.inc	820	stock AsmError:AsmEmitJrelLabelStringize(ctx[AsmContext], const label[]) {
pawn-lang/YSI-Includes	pawn-lang--YSI-Includes/amx/asm.inc	825	stock AsmError:AsmEmitLctrl(ctx[AsmContext], index) {
pawn-lang/YSI-Includes	pawn-lang--YSI-Includes/amx/asm.inc	831	stock AsmError:AsmEmitLeq(ctx[AsmContext]) {
pawn-lang/YSI-Includes	pawn-lang--YSI-Includes/amx/asm.inc	836	stock AsmError:AsmEmitLess(ctx[AsmContext]) {
pawn-lang/YSI-Includes	pawn-lang--YSI-Includes/amx/asm.inc	841	stock AsmError:AsmEmitLidx(ctx[AsmContext]) {
pawn-lang/YSI-Includes	pawn-lang--YSI-Includes/amx/asm.inc	846	stock AsmError:AsmEmitLidxB(ctx[AsmContext], shift) {
pawn-lang/YSI-Includes	pawn-lang--YSI-Includes/amx/asm.inc	851	stock AsmError:AsmEmitLoadAlt(ctx[AsmContext], address) {
pawn-lang/YSI-Includes	pawn-lang--YSI-Includes/amx/asm.inc	856	stock AsmError:AsmEmitLoadPri(ctx[AsmContext], address) {
pawn-lang/YSI-Includes	pawn-lang--YSI-Includes/amx/asm.inc	861	stock AsmError:AsmEmitLoad(ctx[AsmContext], address) {
pawn-lang/YSI-Includes	pawn-lang--YSI-Includes/amx/asm.inc	866	stock AsmError:AsmEmitLoadI(ctx[AsmContext]) {
pawn-lang/YSI-Includes	pawn-lang--YSI-Includes/amx/asm.inc	871	stock AsmError:AsmEmitLoadSAlt(ctx[AsmContext], offset) {
pawn-lang/YSI-Includes	pawn-lang--YSI-Includes/amx/asm.inc	876	stock AsmError:AsmEmitLoadSPri(ctx[AsmContext], offset) {
pawn-lang/YSI-Includes	pawn-lang--YSI-Includes/amx/asm.inc	881	stock AsmError:AsmEmitLodbI(ctx[AsmContext], nbytes) {
pawn-lang/YSI-Includes	pawn-lang--YSI-Includes/amx/asm.inc	887	stock AsmError:AsmEmitLrefAlt(ctx[AsmContext], address) {
pawn-lang/YSI-Includes	pawn-lang--YSI-Includes/amx/asm.inc	892	stock AsmError:AsmEmitLrefPri(ctx[AsmContext], address) {
pawn-lang/YSI-Includes	pawn-lang--YSI-Includes/amx/asm.inc	897	stock AsmError:AsmEmitLrefSAlt(ctx[AsmContext], offset) {
pawn-lang/YSI-Includes	pawn-lang--YSI-Includes/amx/asm.inc	902	stock AsmError:AsmEmitLrefSPri(ctx[AsmContext], offset) {
pawn-lang/YSI-Includes	pawn-lang--YSI-Includes/amx/asm.inc	907	stock AsmError:AsmEmitMoveAlt(ctx[AsmContext]) {
pawn-lang/YSI-Includes	pawn-lang--YSI-Includes/amx/asm.inc	912	stock AsmError:AsmEmitMovePri(ctx[AsmContext]) {
pawn-lang/YSI-Includes	pawn-lang--YSI-Includes/amx/asm.inc	917	stock AsmError:AsmEmitMovs(ctx[AsmContext], nbytes) {
pawn-lang/YSI-Includes	pawn-lang--YSI-Includes/amx/asm.inc	922	stock AsmError:AsmEmitNeg(ctx[AsmContext]) {
pawn-lang/YSI-Includes	pawn-lang--YSI-Includes/amx/asm.inc	927	stock AsmError:AsmEmitNeq(ctx[AsmContext]) {
pawn-lang/YSI-Includes	pawn-lang--YSI-Includes/amx/asm.inc	932	stock AsmError:AsmEmitNop(ctx[AsmContext]) {
pawn-lang/YSI-Includes	pawn-lang--YSI-Includes/amx/asm.inc	937	stock AsmError:AsmEmitNot(ctx[AsmContext]) {
pawn-lang/YSI-Includes	pawn-lang--YSI-Includes/amx/asm.inc	942	stock AsmError:AsmEmitOr(ctx[AsmContext]) {
pawn-lang/YSI-Includes	pawn-lang--YSI-Includes/amx/asm.inc	947	stock AsmError:AsmEmitPopAlt(ctx[AsmContext]) {
pawn-lang/YSI-Includes	pawn-lang--YSI-Includes/amx/asm.inc	952	stock AsmError:AsmEmitPopPri(ctx[AsmContext]) {
pawn-lang/YSI-Includes	pawn-lang--YSI-Includes/amx/asm.inc	957	stock AsmError:AsmEmitProc(ctx[AsmContext]) {
pawn-lang/YSI-Includes	pawn-lang--YSI-Includes/amx/asm.inc	962	stock AsmError:AsmEmitPushAdr(ctx[AsmContext], offset) {
pawn-lang/YSI-Includes	pawn-lang--YSI-Includes/amx/asm.inc	967	stock AsmError:AsmEmitPushAlt(ctx[AsmContext]) {
pawn-lang/YSI-Includes	pawn-lang--YSI-Includes/amx/asm.inc	972	stock AsmError:AsmEmitPushC(ctx[AsmContext], value) {
pawn-lang/YSI-Includes	pawn-lang--YSI-Includes/amx/asm.inc	977	stock AsmError:AsmEmitPushPri(ctx[AsmContext]) {
pawn-lang/YSI-Includes	pawn-lang--YSI-Includes/amx/asm.inc	982	stock AsmError:AsmEmitPush(ctx[AsmContext], address) {
pawn-lang/YSI-Includes	pawn-lang--YSI-Includes/amx/asm.inc	987	stock AsmError:AsmEmitPushS(ctx[AsmContext], offset) {
pawn-lang/YSI-Includes	pawn-lang--YSI-Includes/amx/asm.inc	992	stock AsmError:AsmEmitRet(ctx[AsmContext]) {
pawn-lang/YSI-Includes	pawn-lang--YSI-Includes/amx/asm.inc	997	stock AsmError:AsmEmitRetn(ctx[AsmContext]) {
pawn-lang/YSI-Includes	pawn-lang--YSI-Includes/amx/asm.inc	1002	stock AsmError:AsmEmitSctrl(ctx[AsmContext], index) {
pawn-lang/YSI-Includes	pawn-lang--YSI-Includes/amx/asm.inc	1008	stock AsmError:AsmEmitSdiv(ctx[AsmContext]) {
pawn-lang/YSI-Includes	pawn-lang--YSI-Includes/amx/asm.inc	1013	stock AsmError:AsmEmitSdivAlt(ctx[AsmContext]) {
pawn-lang/YSI-Includes	pawn-lang--YSI-Includes/amx/asm.inc	1018	stock AsmError:AsmEmitSgeq(ctx[AsmContext]) {
pawn-lang/YSI-Includes	pawn-lang--YSI-Includes/amx/asm.inc	1023	stock AsmError:AsmEmitSgrtr(ctx[AsmContext]) {
pawn-lang/YSI-Includes	pawn-lang--YSI-Includes/amx/asm.inc	1028	stock AsmError:AsmEmitShl(ctx[AsmContext]) {
pawn-lang/YSI-Includes	pawn-lang--YSI-Includes/amx/asm.inc	1033	stock AsmError:AsmEmitShlCAlt(ctx[AsmContext], shift) {
pawn-lang/YSI-Includes	pawn-lang--YSI-Includes/amx/asm.inc	1038	stock AsmError:AsmEmitShlCPri(ctx[AsmContext], shift) {
pawn-lang/YSI-Includes	pawn-lang--YSI-Includes/amx/asm.inc	1043	stock AsmError:AsmEmitShrCAlt(ctx[AsmContext], shift) {
pawn-lang/YSI-Includes	pawn-lang--YSI-Includes/amx/asm.inc	1048	stock AsmError:AsmEmitShrCPri(ctx[AsmContext], shift) {
pawn-lang/YSI-Includes	pawn-lang--YSI-Includes/amx/asm.inc	1053	stock AsmError:AsmEmitShr(ctx[AsmContext]) {
pawn-lang/YSI-Includes	pawn-lang--YSI-Includes/amx/asm.inc	1058	stock AsmError:AsmEmitSignAlt(ctx[AsmContext]) {
pawn-lang/YSI-Includes	pawn-lang--YSI-Includes/amx/asm.inc	1063	stock AsmError:AsmEmitSignPri(ctx[AsmContext]) {
pawn-lang/YSI-Includes	pawn-lang--YSI-Includes/amx/asm.inc	1068	stock AsmError:AsmEmitSleq(ctx[AsmContext]) {
pawn-lang/YSI-Includes	pawn-lang--YSI-Includes/amx/asm.inc	1073	stock AsmError:AsmEmitSless(ctx[AsmContext]) {
pawn-lang/YSI-Includes	pawn-lang--YSI-Includes/amx/asm.inc	1078	stock AsmError:AsmEmitSmul(ctx[AsmContext]) {
pawn-lang/YSI-Includes	pawn-lang--YSI-Includes/amx/asm.inc	1083	stock AsmError:AsmEmitSmulC(ctx[AsmContext], value) {
pawn-lang/YSI-Includes	pawn-lang--YSI-Includes/amx/asm.inc	1088	stock AsmError:AsmEmitSshr(ctx[AsmContext]) {
pawn-lang/YSI-Includes	pawn-lang--YSI-Includes/amx/asm.inc	1093	stock AsmError:AsmEmitSrefAlt(ctx[AsmContext], address) {
pawn-lang/YSI-Includes	pawn-lang--YSI-Includes/amx/asm.inc	1098	stock AsmError:AsmEmitSrefPri(ctx[AsmContext], address) {
pawn-lang/YSI-Includes	pawn-lang--YSI-Includes/amx/asm.inc	1103	stock AsmError:AsmEmitSrefSAlt(ctx[AsmContext], offset) {
pawn-lang/YSI-Includes	pawn-lang--YSI-Includes/amx/asm.inc	1108	stock AsmError:AsmEmitSrefSPri(ctx[AsmContext], offset) {
pawn-lang/YSI-Includes	pawn-lang--YSI-Includes/amx/asm.inc	1113	stock AsmError:AsmEmitStack(ctx[AsmContext], nbytes) {
pawn-lang/YSI-Includes	pawn-lang--YSI-Includes/amx/asm.inc	1118	stock AsmError:AsmEmitStorAlt(ctx[AsmContext], address) {
pawn-lang/YSI-Includes	pawn-lang--YSI-Includes/amx/asm.inc	1123	stock AsmError:AsmEmitStorPri(ctx[AsmContext], address) {
pawn-lang/YSI-Includes	pawn-lang--YSI-Includes/amx/asm.inc	1128	stock AsmError:AsmEmitStorI(ctx[AsmContext]) {
pawn-lang/YSI-Includes	pawn-lang--YSI-Includes/amx/asm.inc	1133	stock AsmError:AsmEmitStorSAlt(ctx[AsmContext], offset) {
pawn-lang/YSI-Includes	pawn-lang--YSI-Includes/amx/asm.inc	1138	stock AsmError:AsmEmitStorSPri(ctx[AsmContext], offset) {
pawn-lang/YSI-Includes	pawn-lang--YSI-Includes/amx/asm.inc	1143	stock AsmError:AsmEmitStrbI(ctx[AsmContext], nbytes) {
pawn-lang/YSI-Includes	pawn-lang--YSI-Includes/amx/asm.inc	1149	stock AsmError:AsmEmitSub(ctx[AsmContext]) {
pawn-lang/YSI-Includes	pawn-lang--YSI-Includes/amx/asm.inc	1154	stock AsmError:AsmEmitSubAlt(ctx[AsmContext]) {
pawn-lang/YSI-Includes	pawn-lang--YSI-Includes/amx/asm.inc	1159	stock AsmError:AsmEmitSwapAlt(ctx[AsmContext]) {
pawn-lang/YSI-Includes	pawn-lang--YSI-Includes/amx/asm.inc	1164	stock AsmError:AsmEmitSwapPri(ctx[AsmContext]) {
pawn-lang/YSI-Includes	pawn-lang--YSI-Includes/amx/asm.inc	1169	stock AsmError:AsmEmitSysreqC(ctx[AsmContext], index) {
pawn-lang/YSI-Includes	pawn-lang--YSI-Includes/amx/asm.inc	1174	stock AsmError:AsmEmitSysreqD(ctx[AsmContext], address) {
pawn-lang/YSI-Includes	pawn-lang--YSI-Includes/amx/asm.inc	1183	stock AsmError:AsmEmitSysreqPri(ctx[AsmContext]) {
pawn-lang/YSI-Includes	pawn-lang--YSI-Includes/amx/asm.inc	1188	stock AsmError:AsmEmitUdiv(ctx[AsmContext]) {
pawn-lang/YSI-Includes	pawn-lang--YSI-Includes/amx/asm.inc	1193	stock AsmError:AsmEmitUdivAlt(ctx[AsmContext]) {
pawn-lang/YSI-Includes	pawn-lang--YSI-Includes/amx/asm.inc	1198	stock AsmError:AsmEmitUmul(ctx[AsmContext]) {
pawn-lang/YSI-Includes	pawn-lang--YSI-Includes/amx/asm.inc	1203	stock AsmError:AsmEmitXchg(ctx[AsmContext]) {
pawn-lang/YSI-Includes	pawn-lang--YSI-Includes/amx/asm.inc	1208	stock AsmError:AsmEmitXor(ctx[AsmContext]) {
pawn-lang/YSI-Includes	pawn-lang--YSI-Includes/amx/asm.inc	1213	stock AsmError:AsmEmitZero(ctx[AsmContext], address) {
pawn-lang/YSI-Includes	pawn-lang--YSI-Includes/amx/asm.inc	1218	stock AsmError:AsmEmitZeroAlt(ctx[AsmContext]) {
pawn-lang/YSI-Includes	pawn-lang--YSI-Includes/amx/asm.inc	1223	stock AsmError:AsmEmitZeroPri(ctx[AsmContext]) {
pawn-lang/YSI-Includes	pawn-lang--YSI-Includes/amx/asm.inc	1228	stock AsmError:AsmEmitZeroS(ctx[AsmContext], offset) {
pawn-lang/YSI-Includes	pawn-lang--YSI-Includes/amx/asm.inc	1235	stock AsmError:AsmEmitSysreq(ctx[AsmContext], const name[]) {
pawn-lang/YSI-Includes	pawn-lang--YSI-Includes/amx/asm.inc	1240	stock AsmError:AsmEmitPopArgs(ctx[AsmContext], n) {
pawn-lang/YSI-Includes	pawn-lang--YSI-Includes/amx/asm.inc	1245	stock AsmError:AsmEmitPushArg(ctx[AsmContext], n) {
pawn-lang/YSI-Includes	pawn-lang--YSI-Includes/amx/asm.inc	1250	stock AsmError:AsmEmitPushNumArgs(ctx[AsmContext], n) {
pawn-lang/YSI-Includes	pawn-lang--YSI-Includes/amx/asm.inc	1257	stock AsmGetArgOffset(n) {
pawn-lang/YSI-Includes	pawn-lang--YSI-Includes/amx/asm.inc	1266	stock AsmError:AsmEmitPush2C(ctx[AsmContext], a, b) {
pawn-lang/YSI-Includes	pawn-lang--YSI-Includes/amx/asm.inc	1271	stock AsmError:AsmEmitPush2(ctx[AsmContext], a, b) {
pawn-lang/YSI-Includes	pawn-lang--YSI-Includes/amx/asm.inc	1276	stock AsmError:AsmEmitPush2S(ctx[AsmContext], a, b) {
pawn-lang/YSI-Includes	pawn-lang--YSI-Includes/amx/asm.inc	1281	stock AsmError:AsmEmitPush2Adr(ctx[AsmContext], a, b) {
pawn-lang/YSI-Includes	pawn-lang--YSI-Includes/amx/asm.inc	1286	stock AsmError:AsmEmitPush3C(ctx[AsmContext], a, b, c) {
pawn-lang/YSI-Includes	pawn-lang--YSI-Includes/amx/asm.inc	1291	stock AsmError:AsmEmitPush3(ctx[AsmContext], a, b, c) {
pawn-lang/YSI-Includes	pawn-lang--YSI-Includes/amx/asm.inc	1296	stock AsmError:AsmEmitPush3S(ctx[AsmContext], a, b, c) {
pawn-lang/YSI-Includes	pawn-lang--YSI-Includes/amx/asm.inc	1301	stock AsmError:AsmEmitPush3Adr(ctx[AsmContext], a, b, c) {
pawn-lang/YSI-Includes	pawn-lang--YSI-Includes/amx/asm.inc	1306	stock AsmError:AsmEmitPush4C(ctx[AsmContext], a, b, c, d) {
pawn-lang/YSI-Includes	pawn-lang--YSI-Includes/amx/asm.inc	1311	stock AsmError:AsmEmitPush4(ctx[AsmContext], a, b, c, d) {
pawn-lang/YSI-Includes	pawn-lang--YSI-Includes/amx/asm.inc	1316	stock AsmError:AsmEmitPush4S(ctx[AsmContext], a, b, c, d) {
pawn-lang/YSI-Includes	pawn-lang--YSI-Includes/amx/asm.inc	1321	stock AsmError:AsmEmitPush4Adr(ctx[AsmContext], a, b, c, d) {
pawn-lang/YSI-Includes	pawn-lang--YSI-Includes/amx/asm.inc	1326	stock AsmError:AsmEmitPush5C(ctx[AsmContext], a, b, c, d, e) {
pawn-lang/YSI-Includes	pawn-lang--YSI-Includes/amx/asm.inc	1331	stock AsmError:AsmEmitPush5(ctx[AsmContext], a, b, c, d, e) {
pawn-lang/YSI-Includes	pawn-lang--YSI-Includes/amx/asm.inc	1336	stock AsmError:AsmEmitPush5S(ctx[AsmContext], a, b, c, d, e) {
pawn-lang/YSI-Includes	pawn-lang--YSI-Includes/amx/asm.inc	1341	stock AsmError:AsmEmitPush5Adr(ctx[AsmContext], a, b, c, d, e) {
pawn-lang/YSI-Includes	pawn-lang--YSI-Includes/amx/asm.inc	1346	stock AsmError:AsmEmitLoadBoth(ctx[AsmContext], a, b) {
pawn-lang/YSI-Includes	pawn-lang--YSI-Includes/amx/asm.inc	1351	stock AsmError:AsmEmitLoadSBoth(ctx[AsmContext], a, b) {
pawn-lang/YSI-Includes	pawn-lang--YSI-Includes/amx/asm.inc	1356	stock AsmError:AsmEmitConst(ctx[AsmContext], a, b) {
pawn-lang/YSI-Includes	pawn-lang--YSI-Includes/amx/asm.inc	1361	stock AsmError:AsmEmitConstS(ctx[AsmContext], a, b) {
pawn-lang/YSI-Includes	pawn-lang--YSI-Includes/indirection/indirection.inc	100	stock
pawn-lang/YSI-Includes	pawn-lang--YSI-Includes/indirection/indirection.inc	118	stock const
pawn-lang/YSI-Includes	pawn-lang--YSI-Includes/indirection/indirection.inc	158	stock bool:operator==(_:a, __NO_TAGOF:b)
pawn-lang/YSI-Includes	pawn-lang--YSI-Includes/indirection/indirection.inc	163	stock bool:operator!=(_:a, __NO_TAGOF:b)
pawn-lang/YSI-Includes	pawn-lang--YSI-Includes/indirection/indirection.inc	187	forward __Indirect_FuncInc__();
pawn-lang/YSI-Includes	pawn-lang--YSI-Includes/indirection/indirection.inc	249	native Indirect_Memcpy(dest[], source, index = 0, numbytes, maxlength = sizeof (dest)) = memcpy;
pawn-lang/YSI-Includes	pawn-lang--YSI-Includes/indirection/indirection.inc	252	stock Indirect_Meta(GLOBAL_TAG_TYPES:...)
pawn-lang/YSI-Includes	pawn-lang--YSI-Includes/indirection/indirection.inc	294	forward Indirect_Call(func, tag, GLOBAL_TAG_TYPES:...);
pawn-lang/YSI-Includes	pawn-lang--YSI-Includes/indirection/indirection.inc	303	stock Indirect_Call__(meta, GLOBAL_TAG_TYPES:...)
pawn-lang/YSI-Includes	pawn-lang--YSI-Includes/indirection/indirection.inc	431	stock string:Indirect_Callstring(func, tag, GLOBAL_TAG_TYPES:...)
pawn-lang/YSI-Includes	pawn-lang--YSI-Includes/indirection/indirection.inc	574	stock void:Indirect_Callvoid(func, tag, GLOBAL_TAG_TYPES:...)
pawn-lang/YSI-Includes	pawn-lang--YSI-Includes/indirection/indirection.inc	698	stock Indirect_Array(func, tag, const params[], size = sizeof (params))
pawn-lang/YSI-Includes	pawn-lang--YSI-Includes/indirection/indirection.inc	858	stock Indirect_GetNext_(func)
pawn-lang/YSI-Includes	pawn-lang--YSI-Includes/indirection/indirection.inc	892	stock Indirect_SetNext_(func, data)
pawn-lang/YSI-Includes	pawn-lang--YSI-Includes/indirection/indirection.inc	929	stock Indirect_GetType_(func)
pawn-lang/YSI-Includes	pawn-lang--YSI-Includes/indirection/indirection.inc	961	stock Indirect_GetTag_(func)
pawn-lang/YSI-Includes	pawn-lang--YSI-Includes/indirection/indirection.inc	995	stock bool:Indirect_SetTag_(func, tag)
pawn-lang/YSI-Includes	pawn-lang--YSI-Includes/indirection/indirection.inc	1033	stock Indirect_GetOwner_(func)
pawn-lang/YSI-Includes	pawn-lang--YSI-Includes/indirection/indirection.inc	1069	stock Indirect_SetOwner_(func, owner)
pawn-lang/YSI-Includes	pawn-lang--YSI-Includes/indirection/indirection.inc	1103	stock Indirect_GetMeta_(func)
pawn-lang/YSI-Includes	pawn-lang--YSI-Includes/indirection/indirection.inc	1137	stock Indirect_SetMeta_(func, data)
pawn-lang/YSI-Includes	pawn-lang--YSI-Includes/indirection/indirection.inc	1180	stock Indirect_Claim_(func)
pawn-lang/YSI-Includes	pawn-lang--YSI-Includes/indirection/indirection.inc	1250	stock Indirect_GetStubPointer()
pawn-lang/YSI-Includes	pawn-lang--YSI-Includes/indirection/indirection.inc	1275	stock Indirect_Disconnect(owner)
pawn-lang/YSI-Includes	pawn-lang--YSI-Includes/indirection/indirection.inc	1352	native Indirect_FuncIDX_(ptr) = funcidx;
pawn-lang/YSI-Includes	pawn-lang--YSI-Includes/indirection/indirection.inc	1362	stock bool:Indirect_IsValid_(func)
pawn-lang/YSI-Includes	pawn-lang--YSI-Includes/indirection/indirection.inc	1406	stock Indirect_Release_(func)
pawn-lang/YSI-Includes	pawn-lang--YSI-Includes/indirection/indirection.inc	1480	stock Indirect_Tag(id, dest[32])
pawn-lang/YSI-Includes	pawn-lang--YSI-Includes/indirection/indirection.inc	1498	stock Indirect_Ref_(...)
pawn-lang/YSI-Includes	pawn-lang--YSI-Includes/indirection/indirection.inc	1520	stock Indirect_Ptr_(ptr)
pawn-lang/YSI-Includes	pawn-lang--YSI-Includes/indirection/indirection.inc	1543	stock Indirect_DeRef_(...)
pawn-lang/YSI-Includes	pawn-lang--YSI-Includes/indirection/indirection.inc	1565	stock Indirect_DePtr_(ptr)
pawn-lang/YSI-Includes	pawn-lang--YSI-Includes/indirection/indirection.inc	1576	forward OnJITCompile();
pawn-lang/YSI-Includes	pawn-lang--YSI-Includes/indirection/indirection.inc	1586	forward Indirect_FromCallback(Func:cb<>, bool:release);
pawn-lang/YSI-Includes	pawn-lang--YSI-Includes/indirection/indirection.inc	1603	stock bool:Indirect_GetMetaInt(index, &ret)
pawn-lang/YSI-Includes	pawn-lang--YSI-Includes/indirection/indirection.inc	1622	stock bool:Indirect_GetMetaFloat(index, &Float:ret)
pawn-lang/YSI-Includes	pawn-lang--YSI-Includes/indirection/indirection.inc	1641	stock bool:Indirect_GetMetaBool(index, &bool:ret)
pawn-lang/YSI-Includes	pawn-lang--YSI-Includes/indirection/indirection.inc	1660	stock bool:Indirect_GetMetaRef(index, &ret)
pawn-lang/YSI-Includes	pawn-lang--YSI-Includes/indirection/indirection.inc	1679	stock bool:Indirect_SetMetaRef(index, val)
pawn-lang/YSI-Includes	pawn-lang--YSI-Includes/indirection/indirection.inc	1692	native Indirect_Strcat(dest[], const source, maxlength = sizeof (dest)) = dest;
pawn-lang/YSI-Includes	pawn-lang--YSI-Includes/indirection/indirection.inc	1701	stock bool:Indirect_GetMetaString(index, dest[], size = sizeof (dest))
pawn-lang/YSI-Includes	pawn-lang--YSI-Includes/indirection/indirection.inc	1763	forward Indirection_OnJITCompile();
pawn-lang/YSI-Includes	pawn-lang--YSI-Includes/indirection/indirection.inc	1773	forward Indirection_OnFilterScriptInit();
pawn-lang/YSI-Includes	pawn-lang--YSI-Includes/indirection/indirection.inc	1783	forward Indirection_OnGameModeInit();
pawn-lang/YSI-Includes	pawn-lang--YSI-Includes/code-parse/code-parse.inc	58	forward __CodeParse_UndefU();
pawn-lang/YSI-Includes	pawn-lang--YSI-Includes/code-parse/code-parse.inc	62	forward __CodeParse_UndefU();
pawn-lang/YSI-Includes	pawn-lang--YSI-Includes/code-parse/code-parse.inc	716	forward __CodeParse_FirstPass();
pawn-lang/YSI-Includes	pawn-lang--YSI-Includes/YSI_Visual/y_loader.inc	119	forward Loader_Spawn();
pawn-lang/YSI-Includes	pawn-lang--YSI-Includes/YSI_Visual/y_loader.inc	120	forward Loader_Check();
pawn-lang/YSI-Includes	pawn-lang--YSI-Includes/YSI_Visual/y_loader.inc	121	forward Loader_Obj();
pawn-lang/YSI-Includes	pawn-lang--YSI-Includes/YSI_Visual/y_loader.inc	161	stock Loader_Parse(filename[], laps = 0, entryCost = 0, countdown = 3, bool:arial = false, bool:fixedPrize = true, exitTime = 0, interior = 0, world = 0, bool:restart = false)
pawn-lang/YSI-Includes	pawn-lang--YSI-Includes/YSI_Visual/y_loader.inc	185	stock Loader_ParseObjects(filename[], world = -1)
pawn-lang/YSI-Includes	pawn-lang--YSI-Includes/YSI_Visual/y_loader.inc	198	stock Loader_Unload(race)
pawn-lang/YSI-Includes	pawn-lang--YSI-Includes/YSI_Visual/y_loader.inc	242	stock Float:Loader_Convert(Float:radians)
pawn-lang/YSI-Includes	pawn-lang--YSI-Includes/YSI_Visual/y_loader.inc	411	stock Loader_AddHandler(trigger[], function[])
pawn-lang/YSI-Includes	pawn-lang--YSI-Includes/YSI_Visual/y_loader.inc	421	stock Loader_GetRace()
pawn-lang/YSI-Includes	pawn-lang--YSI-Includes/YSI_Players/y_users/y_users_tests.inc	116	forward Testing_OnPlayerConnect(playerid);
pawn-lang/YSI-Includes	pawn-lang--YSI-Includes/YSI_Players/y_users/y_users_entry.inc	83	forward OnPlayerLogin(playerid, uid);
pawn-lang/YSI-Includes	pawn-lang--YSI-Includes/YSI_Players/y_users/y_users_entry.inc	85	forward OnPlayerLogout(playerid, uid);
pawn-lang/YSI-Includes	pawn-lang--YSI-Includes/YSI_Players/y_users/y_users_entry.inc	87	forward OnPlayerSaved(playerid, uid);
pawn-lang/YSI-Includes	pawn-lang--YSI-Includes/YSI_Players/y_users/y_users_impl.inc	71	forward User_OnFirstRegistration(playerid);
pawn-lang/YSI-Includes	pawn-lang--YSI-Includes/YSI_Players/y_users/y_users_impl.inc	73	forward User_OnSecondRegistration(playerid, bool:success);
pawn-lang/YSI-Includes	pawn-lang--YSI-Includes/YSI_Players/y_users/y_users_impl.inc	254	stock User_ConfirmPassword(playerid, string:password[])
pawn-lang/YSI-Includes	pawn-lang--YSI-Includes/YSI_Players/y_users/y_users_impl.inc	354	stock bool:User_ConfirmEmail(playerid, string:email[])
pawn-lang/YSI-Includes	pawn-lang--YSI-Includes/YSI_Players/y_users/y_users_impl.inc	400	stock Player_TryLogin(playerid, string:password[])
pawn-lang/YSI-Includes	pawn-lang--YSI-Includes/YSI_Players/y_users/y_users_impl.inc	413	stock Player_TryGroup(playerid, string:other[], string:password[])
pawn-lang/YSI-Includes	pawn-lang--YSI-Includes/YSI_Players/y_users/y_users_impl.inc	424	stock Player_GetYID(playerid)
pawn-lang/YSI-Includes	pawn-lang--YSI-Includes/YSI_Players/y_users/y_users_impl.inc	429	stock Player_ChangePassword(playerid, string:password[])
pawn-lang/YSI-Includes	pawn-lang--YSI-Includes/YSI_Players/y_users/y_users_impl.inc	440	stock bool:Player_IsLoggedIn(playerid)
pawn-lang/YSI-Includes	pawn-lang--YSI-Includes/YSI_Players/y_users/y_users_impl.inc	446	stock Player_ForceGroup(playerid, string:other[])
pawn-lang/YSI-Includes	pawn-lang--YSI-Includes/YSI_Players/y_users/y_users_impl.inc	457	stock Player_ForceLogin(playerid)
pawn-lang/YSI-Includes	pawn-lang--YSI-Includes/YSI_Players/y_users/y_users_mysql.inc	119	stock Player_Reload(playerid)
pawn-lang/YSI-Includes	pawn-lang--YSI-Includes/YSI_Players/y_users/y_users_mysql.inc	127	stock Player_SetPreload(playerid, data[E_USER_PRELOAD])
pawn-lang/YSI-Includes	pawn-lang--YSI-Includes/YSI_Players/y_users/y_users_mysql.inc	149	stock Player_Preload(string:name[], ret[E_USER_PRELOAD])
pawn-lang/YSI-Includes	pawn-lang--YSI-Includes/YSI_Players/y_users/y_users_mysql.inc	227	stock Language:Player_GetPreloadLanguage(playerid)
pawn-lang/YSI-Includes	pawn-lang--YSI-Includes/YSI_Players/y_users/y_users_mysql.inc	232	stock Player_GetPreloadBits(playerid)
pawn-lang/YSI-Includes	pawn-lang--YSI-Includes/YSI_Players/y_users/y_users_mysql.inc	242	stock Player_SetPreloadBits(playerid, bits)
pawn-lang/YSI-Includes	pawn-lang--YSI-Includes/YSI_Players/y_users/y_users_mysql.inc	248	stock Player_GetPreloadDate(playerid)
pawn-lang/YSI-Includes	pawn-lang--YSI-Includes/YSI_Players/y_users/y_users_mysql.inc	257	stock Player_IsRegistered(playerid)
pawn-lang/YSI-Includes	pawn-lang--YSI-Includes/YSI_Players/y_users/y_users_mysql.inc	305	forward Users_OnScriptInit();
pawn-lang/YSI-Includes	pawn-lang--YSI-Includes/YSI_Players/y_users/y_users_mysql.inc	369	stock bool:Player_IsLoggedIn(playerid)
pawn-lang/YSI-Includes	pawn-lang--YSI-Includes/YSI_Players/y_users/y_users_mysql.inc	375	stock Player_GetYID(playerid)
pawn-lang/YSI-Includes	pawn-lang--YSI-Includes/YSI_Players/y_users/y_users_mysql.inc	512	stock Player_RemoveEntry(name[])
pawn-lang/YSI-Includes	pawn-lang--YSI-Includes/YSI_Players/y_users/y_users_mysql.inc	525	stock Player_WriteString(name[], data[])
pawn-lang/YSI-Includes	pawn-lang--YSI-Includes/YSI_Players/y_users/y_users_mysql.inc	530	stock Player_WriteArray(const name[], data[], len)
pawn-lang/YSI-Includes	pawn-lang--YSI-Includes/YSI_Players/y_users/y_users_mysql.inc	547	stock Player_WriteInt(name[], data)
pawn-lang/YSI-Includes	pawn-lang--YSI-Includes/YSI_Players/y_users/y_users_mysql.inc	560	stock Player_WriteHex(name[], data)
pawn-lang/YSI-Includes	pawn-lang--YSI-Includes/YSI_Players/y_users/y_users_mysql.inc	573	stock Player_WriteBin(name[], data)
pawn-lang/YSI-Includes	pawn-lang--YSI-Includes/YSI_Players/y_users/y_users_mysql.inc	586	stock Player_WriteBool(name[], bool:data)
pawn-lang/YSI-Includes	pawn-lang--YSI-Includes/YSI_Players/y_users/y_users_mysql.inc	601	stock Player_WriteFloat(name[], Float:data, accuracy = 6)
pawn-lang/YSI-Includes	pawn-lang--YSI-Includes/YSI_Players/y_users/y_users_mysql.inc	606	stock Player_SetTag(tag[])
pawn-lang/YSI-Includes	pawn-lang--YSI-Includes/YSI_Players/y_users/y_users_mysql.inc	616	stock Player_DeleteTag(tag[])
pawn-lang/YSI-Includes	pawn-lang--YSI-Includes/YSI_Players/y_users/y_users_mysql.inc	737	stock Player_SomeWeirdBugFix()
pawn-lang/YSI-Includes	pawn-lang--YSI-Includes/YSI_Players/y_users/y_users_mysql.inc	749	stock Anything2()
pawn-lang/YSI-Includes	pawn-lang--YSI-Includes/YSI_Players/y_users/y_users_mysql.inc	753	stock Anything3()
pawn-lang/YSI-Includes	pawn-lang--YSI-Includes/YSI_Players/y_users/y_users_mysql.inc	761	stock Anything5()
pawn-lang/YSI-Includes	pawn-lang--YSI-Includes/YSI_Players/y_users/y_users_mysql.inc	765	stock Anything6()
pawn-lang/YSI-Includes	pawn-lang--YSI-Includes/YSI_Players/y_users/y_users_mysql.inc	769	stock Anything7()
pawn-lang/YSI-Includes	pawn-lang--YSI-Includes/YSI_Players/y_users/y_users_ini.inc	128	stock Player_Reload(playerid)
pawn-lang/YSI-Includes	pawn-lang--YSI-Includes/YSI_Players/y_users/y_users_ini.inc	136	stock Player_SetPreload(playerid, data[E_USER_PRELOAD])
pawn-lang/YSI-Includes	pawn-lang--YSI-Includes/YSI_Players/y_users/y_users_ini.inc	158	stock Player_Preload(string:name[], ret[E_USER_PRELOAD])
pawn-lang/YSI-Includes	pawn-lang--YSI-Includes/YSI_Players/y_users/y_users_ini.inc	228	stock Language:Player_GetPreloadLanguage(playerid)
pawn-lang/YSI-Includes	pawn-lang--YSI-Includes/YSI_Players/y_users/y_users_ini.inc	233	stock Player_GetPreloadBits(playerid)
pawn-lang/YSI-Includes	pawn-lang--YSI-Includes/YSI_Players/y_users/y_users_ini.inc	243	stock Player_SetPreloadBits(playerid, bits)
pawn-lang/YSI-Includes	pawn-lang--YSI-Includes/YSI_Players/y_users/y_users_ini.inc	249	stock Player_GetPreloadDate(playerid)
pawn-lang/YSI-Includes	pawn-lang--YSI-Includes/YSI_Players/y_users/y_users_ini.inc	258	stock Player_IsRegistered(playerid)
pawn-lang/YSI-Includes	pawn-lang--YSI-Includes/YSI_Players/y_users/y_users_ini.inc	379	stock bool:Player_IsLoggedIn(playerid)
pawn-lang/YSI-Includes	pawn-lang--YSI-Includes/YSI_Players/y_users/y_users_ini.inc	385	stock Player_GetYID(playerid)
pawn-lang/YSI-Includes	pawn-lang--YSI-Includes/YSI_Players/y_users/y_users_ini.inc	523	stock Player_RemoveEntry(name[])
pawn-lang/YSI-Includes	pawn-lang--YSI-Includes/YSI_Players/y_users/y_users_ini.inc	536	stock Player_WriteString(name[], data[])
pawn-lang/YSI-Includes	pawn-lang--YSI-Includes/YSI_Players/y_users/y_users_ini.inc	541	stock Player_WriteArray(const name[], data[], len)
pawn-lang/YSI-Includes	pawn-lang--YSI-Includes/YSI_Players/y_users/y_users_ini.inc	558	stock Player_WriteInt(name[], data)
pawn-lang/YSI-Includes	pawn-lang--YSI-Includes/YSI_Players/y_users/y_users_ini.inc	571	stock Player_WriteHex(name[], data)
pawn-lang/YSI-Includes	pawn-lang--YSI-Includes/YSI_Players/y_users/y_users_ini.inc	584	stock Player_WriteBin(name[], data)
pawn-lang/YSI-Includes	pawn-lang--YSI-Includes/YSI_Players/y_users/y_users_ini.inc	597	stock Player_WriteBool(name[], bool:data)
pawn-lang/YSI-Includes	pawn-lang--YSI-Includes/YSI_Players/y_users/y_users_ini.inc	612	stock Player_WriteFloat(name[], Float:data, accuracy = 6)
pawn-lang/YSI-Includes	pawn-lang--YSI-Includes/YSI_Players/y_users/y_users_ini.inc	617	stock Player_SetTag(tag[])
pawn-lang/YSI-Includes	pawn-lang--YSI-Includes/YSI_Players/y_users/y_users_ini.inc	626	stock Player_DeleteTag(tag[])
pawn-lang/YSI-Includes	pawn-lang--YSI-Includes/YSI_Players/y_users/y_users_ini.inc	631	stock _Player_ForceSave(playerid, bool:logout = false)
pawn-lang/YSI-Includes	pawn-lang--YSI-Includes/YSI_Players/y_users/y_users_ini.inc	710	stock Player_SomeWeirdBugFix()
pawn-lang/YSI-Includes	pawn-lang--YSI-Includes/YSI_Players/y_users/y_users_ini.inc	722	stock Anything2()
pawn-lang/YSI-Includes	pawn-lang--YSI-Includes/YSI_Players/y_users/y_users_ini.inc	726	stock Anything3()
pawn-lang/YSI-Includes	pawn-lang--YSI-Includes/YSI_Players/y_users/y_users_ini.inc	734	stock Anything5()
pawn-lang/YSI-Includes	pawn-lang--YSI-Includes/YSI_Players/y_users/y_users_ini.inc	738	stock Anything6()
pawn-lang/YSI-Includes	pawn-lang--YSI-Includes/YSI_Players/y_users/y_users_ini.inc	742	stock Anything7()
pawn-lang/YSI-Includes	pawn-lang--YSI-Includes/YSI_Players/y_groups/y_groups_entry.inc	138	stock _YSI_HAS_y_groups(_do_not_call_me_ever_, _like_never_)
pawn-lang/YSI-Includes	pawn-lang--YSI-Includes/YSI_Players/y_groups/y_groups_setup.inc	185	stock
pawn-lang/YSI-Includes	pawn-lang--YSI-Includes/YSI_Players/y_groups/y_groups_setup.inc	190	stock const
pawn-lang/YSI-Includes	pawn-lang--YSI-Includes/YSI_Players/y_groups/y_groups__include.inc	33	stock Command_DecoratorGroup__(cmd, Group:g) <y_groups : y_groups_exists>
pawn-lang/YSI-Includes	pawn-lang--YSI-Includes/YSI_Players/y_groups/y_groups_impl.inc	134	stock PlayerGroups(a, b)
pawn-lang/YSI-Includes	pawn-lang--YSI-Includes/YSI_Players/y_groups/y_groups_impl.inc	237	stock _Group_AddInternal(a, Group:g)
pawn-lang/YSI-Includes	pawn-lang--YSI-Includes/YSI_Players/y_groups/y_groups_impl.inc	376	forward _Group_SpecialExit();
pawn-lang/YSI-Includes	pawn-lang--YSI-Includes/YSI_Players/y_groups/y_groups_impl.inc	824	stock Group:Group_SetBalancedArray(p, const Group:gs[], c = sizeof (gs))
pawn-lang/YSI-Includes	pawn-lang--YSI-Includes/YSI_Players/y_groups/y_groups_impl.inc	842	stock Group:Group_SetBalanced(playerid, Group:g0, Group:g1, Group:...)
pawn-lang/YSI-Includes	pawn-lang--YSI-Includes/YSI_Players/y_groups/y_groups_impl.inc	878	stock Group:operator+(Group:g, o)
pawn-lang/YSI-Includes	pawn-lang--YSI-Includes/YSI_Players/y_groups/y_groups_impl.inc	884	stock Group:operator-(Group:g, o)
pawn-lang/YSI-Includes	pawn-lang--YSI-Includes/YSI_Players/y_groups/y_groups_impl.inc	890	stock bool:operator==(Group:g, o)
pawn-lang/YSI-Includes	pawn-lang--YSI-Includes/YSI_Players/y_groups/y_groups_impl.inc	895	stock bool:operator!=(Group:g, o)
pawn-lang/YSI-Includes	pawn-lang--YSI-Includes/YSI_Players/y_groups/y_groups_impl.inc	1200	stock Group:Group_Create(const string:name[] = "")
pawn-lang/YSI-Includes	pawn-lang--YSI-Includes/YSI_Players/y_groups/y_groups_impl.inc	1232	stock Iter_Func@Group(start, Group:group)
pawn-lang/YSI-Includes	pawn-lang--YSI-Includes/YSI_Players/y_groups/y_groups_impl.inc	1367	stock _Y_G@C_0(func)
pawn-lang/YSI-Includes	pawn-lang--YSI-Includes/YSI_Players/y_groups/y_groups_impl.inc	1380	stock _Y_G@C_1(func, GLOBAL_TAG_TYPES:...)
pawn-lang/YSI-Includes	pawn-lang--YSI-Includes/YSI_Players/y_groups/y_groups_impl.inc	1394	stock _Y_G@C_2(func, GLOBAL_TAG_TYPES:...)
pawn-lang/YSI-Includes	pawn-lang--YSI-Includes/YSI_Players/y_groups/y_groups_impl.inc	1409	stock _Y_G@C_3(func, GLOBAL_TAG_TYPES:...)
pawn-lang/YSI-Includes	pawn-lang--YSI-Includes/YSI_Players/y_groups/y_groups__funcs.inc	176	stock _GROUP_MAKE_NAME<..._InitialiseFromGroups>(_GROUP_MAKE_TAG:x = _GROUP_MAKE_TAG:_GROUP_MAKE_LIMIT)
pawn-lang/YSI-Includes	pawn-lang--YSI-Includes/YSI_Players/y_groups/y_groups__funcs.inc	327	stock E_GROUP_SET:_GROUP_MAKE_NAME<Group_Get...>(Group:g,_GROUP_MAKE_TAG:el)
pawn-lang/YSI-Includes	pawn-lang--YSI-Includes/YSI_Players/y_groups/y_groups__funcs.inc	571	stock const
pawn-lang/YSI-Includes	pawn-lang--YSI-Includes/YSI_Players/y_groups/y_groups__funcs.inc	615	stock bool:_GROUP_MAKE_NAME<Group_Global...Allowed>(_GROUP_MAKE_TAG:el)
pawn-lang/YSI-Includes	pawn-lang--YSI-Includes/YSI_Players/y_groups/y_groups__funcs.inc	630	stock bool:_GROUP_MAKE_NAME<Group_Global...Denied>(_GROUP_MAKE_TAG:el)
pawn-lang/YSI-Includes	pawn-lang--YSI-Includes/YSI_Players/y_groups/y_groups__funcs.inc	651	stock E_GROUP_SET:_GROUP_MAKE_NAME<Group_GetGlobal...>(_GROUP_MAKE_TAG:el)
pawn-lang/YSI-Includes	pawn-lang--YSI-Includes/YSI_Players/y_groups/y_groups__funcs.inc	749	stock Group:operator+(Group:g, GROUP_LIBRARY_TAGS:o)
pawn-lang/YSI-Includes	pawn-lang--YSI-Includes/YSI_Players/y_groups/y_groups__funcs.inc	755	stock Group:operator-(Group:g, GROUP_LIBRARY_TAGS:o)
pawn-lang/YSI-Includes	pawn-lang--YSI-Includes/YSI_Players/y_groups/y_groups__funcs.inc	761	stock Group:operator%(Group:g, GROUP_LIBRARY_TAGS:o)
pawn-lang/YSI-Includes	pawn-lang--YSI-Includes/YSI_Players/y_groups/y_groups__funcs.inc	767	stock bool:operator==(Group:g, GROUP_LIBRARY_TAGS:o)
pawn-lang/YSI-Includes	pawn-lang--YSI-Includes/YSI_Players/y_groups/y_groups__funcs.inc	772	stock bool:operator!=(Group:g, GROUP_LIBRARY_TAGS:o)
pawn-lang/YSI-Includes	pawn-lang--YSI-Includes/YSI_Players/y_languages/y_languages_entry.inc	210	stock
pawn-lang/YSI-Includes	pawn-lang--YSI-Includes/YSI_Players/y_android/y_android_entry.inc	80	forward Android_UnusedPublic(playerid);
pawn-lang/YSI-Includes	pawn-lang--YSI-Includes/YSI_Players/y_android/y_android_entry.inc	97	forward OnAndroidCheck(playerid, bool:isDisgustingThiefToBeBanned);
pawn-lang/YSI-Includes	pawn-lang--YSI-Includes/YSI_Players/y_android/y_android_entry.inc	99	stock bool:IsPCPlayer(playerid)
pawn-lang/YSI-Includes	pawn-lang--YSI-Includes/YSI_Players/y_android/y_android_entry.inc	104	stock bool:IsAndroidPlayer(playerid)
pawn-lang/YSI-Includes	pawn-lang--YSI-Includes/YSI_Players/y_android/y_android_entry.inc	191	forward Android_OnYSIInit();
pawn-lang/YSI-Includes	pawn-lang--YSI-Includes/YSI_Players/y_android/y_android_entry.inc	202	forward Android_OnClientCheckResponse(playerid, actionid, memaddr, retndata);
pawn-lang/YSI-Includes	pawn-lang--YSI-Includes/YSI_Players/y_android/y_android_entry.inc	212	forward Android_OnPlayerConnect(playerid);
pawn-lang/YSI-Includes	pawn-lang--YSI-Includes/YSI_Players/y_android/y_android_entry.inc	222	forward Android_OnPlayerDisconnect(playerid, reason);
pawn-lang/YSI-Includes	pawn-lang--YSI-Includes/YSI_Players/y_android/y_android_entry.inc	232	forward Android_OnAndroidTimer(playerid);
pawn-lang/YSI-Includes	pawn-lang--YSI-Includes/YSI_Players/y_text/y_text_styles.inc	145	stock _Style_Init(id)
pawn-lang/YSI-Includes	pawn-lang--YSI-Includes/YSI_Players/y_text/y_text_styles.inc	150	forward _Styles_SpecialInit();
pawn-lang/YSI-Includes	pawn-lang--YSI-Includes/YSI_Players/y_text/y_text_styles.inc	152	stock Styles_GetData(index, style[E_STYLE_DATA], label[E_3D_DATA])
pawn-lang/YSI-Includes	pawn-lang--YSI-Includes/YSI_Players/y_text/y_text_styles.inc	174	forward Styles_EntryTag();
pawn-lang/YSI-Includes	pawn-lang--YSI-Includes/YSI_Players/y_text/y_text_styles.inc	321	forward Styles_3DTag();
pawn-lang/YSI-Includes	pawn-lang--YSI-Includes/YSI_Players/y_text/y_text_styles.inc	483	stock Styles_Reload()
pawn-lang/YSI-Includes	pawn-lang--YSI-Includes/YSI_Players/y_text/y_text_load.inc	194	stock e_GAME_TEXT_KEYS:Format_GetKeys(const input[], &idx)
pawn-lang/YSI-Includes	pawn-lang--YSI-Includes/YSI_Players/y_text/y_text_load.inc	387	stock Format_Standardise(input[], output[], len = sizeof (output), pt = false)
pawn-lang/YSI-Includes	pawn-lang--YSI-Includes/YSI_Players/y_text/y_text_render.inc	143	stock _Text_SetDialogMode()
pawn-lang/YSI-Includes	pawn-lang--YSI-Includes/YSI_Players/y_text/y_text_render.inc	150	stock Format_SetListSeparator(const string:lst[])
pawn-lang/YSI-Includes	pawn-lang--YSI-Includes/YSI_Players/y_text/y_text_render.inc	162	stock _Format_SetStyleData(master, index, const style[E_STYLE_DATA], const label[E_3D_DATA])
pawn-lang/YSI-Includes	pawn-lang--YSI-Includes/YSI_Players/y_text/y_text_render.inc	819	stock Format_JustShow(playerid, const out[]) <y_render_show : y_render_show_scm>
pawn-lang/YSI-Includes	pawn-lang--YSI-Includes/YSI_Players/y_text/y_text_render.inc	824	stock Format_JustShow(playerid, const out[]) <y_render_show : y_render_show_print>
pawn-lang/YSI-Includes	pawn-lang--YSI-Includes/YSI_Players/y_text/y_text_render.inc	829	stock Format_JustShow(playerid, const out[]) <y_render_show : y_render_show_gt>
pawn-lang/YSI-Includes	pawn-lang--YSI-Includes/YSI_Players/y_text/y_text_render.inc	834	stock Format_JustShow(playerid, const out[]) <y_render_show : y_render_show_td>
pawn-lang/YSI-Includes	pawn-lang--YSI-Includes/YSI_Players/y_text/y_text_render.inc	848	stock Text_GetLastID() <y_render_show : y_render_show_td>
pawn-lang/YSI-Includes	pawn-lang--YSI-Includes/YSI_Players/y_text/y_text_render.inc	853	stock Text_GetLastID() <>
pawn-lang/YSI-Includes	pawn-lang--YSI-Includes/YSI_Players/y_text/y_text_render.inc	874	stock Format_Render(pid, Language:l, output[], maxlen, idx, target, string[], GLOBAL_TAG_TYPES:...)
pawn-lang/YSI-Includes	pawn-lang--YSI-Includes/YSI_Players/y_text/y_text_impl.inc	195	forward TextInt_OnScriptInit();
pawn-lang/YSI-Includes	pawn-lang--YSI-Includes/YSI_Players/y_text/y_text_impl.inc	379	forward Text_INILoad(Language:langIndex, file[], tag[], name[], value[]);
pawn-lang/YSI-Includes	pawn-lang--YSI-Includes/YSI_Players/y_text/y_text_impl.inc	530	stock _Text_CheckOwnership(file[], str[])
pawn-lang/YSI-Includes	pawn-lang--YSI-Includes/YSI_Players/y_text/y_text_impl.inc	552	stock _Text_LookupName(name[])
pawn-lang/YSI-Includes	pawn-lang--YSI-Includes/YSI_Players/y_text/y_text_impl.inc	574	stock _Text_GetPointer(master, id)
pawn-lang/YSI-Includes	pawn-lang--YSI-Includes/YSI_Players/y_text/y_text_impl.inc	836	stock Text_DebugAllText()
pawn-lang/YSI-Includes	pawn-lang--YSI-Includes/YSI_Players/y_text/y_text_impl.inc	949	stock _Text_Send(@PlayerSet:players, search[], ident[], GLOBAL_TAG_TYPES:...)
pawn-lang/YSI-Includes	pawn-lang--YSI-Includes/YSI_Players/y_text/y_text_impl.inc	1025	stock Text_GetPreRender(Language:lang)
pawn-lang/YSI-Includes	pawn-lang--YSI-Includes/YSI_Players/y_text/y_text_impl.inc	1030	stock _Text_Render(playerid, search[], ident[], GLOBAL_TAG_TYPES:...)
pawn-lang/YSI-Includes	pawn-lang--YSI-Includes/YSI_Players/y_text/y_text_impl.inc	1084	stock _Text_DialogBox(@PlayerSet:players, style, Func:callback<iiiis>, csearch[], cident[], isearch[], iident[], b1search[], b1ident[], b2search[], b2ident[], GLOBAL_TAG_TYPES:...)
pawn-lang/YSI-Includes	pawn-lang--YSI-Includes/YSI_Players/y_text/y_text_impl.inc	1192	stock _Text_Format(dest[], size, Language:lang, e_STYLE_TYPE:style, search[], ident[], ...)
pawn-lang/YSI-Includes	pawn-lang--YSI-Includes/YSI_Players/y_text/y_text_entry.inc	251	stock Text_FormatEx(output[], len, const format[], GLOBAL_TAG_TYPES:...)
pawn-lang/YSI-Includes	pawn-lang--YSI-Includes/YSI_Players/y_text/y_text_entry.inc	259	stock Text_PrintFEx(const format[], GLOBAL_TAG_TYPES:...)
pawn-lang/YSI-Includes	pawn-lang--YSI-Includes/YSI_Core/y_master/y_distribute.inc	111	forward YSI_g_sSomeThing@Dist(a[], s)
pawn-lang/YSI-Includes	pawn-lang--YSI-Includes/YSI_Core/y_master/y_distribute.inc	142	stock Distribute_Do(const func[], GLOBAL_TAG_TYPES:...)
pawn-lang/YSI-Includes	pawn-lang--YSI-Includes/YSI_Core/y_master/y_distribute.inc	179	stock Distribute_So(const func[], idx, const Bit:masters[], GLOBAL_TAG_TYPES:...)
pawn-lang/YSI-Includes	pawn-lang--YSI-Includes/YSI_Core/y_master/y_distribute.inc	219	stock Distribute_To(const from[], ss, GLOBAL_TAG_TYPES:...)
pawn-lang/YSI-Includes	pawn-lang--YSI-Includes/YSI_Core/y_master/y_master__impl.inc	253	stock
pawn-lang/YSI-Includes	pawn-lang--YSI-Includes/YSI_Core/y_master/y_master__impl.inc	257	stock
pawn-lang/YSI-Includes	pawn-lang--YSI-Includes/YSI_Core/y_master/y_master__impl.inc	266	stock
pawn-lang/YSI-Includes	pawn-lang--YSI-Includes/YSI_Core/y_master/y_master__impl.inc	270	forward MAKE_YCM<YSIM_VERSION...>();
pawn-lang/YSI-Includes	pawn-lang--YSI-Includes/YSI_Core/y_master/y_master__impl.inc	311	forward MAKE_YCM<YSIM_VERSION...>();
pawn-lang/YSI-Includes	pawn-lang--YSI-Includes/YSI_Core/y_master/y_master__impl.inc	374	forward _YCM();
pawn-lang/YSI-Includes	pawn-lang--YSI-Includes/YSI_Core/y_master/y_master_once.inc	395	forward Master_Reassert();
pawn-lang/YSI-Includes	pawn-lang--YSI-Includes/YSI_Core/y_master/y_master_once.inc	419	stock
pawn-lang/YSI-Includes	pawn-lang--YSI-Includes/YSI_Core/y_master/y_master_once.inc	432	stock Master_GetModuleName(ret[FUNCTION_LENGTH])
pawn-lang/YSI-Includes	pawn-lang--YSI-Includes/YSI_Core/y_master/y_master_once.inc	455	forward _FIXES_DetermineID();
pawn-lang/YSI-Includes	pawn-lang--YSI-Includes/YSI_Core/y_master/y_master_once.inc	529	forward OnMasterSystemInit(id);
pawn-lang/YSI-Includes	pawn-lang--YSI-Includes/YSI_Core/y_master/y_master_once.inc	531	forward Master_OnCloseModules();
pawn-lang/YSI-Includes	pawn-lang--YSI-Includes/YSI_Core/y_master/y_master_once.inc	612	forward OnMasterSystemClose(id);
pawn-lang/YSI-Includes	pawn-lang--YSI-Includes/YSI_Core/y_master/y_master_once.inc	887	stock _Master_Relinquish(const library[])
pawn-lang/YSI-Includes	pawn-lang--YSI-Includes/YSI_Core/y_master/y_master_once.inc	951	stock e_YSIM_GET_TYPE:_Master_Get(const library[], bool:force = false)
pawn-lang/YSI-Includes	pawn-lang--YSI-Includes/YSI_Core/y_master/y_master_once.inc	1014	forward @aOnYSIInit(id);
pawn-lang/YSI-Includes	pawn-lang--YSI-Includes/YSI_Core/y_master/y_master_once.inc	1017	forward @bOnYSIInit(id);
pawn-lang/YSI-Includes	pawn-lang--YSI-Includes/YSI_Core/y_master/y_master_once.inc	1020	forward @cOnYSIInit(id);
pawn-lang/YSI-Includes	pawn-lang--YSI-Includes/YSI_Core/y_master/y_master_once.inc	1023	forward @dOnYSIInit(id);
pawn-lang/YSI-Includes	pawn-lang--YSI-Includes/YSI_Core/y_master/y_master_once.inc	1026	forward @eOnYSIInit(id);
pawn-lang/YSI-Includes	pawn-lang--YSI-Includes/YSI_Core/y_master/y_master_once.inc	1029	forward @fOnYSIInit(id);
pawn-lang/YSI-Includes	pawn-lang--YSI-Includes/YSI_Core/y_master/y_master_once.inc	1032	forward @gOnYSIInit(id);
pawn-lang/YSI-Includes	pawn-lang--YSI-Includes/YSI_Core/y_master/y_master_once.inc	1035	forward @hOnYSIInit(id);
pawn-lang/YSI-Includes	pawn-lang--YSI-Includes/YSI_Core/y_master/y_master_once.inc	1038	forward @iOnYSIInit(id);
pawn-lang/YSI-Includes	pawn-lang--YSI-Includes/YSI_Core/y_master/y_master_once.inc	1041	forward @jOnYSIInit(id);
pawn-lang/YSI-Includes	pawn-lang--YSI-Includes/YSI_Core/y_master/y_master_once.inc	1044	forward @kOnYSIInit(id);
pawn-lang/YSI-Includes	pawn-lang--YSI-Includes/YSI_Core/y_master/y_master_once.inc	1047	forward @lOnYSIInit(id);
pawn-lang/YSI-Includes	pawn-lang--YSI-Includes/YSI_Core/y_master/y_master_once.inc	1050	forward @mOnYSIInit(id);
pawn-lang/YSI-Includes	pawn-lang--YSI-Includes/YSI_Core/y_master/y_master_once.inc	1053	forward @nOnYSIInit(id);
pawn-lang/YSI-Includes	pawn-lang--YSI-Includes/YSI_Core/y_master/y_master_once.inc	1056	forward @oOnYSIInit(id);
pawn-lang/YSI-Includes	pawn-lang--YSI-Includes/YSI_Core/y_master/y_master_once.inc	1059	forward @pOnYSIInit(id);
pawn-lang/YSI-Includes	pawn-lang--YSI-Includes/YSI_Core/y_master/y_master_once.inc	1062	forward @qOnYSIInit(id);
pawn-lang/YSI-Includes	pawn-lang--YSI-Includes/YSI_Core/y_master/y_master_once.inc	1065	forward @rOnYSIInit(id);
pawn-lang/YSI-Includes	pawn-lang--YSI-Includes/YSI_Core/y_master/y_master_once.inc	1068	forward @sOnYSIInit(id);
pawn-lang/YSI-Includes	pawn-lang--YSI-Includes/YSI_Core/y_master/y_master_once.inc	1071	forward @tOnYSIInit(id);
pawn-lang/YSI-Includes	pawn-lang--YSI-Includes/YSI_Core/y_master/y_master_once.inc	1074	forward @uOnYSIInit(id);
pawn-lang/YSI-Includes	pawn-lang--YSI-Includes/YSI_Core/y_master/y_master_once.inc	1077	forward @vOnYSIInit(id);
pawn-lang/YSI-Includes	pawn-lang--YSI-Includes/YSI_Core/y_master/y_master_once.inc	1080	forward @wOnYSIInit(id);
pawn-lang/YSI-Includes	pawn-lang--YSI-Includes/YSI_Core/y_master/y_master_once.inc	1083	forward @xOnYSIInit(id);
pawn-lang/YSI-Includes	pawn-lang--YSI-Includes/YSI_Core/y_master/y_master_once.inc	1086	forward @yOnYSIInit(id);
pawn-lang/YSI-Includes	pawn-lang--YSI-Includes/YSI_Core/y_master/y_master_once.inc	1089	forward @zOnYSIInit(id);
pawn-lang/YSI-Includes	pawn-lang--YSI-Includes/YSI_Core/y_master/y_master_once.inc	1092	forward @AOnYSIInit(id);
pawn-lang/YSI-Includes	pawn-lang--YSI-Includes/YSI_Core/y_master/y_master_once.inc	1095	forward @BOnYSIInit(id);
pawn-lang/YSI-Includes	pawn-lang--YSI-Includes/YSI_Core/y_master/y_master_once.inc	1098	forward @COnYSIInit(id);
pawn-lang/YSI-Includes	pawn-lang--YSI-Includes/YSI_Core/y_master/y_master_once.inc	1101	forward @DOnYSIInit(id);
pawn-lang/YSI-Includes	pawn-lang--YSI-Includes/YSI_Core/y_master/y_master_once.inc	1104	forward @EOnYSIInit(id);
pawn-lang/YSI-Includes	pawn-lang--YSI-Includes/YSI_Core/y_master/y_master_once.inc	1107	forward @FOnYSIInit(id);
pawn-lang/YSI-Includes	pawn-lang--YSI-Includes/YSI_Core/y_master/y_master_once.inc	1110	forward @GOnYSIInit(id);
pawn-lang/YSI-Includes	pawn-lang--YSI-Includes/YSI_Core/y_master/y_master_once.inc	1113	forward @HOnYSIInit(id);
pawn-lang/YSI-Includes	pawn-lang--YSI-Includes/YSI_Core/y_master/y_master_once.inc	1116	forward @IOnYSIInit(id);
pawn-lang/YSI-Includes	pawn-lang--YSI-Includes/YSI_Core/y_master/y_master_once.inc	1119	forward @JOnYSIInit(id);
pawn-lang/YSI-Includes	pawn-lang--YSI-Includes/YSI_Core/y_master/y_master_once.inc	1122	forward @KOnYSIInit(id);
pawn-lang/YSI-Includes	pawn-lang--YSI-Includes/YSI_Core/y_master/y_master_once.inc	1125	forward @LOnYSIInit(id);
pawn-lang/YSI-Includes	pawn-lang--YSI-Includes/YSI_Core/y_master/y_master_once.inc	1128	forward @MOnYSIInit(id);
pawn-lang/YSI-Includes	pawn-lang--YSI-Includes/YSI_Core/y_master/y_master_once.inc	1131	forward @NOnYSIInit(id);
pawn-lang/YSI-Includes	pawn-lang--YSI-Includes/YSI_Core/y_master/y_master_once.inc	1134	forward @OOnYSIInit(id);
pawn-lang/YSI-Includes	pawn-lang--YSI-Includes/YSI_Core/y_master/y_master_once.inc	1137	forward @POnYSIInit(id);
pawn-lang/YSI-Includes	pawn-lang--YSI-Includes/YSI_Core/y_master/y_master_once.inc	1140	forward @QOnYSIInit(id);
pawn-lang/YSI-Includes	pawn-lang--YSI-Includes/YSI_Core/y_master/y_master_once.inc	1143	forward @ROnYSIInit(id);
pawn-lang/YSI-Includes	pawn-lang--YSI-Includes/YSI_Core/y_master/y_master_once.inc	1146	forward @SOnYSIInit(id);
pawn-lang/YSI-Includes	pawn-lang--YSI-Includes/YSI_Core/y_master/y_master_once.inc	1149	forward @TOnYSIInit(id);
pawn-lang/YSI-Includes	pawn-lang--YSI-Includes/YSI_Core/y_master/y_master_once.inc	1152	forward @UOnYSIInit(id);
pawn-lang/YSI-Includes	pawn-lang--YSI-Includes/YSI_Core/y_master/y_master_once.inc	1155	forward @VOnYSIInit(id);
pawn-lang/YSI-Includes	pawn-lang--YSI-Includes/YSI_Core/y_master/y_master_once.inc	1158	forward @WOnYSIInit(id);
pawn-lang/YSI-Includes	pawn-lang--YSI-Includes/YSI_Core/y_master/y_master_once.inc	1161	forward @XOnYSIInit(id);
pawn-lang/YSI-Includes	pawn-lang--YSI-Includes/YSI_Core/y_master/y_master_once.inc	1164	forward @YOnYSIInit(id);
pawn-lang/YSI-Includes	pawn-lang--YSI-Includes/YSI_Core/y_master/y_master_once.inc	1167	forward @ZOnYSIInit(id);
pawn-lang/YSI-Includes	pawn-lang--YSI-Includes/YSI_Core/y_master/y_master_once.inc	1170	forward @0OnYSIInit(id);
pawn-lang/YSI-Includes	pawn-lang--YSI-Includes/YSI_Core/y_master/y_master_once.inc	1173	forward @1OnYSIInit(id);
pawn-lang/YSI-Includes	pawn-lang--YSI-Includes/YSI_Core/y_master/y_master_once.inc	1176	forward @2OnYSIInit(id);
pawn-lang/YSI-Includes	pawn-lang--YSI-Includes/YSI_Core/y_master/y_master_once.inc	1179	forward @3OnYSIInit(id);
pawn-lang/YSI-Includes	pawn-lang--YSI-Includes/YSI_Core/y_master/y_master_once.inc	1182	forward @4OnYSIInit(id);
pawn-lang/YSI-Includes	pawn-lang--YSI-Includes/YSI_Core/y_master/y_master_once.inc	1185	forward @5OnYSIInit(id);
pawn-lang/YSI-Includes	pawn-lang--YSI-Includes/YSI_Core/y_master/y_master_once.inc	1188	forward @6OnYSIInit(id);
pawn-lang/YSI-Includes	pawn-lang--YSI-Includes/YSI_Core/y_master/y_master_once.inc	1191	forward @7OnYSIInit(id);
pawn-lang/YSI-Includes	pawn-lang--YSI-Includes/YSI_Core/y_master/y_master_once.inc	1194	forward @8OnYSIInit(id);
pawn-lang/YSI-Includes	pawn-lang--YSI-Includes/YSI_Core/y_master/y_master_once.inc	1197	forward @9OnYSIInit(id);
pawn-lang/YSI-Includes	pawn-lang--YSI-Includes/YSI_Core/y_testing/y_testing_entry.inc	79	forward bool:_Testing_End();
pawn-lang/YSI-Includes	pawn-lang--YSI-Includes/YSI_Core/y_testing/y_testing_entry.inc	131	stock _y@T(GLOBAL_TAG_TYPES:b, tag = tagof (b))
pawn-lang/YSI-Includes	pawn-lang--YSI-Includes/YSI_Core/y_testing/y_testing_entry.inc	139	stock bool:_yT@(a, GLOBAL_TAG_TYPES:b, op, tag = tagof (b))
pawn-lang/YSI-Includes	pawn-lang--YSI-Includes/YSI_Core/y_testing/y_testing_entry.inc	221	stock
pawn-lang/YSI-Includes	pawn-lang--YSI-Includes/YSI_Core/y_testing/y_testing_entry.inc	467	stock _Testing_Start(const name[], run = true, const group[] = "", slow = false) <y_testing_phase : y_testing_phase_determine>
pawn-lang/YSI-Includes	pawn-lang--YSI-Includes/YSI_Core/y_testing/y_testing_entry.inc	542	stock _Testing_Start(const name[], run = true, const group[] = "", slow = false) <y_testing_phase : y_testing_phase_call>
pawn-lang/YSI-Includes	pawn-lang--YSI-Includes/YSI_Core/y_testing/y_testing_entry.inc	576	native bool:YSI_ShowPlayerDialog(playerid, dialogid, DIALOG_STYLE:style, const caption[], const info[], const button1[], const button2[]) = ShowPlayerDialog;
pawn-lang/YSI-Includes	pawn-lang--YSI-Includes/YSI_Core/y_testing/y_testing_entry.inc	578	stock Testing_Ask(playerid, const str[] = "", GLOBAL_TAG_TYPES:...)
pawn-lang/YSI-Includes	pawn-lang--YSI-Includes/YSI_Core/y_testing/y_testing_entry.inc	660	stock Testing_Test(bool:x, const str[] = "", GLOBAL_TAG_TYPES:...)
pawn-lang/YSI-Includes	pawn-lang--YSI-Includes/YSI_Core/y_testing/y_testing_entry.inc	713	stock bool:_Testing_End()
pawn-lang/YSI-Includes	pawn-lang--YSI-Includes/YSI_Core/y_testing/y_testing_entry.inc	746	stock bool:Testing_Run(&tests, &checks, &fails, const lastfail[33] = "", bool:p = false)
pawn-lang/YSI-Includes	pawn-lang--YSI-Includes/YSI_Core/y_testing/y_testing_entry.inc	890	stock bool:Testing_Player(playerid, &idx, &tests, &checks, &fails, const lastfail[33] = "", bool:p = false)
pawn-lang/YSI-Includes	pawn-lang--YSI-Includes/YSI_Core/y_testing/y_testing_entry.inc	907	stock
pawn-lang/YSI-Includes	pawn-lang--YSI-Includes/YSI_Core/y_testing/y_testing_entry.inc	1097	forward Testing_OnDialogResponse(playerid, dialogid, response, listitem, inputtext[]);
pawn-lang/YSI-Includes	pawn-lang--YSI-Includes/YSI_Core/y_testing/y_testing_entry.inc	1148	forward Testing_OnPlayerKeyStateChange(playerid, KEY:newkeys, KEY:oldkeys);
pawn-lang/YSI-Includes	pawn-lang--YSI-Includes/YSI_Core/y_testing/y_testing_entry.inc	1153	forward OnTestsComplete(tests, checks, fails);
pawn-lang/YSI-Includes	pawn-lang--YSI-Includes/YSI_Core/y_testing/y_testing_entry.inc	1154	forward OnPlayerTestsComplete(playerid, tests, checks, fails);
pawn-lang/YSI-Includes	pawn-lang--YSI-Includes/YSI_Core/y_testing/y_testing_entry.inc	1175	forward Testing_OnFilterScriptInit();
pawn-lang/YSI-Includes	pawn-lang--YSI-Includes/YSI_Core/y_testing/y_testing_entry.inc	1196	forward Testing_main();
pawn-lang/YSI-Includes	pawn-lang--YSI-Includes/YSI_Core/y_testing/y_testing_entry.inc	1237	forward Testing_OnPlayerSpawn(playerid);
pawn-lang/YSI-Includes	pawn-lang--YSI-Includes/YSI_Core/y_testing/y_testing_entry.inc	1243	forward OnRuntimeError(code, &bool:suppress);
pawn-lang/YSI-Includes	pawn-lang--YSI-Includes/YSI_Core/y_testing/y_testing_entry.inc	1273	stock Testing_RunAll()
pawn-lang/YSI-Includes	pawn-lang--YSI-Includes/YSI_Core/y_testing/y_testing_entry.inc	1340	stock Testing_TestRedirect(bool:x, const str[] = "", GLOBAL_TAG_TYPES:...)
pawn-lang/YSI-Includes	pawn-lang--YSI-Includes/YSI_Core/y_testing/y_testing_entry.inc	1355	stock Testing_SurpressOneFail()
pawn-lang/YSI-Includes	pawn-lang--YSI-Includes/YSI_Core/y_utils/y_utils_maths.inc	261	stock Sum(const arr[], num = sizeof (arr))
pawn-lang/YSI-Includes	pawn-lang--YSI-Includes/YSI_Core/y_utils/y_utils_maths.inc	278	stock Mean(const arr[], num = sizeof (arr))
pawn-lang/YSI-Includes	pawn-lang--YSI-Includes/YSI_Core/y_utils/y_utils_maths.inc	295	stock Mode(arr[], num = sizeof (arr))
pawn-lang/YSI-Includes	pawn-lang--YSI-Includes/YSI_Core/y_utils/y_utils_maths.inc	328	stock Median(arr[], num = sizeof (arr))
pawn-lang/YSI-Includes	pawn-lang--YSI-Includes/YSI_Core/y_utils/y_utils_maths.inc	346	stock Range(const arr[], num = sizeof (arr))
pawn-lang/YSI-Includes	pawn-lang--YSI-Includes/YSI_Core/y_utils/y_utils_maths.inc	416	stock Abs(number)
pawn-lang/YSI-Includes	pawn-lang--YSI-Includes/YSI_Core/y_utils/y_utils_random.inc	101	stock RandomMulberry32()
pawn-lang/YSI-Includes	pawn-lang--YSI-Includes/YSI_Core/y_utils/y_utils_random.inc	154	stock RandomMulberry32()
pawn-lang/YSI-Includes	pawn-lang--YSI-Includes/YSI_Core/y_utils/y_utils_random.inc	213	stock RandomSplitMix32()
pawn-lang/YSI-Includes	pawn-lang--YSI-Includes/YSI_Core/y_utils/y_utils_random.inc	260	stock RandomSplitMix32()
pawn-lang/YSI-Includes	pawn-lang--YSI-Includes/YSI_Core/y_utils/y_utils_random.inc	345	stock RandomMinMaxExceptMany(min, max, ...)
pawn-lang/YSI-Includes	pawn-lang--YSI-Includes/YSI_Core/y_utils/y_utils_random.inc	417	stock RandomMinMaxExcept(min, max, except)
pawn-lang/YSI-Includes	pawn-lang--YSI-Includes/YSI_Core/y_utils/y_utils_random.inc	441	stock RandomMinMax(min, max)
pawn-lang/YSI-Includes	pawn-lang--YSI-Includes/YSI_Core/y_utils/y_utils_random.inc	459	stock RandomMax(max)
pawn-lang/YSI-Includes	pawn-lang--YSI-Includes/YSI_Core/y_utils/y_utils_random.inc	491	stock Float:RandomFloatMinMax(Float:min, Float:max = FLOAT_NAN, dp = 2)
pawn-lang/YSI-Includes	pawn-lang--YSI-Includes/YSI_Core/y_utils/y_utils_random.inc	532	stock Float:RandomFloatMax(Float:max)
pawn-lang/YSI-Includes	pawn-lang--YSI-Includes/YSI_Core/y_utils/y_utils_random.inc	561	stock RandomPointsInCircleSampled(Float:centreX, Float:centreY, Float:radius, Float:xs[], Float:ys[], sx = sizeof (xs), sy = sizeof (ys))
pawn-lang/YSI-Includes	pawn-lang--YSI-Includes/YSI_Core/y_utils/y_utils_random.inc	599	stock RandomPointsInCircleCentred(Float:centreX, Float:centreY, Float:radius, Float:xs[], Float:ys[], sx = sizeof (xs), sy = sizeof (ys))
pawn-lang/YSI-Includes	pawn-lang--YSI-Includes/YSI_Core/y_utils/y_utils_random.inc	630	stock RandomPointsInCircleDistributed(Float:centreX, Float:centreY, Float:radius, Float:xs[], Float:ys[], sx = sizeof (xs), sy = sizeof (ys))
pawn-lang/YSI-Includes	pawn-lang--YSI-Includes/YSI_Core/y_utils/y_utils_random.inc	661	stock RandomPointInCircleSampled(Float:centreX, Float:centreY, Float:radius, &Float:outX, &Float:outY)
pawn-lang/YSI-Includes	pawn-lang--YSI-Includes/YSI_Core/y_utils/y_utils_random.inc	693	stock RandomPointInCircleCentred(Float:centreX, Float:centreY, Float:radius, &Float:outX, &Float:outY)
pawn-lang/YSI-Includes	pawn-lang--YSI-Includes/YSI_Core/y_utils/y_utils_random.inc	717	stock RandomPointInCircleDistributed(Float:centreX, Float:centreY, Float:radius, &Float:outX, &Float:outY)
pawn-lang/YSI-Includes	pawn-lang--YSI-Includes/YSI_Core/y_utils/y_utils_random.inc	741	stock bool:TryPercentage(percentage)
pawn-lang/YSI-Includes	pawn-lang--YSI-Includes/YSI_Core/y_utils/y_utils_random.inc	766	stock bool:TryPermille(permille)
pawn-lang/YSI-Includes	pawn-lang--YSI-Includes/YSI_Core/y_utils/y_utils_random.inc	791	stock bool:TryPPM(ppm)
pawn-lang/YSI-Includes	pawn-lang--YSI-Includes/YSI_Core/y_utils/y_utils_misc.inc	125	forward _y_utils_OnYSIInit();
pawn-lang/YSI-Includes	pawn-lang--YSI-Includes/YSI_Core/y_utils/y_utils_misc.inc	132	stock __gOnce = 1;
pawn-lang/YSI-Includes	pawn-lang--YSI-Includes/YSI_Core/y_utils/y_utils_misc.inc	177	stock Utils_ChaosMod(playerid)
pawn-lang/YSI-Includes	pawn-lang--YSI-Includes/YSI_Core/y_utils/y_utils_conversions.inc	99	stock bool:IsNumeric(const string:str[])
pawn-lang/YSI-Includes	pawn-lang--YSI-Includes/YSI_Core/y_utils/y_utils_conversions.inc	126	stock bool:isnumeric(const string:str[])
pawn-lang/YSI-Includes	pawn-lang--YSI-Includes/YSI_Core/y_utils/y_utils_conversions.inc	136	stock YSI_IsNumeric__()
pawn-lang/YSI-Includes	pawn-lang--YSI-Includes/YSI_Core/y_utils/y_utils_conversions.inc	158	stock bool:IsHex(const string:str[])
pawn-lang/YSI-Includes	pawn-lang--YSI-Includes/YSI_Core/y_utils/y_utils_conversions.inc	201	stock bool:ishex(const string:str[])
pawn-lang/YSI-Includes	pawn-lang--YSI-Includes/YSI_Core/y_utils/y_utils_conversions.inc	221	stock HexStr(const string:str[])
pawn-lang/YSI-Includes	pawn-lang--YSI-Includes/YSI_Core/y_utils/y_utils_conversions.inc	296	stock hexstr(const string:str[])
pawn-lang/YSI-Includes	pawn-lang--YSI-Includes/YSI_Core/y_utils/y_utils_conversions.inc	318	stock bool:BoolStr(const string:str[])
pawn-lang/YSI-Includes	pawn-lang--YSI-Includes/YSI_Core/y_utils/y_utils_conversions.inc	344	stock bool:boolstr(const string:str[])
pawn-lang/YSI-Includes	pawn-lang--YSI-Includes/YSI_Core/y_utils/y_utils_conversions.inc	365	stock BinStr(const string:str[])
pawn-lang/YSI-Includes	pawn-lang--YSI-Includes/YSI_Core/y_utils/y_utils_conversions.inc	474	stock binstr(const string:str[])
pawn-lang/YSI-Includes	pawn-lang--YSI-Includes/YSI_Core/y_utils/y_utils_textwrap.inc	525	stock bool:IterativeTextSplitter(const text[], width, start, &end, &next, &bool:hyphen, bool:useHyphen = true)
pawn-lang/YSI-Includes	pawn-lang--YSI-Includes/YSI_Core/y_utils/y_utils_textwrap.inc	851	stock bool:IterativeColouredTextSplitter(const text[], width, start, &end, &next, &bool:hyphen, &colour, bool:useHyphen = true)
pawn-lang/YSI-Includes	pawn-lang--YSI-Includes/YSI_Core/y_utils/y_utils_arrays.inc	102	native RawMemCpy_(dest, src, index, numbytes, maxlength) = memcpy;
pawn-lang/YSI-Includes	pawn-lang--YSI-Includes/YSI_Core/y_utils/y_utils_arrays.inc	124	stock rawMemcpy(dest, src, numbytes)
pawn-lang/YSI-Includes	pawn-lang--YSI-Includes/YSI_Core/y_utils/y_utils_arrays.inc	151	stock MemSet(arr[], value = 0, size = sizeof (arr))
pawn-lang/YSI-Includes	pawn-lang--YSI-Includes/YSI_Core/y_utils/y_utils_arrays.inc	186	stock memset(arr[], val = 0, size = sizeof (arr))
pawn-lang/YSI-Includes	pawn-lang--YSI-Includes/YSI_Core/y_utils/y_utils_arrays.inc	221	stock RawMemSet(address /* 12 */, value /* 16 */, size /* 20 */)
pawn-lang/YSI-Includes	pawn-lang--YSI-Includes/YSI_Core/y_utils/y_utils_arrays.inc	356	stock rawMemset(address /* 12 */, value /* 16 */, size /* 20 */)
pawn-lang/YSI-Includes	pawn-lang--YSI-Includes/YSI_Core/y_utils/y_utils_arrays.inc	379	stock MemCmp(arr1[], arr2[], count)
pawn-lang/YSI-Includes	pawn-lang--YSI-Includes/YSI_Core/y_utils/y_utils_arrays.inc	410	stock memcmp(arr1[], arr2[], count)
pawn-lang/YSI-Includes	pawn-lang--YSI-Includes/YSI_Core/y_utils/y_utils_arrays.inc	468	stock QuickSort(arr[], num = sizeof (arr))
pawn-lang/YSI-Includes	pawn-lang--YSI-Includes/YSI_Core/y_utils/y_utils_colour.inc	112	stock InterpolateColourLinear(startColour, endColour, Float:fraction = FLOAT_NAN)
pawn-lang/YSI-Includes	pawn-lang--YSI-Includes/YSI_Core/y_utils/y_utils_colour.inc	186	stock InterpolateColorLinear(startColour, endColour, Float:fraction)
pawn-lang/YSI-Includes	pawn-lang--YSI-Includes/YSI_Core/y_utils/y_utils_colour.inc	221	stock InterpolateColor(startColour, endColour, value, maxvalue, minvalue = 0)
pawn-lang/YSI-Includes	pawn-lang--YSI-Includes/YSI_Core/y_utils/y_utils_colour.inc	255	stock InterpolateColour(startColour, endColour, value, maxvalue, minvalue = 0)
pawn-lang/YSI-Includes	pawn-lang--YSI-Includes/YSI_Core/y_utils/y_utils_colour.inc	288	stock InterpolateColourGamma(startColour, endColour, Float:fraction = FLOAT_NAN)
pawn-lang/YSI-Includes	pawn-lang--YSI-Includes/YSI_Core/y_utils/y_utils_colour.inc	363	stock InterpolateColorGamma(startColour, endColour, Float:fraction = FLOAT_NAN)
pawn-lang/YSI-Includes	pawn-lang--YSI-Includes/YSI_Core/y_utils/y_utils_colour.inc	401	stock CIEMultiply(Float:r, Float:g, Float:b, &Float:x, &Float:y, &Float:z)
pawn-lang/YSI-Includes	pawn-lang--YSI-Includes/YSI_Core/y_utils/y_utils_colour.inc	426	stock SRGBToCIE(colour, &Float:x, &Float:y, &Float:z)
pawn-lang/YSI-Includes	pawn-lang--YSI-Includes/YSI_Core/y_utils/y_utils_colour.inc	464	stock CIEToSRGB(a, Float:x, Float:y, Float:z)
pawn-lang/YSI-Includes	pawn-lang--YSI-Includes/YSI_Core/y_utils/y_utils_colour.inc	506	stock InterpolateColourSRGB(startColour, endColour, Float:fraction = FLOAT_NAN)
pawn-lang/YSI-Includes	pawn-lang--YSI-Includes/YSI_Core/y_utils/y_utils_colour.inc	571	stock InterpolateColorSRGB(startColour, endColour, Float:fraction = FLOAT_NAN)
pawn-lang/YSI-Includes	pawn-lang--YSI-Includes/YSI_Core/y_utils/y_utils_colour.inc	598	stock GetNearestColourLinear(colour, const options[], count = sizeof (options))
pawn-lang/YSI-Includes	pawn-lang--YSI-Includes/YSI_Core/y_utils/y_utils_colour.inc	647	stock GetNearestColourGamma(colour, const options[], count = sizeof (options))
pawn-lang/YSI-Includes	pawn-lang--YSI-Includes/YSI_Core/y_utils/y_utils_colour.inc	696	stock GetNearestColourGammaCached(colour, const Float:options[][3], count = sizeof (options))
pawn-lang/YSI-Includes	pawn-lang--YSI-Includes/YSI_Core/y_utils/y_utils_colour.inc	745	stock GetNearestColourSRGB(colour, const options[], count = sizeof (options))
pawn-lang/YSI-Includes	pawn-lang--YSI-Includes/YSI_Core/y_utils/y_utils_colour.inc	792	stock GetNearestColourSRGBCached(colour, const Float:options[][3], count = sizeof (options))
pawn-lang/YSI-Includes	pawn-lang--YSI-Includes/YSI_Core/y_utils/y_utils_encodings.inc	123	stock BernsteinHash(const string:str[] /* 12 */)
pawn-lang/YSI-Includes	pawn-lang--YSI-Includes/YSI_Core/y_utils/y_utils_encodings.inc	183	stock bernstein(const string:str[] /* 12 */)
pawn-lang/YSI-Includes	pawn-lang--YSI-Includes/YSI_Core/y_utils/y_utils_encodings.inc	220	stock JenkinsHash(const string:str[] /* 12 */)
pawn-lang/YSI-Includes	pawn-lang--YSI-Includes/YSI_Core/y_utils/y_utils_encodings.inc	256	stock Base64Encode(string:dest[], const src[], num = sizeof (src), len = sizeof (dest), offset = 0)
pawn-lang/YSI-Includes	pawn-lang--YSI-Includes/YSI_Core/y_utils/y_utils_encodings.inc	445	stock Base64Decode(dest[], const string:src[], len = sizeof (dest), offset = 0)
pawn-lang/YSI-Includes	pawn-lang--YSI-Includes/YSI_Core/y_utils/y_utils_varargs.inc	102	stock va_strlen(arg)
pawn-lang/YSI-Includes	pawn-lang--YSI-Includes/YSI_Core/y_utils/y_utils_varargs.inc	147	stock va_getstring(dest[], arg, len = sizeof (dest))
pawn-lang/YSI-Includes	pawn-lang--YSI-Includes/YSI_Core/y_utils/y_utils_varargs.inc	204	stock ReturnStringArg(idx)
pawn-lang/YSI-Includes	pawn-lang--YSI-Includes/YSI_Core/y_utils/y_utils_varargs.inc	265	stock va_return(const string:fmat[], GLOBAL_TAG_TYPES:...)
pawn-lang/YSI-Includes	pawn-lang--YSI-Includes/YSI_Core/y_utils/y_utils_varargs.inc	315	stock PrintArg(n)
pawn-lang/YSI-Includes	pawn-lang--YSI-Includes/YSI_Core/y_utils/y_utils_strings.inc	134	stock StrToLower(string:str[], len = sizeof (str))
pawn-lang/YSI-Includes	pawn-lang--YSI-Includes/YSI_Core/y_utils/y_utils_strings.inc	157	stock StrToUpper(string:str[], len = sizeof (str))
pawn-lang/YSI-Includes	pawn-lang--YSI-Includes/YSI_Core/y_utils/y_utils_strings.inc	182	stock StripNL(string:str[])
pawn-lang/YSI-Includes	pawn-lang--YSI-Includes/YSI_Core/y_utils/y_utils_strings.inc	213	stock StripL(string:str[])
pawn-lang/YSI-Includes	pawn-lang--YSI-Includes/YSI_Core/y_utils/y_utils_strings.inc	246	stock Strip(string:str[])
pawn-lang/YSI-Includes	pawn-lang--YSI-Includes/YSI_Core/y_utils/y_utils_strings.inc	281	stock bool:EndOfLine(const string:line[], pos)
pawn-lang/YSI-Includes	pawn-lang--YSI-Includes/YSI_Core/y_utils/y_utils_strings.inc	313	stock bool:endofline(const string:line[], pos)
pawn-lang/YSI-Includes	pawn-lang--YSI-Includes/YSI_Core/y_utils/y_utils_strings.inc	332	stock ChrFind(needle, const string:haystack[], start = 0)
pawn-lang/YSI-Includes	pawn-lang--YSI-Includes/YSI_Core/y_utils/y_utils_strings.inc	357	stock chrfind(needle, const string:haystack[], start = 0)
pawn-lang/YSI-Includes	pawn-lang--YSI-Includes/YSI_Core/y_utils/y_utils_strings.inc	387	stock chrfindp(needle, const string:haystack[], start = 0)
pawn-lang/YSI-Includes	pawn-lang--YSI-Includes/YSI_Core/y_utils/y_utils_strings.inc	407	stock Unpack(const string:str[])
pawn-lang/YSI-Includes	pawn-lang--YSI-Includes/YSI_Core/y_utils/y_utils_strings.inc	437	stock unpack(const string:str[])
pawn-lang/YSI-Includes	pawn-lang--YSI-Includes/YSI_Core/y_utils/y_utils_strings.inc	467	stock SkipWhitespace(const string:str[], pos)
pawn-lang/YSI-Includes	pawn-lang--YSI-Includes/YSI_Core/y_utils/y_utils_strings.inc	493	stock Trim(const string:str[], &start, &end)
pawn-lang/YSI-Includes	pawn-lang--YSI-Includes/YSI_Core/y_utils/y_utils_strings.inc	533	stock ValstrWithOrdinal(n)
pawn-lang/YSI-Includes	pawn-lang--YSI-Includes/YSI_Core/y_utils/y_utils_names.inc	101	stock ReturnPlayerName(playerid)
pawn-lang/YSI-Includes	pawn-lang--YSI-Includes/YSI_Core/y_utils/y_utils_names.inc	122	stock bool:GetPlayerRPName(playerid, string:name[], len = sizeof (name))
pawn-lang/YSI-Includes	pawn-lang--YSI-Includes/YSI_Core/y_utils/y_utils_names.inc	162	stock GetPlayerRPComponents(playerid, string:names[][], components = sizeof (names), len = sizeof (names[]))
pawn-lang/YSI-Includes	pawn-lang--YSI-Includes/YSI_Core/y_utils/y_utils_names.inc	197	stock bool:IsRPName(const string:name[], bool:casing = false, bool:longNames = false)
pawn-lang/YSI-Includes	pawn-lang--YSI-Includes/YSI_Core/y_utils/y_utils_names.inc	379	stock bool:HasRPName(playerid, bool:casing = false, bool:longNames = false)
pawn-lang/YSI-Includes	pawn-lang--YSI-Includes/YSI_Core/y_utils/y_utils_names.inc	398	stock ReturnPlayerRPName(playerid)
pawn-lang/YSI-Includes	pawn-lang--YSI-Includes/YSI_Core/y_utils/y_utils_files.inc	107	stock YSI_ftouch__(const string:filename[])
pawn-lang/YSI-Includes	pawn-lang--YSI-Includes/YSI_Core/y_utils/y_utils_files.inc	146	stock File:ftemporary_(string:name[], const string:ext[] = "tmp", const string:path[] = "", len = sizeof (name))
pawn-lang/YSI-Includes	pawn-lang--YSI-Includes/YSI_Core/y_utils/y_utils_files.inc	234	stock bool:fautocleanup(const string:name[], maxAge)
pawn-lang/YSI-Includes	pawn-lang--YSI-Includes/YSI_Core/y_utils/y_utils_files.inc	271	stock File:ftemporary(string:ret[] = "", const string:ext[] = "tmp", len = sizeof (ret), maxAge = YSI_TEMP_FILE_AGE)
pawn-lang/YSI-Includes	pawn-lang--YSI-Includes/YSI_Core/y_utils/y_utils_files.inc	307	stock File:ftemp_()
pawn-lang/YSI-Includes	pawn-lang--YSI-Includes/YSI_Core/y_utils/y_utils_files.inc	313	native File:ftemp_() = ftemp;
pawn-lang/YSI-Includes	pawn-lang--YSI-Includes/YSI_Core/y_utils/y_utils_files.inc	359	stock GetYSIScriptfilesDir(E_YSI_DIR:dir)
pawn-lang/YSI-Includes	pawn-lang--YSI-Includes/YSI_Core/y_utils/y_utils_files.inc	373	stock ResolveYSIScriptfileDirs()
pawn-lang/YSI-Includes	pawn-lang--YSI-Includes/YSI_Core/y_utils/y_utils_files.inc	457	stock bool:Files_CopyRange(File:i, end, const string:dst[])
pawn-lang/YSI-Includes	pawn-lang--YSI-Includes/YSI_Core/y_utils/y_utils_files.inc	496	stock bool:Files_DoCopy(File:i, const string:dst[])
pawn-lang/YSI-Includes	pawn-lang--YSI-Includes/YSI_Core/y_utils/y_utils_files.inc	512	stock bool:Files_Copy(const string:src[], const string:dst[])
pawn-lang/YSI-Includes	pawn-lang--YSI-Includes/YSI_Core/y_utils/y_utils_files.inc	533	stock bool:Files_Move(const string:src[], const string:dst[])
pawn-lang/YSI-Includes	pawn-lang--YSI-Includes/YSI_Core/y_utils/y_utils_similarity.inc	344	stock LevenshteinDistance(const stringA[], const stringB[])
pawn-lang/YSI-Includes	pawn-lang--YSI-Includes/YSI_Core/y_utils/y_utils_similarity.inc	427	stock Float:BiGramSimilarity(const string:string1[], const string:string2[])
pawn-lang/YSI-Includes	pawn-lang--YSI-Includes/YSI_Core/y_utils/y_utils_ip.inc	91	stock
pawn-lang/YSI-Includes	pawn-lang--YSI-Includes/YSI_Core/y_utils/y_utils_ip.inc	155	stock IPToInt(const string:ip[])
pawn-lang/YSI-Includes	pawn-lang--YSI-Includes/YSI_Core/y_utils/y_utils_ip.inc	205	stock bool:DottedToIntIP(const string:ip[], &out)
pawn-lang/YSI-Includes	pawn-lang--YSI-Includes/YSI_Core/y_utils/y_utils_ip.inc	325	stock IntToIP(string:dest[], ip, len = sizeof (dest))
pawn-lang/YSI-Includes	pawn-lang--YSI-Includes/YSI_Core/y_utils/y_utils_ip.inc	347	stock bool:CensorIntIP(string:dest[], ip, parts = 2, len = sizeof (dest))
pawn-lang/YSI-Includes	pawn-lang--YSI-Includes/YSI_Core/y_utils/y_utils_ip.inc	390	stock bool:CensorDottedIP(string:dest[], const string:ip[], parts = 2, len = sizeof (dest))
pawn-lang/YSI-Includes	pawn-lang--YSI-Includes/YSI_Core/y_utils/y_utils_ip.inc	418	stock bool:CensorPlayerIP(string:dest[], playerid, parts = 2, len = sizeof (dest))
pawn-lang/YSI-Includes	pawn-lang--YSI-Includes/YSI_Core/y_core/y_cell64.inc	125	stock Cell_Reverse32(GLOBAL_TAG_TYPES:data)
pawn-lang/YSI-Includes	pawn-lang--YSI-Includes/YSI_Core/y_core/y_cell64.inc	204	stock Cell_ReverseBits(GLOBAL_TAG_TYPES:data)
pawn-lang/YSI-Includes	pawn-lang--YSI-Includes/YSI_Core/y_core/y_cell64.inc	280	stock Cell_ReverseNibbles(GLOBAL_TAG_TYPES:data)
pawn-lang/YSI-Includes	pawn-lang--YSI-Includes/YSI_Core/y_core/y_cell64.inc	337	stock Cell_CountBits(GLOBAL_TAG_TYPES:data)
pawn-lang/YSI-Includes	pawn-lang--YSI-Includes/YSI_Core/y_core/y_cell64.inc	402	stock Cell_GetLowestBit(GLOBAL_TAG_TYPES:data)
pawn-lang/YSI-Includes	pawn-lang--YSI-Includes/YSI_Core/y_core/y_cell64.inc	454	stock Cell_GetLowestBitEx(GLOBAL_TAG_TYPES:data)
pawn-lang/YSI-Includes	pawn-lang--YSI-Includes/YSI_Core/y_core/y_cell64.inc	498	stock Cell_CountBlanks(GLOBAL_TAG_TYPES:data)
pawn-lang/YSI-Includes	pawn-lang--YSI-Includes/YSI_Core/y_core/y_cell64.inc	548	stock Cell_GetLowestBlank(GLOBAL_TAG_TYPES:data)
pawn-lang/YSI-Includes	pawn-lang--YSI-Includes/YSI_Core/y_core/y_cell64.inc	581	stock Cell_GetLowestBlankEx(GLOBAL_TAG_TYPES:data)
pawn-lang/YSI-Includes	pawn-lang--YSI-Includes/YSI_Core/y_core/y_cell64.inc	633	stock Cell_CompressRightPrecomputed(GLOBAL_TAG_TYPES:x, m, const masks[6])
pawn-lang/YSI-Includes	pawn-lang--YSI-Includes/YSI_Core/y_core/y_cell64.inc	664	stock Cell_ExpandLeftPrecomputed(GLOBAL_TAG_TYPES:x, m, const masks[6])
pawn-lang/YSI-Includes	pawn-lang--YSI-Includes/YSI_Core/y_core/y_cell64.inc	693	stock Cell_PrecomputeMaskPermutation(m)
pawn-lang/YSI-Includes	pawn-lang--YSI-Includes/YSI_Core/y_core/y_amx_impl.inc	117	stock
pawn-lang/YSI-Includes	pawn-lang--YSI-Includes/YSI_Core/y_core/y_amx_impl.inc	463	forward AMX_OnCodeInit();
pawn-lang/YSI-Includes	pawn-lang--YSI-Includes/YSI_Core/y_core/y_amx_impl.inc	473	forward bool:AMX_NativeNamePointers();
pawn-lang/YSI-Includes	pawn-lang--YSI-Includes/YSI_Core/y_core/y_amx_impl.inc	486	stock AMX_GetGlobalAddress(...)
pawn-lang/YSI-Includes	pawn-lang--YSI-Includes/YSI_Core/y_core/y_amx_impl.inc	513	stock AMX_GetRelativeAddress(...)
pawn-lang/YSI-Includes	pawn-lang--YSI-Includes/YSI_Core/y_core/y_amx_impl.inc	590	stock AMX_TraceCode(pattern[], &addrRet, &dataRet, size = sizeof (pattern))
pawn-lang/YSI-Includes	pawn-lang--YSI-Includes/YSI_Core/y_core/y_amx_impl.inc	633	stock AMX_TraceMemory(pattern[], &addrRet, &dataRet, size = sizeof (pattern))
pawn-lang/YSI-Includes	pawn-lang--YSI-Includes/YSI_Core/y_core/y_amx_impl.inc	682	stock AMX_GetBaseCount(E_AMX_TABLE:table, &base, &count)
pawn-lang/YSI-Includes	pawn-lang--YSI-Includes/YSI_Core/y_core/y_amx_impl.inc	753	stock AMX_GetPubvarEntry(idx, &buffer, const pattern[] = "", const bool:exact = false)
pawn-lang/YSI-Includes	pawn-lang--YSI-Includes/YSI_Core/y_core/y_amx_impl.inc	801	stock AMX_GetEntry(E_AMX_TABLE:table, idx, &buffer, const pattern[] = "", const bool:exact = false)
pawn-lang/YSI-Includes	pawn-lang--YSI-Includes/YSI_Core/y_core/y_amx_impl.inc	935	stock AMX_GetNativeEntry(idx, &buffer, const pattern[] = "", const bool:exact = false)
pawn-lang/YSI-Includes	pawn-lang--YSI-Includes/YSI_Core/y_core/y_amx_impl.inc	1038	stock AMX_GetPubvarEntryPrefix(idx, &buffer, pattern)
pawn-lang/YSI-Includes	pawn-lang--YSI-Includes/YSI_Core/y_core/y_amx_impl.inc	1099	stock AMX_GetEntryPrefix(E_AMX_TABLE:table, idx, &buffer, pattern)
pawn-lang/YSI-Includes	pawn-lang--YSI-Includes/YSI_Core/y_core/y_amx_impl.inc	1207	stock AMX_GetNativeEntryPrefix(idx, &buffer, pattern)
pawn-lang/YSI-Includes	pawn-lang--YSI-Includes/YSI_Core/y_core/y_amx_impl.inc	1280	stock AMX_GetPubvarEntrySuffix(idx, &buffer, pattern)
pawn-lang/YSI-Includes	pawn-lang--YSI-Includes/YSI_Core/y_core/y_amx_impl.inc	1320	stock AMX_GetEntrySuffix(E_AMX_TABLE:table, idx, &buffer, pattern)
pawn-lang/YSI-Includes	pawn-lang--YSI-Includes/YSI_Core/y_core/y_amx_impl.inc	1374	stock AMX_GetNativeEntrySuffix(idx, &buffer, pattern)
pawn-lang/YSI-Includes	pawn-lang--YSI-Includes/YSI_Core/y_core/y_amx_impl.inc	1449	stock AMX_GetPubvarName(idx, buffer[FUNCTION_LENGTH], const pattern[] = "", const bool:exact = false)
pawn-lang/YSI-Includes	pawn-lang--YSI-Includes/YSI_Core/y_core/y_amx_impl.inc	1496	stock AMX_GetName(E_AMX_TABLE:table, idx, buffer[FUNCTION_LENGTH], const pattern[] = "", const bool:exact = false)
pawn-lang/YSI-Includes	pawn-lang--YSI-Includes/YSI_Core/y_core/y_amx_impl.inc	1532	stock AMX_GetNativeName(idx, buffer[FUNCTION_LENGTH], const pattern[] = "", const bool:exact = false)
pawn-lang/YSI-Includes	pawn-lang--YSI-Includes/YSI_Core/y_core/y_amx_impl.inc	1615	stock AMX_GetPubvarNamePrefix(idx, buffer[FUNCTION_LENGTH], pattern)
pawn-lang/YSI-Includes	pawn-lang--YSI-Includes/YSI_Core/y_core/y_amx_impl.inc	1652	stock AMX_GetNamePrefix(E_AMX_TABLE:table, idx, buffer[FUNCTION_LENGTH], pattern)
pawn-lang/YSI-Includes	pawn-lang--YSI-Includes/YSI_Core/y_core/y_amx_impl.inc	1679	stock AMX_GetNativeNamePrefix(idx, buffer[FUNCTION_LENGTH], pattern)
pawn-lang/YSI-Includes	pawn-lang--YSI-Includes/YSI_Core/y_core/y_amx_impl.inc	1752	stock AMX_GetPubvarNameSuffix(idx, buffer[FUNCTION_LENGTH], pattern)
pawn-lang/YSI-Includes	pawn-lang--YSI-Includes/YSI_Core/y_core/y_amx_impl.inc	1792	stock AMX_GetNativeNameSuffix(idx, buffer[FUNCTION_LENGTH], pattern)
pawn-lang/YSI-Includes	pawn-lang--YSI-Includes/YSI_Core/y_core/y_amx_impl.inc	1869	stock AMX_GetPubvarPointer(idx, &buffer, const pattern[] = "", const bool:exact = false)
pawn-lang/YSI-Includes	pawn-lang--YSI-Includes/YSI_Core/y_core/y_amx_impl.inc	1908	stock AMX_GetPointer(E_AMX_TABLE:table, idx, &buffer, const pattern[] = "", const bool:exact = false)
pawn-lang/YSI-Includes	pawn-lang--YSI-Includes/YSI_Core/y_core/y_amx_impl.inc	1939	stock AMX_GetNativePointer(idx, &buffer, const pattern[] = "", const bool:exact = false)
pawn-lang/YSI-Includes	pawn-lang--YSI-Includes/YSI_Core/y_core/y_amx_impl.inc	1974	stock AMX_GetPubvarPointerPrefix(idx, &buffer, pattern)
pawn-lang/YSI-Includes	pawn-lang--YSI-Includes/YSI_Core/y_core/y_amx_impl.inc	2011	stock AMX_GetPointerPrefix(E_AMX_TABLE:table, idx, &buffer, pattern)
pawn-lang/YSI-Includes	pawn-lang--YSI-Includes/YSI_Core/y_core/y_amx_impl.inc	2039	stock AMX_GetNativePointerPrefix(idx, &buffer, pattern)
pawn-lang/YSI-Includes	pawn-lang--YSI-Includes/YSI_Core/y_core/y_amx_impl.inc	2073	stock AMX_GetPubvarPointerSuffix(idx, &buffer, pattern)
pawn-lang/YSI-Includes	pawn-lang--YSI-Includes/YSI_Core/y_core/y_amx_impl.inc	2113	stock AMX_GetPointerSuffix(E_AMX_TABLE:table, idx, &buffer, pattern)
pawn-lang/YSI-Includes	pawn-lang--YSI-Includes/YSI_Core/y_core/y_amx_impl.inc	2144	stock AMX_GetNativePointerSuffix(idx, &buffer, pattern)
pawn-lang/YSI-Includes	pawn-lang--YSI-Includes/YSI_Core/y_core/y_amx_impl.inc	2172	stock AMX_GetPubvarCount()
pawn-lang/YSI-Includes	pawn-lang--YSI-Includes/YSI_Core/y_core/y_amx_impl.inc	2195	stock AMX_GetCount(E_AMX_TABLE:table)
pawn-lang/YSI-Includes	pawn-lang--YSI-Includes/YSI_Core/y_core/y_amx_impl.inc	2224	stock AMX_GetPubvarValue(idx, &buffer, const pattern[] = "", const bool:exact = false)
pawn-lang/YSI-Includes	pawn-lang--YSI-Includes/YSI_Core/y_core/y_amx_impl.inc	2253	stock AMX_GetPubVarValue(idx, &buffer, const pattern[] = "", const bool:exact = false)
pawn-lang/YSI-Includes	pawn-lang--YSI-Includes/YSI_Core/y_core/y_amx_impl.inc	2299	stock AMX_GetValue(E_AMX_TABLE:table, idx, &buffer, const pattern[] = "", const bool:exact = false)
pawn-lang/YSI-Includes	pawn-lang--YSI-Includes/YSI_Core/y_core/y_amx_impl.inc	2334	stock AMX_GetNativeValue(idx, &buffer, const pattern[] = "", const bool:exact = false)
pawn-lang/YSI-Includes	pawn-lang--YSI-Includes/YSI_Core/y_core/y_amx_impl.inc	2366	stock AMX_GetPubvarValuePrefix(idx, &buffer, pattern)
pawn-lang/YSI-Includes	pawn-lang--YSI-Includes/YSI_Core/y_core/y_amx_impl.inc	2393	stock AMX_GetPubVarValuePrefix(idx, &buffer, pattern)
pawn-lang/YSI-Includes	pawn-lang--YSI-Includes/YSI_Core/y_core/y_amx_impl.inc	2436	stock AMX_GetValuePrefix(E_AMX_TABLE:table, idx, &buffer, pattern)
pawn-lang/YSI-Includes	pawn-lang--YSI-Includes/YSI_Core/y_core/y_amx_impl.inc	2470	stock AMX_GetNativeValuePrefix(idx, &buffer, pattern)
pawn-lang/YSI-Includes	pawn-lang--YSI-Includes/YSI_Core/y_core/y_amx_impl.inc	2502	stock AMX_GetPubvarValueSuffix(idx, &buffer, pattern)
pawn-lang/YSI-Includes	pawn-lang--YSI-Includes/YSI_Core/y_core/y_amx_impl.inc	2533	stock AMX_GetPubVarValueSuffix(idx, &buffer, pattern)
pawn-lang/YSI-Includes	pawn-lang--YSI-Includes/YSI_Core/y_core/y_amx_impl.inc	2579	stock AMX_GetValueSuffix(E_AMX_TABLE:table, idx, &buffer, pattern)
pawn-lang/YSI-Includes	pawn-lang--YSI-Includes/YSI_Core/y_core/y_amx_impl.inc	2616	stock AMX_GetNativeValueSuffix(idx, &buffer, pattern)
pawn-lang/YSI-Includes	pawn-lang--YSI-Includes/YSI_Core/y_core/y_amx_impl.inc	2636	stock AMX_GetEntryPointer(tableEntry)
pawn-lang/YSI-Includes	pawn-lang--YSI-Includes/YSI_Core/y_core/y_amx_impl.inc	2651	stock AMX_GetEntryFromNativeIndex(index)
pawn-lang/YSI-Includes	pawn-lang--YSI-Includes/YSI_Core/y_core/y_amx_impl.inc	2664	stock AMX_GetEntryFromPublicIndex(index)
pawn-lang/YSI-Includes	pawn-lang--YSI-Includes/YSI_Core/y_core/y_amx_impl.inc	2678	stock AMX_GetNativeIndexFromEntry(tableEntry)
pawn-lang/YSI-Includes	pawn-lang--YSI-Includes/YSI_Core/y_core/y_amx_impl.inc	2694	stock AMX_GetPublicIndexFromEntry(tableEntry)
pawn-lang/YSI-Includes	pawn-lang--YSI-Includes/YSI_Core/y_core/y_amx_impl.inc	2707	stock AMX_GetLengthFromEntry(tableEntry)
pawn-lang/YSI-Includes	pawn-lang--YSI-Includes/YSI_Core/y_core/y_amx_impl.inc	2731	stock AMX_ReadLength(addr)
pawn-lang/YSI-Includes	pawn-lang--YSI-Includes/YSI_Core/y_core/y_amx_impl.inc	2803	stock AMX_GetStringFromEntry(tableEntry, str[], size = sizeof (str))
pawn-lang/YSI-Includes	pawn-lang--YSI-Includes/YSI_Core/y_core/y_amx_impl.inc	2829	stock AMX_ReadString(addr, str[], len = sizeof (str))
pawn-lang/YSI-Includes	pawn-lang--YSI-Includes/YSI_Core/y_core/y_amx_impl.inc	2852	stock AMX_ReadPackedString(addr, str[], len = sizeof (str))
pawn-lang/YSI-Includes	pawn-lang--YSI-Includes/YSI_Core/y_core/y_amx_impl.inc	2887	stock AMX_ReadUnpackedString(addr, str[], len = sizeof (str))
pawn-lang/YSI-Includes	pawn-lang--YSI-Includes/YSI_Core/y_core/y_amx_impl.inc	2979	stock AMX_WriteString(addr, const str[], len = sizeof (str))
pawn-lang/YSI-Includes	pawn-lang--YSI-Includes/YSI_Core/y_core/y_amx_impl.inc	3155	stock AMX_WritePackedString(addr, const str[])
pawn-lang/YSI-Includes	pawn-lang--YSI-Includes/YSI_Core/y_core/y_amx_impl.inc	3184	stock AMX_WriteUnpackedString(addr, const str[])
pawn-lang/YSI-Includes	pawn-lang--YSI-Includes/YSI_Core/y_core/y_amx_impl.inc	3211	stock AMX_ReadArray(addr, dest[], len = sizeof (dest))
pawn-lang/YSI-Includes	pawn-lang--YSI-Includes/YSI_Core/y_core/y_amx_impl.inc	3245	stock AMX_WriteArray(addr, const src[], len = sizeof (src))
pawn-lang/YSI-Includes	pawn-lang--YSI-Includes/YSI_Core/y_core/y_amx_impl.inc	3271	stock AMX_Deref(addr)
pawn-lang/YSI-Includes	pawn-lang--YSI-Includes/YSI_Core/y_core/y_amx_impl.inc	3291	stock AMX_GetTagByValue(tag, name[], len = sizeof (name))
pawn-lang/YSI-Includes	pawn-lang--YSI-Includes/YSI_Core/y_core/y_amx_impl.inc	3391	stock AMX_GetPublicStringSpace()
pawn-lang/YSI-Includes	pawn-lang--YSI-Includes/YSI_Core/y_core/y_amx_impl.inc	3404	stock AMX_GetNativeStringSpace()
pawn-lang/YSI-Includes	pawn-lang--YSI-Includes/YSI_Core/y_core/y_amx_impl.inc	3417	stock AMX_GetLibraryStringSpace()
pawn-lang/YSI-Includes	pawn-lang--YSI-Includes/YSI_Core/y_core/y_amx_impl.inc	3430	stock AMX_GetPubVarStringSpace()
pawn-lang/YSI-Includes	pawn-lang--YSI-Includes/YSI_Core/y_core/y_amx_impl.inc	3443	stock AMX_GetTagStringSpace()
pawn-lang/YSI-Includes	pawn-lang--YSI-Includes/YSI_Core/y_core/y_amx_impl.inc	3468	stock AMX_DumpHeader()
pawn-lang/YSI-Includes	pawn-lang--YSI-Includes/YSI_Core/y_core/y_amx_impl.inc	3828	stock AMX_Write(addr, value)
pawn-lang/YSI-Includes	pawn-lang--YSI-Includes/YSI_Core/y_core/y_amx_impl.inc	3847	stock AMX_Read(addr)
pawn-lang/YSI-Includes	pawn-lang--YSI-Includes/YSI_Core/y_core/y_amx_impl.inc	3872	stock AMX_Ref(const &addr)
pawn-lang/YSI-Includes	pawn-lang--YSI-Includes/YSI_Core/y_core/y_amx_impl.inc	3891	stock bool:AMX_NativeNamePointers()
pawn-lang/YSI-Includes	pawn-lang--YSI-Includes/YSI_Core/y_core/y_shortvar.inc	116	stock
pawn-lang/YSI-Includes	pawn-lang--YSI-Includes/YSI_Core/y_core/y_shortvar.inc	140	stock
pawn-lang/YSI-Includes	pawn-lang--YSI-Includes/YSI_Core/y_core/y_shortvar.inc	166	native U@(id = 0, const name[] = "", value = cellmin, const string[] = "") = setproperty;
pawn-lang/YSI-Includes	pawn-lang--YSI-Includes/YSI_Core/y_core/y_shortvar.inc	177	native V@(GLOBAL_TAG_TYPES:id = 0, const name[] = "", value = cellmin, string[] = "") = getproperty;
pawn-lang/YSI-Includes	pawn-lang--YSI-Includes/YSI_Core/y_core/y_shortvar.inc	188	native R@(const function[], const format[], GLOBAL_TAG_TYPES:...) = Script_Call;
pawn-lang/YSI-Includes	pawn-lang--YSI-Includes/YSI_Core/y_core/y_shortvar.inc	190	native R@(const function[], const format[], GLOBAL_TAG_TYPES:...) = CallLocalFunction;
pawn-lang/YSI-Includes	pawn-lang--YSI-Includes/YSI_Core/y_core/y_shortvar.inc	202	native W@(const function[], const format[], GLOBAL_TAG_TYPES:...) = Script_CallAll;
pawn-lang/YSI-Includes	pawn-lang--YSI-Includes/YSI_Core/y_core/y_shortvar.inc	204	native W@(const function[], const format[], GLOBAL_TAG_TYPES:...) = CallRemoteFunction;
pawn-lang/YSI-Includes	pawn-lang--YSI-Includes/YSI_Core/y_core/y_shortvar.inc	216	native O@(const function[], time, repeat, const format[] = "", GLOBAL_TAG_TYPES:...) = SetTimerEx;
pawn-lang/YSI-Includes	pawn-lang--YSI-Includes/YSI_Core/y_core/y_shortvar.inc	218	native O@(const function[], time, repeat, const format[] = "", GLOBAL_TAG_TYPES:...) = SetTimerEx;
pawn-lang/YSI-Includes	pawn-lang--YSI-Includes/YSI_Core/y_core/y_shortvar.inc	233	stock const
pawn-lang/YSI-Includes	pawn-lang--YSI-Includes/YSI_Core/y_core/y_shortvar.inc	247	stock const
pawn-lang/YSI-Includes	pawn-lang--YSI-Includes/YSI_Core/y_core/y_shortvar.inc	264	stock const
pawn-lang/YSI-Includes	pawn-lang--YSI-Includes/YSI_Core/y_core/y_shortvar.inc	272	forward @_y_shortvar_y_@();
pawn-lang/YSI-Includes	pawn-lang--YSI-Includes/YSI_Core/y_core/y_const_correct.inc	60	stock __const_impl(const arr[])
pawn-lang/YSI-Includes	pawn-lang--YSI-Includes/YSI_Core/y_core/y_pp.inc	275	forward PP_main();
pawn-lang/YSI-Includes	pawn-lang--YSI-Includes/YSI_Core/y_core/y_rconfix.inc	81	forward OnClientCheckResponse(playerid, actionid, memaddr, retndata);
pawn-lang/YSI-Includes	pawn-lang--YSI-Includes/YSI_Core/y_core/y_rconfix.inc	139	native CallRemoteFunction(const function[], const format[], ...);
pawn-lang/YSI-Includes	pawn-lang--YSI-Includes/YSI_Core/y_core/y_rconfix.inc	140	native setproperty(id = 0, const name[] = "", value = cellmin, const string[] = "");
pawn-lang/YSI-Includes	pawn-lang--YSI-Includes/YSI_Core/y_core/y_rconfix.inc	141	native strcmp(const string1[], const string2[], bool:ignorecase = false, length = cellmax);
pawn-lang/YSI-Includes	pawn-lang--YSI-Includes/YSI_Core/y_core/y_rconfix.inc	146	forward OnRconCommand(const cmd[]);
pawn-lang/YSI-Includes	pawn-lang--YSI-Includes/YSI_Core/y_core/y_rconfix.inc	160	forward OnClientCheckResponse(playerid, actionid, memaddr, retndata);
pawn-lang/YSI-Includes	pawn-lang--YSI-Includes/YSI_Core/y_core/y_rconfix.inc	223	stock Server_UnloadRconFix() <_ALS : _ALS_no>
pawn-lang/YSI-Includes	pawn-lang--YSI-Includes/YSI_Core/y_core/y_rconfix.inc	227	stock Server_UnloadRconFix() <>
pawn-lang/YSI-Includes	pawn-lang--YSI-Includes/YSI_Core/y_core/y_rconfix.inc	247	forward OnClientCheckResponse(playerid, actionid, memaddr, retndata);
pawn-lang/YSI-Includes	pawn-lang--YSI-Includes/YSI_Core/y_core/y_rconfix.inc	269	forward FIXES_OnClientCheckResponse(playerid, actionid, memaddr, retndata);
pawn-lang/YSI-Includes	pawn-lang--YSI-Includes/YSI_Core/y_core/y_compilerdata.inc	791	stock File:operator=(__CompilerDefault:a) return a, File:(0);
pawn-lang/YSI-Includes	pawn-lang--YSI-Includes/YSI_Core/y_core/y_compilerdata.inc	792	stock Float:operator=(__CompilerDefault:a) return a, Float:(0);
pawn-lang/YSI-Includes	pawn-lang--YSI-Includes/YSI_Core/y_core/y_compilerdata.inc	851	stock const T_OBJECT_MATERIAL_TEXT_ALIGN:__TAGOF__T_OBJECT_MATERIAL_TEXT;
pawn-lang/YSI-Includes	pawn-lang--YSI-Includes/YSI_Core/y_core/y_compilerdata.inc	852	stock T_OBJECT_MATERIAL_TEXT_ALIGN:operator=(__CompilerDefault:a) return a, T_OBJECT_MATERIAL_TEXT_ALIGN:(0);
pawn-lang/YSI-Includes	pawn-lang--YSI-Includes/YSI_Core/y_core/y_compilerdata.inc	854	stock const T_PLAYER_RECORDING_TYPE:__TAGOF__T_PLAYER_RECORDING;
pawn-lang/YSI-Includes	pawn-lang--YSI-Includes/YSI_Core/y_core/y_compilerdata.inc	855	stock T_PLAYER_RECORDING_TYPE:operator=(__CompilerDefault:a) return a, T_PLAYER_RECORDING_TYPE:(0);
pawn-lang/YSI-Includes	pawn-lang--YSI-Includes/YSI_Core/y_core/y_compilerdata.inc	857	stock T_OBJECT_MATERIAL_TEXT_ALIGN:operator=(__CompilerDefault:a) return a, T_OBJECT_MATERIAL_TEXT_ALIGN:(0);
pawn-lang/YSI-Includes	pawn-lang--YSI-Includes/YSI_Core/y_core/y_compilerdata.inc	858	stock T_PLAYER_RECORDING_TYPE:operator=(__CompilerDefault:a) return a, T_PLAYER_RECORDING_TYPE:(0);
pawn-lang/YSI-Includes	pawn-lang--YSI-Includes/YSI_Core/y_core/y_compilerdata_old.inc	102	forward @_y_funcinc_y_@();
pawn-lang/YSI-Includes	pawn-lang--YSI-Includes/YSI_Core/y_core/y_compilerdata_old.inc	160	stock __CompilerStringReturn(const str[], size = sizeof (str), dummy = 0)
pawn-lang/YSI-Includes	pawn-lang--YSI-Includes/YSI_Core/y_core/y_compilerdata_old.inc	216	stock bool:operator==(_:a, __NO_TAGOF:b)
pawn-lang/YSI-Includes	pawn-lang--YSI-Includes/YSI_Core/y_core/y_compilerdata_old.inc	235	stock bool:operator!=(_:a, __NO_TAGOF:b)
pawn-lang/YSI-Includes	pawn-lang--YSI-Includes/YSI_Core/y_core/y_compilerdata_old.inc	253	stock _:operator=(__NO_TAGOF:a)
pawn-lang/YSI-Includes	pawn-lang--YSI-Includes/YSI_Core/y_core/y_compilerdata_old.inc	271	stock __NO_TAGOF:operator=(_:a)
pawn-lang/YSI-Includes	pawn-lang--YSI-Includes/YSI_Core/y_core/y_utils_tests.inc	138	forward y_utils_va_return(const str[]);
pawn-lang/YSI-Includes	pawn-lang--YSI-Includes/YSI_Core/y_core/y_core_entry.inc	210	stock const
pawn-lang/YSI-Includes	pawn-lang--YSI-Includes/YSI_Core/y_core/y_core_entry.inc	243	stock const
pawn-lang/YSI-Includes	pawn-lang--YSI-Includes/YSI_Core/y_core/y_core_entry.inc	277	forward bool:DumpAMX_Write(const filename[]);
pawn-lang/YSI-Includes	pawn-lang--YSI-Includes/YSI_Core/y_core/y_core_entry.inc	278	forward GetYSIScriptfilesDir(E_YSI_DIR:dir);
pawn-lang/YSI-Includes	pawn-lang--YSI-Includes/YSI_Core/y_core/y_core_entry.inc	279	forward bool:DisasmWrite(const filename[]);
pawn-lang/YSI-Includes	pawn-lang--YSI-Includes/YSI_Core/y_core/y_core_entry.inc	325	stock
pawn-lang/YSI-Includes	pawn-lang--YSI-Includes/YSI_Core/y_core/y_core_entry.inc	328	stock File:YSI_FOpen__(const filename[], filemode:mode = io_readwrite)
pawn-lang/YSI-Includes	pawn-lang--YSI-Includes/YSI_Core/y_core/y_core_entry.inc	374	stock const YSIM_VERRET[] = "W";
pawn-lang/YSI-Includes	pawn-lang--YSI-Includes/YSI_Core/y_core/y_core_entry.inc	382	stock const YSIM_VERMAX[] = "X";
pawn-lang/YSI-Includes	pawn-lang--YSI-Includes/YSI_Core/y_core/y_core_entry.inc	434	forward Y_Less_says_ta_for_using_YSI();
pawn-lang/YSI-Includes	pawn-lang--YSI-Includes/YSI_Core/y_core/y_core_entry.inc	448	stock IsNumeric(const number[])
pawn-lang/YSI-Includes	pawn-lang--YSI-Includes/YSI_Core/y_core/y_core_entry.inc	475	stock isnumeric(const number[])
pawn-lang/YSI-Includes	pawn-lang--YSI-Includes/YSI_Core/y_core/y_core_entry.inc	485	stock YSI_IsNumericTest__()
pawn-lang/YSI-Includes	pawn-lang--YSI-Includes/YSI_Core/y_core/y_core_entry.inc	690	stock _YSI_ConstMod(const &var, const val)
pawn-lang/YSI-Includes	pawn-lang--YSI-Includes/YSI_Core/y_core/y_core_entry.inc	745	stock DONT_USE_SCM(a, b, const c[])
pawn-lang/YSI-Includes	pawn-lang--YSI-Includes/YSI_Core/y_core/y_interning.inc	81	stock const
pawn-lang/YSI-Includes	pawn-lang--YSI-Includes/YSI_Core/y_core/y_interning.inc	91	stock const
pawn-lang/YSI-Includes	pawn-lang--YSI-Includes/YSI_Core/y_core/y_interning.inc	101	stock const
pawn-lang/YSI-Includes	pawn-lang--YSI-Includes/YSI_Core/y_core/y_interning.inc	111	stock const
pawn-lang/YSI-Includes	pawn-lang--YSI-Includes/YSI_Core/y_core/y_interning.inc	121	stock const
pawn-lang/YSI-Includes	pawn-lang--YSI-Includes/YSI_Core/y_core/y_interning.inc	131	stock const
pawn-lang/YSI-Includes	pawn-lang--YSI-Includes/YSI_Core/y_core/y_interning.inc	141	stock const
pawn-lang/YSI-Includes	pawn-lang--YSI-Includes/YSI_Core/y_core/y_interning.inc	151	stock const
pawn-lang/YSI-Includes	pawn-lang--YSI-Includes/YSI_Core/y_core/y_interning.inc	161	stock const
pawn-lang/YSI-Includes	pawn-lang--YSI-Includes/YSI_Core/y_core/y_interning.inc	171	stock const
pawn-lang/YSI-Includes	pawn-lang--YSI-Includes/YSI_Core/y_core/y_interning.inc	181	stock const
pawn-lang/YSI-Includes	pawn-lang--YSI-Includes/YSI_Core/y_core/y_interning.inc	191	stock const
pawn-lang/YSI-Includes	pawn-lang--YSI-Includes/YSI_Core/y_core/y_interning.inc	202	stock const
pawn-lang/YSI-Includes	pawn-lang--YSI-Includes/YSI_Core/y_core/y_cell32.inc	121	native Cell_Reverse32(GLOBAL_TAG_TYPES:data) = swapchars;
pawn-lang/YSI-Includes	pawn-lang--YSI-Includes/YSI_Core/y_core/y_cell32.inc	147	stock Cell_ReverseBits(GLOBAL_TAG_TYPES:data)
pawn-lang/YSI-Includes	pawn-lang--YSI-Includes/YSI_Core/y_core/y_cell32.inc	223	stock Cell_ReverseNibbles(GLOBAL_TAG_TYPES:data)
pawn-lang/YSI-Includes	pawn-lang--YSI-Includes/YSI_Core/y_core/y_cell32.inc	280	stock Cell_CountBits(GLOBAL_TAG_TYPES:data)
pawn-lang/YSI-Includes	pawn-lang--YSI-Includes/YSI_Core/y_core/y_cell32.inc	345	stock Cell_GetLowestBit(GLOBAL_TAG_TYPES:data)
pawn-lang/YSI-Includes	pawn-lang--YSI-Includes/YSI_Core/y_core/y_cell32.inc	397	stock Cell_GetLowestBitEx(GLOBAL_TAG_TYPES:data)
pawn-lang/YSI-Includes	pawn-lang--YSI-Includes/YSI_Core/y_core/y_cell32.inc	441	stock Cell_CountBlanks(GLOBAL_TAG_TYPES:data)
pawn-lang/YSI-Includes	pawn-lang--YSI-Includes/YSI_Core/y_core/y_cell32.inc	491	stock Cell_GetLowestBlank(GLOBAL_TAG_TYPES:data)
pawn-lang/YSI-Includes	pawn-lang--YSI-Includes/YSI_Core/y_core/y_cell32.inc	524	stock Cell_GetLowestBlankEx(GLOBAL_TAG_TYPES:data)
pawn-lang/YSI-Includes	pawn-lang--YSI-Includes/YSI_Core/y_core/y_cell32.inc	576	stock Cell_CompressRightPrecomputed(GLOBAL_TAG_TYPES:x, m, const masks[5])
pawn-lang/YSI-Includes	pawn-lang--YSI-Includes/YSI_Core/y_core/y_cell32.inc	606	stock Cell_ExpandLeftPrecomputed(GLOBAL_TAG_TYPES:x, m, const masks[5])
pawn-lang/YSI-Includes	pawn-lang--YSI-Includes/YSI_Core/y_core/y_cell32.inc	634	stock Cell_PrecomputeMaskPermutation(m)
pawn-lang/YSI-Includes	pawn-lang--YSI-Includes/YSI_Core/y_core/y_samp_natives.inc	100	native YSI_Print__(const string[]) = print;
pawn-lang/YSI-Includes	pawn-lang--YSI-Includes/YSI_Core/y_core/y_samp_natives.inc	111	native YSI_PrintF__(const format[], GLOBAL_TAG_TYPES:...) = printf;
pawn-lang/YSI-Includes	pawn-lang--YSI-Includes/YSI_Core/y_core/y_samp_natives.inc	160	stock SetTimerAddr(addr, time, bool:repeat)
pawn-lang/YSI-Includes	pawn-lang--YSI-Includes/YSI_Core/y_core/y_samp_natives.inc	182	stock SetTimerExAddr(dummy__ = 0, time, bool:repeat, const fmt[], addr, GLOBAL_TAG_TYPES:...)
pawn-lang/YSI-Includes	pawn-lang--YSI-Includes/YSI_Core/y_core/y_samp_natives.inc	246	native YSI_HTTP__(index, HTTP_METHOD:method, const url[], const data[], const callback[]) = HTTP;
pawn-lang/YSI-Includes	pawn-lang--YSI-Includes/YSI_Core/y_core/y_samp_natives.inc	255	native YSI_Format__(dest[], size = sizeof (dest), const format[], GLOBAL_TAG_TYPES:...) = format;
pawn-lang/YSI-Includes	pawn-lang--YSI-Includes/YSI_Core/y_core/y_samp_natives.inc	264	native YSI_SendClientCheck__(playerid, type, memoryAddress, memoryOffset, byteCount) = SendClientCheck;
pawn-lang/YSI-Includes	pawn-lang--YSI-Includes/YSI_Core/y_core/y_samp_natives.inc	274	native YSI_SHA256Hash_BAD_DONT_USE__(const password[], const salt[], output[], size = sizeof (output)) = SHA256_PassHash;
pawn-lang/YSI-Includes	pawn-lang--YSI-Includes/YSI_Core/y_core/y_samp_natives.inc	283	native YSI_Random__(max) = random;
pawn-lang/YSI-Includes	pawn-lang--YSI-Includes/YSI_Core/y_core/y_samp_natives.inc	292	native _YSI_ConstCpy__(const dst[], const src[], index, numbytes, maxlength) = memcpy;
pawn-lang/YSI-Includes	pawn-lang--YSI-Includes/YSI_Core/y_core/y_samp_natives.inc	301	native YSI_CallRemoteFunction__(const function[], const format[], GLOBAL_TAG_TYPES:...) = CallRemoteFunction;
pawn-lang/YSI-Includes	pawn-lang--YSI-Includes/YSI_Core/y_core/y_samp_natives.inc	310	native YSI_CallLocalFunction__(const function[], const format[], GLOBAL_TAG_TYPES:...) = CallLocalFunction;
pawn-lang/YSI-Includes	pawn-lang--YSI-Includes/YSI_Core/y_core/y_samp_natives.inc	319	native YSI_StrUnpack__(dest[], const source[], maxlength = sizeof (dest)) = strunpack;
pawn-lang/YSI-Includes	pawn-lang--YSI-Includes/YSI_Core/y_core/y_samp_natives.inc	330	native _YSI_FGetChar__(File:handle, value, bool:utf8 = true) = fgetchar;
pawn-lang/YSI-Includes	pawn-lang--YSI-Includes/YSI_Core/y_core/y_samp_natives.inc	344	native YSI_NumArgs() = numargs;
pawn-lang/YSI-Includes	pawn-lang--YSI-Includes/YSI_Core/y_core/y_samp_natives.inc	361	native BAD_numargs() = numargs;
pawn-lang/YSI-Includes	pawn-lang--YSI-Includes/YSI_Core/y_core/y_samp_natives.inc	373	native BAD_numargs() = numargs;
pawn-lang/YSI-Includes	pawn-lang--YSI-Includes/YSI_Core/y_core/y_samp_natives.inc	376	forward bool:YSI_IsLocalVarPackedString__(const string:str[]);
pawn-lang/YSI-Includes	pawn-lang--YSI-Includes/YSI_Core/y_core/y_samp_natives.inc	404	stock bool:YSI_IsLocalVarPackedString__(const string:str[])
pawn-lang/YSI-Includes	pawn-lang--YSI-Includes/YSI_Core/y_core/y_version.inc	129	stock Server_GetJITVersion()
pawn-lang/YSI-Includes	pawn-lang--YSI-Includes/YSI_Core/y_core/y_version.inc	160	stock Server_GetJITString(version[], vlen = sizeof (version))
pawn-lang/YSI-Includes	pawn-lang--YSI-Includes/YSI_Core/y_core/y_version.inc	194	stock Server_GetCompilerVersion()
pawn-lang/YSI-Includes	pawn-lang--YSI-Includes/YSI_Core/y_core/y_version.inc	216	stock Script_GetCompilerVersion()
pawn-lang/YSI-Includes	pawn-lang--YSI-Includes/YSI_Core/y_core/y_version.inc	234	stock Script_GetCompilerString(version[], os[], vlen = sizeof (version), olen = sizeof (os))
pawn-lang/YSI-Includes	pawn-lang--YSI-Includes/YSI_Core/y_core/y_version.inc	271	stock Server_GetCompilerString(version[], os[], vlen = sizeof (version), olen = sizeof (os))
pawn-lang/YSI-Includes	pawn-lang--YSI-Includes/YSI_Core/y_core/y_version.inc	287	stock Script_GetCompilerCodepage(version[], vlen = sizeof (version))
pawn-lang/YSI-Includes	pawn-lang--YSI-Includes/YSI_Core/y_core/y_version.inc	361	stock Script_GetIncludesVersion()
pawn-lang/YSI-Includes	pawn-lang--YSI-Includes/YSI_Core/y_core/y_version.inc	451	stock Server_GetServerVersion()
pawn-lang/YSI-Includes	pawn-lang--YSI-Includes/YSI_Core/y_core/y_version.inc	467	stock Script_GetIncludesString(version[], vlen = sizeof (version))
pawn-lang/YSI-Includes	pawn-lang--YSI-Includes/YSI_Core/y_core/y_version.inc	565	stock Server_GetServerString(version[], os[], vlen = sizeof (version), olen = sizeof (os))
pawn-lang/YSI-Includes	pawn-lang--YSI-Includes/YSI_Core/y_core/y_version.inc	581	stock Script_GetStartString(output[], size = sizeof (output))
pawn-lang/YSI-Includes	pawn-lang--YSI-Includes/YSI_Core/y_core/y_version.inc	692	stock YVers_StartCheck()
pawn-lang/YSI-Includes	pawn-lang--YSI-Includes/YSI_Core/y_core/y_version.inc	707	stock YVers_StartCheck()
pawn-lang/YSI-Includes	pawn-lang--YSI-Includes/YSI_Core/y_core/y_version.inc	734	stock YVers_StartCheck()
pawn-lang/YSI-Includes	pawn-lang--YSI-Includes/YSI_Core/y_core/y_prehook.inc	118	forward %0_%2(%1); \
pawn-lang/YSI-Includes	pawn-lang--YSI-Includes/YSI_Core/y_core/y_prehook.inc	152	forward @CO_<LIB>();public @CO_<LIB>(){return CHAIN_ORDER()+1;}
pawn-lang/YSI-Includes	pawn-lang--YSI-Includes/YSI_Core/y_core/y_prehook.inc	195	forward <LIB>_OnPlayerConnect(playerid);
pawn-lang/YSI-Includes	pawn-lang--YSI-Includes/YSI_Core/y_core/y_debug_impl.inc	125	stock YSI_gDebugLevel = 0;
pawn-lang/YSI-Includes	pawn-lang--YSI-Includes/YSI_Core/y_core/y_debug_impl.inc	593	stock Debug_Kill_()
pawn-lang/YSI-Includes	pawn-lang--YSI-Includes/YSI_Core/y_core/y_debug_impl.inc	622	stock Debug_Print0(const str[], GLOBAL_TAG_TYPES:...) <ysi_debug : on>
pawn-lang/YSI-Includes	pawn-lang--YSI-Includes/YSI_Core/y_core/y_debug_impl.inc	660	stock Debug_Print0(const str[], GLOBAL_TAG_TYPES:...) <>
pawn-lang/YSI-Includes	pawn-lang--YSI-Includes/YSI_Core/y_core/y_debug_impl.inc	679	stock Debug_PrintArray(arr[], size = sizeof (arr))
pawn-lang/YSI-Includes	pawn-lang--YSI-Includes/YSI_Core/y_core/y_debug_impl.inc	711	stock bool:Debug_GetState() <ysi_debug : off>
pawn-lang/YSI-Includes	pawn-lang--YSI-Includes/YSI_Core/y_core/y_debug_impl.inc	724	stock bool:Debug_GetState() <>
pawn-lang/YSI-Includes	pawn-lang--YSI-Includes/YSI_Core/y_core/y_debug_impl.inc	736	stock bool:Debug_Enable()
pawn-lang/YSI-Includes	pawn-lang--YSI-Includes/YSI_Core/y_core/y_debug_impl.inc	749	stock bool:Debug_Disable()
pawn-lang/YSI-Includes	pawn-lang--YSI-Includes/YSI_Core/y_core/y_debug_impl.inc	765	stock Debug_Level(level = -1)
pawn-lang/YSI-Includes	pawn-lang--YSI-Includes/YSI_Core/y_core/y_debug_impl.inc	775	native Debug_PrintQ_PRINT(const str[], const expr[], &Debug_PrintQ_SIZEOF:size, addr) = printf;
pawn-lang/YSI-Includes	pawn-lang--YSI-Includes/YSI_Core/y_core/y_debug_impl.inc	810	forward File:ftemporary(ret[] = "", const ext[] = "tmp", len = sizeof (ret), maxAge = YSI_TEMP_FILE_AGE);
pawn-lang/YSI-Includes	pawn-lang--YSI-Includes/YSI_Core/y_core/y_debug_impl.inc	866	stock Debug_PrintQ_IMPL(Debug_PrintQ_TAG:tag, Debug_PrintQ_SIZEOF:size, const expr[], const file[], line, GLOBAL_TAG_TYPES:...)
pawn-lang/YSI-Includes	pawn-lang--YSI-Includes/YSI_Core/y_core/y_cell_impl.inc	112	native Cell_ReverseBytes(GLOBAL_TAG_TYPES:data) = swapchars;
pawn-lang/YSI-Includes	pawn-lang--YSI-Includes/YSI_Core/y_core/y_cell_impl.inc	129	stock Cell_CompressRight(GLOBAL_TAG_TYPES:x, m)
pawn-lang/YSI-Includes	pawn-lang--YSI-Includes/YSI_Core/y_core/y_cell_impl.inc	155	stock Cell_ExpandLeft(GLOBAL_TAG_TYPES:x, m)
pawn-lang/YSI-Includes	pawn-lang--YSI-Includes/YSI_Core/y_core/y_cell_impl.inc	186	stock Cell_Abs(GLOBAL_TAG_TYPES:number, tag = tagof (number))
pawn-lang/YSI-Includes	pawn-lang--YSI-Includes/YSI_Core/y_core/y_cell_impl.inc	295	stock Cell_GetLowestComponent(GLOBAL_TAG_TYPES:data)
pawn-lang/YSI-Includes	pawn-lang--YSI-Includes/YSI_Core/y_core/y_cell_impl.inc	321	stock Cell_GetLowestEmpty(GLOBAL_TAG_TYPES:data)
pawn-lang/YSI-Includes	pawn-lang--YSI-Includes/YSI_Core/y_core/y_cell_impl.inc	349	stock bool:Cell_HasZeroByte(GLOBAL_TAG_TYPES:data)
pawn-lang/YSI-Includes	pawn-lang--YSI-Includes/YSI_Core/y_core/y_cell_impl.inc	380	stock bool:Cell_HasSpaceByte(GLOBAL_TAG_TYPES:data)
pawn-lang/YSI-Includes	pawn-lang--YSI-Includes/YSI_Core/y_core/y_compilerdata___pragma.inc	86	forward __pragma_option(const string:option[]);
pawn-lang/YSI-Includes	pawn-lang--YSI-Includes/YSI_Core/y_core/y_compilerdata___pragma.inc	95	forward __pragma_align();
pawn-lang/YSI-Includes	pawn-lang--YSI-Includes/YSI_Core/y_core/y_compilerdata___pragma.inc	104	forward __pragma_amxlimit(limit);
pawn-lang/YSI-Includes	pawn-lang--YSI-Includes/YSI_Core/y_core/y_compilerdata___pragma.inc	113	forward __pragma_amxram(ram);
pawn-lang/YSI-Includes	pawn-lang--YSI-Includes/YSI_Core/y_core/y_compilerdata___pragma.inc	122	forward __pragma_codepage(const string:codepage[]);
pawn-lang/YSI-Includes	pawn-lang--YSI-Includes/YSI_Core/y_core/y_compilerdata___pragma.inc	131	forward __pragma_compress(bool:compress);
pawn-lang/YSI-Includes	pawn-lang--YSI-Includes/YSI_Core/y_core/y_compilerdata___pragma.inc	140	forward __pragma_ctrlchar(character);
pawn-lang/YSI-Includes	pawn-lang--YSI-Includes/YSI_Core/y_core/y_compilerdata___pragma.inc	160	stock __deprecated(const symbol[])
pawn-lang/YSI-Includes	pawn-lang--YSI-Includes/YSI_Core/y_core/y_compilerdata___pragma.inc	176	forward __pragma_dynamic(ram);
pawn-lang/YSI-Includes	pawn-lang--YSI-Includes/YSI_Core/y_core/y_compilerdata___pragma.inc	185	forward __pragma_library(const string:library[]);
pawn-lang/YSI-Includes	pawn-lang--YSI-Includes/YSI_Core/y_core/y_compilerdata___pragma.inc	194	forward __pragma_overlay(size);
pawn-lang/YSI-Includes	pawn-lang--YSI-Includes/YSI_Core/y_core/y_compilerdata___pragma.inc	203	forward __pragma_pack(bool:pack);
pawn-lang/YSI-Includes	pawn-lang--YSI-Includes/YSI_Core/y_core/y_compilerdata___pragma.inc	212	forward __pragma_rational(const string:tagname[], bits = -1);
pawn-lang/YSI-Includes	pawn-lang--YSI-Includes/YSI_Core/y_core/y_compilerdata___pragma.inc	222	forward __pragma_semicolon(bool:use);
pawn-lang/YSI-Includes	pawn-lang--YSI-Includes/YSI_Core/y_core/y_compilerdata___pragma.inc	231	forward __pragma_tabsize(tabsize);
pawn-lang/YSI-Includes	pawn-lang--YSI-Includes/YSI_Core/y_core/y_compilerdata___pragma.inc	260	forward __pragma_warning(__PRAGMA_WARNING:type, warning = -1);
pawn-lang/YSI-Includes	pawn-lang--YSI-Includes/YSI_Core/y_core/y_compilerdata___pragma.inc	278	forward __pragma_compat(bool:compatibility);
pawn-lang/YSI-Includes	pawn-lang--YSI-Includes/YSI_Core/y_core/y_scriptinit_impl.inc	165	forward _ScriptInit_FixState();
pawn-lang/YSI-Includes	pawn-lang--YSI-Includes/YSI_Core/y_core/y_scriptinit_impl.inc	178	stock
pawn-lang/YSI-Includes	pawn-lang--YSI-Includes/YSI_Core/y_core/y_scriptinit_impl.inc	191	stock
pawn-lang/YSI-Includes	pawn-lang--YSI-Includes/YSI_Core/y_core/y_scriptinit_impl.inc	245	forward OnFilterScriptInit();
pawn-lang/YSI-Includes	pawn-lang--YSI-Includes/YSI_Core/y_core/y_scriptinit_impl.inc	249	forward OnGameModeInit();
pawn-lang/YSI-Includes	pawn-lang--YSI-Includes/YSI_Core/y_core/y_scriptinit_impl.inc	253	forward OnFilterScriptExit();
pawn-lang/YSI-Includes	pawn-lang--YSI-Includes/YSI_Core/y_core/y_scriptinit_impl.inc	257	forward OnGameModeExit();
pawn-lang/YSI-Includes	pawn-lang--YSI-Includes/YSI_Core/y_core/y_scriptinit_impl.inc	267	stock bool:Server_JITExists()
pawn-lang/YSI-Includes	pawn-lang--YSI-Includes/YSI_Core/y_core/y_scriptinit_impl.inc	286	stock bool:Server_JITComplete()
pawn-lang/YSI-Includes	pawn-lang--YSI-Includes/YSI_Core/y_core/y_scriptinit_impl.inc	302	stock bool:Script_JITComplete()
pawn-lang/YSI-Includes	pawn-lang--YSI-Includes/YSI_Core/y_core/y_scriptinit_impl.inc	321	stock bool:Server_CacheLoaded()
pawn-lang/YSI-Includes	pawn-lang--YSI-Includes/YSI_Core/y_core/y_scriptinit_impl.inc	337	stock bool:Script_CacheLoaded()
pawn-lang/YSI-Includes	pawn-lang--YSI-Includes/YSI_Core/y_core/y_scriptinit_impl.inc	356	stock bool:Server_CacheSaved()
pawn-lang/YSI-Includes	pawn-lang--YSI-Includes/YSI_Core/y_core/y_scriptinit_impl.inc	372	stock bool:Script_CacheSaved()
pawn-lang/YSI-Includes	pawn-lang--YSI-Includes/YSI_Core/y_core/y_scriptinit_impl.inc	391	stock bool:Server_IsFilterscript()
pawn-lang/YSI-Includes	pawn-lang--YSI-Includes/YSI_Core/y_core/y_scriptinit_impl.inc	413	forward bool:Script_IsFilterscript();
pawn-lang/YSI-Includes	pawn-lang--YSI-Includes/YSI_Core/y_core/y_scriptinit_impl.inc	437	stock bool:Server_IsGameMode()
pawn-lang/YSI-Includes	pawn-lang--YSI-Includes/YSI_Core/y_core/y_scriptinit_impl.inc	459	forward bool:Script_IsGameMode();
pawn-lang/YSI-Includes	pawn-lang--YSI-Includes/YSI_Core/y_core/y_scriptinit_impl.inc	476	stock bool:Server_IsLinuxHost()
pawn-lang/YSI-Includes	pawn-lang--YSI-Includes/YSI_Core/y_core/y_scriptinit_impl.inc	499	stock bool:Server_IsWindowsHost()
pawn-lang/YSI-Includes	pawn-lang--YSI-Includes/YSI_Core/y_core/y_scriptinit_impl.inc	522	forward bool:Server_IsOpenMP();
pawn-lang/YSI-Includes	pawn-lang--YSI-Includes/YSI_Core/y_core/y_scriptinit_impl.inc	537	forward bool:Server_IsSAMP();
pawn-lang/YSI-Includes	pawn-lang--YSI-Includes/YSI_Core/y_core/y_scriptinit_impl.inc	555	stock bool:Server_IsLinuxCompiler()
pawn-lang/YSI-Includes	pawn-lang--YSI-Includes/YSI_Core/y_core/y_scriptinit_impl.inc	575	forward bool:Script_IsLinuxCompiler();
pawn-lang/YSI-Includes	pawn-lang--YSI-Includes/YSI_Core/y_core/y_scriptinit_impl.inc	597	stock bool:Server_IsWindowsCompiler()
pawn-lang/YSI-Includes	pawn-lang--YSI-Includes/YSI_Core/y_core/y_scriptinit_impl.inc	617	forward bool:Script_IsWindowsCompiler();
pawn-lang/YSI-Includes	pawn-lang--YSI-Includes/YSI_Core/y_core/y_scriptinit_impl.inc	671	native ScriptInit_PrintF__(const fmat[], arg) = printf;
pawn-lang/YSI-Includes	pawn-lang--YSI-Includes/YSI_Core/y_core/y_scriptinit_impl.inc	729	forward Server_SetLongCallTime(usTime);
pawn-lang/YSI-Includes	pawn-lang--YSI-Includes/YSI_Core/y_core/y_scriptinit_impl.inc	742	forward Server_DisableLongCall();
pawn-lang/YSI-Includes	pawn-lang--YSI-Includes/YSI_Core/y_core/y_scriptinit_impl.inc	755	forward Server_EnableLongCall();
pawn-lang/YSI-Includes	pawn-lang--YSI-Includes/YSI_Core/y_core/y_scriptinit_impl.inc	768	forward Server_ResetLongCallTime();
pawn-lang/YSI-Includes	pawn-lang--YSI-Includes/YSI_Core/y_core/y_scriptinit_impl.inc	783	forward Server_RestartLongCall();
pawn-lang/YSI-Includes	pawn-lang--YSI-Includes/YSI_Core/y_core/y_scriptinit_impl.inc	799	forward bool:Server_IsLongCallEnabled();
pawn-lang/YSI-Includes	pawn-lang--YSI-Includes/YSI_Core/y_core/y_scriptinit_impl.inc	813	forward Server_GetLongCallTime();
pawn-lang/YSI-Includes	pawn-lang--YSI-Includes/YSI_Core/y_core/y_scriptinit_impl.inc	827	forward Server_DisableDetectAddr0();
pawn-lang/YSI-Includes	pawn-lang--YSI-Includes/YSI_Core/y_core/y_scriptinit_impl.inc	841	forward Server_EnableDetectAddr0();
pawn-lang/YSI-Includes	pawn-lang--YSI-Includes/YSI_Core/y_core/y_scriptinit_impl.inc	854	forward bool:Server_IsDetectAddr0Enabled();
pawn-lang/YSI-Includes	pawn-lang--YSI-Includes/YSI_Core/y_core/y_scriptinit_impl.inc	867	forward bool:Server_HasDetectAddr0();
pawn-lang/YSI-Includes	pawn-lang--YSI-Includes/YSI_Core/y_core/y_scriptinit_impl.inc	880	forward bool:Server_CrashDetectExists();
pawn-lang/YSI-Includes	pawn-lang--YSI-Includes/YSI_Core/y_core/y_scriptinit_impl.inc	896	forward Server_Abort(reason);
pawn-lang/YSI-Includes	pawn-lang--YSI-Includes/YSI_Core/y_core/y_scriptinit_impl.inc	902	forward bool:fautocleanup(const name[], maxAge);
pawn-lang/YSI-Includes	pawn-lang--YSI-Includes/YSI_Core/y_core/y_scriptinit_impl.inc	998	stock Server_PrintIntroMessage(...)
pawn-lang/YSI-Includes	pawn-lang--YSI-Includes/YSI_Core/y_core/y_scriptinit_impl.inc	1049	stock Server_PrintIntroPart(...)
pawn-lang/YSI-Includes	pawn-lang--YSI-Includes/YSI_Core/y_core/y_scriptinit_impl.inc	1098	stock Server_FinishIntroPart()
pawn-lang/YSI-Includes	pawn-lang--YSI-Includes/YSI_Core/y_core/y_scriptinit_impl.inc	1114	stock Server_FinishIntroMessage()
pawn-lang/YSI-Includes	pawn-lang--YSI-Includes/YSI_Core/y_core/y_scriptinit_impl.inc	1128	stock Server_GetStartTime()
pawn-lang/YSI-Includes	pawn-lang--YSI-Includes/YSI_Core/y_core/y_scriptinit_impl.inc	1142	stock Server_GetStartDateTime(&year, &month, &day, &hour, &minute, &second)
pawn-lang/YSI-Includes	pawn-lang--YSI-Includes/YSI_Core/y_core/y_scriptinit_impl.inc	1161	stock bool:Server_HasLongCallControl()
pawn-lang/YSI-Includes	pawn-lang--YSI-Includes/YSI_Core/y_core/y_scriptinit_impl.inc	1192	stock Server_GetLongCallDefault()
pawn-lang/YSI-Includes	pawn-lang--YSI-Includes/YSI_Core/y_core/y_scriptinit_impl.inc	1223	forward bool:Debug_Enable();
pawn-lang/YSI-Includes	pawn-lang--YSI-Includes/YSI_Core/y_core/y_scriptinit_impl.inc	1226	forward OnCachedInit();
pawn-lang/YSI-Includes	pawn-lang--YSI-Includes/YSI_Core/y_core/y_scriptinit_impl.inc	1435	forward OnJITCompile();
pawn-lang/YSI-Includes	pawn-lang--YSI-Includes/YSI_Core/y_core/y_scriptinit_impl.inc	1734	forward File:ftemporary_(name[], const ext[] = "tmp", const path[] = "", len = sizeof (name));
pawn-lang/YSI-Includes	pawn-lang--YSI-Includes/YSI_Core/y_core/y_scriptinit_impl.inc	2017	forward ScriptInit_OnCodeInit();
pawn-lang/YSI-Includes	pawn-lang--YSI-Includes/YSI_Core/y_core/y_scriptinit_impl.inc	2022	forward OnScriptInit PP_LEFT_BRACKET<>PP_RIGHT_BRACKET<>;
pawn-lang/YSI-Includes	pawn-lang--YSI-Includes/YSI_Core/y_core/y_scriptinit_impl.inc	2040	forward OnScriptInit@C();
pawn-lang/YSI-Includes	pawn-lang--YSI-Includes/YSI_Core/y_core/y_scriptinit_impl.inc	2052	forward OnScriptInit@E();
pawn-lang/YSI-Includes	pawn-lang--YSI-Includes/YSI_Core/y_core/y_scriptinit_impl.inc	2101	forward OnRuntimeError(code, &bool:suppress);
pawn-lang/YSI-Includes	pawn-lang--YSI-Includes/YSI_Core/y_core/y_scriptinit_impl.inc	2149	stock bool:Server_UpgradeCrashDetect()
pawn-lang/YSI-Includes	pawn-lang--YSI-Includes/YSI_Core/y_core/y_scriptinit_impl.inc	2179	stock Server_SetLongCallTime(usTime)
pawn-lang/YSI-Includes	pawn-lang--YSI-Includes/YSI_Core/y_core/y_scriptinit_impl.inc	2192	stock Server_DisableLongCall()
pawn-lang/YSI-Includes	pawn-lang--YSI-Includes/YSI_Core/y_core/y_scriptinit_impl.inc	2205	stock Server_EnableLongCall()
pawn-lang/YSI-Includes	pawn-lang--YSI-Includes/YSI_Core/y_core/y_scriptinit_impl.inc	2218	stock Server_ResetLongCallTime()
pawn-lang/YSI-Includes	pawn-lang--YSI-Includes/YSI_Core/y_core/y_scriptinit_impl.inc	2233	stock Server_RestartLongCall()
pawn-lang/YSI-Includes	pawn-lang--YSI-Includes/YSI_Core/y_core/y_scriptinit_impl.inc	2249	stock bool:Server_IsLongCallEnabled()
pawn-lang/YSI-Includes	pawn-lang--YSI-Includes/YSI_Core/y_core/y_scriptinit_impl.inc	2268	stock Server_GetLongCallTime()
pawn-lang/YSI-Includes	pawn-lang--YSI-Includes/YSI_Core/y_core/y_scriptinit_impl.inc	2284	stock Server_DisableDetectAddr0()
pawn-lang/YSI-Includes	pawn-lang--YSI-Includes/YSI_Core/y_core/y_scriptinit_impl.inc	2298	stock Server_EnableDetectAddr0()
pawn-lang/YSI-Includes	pawn-lang--YSI-Includes/YSI_Core/y_core/y_scriptinit_impl.inc	2311	stock bool:Server_IsDetectAddr0Enabled()
pawn-lang/YSI-Includes	pawn-lang--YSI-Includes/YSI_Core/y_core/y_scriptinit_impl.inc	2330	stock bool:Server_HasDetectAddr0()
pawn-lang/YSI-Includes	pawn-lang--YSI-Includes/YSI_Core/y_core/y_scriptinit_impl.inc	2349	stock bool:Server_CrashDetectExists()
pawn-lang/YSI-Includes	pawn-lang--YSI-Includes/YSI_Core/y_core/y_scriptinit_impl.inc	2377	stock void:Server_Abort(reason)
pawn-lang/YSI-Includes	pawn-lang--YSI-Includes/YSI_Core/y_core/y_shortfunc.inc	172	stock K@(const function[], const fmat[], GLOBAL_TAG_TYPES:...)
pawn-lang/YSI-Includes	pawn-lang--YSI-Includes/YSI_Core/y_core/y_shortfunc.inc	342	stock D@(const function[], const fmat[], GLOBAL_TAG_TYPES:...)
pawn-lang/YSI-Includes	pawn-lang--YSI-Includes/YSI_Core/y_core/y_shortfunc.inc	455	stock F@(calltype = 1, master = -1, heapptr = 0)
pawn-lang/YSI-Includes	pawn-lang--YSI-Includes/YSI_Core/y_core/y_shortfunc.inc	487	stock L@(GLOBAL_TAG_TYPES:ret, GLOBAL_TAG_TYPES:...)
pawn-lang/YSI-Includes	pawn-lang--YSI-Includes/YSI_Core/y_core/y_shortfunc.inc	511	stock T@(const string:ret[YSI_MAX_STRING], GLOBAL_TAG_TYPES:...)
pawn-lang/YSI-Includes	pawn-lang--YSI-Includes/YSI_Core/y_core/y_shortfunc.inc	533	stock X@(GLOBAL_TAG_TYPES:n)
pawn-lang/YSI-Includes	pawn-lang--YSI-Includes/YSI_Core/y_core/y_shortfunc.inc	549	stock H@(GLOBAL_TAG_TYPES:...)
pawn-lang/YSI-Includes	pawn-lang--YSI-Includes/YSI_Core/y_core/y_shortfunc.inc	574	stock G@(GLOBAL_TAG_TYPES:...)
pawn-lang/YSI-Includes	pawn-lang--YSI-Includes/YSI_Core/y_core/y_pawndoc_without_fixes.inc	201	stock PAWNDOC() <__PAWNDOC:PAWNDOC>
pawn-lang/YSI-Includes	pawn-lang--YSI-Includes/YSI_Core/y_core/y_pawndoc_without_fixes.inc	205	stock PAWNDOC() <>
pawn-lang/YSI-Includes	pawn-lang--YSI-Includes/YSI_Core/y_core/y_als_tests.inc	203	forward OnFakeCallback(playerid, const text[], Float:pos, last);
pawn-lang/YSI-Includes	pawn-lang--YSI-Includes/YSI_Core/y_core/y_compilerdata_new.inc	108	stock YSI_gAMXAddress_;
pawn-lang/YSI-Includes	pawn-lang--YSI-Includes/YSI_Core/y_core/y_compilerdata_new.inc	252	forward __CompilerAddress1();
pawn-lang/YSI-Includes	pawn-lang--YSI-Includes/YSI_Core/y_core/y_compilerdata_new.inc	253	forward __CompilerAddress2(a, b);
pawn-lang/YSI-Includes	pawn-lang--YSI-Includes/YSI_Core/y_testing/libs/y_testing_g.inc	2	native y_testing_g_native() = heapspace;
pawn-lang/YSI-Includes	pawn-lang--YSI-Includes/YSI_Core/y_testing/libs/y_testing_a.inc	2	native y_testing_a_native() = heapspace;
pawn-lang/YSI-Includes	pawn-lang--YSI-Includes/YSI_Core/y_testing/libs/y_testing_i.inc	2	native y_testing_i_native() = heapspace;
pawn-lang/YSI-Includes	pawn-lang--YSI-Includes/YSI_Core/y_testing/libs/y_testing_j.inc	2	native y_testing_j_native() = heapspace;
pawn-lang/YSI-Includes	pawn-lang--YSI-Includes/YSI_Core/y_testing/libs/y_testing_b.inc	2	native y_testing_b_native() = heapspace;
pawn-lang/YSI-Includes	pawn-lang--YSI-Includes/YSI_Core/y_testing/libs/y_testing_e.inc	2	native y_testing_e_native() = heapspace;
pawn-lang/YSI-Includes	pawn-lang--YSI-Includes/YSI_Core/y_testing/libs/y_testing_c.inc	2	native y_testing_c_native() = heapspace;
pawn-lang/YSI-Includes	pawn-lang--YSI-Includes/YSI_Core/y_testing/libs/y_testing_h.inc	2	native y_testing_h_native() = heapspace;
pawn-lang/YSI-Includes	pawn-lang--YSI-Includes/YSI_Core/y_testing/libs/y_testing_f.inc	2	native y_testing_f_native() = heapspace;
pawn-lang/YSI-Includes	pawn-lang--YSI-Includes/YSI_Core/y_testing/libs/y_testing_d.inc	2	native y_testing_d_native() = heapspace;
pawn-lang/YSI-Includes	pawn-lang--YSI-Includes/YSI_Game/y_weapondata/y_weapondata_entry.inc	111	stock bool:Weapon_IsValid(weaponid)
pawn-lang/YSI-Includes	pawn-lang--YSI-Includes/YSI_Game/y_weapondata/y_weapondata_entry.inc	205	stock Weapon_GetFireType(weaponid)
pawn-lang/YSI-Includes	pawn-lang--YSI-Includes/YSI_Game/y_weapondata/y_weapondata_entry.inc	260	stock Float:Weapon_GetMinRange(weaponid)
pawn-lang/YSI-Includes	pawn-lang--YSI-Includes/YSI_Game/y_weapondata/y_weapondata_entry.inc	315	stock Float:Weapon_GetMaxRange(weaponid)
pawn-lang/YSI-Includes	pawn-lang--YSI-Includes/YSI_Game/y_weapondata/y_weapondata_entry.inc	370	stock bool:Weapon_GetAmmoName(weaponid, dest[], size = sizeof (dest))
pawn-lang/YSI-Includes	pawn-lang--YSI-Includes/YSI_Game/y_weapondata/y_weapondata_entry.inc	431	stock bool:Weapon_GetAnimGroup(weaponid, dest[], size = sizeof (dest))
pawn-lang/YSI-Includes	pawn-lang--YSI-Includes/YSI_Game/y_weapondata/y_weapondata_entry.inc	492	stock bool:Weapon_GetProAnimGroup(weaponid, dest[], size = sizeof (dest))
pawn-lang/YSI-Includes	pawn-lang--YSI-Includes/YSI_Game/y_weapondata/y_weapondata_entry.inc	503	stock bool:Weapon_IsAssaultRifle(weaponid)
pawn-lang/YSI-Includes	pawn-lang--YSI-Includes/YSI_Game/y_weapondata/y_weapondata_entry.inc	512	stock bool:Weapon_IsPistol(weaponid)
pawn-lang/YSI-Includes	pawn-lang--YSI-Includes/YSI_Game/y_weapondata/y_weapondata_entry.inc	521	stock bool:Weapon_IsShotgun(weaponid)
pawn-lang/YSI-Includes	pawn-lang--YSI-Includes/YSI_Game/y_weapondata/y_weapondata_entry.inc	530	stock bool:Weapon_IsSubmachineGun(weaponid)
pawn-lang/YSI-Includes	pawn-lang--YSI-Includes/YSI_Game/y_weapondata/y_weapondata_entry.inc	539	stock bool:Weapon_IsRifle(weaponid)
pawn-lang/YSI-Includes	pawn-lang--YSI-Includes/YSI_Game/y_weapondata/y_weapondata_entry.inc	548	stock Weapon_GetSlot(weaponid)
pawn-lang/YSI-Includes	pawn-lang--YSI-Includes/YSI_Game/y_weapondata/y_weapondata_entry.inc	553	stock Weapon_GetModelID(weaponid)
pawn-lang/YSI-Includes	pawn-lang--YSI-Includes/YSI_Game/y_weapondata/y_weapondata_entry.inc	558	stock Weapon_GetIDFromModelID(modelid)
pawn-lang/YSI-Includes	pawn-lang--YSI-Includes/YSI_Game/y_vehicledata/y_vehicledata_entry.inc	233	native y_vehicledata_StrUnpack(dest[], const src[], size = sizeof (dest)) = strunpack;
pawn-lang/YSI-Includes	pawn-lang--YSI-Includes/YSI_Game/y_vehicledata/y_vehicledata_entry.inc	396	stock
pawn-lang/YSI-Includes	pawn-lang--YSI-Includes/YSI_Game/y_vehicledata/y_vehicledata_entry.inc	1275	stock Vehicle_Speed(vehicleid)
pawn-lang/YSI-Includes	pawn-lang--YSI-Includes/YSI_Data/y_percent/y_percent_impl.inc	90	stock operator+(value, Percent:percent)
pawn-lang/YSI-Includes	pawn-lang--YSI-Includes/YSI_Data/y_percent/y_percent_impl.inc	105	stock Percent:operator+(Percent:percent, value)
pawn-lang/YSI-Includes	pawn-lang--YSI-Includes/YSI_Data/y_percent/y_percent_impl.inc	120	stock Percent:operator+(Percent:value, Percent:percent)
pawn-lang/YSI-Includes	pawn-lang--YSI-Includes/YSI_Data/y_percent/y_percent_impl.inc	141	stock operator*(value, Percent:percent)
pawn-lang/YSI-Includes	pawn-lang--YSI-Includes/YSI_Data/y_percent/y_percent_impl.inc	156	stock Percent:operator*(Percent:percent, value)
pawn-lang/YSI-Includes	pawn-lang--YSI-Includes/YSI_Data/y_percent/y_percent_impl.inc	177	stock Percent:operator*(Percent:value, Percent:percent)
pawn-lang/YSI-Includes	pawn-lang--YSI-Includes/YSI_Data/y_percent/y_percent_impl.inc	198	stock operator-(value, Percent:percent)
pawn-lang/YSI-Includes	pawn-lang--YSI-Includes/YSI_Data/y_percent/y_percent_impl.inc	213	stock Percent:operator-(Percent:percent, value)
pawn-lang/YSI-Includes	pawn-lang--YSI-Includes/YSI_Data/y_percent/y_percent_impl.inc	228	stock Percent:operator-(Percent:value, Percent:percent)
pawn-lang/YSI-Includes	pawn-lang--YSI-Includes/YSI_Data/y_percent/y_percent_impl.inc	246	forward operator/(value, Percent:percent);
pawn-lang/YSI-Includes	pawn-lang--YSI-Includes/YSI_Data/y_percent/y_percent_impl.inc	262	forward operator%(value, Percent:percent);
pawn-lang/YSI-Includes	pawn-lang--YSI-Includes/YSI_Data/y_percent/y_percent_impl.inc	274	stock Percent:operator/(Percent:percent, value)
pawn-lang/YSI-Includes	pawn-lang--YSI-Includes/YSI_Data/y_percent/y_percent_impl.inc	289	stock Percent:operator%(Percent:percent, value)
pawn-lang/YSI-Includes	pawn-lang--YSI-Includes/YSI_Data/y_playerarray/y_playerarray_entry.inc	92	stock PA_Init(Bit:a[], bool:init = false, s = bits<MAX_PLAYERS>)
pawn-lang/YSI-Includes	pawn-lang--YSI-Includes/YSI_Data/y_playerarray/y_playerarray_entry.inc	121	stock PA_Set(PlayerArray:d<>, slot, bool:set)
pawn-lang/YSI-Includes	pawn-lang--YSI-Includes/YSI_Data/y_playerarray/y_playerarray_entry.inc	136	stock Iter_Func@PA(start, const PlayerArray:data<>)
pawn-lang/YSI-Includes	pawn-lang--YSI-Includes/YSI_Data/y_playerset/y_playerset_entry.inc	122	stock
pawn-lang/YSI-Includes	pawn-lang--YSI-Includes/YSI_Data/y_playerset/y_playerset_entry.inc	153	stock Iter_Func@PS(cur, __ps_addr_t:addr)
pawn-lang/YSI-Includes	pawn-lang--YSI-Includes/YSI_Data/y_playerset/y_playerset_entry.inc	363	stock __PS_C(source[MAX_PLAYERS][], idx)
pawn-lang/YSI-Includes	pawn-lang--YSI-Includes/YSI_Data/y_playerset/y_playerset_entry.inc	379	stock bool:__PS_A(@PlayerSet:addr, PlayerArray:ret<MAX_PLAYERS>)
pawn-lang/YSI-Includes	pawn-lang--YSI-Includes/YSI_Data/y_sparsearray/y_sparsearray_entry.inc	121	stock bool:Sparse_TryGet(const name[], index, &dest)
pawn-lang/YSI-Includes	pawn-lang--YSI-Includes/YSI_Data/y_sparsearray/y_sparsearray_entry.inc	142	stock Sparse_Get(const name[], index, def = cellmin)
pawn-lang/YSI-Includes	pawn-lang--YSI-Includes/YSI_Data/y_sparsearray/y_sparsearray_entry.inc	159	stock bool:Sparse_Contains(const name[], index)
pawn-lang/YSI-Includes	pawn-lang--YSI-Includes/YSI_Data/y_sparsearray/y_sparsearray_entry.inc	174	stock Sparse_UnSet(const name[], index)
pawn-lang/YSI-Includes	pawn-lang--YSI-Includes/YSI_Data/y_sparsearray/y_sparsearray_entry.inc	190	stock Sparse_Set(const name[], index, value)
pawn-lang/YSI-Includes	pawn-lang--YSI-Includes/YSI_Data/y_sparsearray/y_sparsearray_entry.inc	210	stock bool:_Sparse_ExchangeNew(const name[], index, &oldValue, newValue)
pawn-lang/YSI-Includes	pawn-lang--YSI-Includes/YSI_Data/y_sparsearray/y_sparsearray_entry.inc	239	stock bool:_Sparse_Exchange(const name[], index, &oldValue)
pawn-lang/YSI-Includes	pawn-lang--YSI-Includes/YSI_Data/y_bintree/y_bintree_entry.inc	164	stock Bintree_Generate(BinaryTree:output<>, BinaryInput:input<>, size = sizeof (input))
pawn-lang/YSI-Includes	pawn-lang--YSI-Includes/YSI_Data/y_bintree/y_bintree_entry.inc	187	stock Bintree_Reset(BinaryTree:tree<>, pointer = 0)
pawn-lang/YSI-Includes	pawn-lang--YSI-Includes/YSI_Data/y_bintree/y_bintree_entry.inc	213	stock Bintree_FindValue(const BinaryTree:tree<>, value, &cont = 0, &old = 0)
pawn-lang/YSI-Includes	pawn-lang--YSI-Includes/YSI_Data/y_bintree/y_bintree_entry.inc	246	stock Bintree_QSort(numbers[][E_BINTREE_INPUT], left, right)
pawn-lang/YSI-Includes	pawn-lang--YSI-Includes/YSI_Data/y_bintree/y_bintree_entry.inc	305	stock Bintree_SortHalf(BinaryTree:output<>, data[][E_BINTREE_INPUT], index, upper, offset, parent)
pawn-lang/YSI-Includes	pawn-lang--YSI-Includes/YSI_Data/y_bintree/y_bintree_entry.inc	370	stock Bintree_Add(BinaryTree:data<>, pointer, value, offset, maxsize = sizeof (data))
pawn-lang/YSI-Includes	pawn-lang--YSI-Includes/YSI_Data/y_bintree/y_bintree_entry.inc	415	stock Bintree_Delete(BinaryTree:source<>, index, count)
pawn-lang/YSI-Includes	pawn-lang--YSI-Includes/YSI_Data/y_bintree/y_bintree_entry.inc	522	stock Bintree_UpdatePointers(BinaryTree:data<>, offset, size, mod = -1)
pawn-lang/YSI-Includes	pawn-lang--YSI-Includes/YSI_Data/y_jaggedarray/y_jaggedarray_impl.inc	130	stock bool:_Jagged_ResizeOne(array[][], size1, size2, slot, newSize)
pawn-lang/YSI-Includes	pawn-lang--YSI-Includes/YSI_Data/y_jaggedarray/y_jaggedarray_impl.inc	270	stock bool:_Jagged_Resize(array[][], size1, size2, ...)
pawn-lang/YSI-Includes	pawn-lang--YSI-Includes/YSI_Data/y_jaggedarray/y_jaggedarray_impl.inc	298	stock bool:_Jagged_ResizeAll(array[][], size1, size2, ...)
pawn-lang/YSI-Includes	pawn-lang--YSI-Includes/YSI_Data/y_jaggedarray/y_jaggedarray_impl.inc	328	stock bool:Jagged_MoveOne(array[][], size1, size2, slot, newSize)
pawn-lang/YSI-Includes	pawn-lang--YSI-Includes/YSI_Data/y_jaggedarray/y_jaggedarray_impl.inc	379	stock bool:_Jagged_Move(array[][], size1, size2, ...)
pawn-lang/YSI-Includes	pawn-lang--YSI-Includes/YSI_Data/y_jaggedarray/y_jaggedarray_impl.inc	407	stock _Jagged_Empty(array[][], size1, size2)
pawn-lang/YSI-Includes	pawn-lang--YSI-Includes/YSI_Data/y_jaggedarray/y_jaggedarray_impl.inc	442	stock Jagged_UnsafeResizeOne(array[][], slot, newSize)
pawn-lang/YSI-Includes	pawn-lang--YSI-Includes/YSI_Data/y_jaggedarray/y_jaggedarray_impl.inc	482	stock bool:_Jagged_MoveAll(array[][], size1, size2, ...)
pawn-lang/YSI-Includes	pawn-lang--YSI-Includes/YSI_Data/y_jaggedarray/y_jaggedarray_impl.inc	511	stock _Jagged_SizeOf(array[][], size1, size2, slot)
pawn-lang/YSI-Includes	pawn-lang--YSI-Includes/YSI_Data/y_jaggedarray/y_jaggedarray_impl.inc	546	stock _Jagged_Address(array[][], slot)
pawn-lang/YSI-Includes	pawn-lang--YSI-Includes/YSI_Data/y_jaggedarray/y_jaggedarray_impl.inc	572	stock _Jagged_End(array[][], size1, size2)
pawn-lang/YSI-Includes	pawn-lang--YSI-Includes/YSI_Data/y_jaggedarray/y_jaggedarray_impl.inc	585	stock _Jagged_PrintHeader(array[][], size1, size2)
pawn-lang/YSI-Includes	pawn-lang--YSI-Includes/YSI_Data/y_circular/y_circular_impl.inc	77	stock bool:Circular_IsFull_(s1, s2, ...)
pawn-lang/YSI-Includes	pawn-lang--YSI-Includes/YSI_Data/y_circular/y_circular_impl.inc	94	stock Circular_GetCount_(s1, s2, ...)
pawn-lang/YSI-Includes	pawn-lang--YSI-Includes/YSI_Data/y_circular/y_circular_impl.inc	130	stock void:Circular_Init_(s1, s2, ...)
pawn-lang/YSI-Includes	pawn-lang--YSI-Includes/YSI_Data/y_circular/y_circular_impl.inc	142	stock Circular_Push_(s1, s2, ...)
pawn-lang/YSI-Includes	pawn-lang--YSI-Includes/YSI_Data/y_circular/y_circular_impl.inc	284	stock Circular_Rotate_(s1, s2, ...)
pawn-lang/YSI-Includes	pawn-lang--YSI-Includes/YSI_Data/y_foreach/y_foreach_iterators.inc	471	stock Iter_None_Internal(const array[], size, value)
pawn-lang/YSI-Includes	pawn-lang--YSI-Includes/YSI_Data/y_foreach/y_foreach_iterators.inc	501	stock Iter_All_Internal(const array[], size, value)
pawn-lang/YSI-Includes	pawn-lang--YSI-Includes/YSI_Data/y_foreach/y_foreach_iterators.inc	897	forward void:Iter_ActorDo(bool:add, actorid);
pawn-lang/YSI-Includes	pawn-lang--YSI-Includes/YSI_Data/y_foreach/y_foreach_iterators.inc	909	stock Iter_CreateActor(modelid, Float:X, Float:Y, Float:Z, Float:Rotation)
pawn-lang/YSI-Includes	pawn-lang--YSI-Includes/YSI_Data/y_foreach/y_foreach_iterators.inc	927	stock Iter_DestroyActor(actorid)
pawn-lang/YSI-Includes	pawn-lang--YSI-Includes/YSI_Data/y_foreach/y_foreach_iterators.inc	997	forward void:Iter_VehicleDo(bool:add, vehicleid);
pawn-lang/YSI-Includes	pawn-lang--YSI-Includes/YSI_Data/y_foreach/y_foreach_iterators.inc	1013	stock Iter_CreateVehicle(modelid, Float:x, Float:y, Float:z, Float:angle, color1, color2, respawn_delay, YSI_ADD_SIREN_TAG:addSiren = false)
pawn-lang/YSI-Includes	pawn-lang--YSI-Includes/YSI_Data/y_foreach/y_foreach_iterators.inc	1040	stock Iter_AddStaticVehicle(modelid, Float:spawn_x, Float:spawn_y, Float:spawn_z, Float:angle, color1, color2)
pawn-lang/YSI-Includes	pawn-lang--YSI-Includes/YSI_Data/y_foreach/y_foreach_iterators.inc	1061	stock Iter_AddStaticVehicleEx(modelid, Float:spawn_x, Float:spawn_y, Float:spawn_z, Float:angle, color1, color2, respawn_delay, YSI_ADD_SIREN_TAG:addSiren = false)
pawn-lang/YSI-Includes	pawn-lang--YSI-Includes/YSI_Data/y_foreach/y_foreach_iterators.inc	1088	stock Iter_DestroyVehicle(vehicleid)
pawn-lang/YSI-Includes	pawn-lang--YSI-Includes/YSI_Data/y_foreach/y_foreach_yield.inc	113	stock
pawn-lang/YSI-Includes	pawn-lang--YSI-Includes/YSI_Data/y_foreach/y_foreach_yield.inc	139	forward Yield_OnCodeInit();
pawn-lang/YSI-Includes	pawn-lang--YSI-Includes/YSI_Data/y_foreach/y_foreach_yield.inc	148	stock bool:Iter_YieldEnter()
pawn-lang/YSI-Includes	pawn-lang--YSI-Includes/YSI_Data/y_foreach/y_foreach_yield.inc	246	stock bool:Iter_YieldLoop()
pawn-lang/YSI-Includes	pawn-lang--YSI-Includes/YSI_Data/y_foreach/y_foreach_yield.inc	331	stock Iter_YieldReturn(value)
pawn-lang/YSI-Includes	pawn-lang--YSI-Includes/YSI_Data/y_foreach/y_foreach_yield.inc	440	stock Iter_NewYield()
pawn-lang/YSI-Includes	pawn-lang--YSI-Includes/YSI_Data/y_foreach/y_foreach_tests.inc	2419	stock iterfunc y_iter_Syntax6(&iterstate, cur, inc)
pawn-lang/YSI-Includes	pawn-lang--YSI-Includes/YSI_Data/y_foreach/y_foreach_tests.inc	3417	stock iterfunc        y_iterDecl2(cur) { return cur == cellmin ? 5 : cellmin; }
pawn-lang/YSI-Includes	pawn-lang--YSI-Includes/YSI_Data/y_foreach/y_foreach_impl.inc	205	stock Iter_Random_Internal(count, const array[], start, ...)
pawn-lang/YSI-Includes	pawn-lang--YSI-Includes/YSI_Data/y_foreach/y_foreach_impl.inc	245	stock Iter_RandomAdd_InternalC(&count, array[], start, ...)
pawn-lang/YSI-Includes	pawn-lang--YSI-Includes/YSI_Data/y_foreach/y_foreach_impl.inc	293	stock Iter_RandomAdd_InternalD(counts[], array[], size, slots, start, slot, ...)
pawn-lang/YSI-Includes	pawn-lang--YSI-Includes/YSI_Data/y_foreach/y_foreach_impl.inc	344	stock Iter_RandomRemove_InternalC(&count, array[], start, ...)
pawn-lang/YSI-Includes	pawn-lang--YSI-Includes/YSI_Data/y_foreach/y_foreach_impl.inc	385	stock Iter_RandomRemove_InternalD(&count, array[], size, start, ...)
pawn-lang/YSI-Includes	pawn-lang--YSI-Includes/YSI_Data/y_foreach/y_foreach_impl.inc	427	stock Iter_RandomFree_InternalC(count, const array[], start, ...)
pawn-lang/YSI-Includes	pawn-lang--YSI-Includes/YSI_Data/y_foreach/y_foreach_impl.inc	592	stock Iter_RandomFree_InternalD(const counts[], const array[], start, slots, ...)
pawn-lang/YSI-Includes	pawn-lang--YSI-Includes/YSI_Data/y_foreach/y_foreach_impl.inc	644	stock Iter_Alloc_InternalC(&count, array[], size, ...)
pawn-lang/YSI-Includes	pawn-lang--YSI-Includes/YSI_Data/y_foreach/y_foreach_impl.inc	669	stock Iter_Alloc_InternalD(&count, array[], start, size, ...)
pawn-lang/YSI-Includes	pawn-lang--YSI-Includes/YSI_Data/y_foreach/y_foreach_impl.inc	704	stock Iter_Free_Internal(const array[], size)
pawn-lang/YSI-Includes	pawn-lang--YSI-Includes/YSI_Data/y_foreach/y_foreach_impl.inc	739	stock Iter_FreeMulti_Internal(const array[], trueSize, start)
pawn-lang/YSI-Includes	pawn-lang--YSI-Includes/YSI_Data/y_foreach/y_foreach_impl.inc	763	stock Iter_Add_InternalC(&count, array[], size, value)
pawn-lang/YSI-Includes	pawn-lang--YSI-Includes/YSI_Data/y_foreach/y_foreach_impl.inc	854	stock Iter_Add_InternalD(&count, array[], start, size, value)
pawn-lang/YSI-Includes	pawn-lang--YSI-Includes/YSI_Data/y_foreach/y_foreach_impl.inc	889	stock Iter_Index_Internal(count, const array[], start, size, index, bool:wrap = false)
pawn-lang/YSI-Includes	pawn-lang--YSI-Includes/YSI_Data/y_foreach/y_foreach_impl.inc	918	stock Iter_Remove_InternalC(&count, array[], size, value)
pawn-lang/YSI-Includes	pawn-lang--YSI-Includes/YSI_Data/y_foreach/y_foreach_impl.inc	959	stock Iter_Remove_InternalD(&count, array[], start, size, value)
pawn-lang/YSI-Includes	pawn-lang--YSI-Includes/YSI_Data/y_foreach/y_foreach_impl.inc	1000	stock Iter_SafeRemove_1(&count, array[], size, value, &last)
pawn-lang/YSI-Includes	pawn-lang--YSI-Includes/YSI_Data/y_foreach/y_foreach_impl.inc	1044	stock Iter_SafeRemove_2(&count, array[], start, size, value, &last)
pawn-lang/YSI-Includes	pawn-lang--YSI-Includes/YSI_Data/y_foreach/y_foreach_impl.inc	1080	stock Iter_Contains_InternalC(const array[], size, value)
pawn-lang/YSI-Includes	pawn-lang--YSI-Includes/YSI_Data/y_foreach/y_foreach_impl.inc	1096	stock Iter_Count_InternalC(const counts[], slots = sizeof (counts))
pawn-lang/YSI-Includes	pawn-lang--YSI-Includes/YSI_Data/y_foreach/y_foreach_impl.inc	1115	stock Iter_Contains_InternalD(count, const array[], size, start, value)
pawn-lang/YSI-Includes	pawn-lang--YSI-Includes/YSI_Data/y_foreach/y_foreach_impl.inc	1149	stock Iter_GetMulti_Internal(const array[], trueSize, size, value)
pawn-lang/YSI-Includes	pawn-lang--YSI-Includes/YSI_Data/y_foreach/y_foreach_impl.inc	1172	stock Iter_Clear_InternalC(array[], size, entries, ...)
pawn-lang/YSI-Includes	pawn-lang--YSI-Includes/YSI_Data/y_foreach/y_foreach_impl.inc	1221	stock Iter_Clear_InternalD(array[], size, entries, elems, counts[], start)
pawn-lang/YSI-Includes	pawn-lang--YSI-Includes/YSI_Data/y_foreach/y_foreach_impl.inc	1252	stock
pawn-lang/YSI-Includes	pawn-lang--YSI-Includes/YSI_Data/y_foreach/y_foreach_impl.inc	1281	stock
pawn-lang/YSI-Includes	pawn-lang--YSI-Includes/YSI_Data/y_foreach/y_foreach_impl.inc	1309	stock
pawn-lang/YSI-Includes	pawn-lang--YSI-Includes/YSI_Data/y_foreach/y_foreach_impl.inc	1341	stock
pawn-lang/YSI-Includes	pawn-lang--YSI-Includes/YSI_Data/y_foreach/y_foreach_impl.inc	1429	stock
pawn-lang/YSI-Includes	pawn-lang--YSI-Includes/YSI_Data/y_foreach/y_foreach_macros.inc	1154	stock const
pawn-lang/YSI-Includes	pawn-lang--YSI-Includes/YSI_Data/y_foreach/y_foreach_macros.inc	1220	stock operator*(_no_itertag:a, b)
pawn-lang/YSI-Includes	pawn-lang--YSI-Includes/YSI_Data/y_hashmap/y_hashmap_impl.inc	138	stock _HashMap_Init(HashMap:m<>, &target, size1, size2, &t2)
pawn-lang/YSI-Includes	pawn-lang--YSI-Includes/YSI_Data/y_hashmap/y_hashmap_impl.inc	192	stock HashMap_GetUnused(HashMap:m<>)
pawn-lang/YSI-Includes	pawn-lang--YSI-Includes/YSI_Data/y_hashmap/y_hashmap_impl.inc	222	stock HashMap_AddUnused(HashMap:m<>, value)
pawn-lang/YSI-Includes	pawn-lang--YSI-Includes/YSI_Data/y_hashmap/y_hashmap_impl.inc	270	stock bool:HashMap_AddWithHash(HashMap:m<>, const str[], hash, value, bool:ignorecase = false)
pawn-lang/YSI-Includes	pawn-lang--YSI-Includes/YSI_Data/y_hashmap/y_hashmap_impl.inc	359	stock bool:HashMap_Add(HashMap:m<>, const str[], value, bool:ignorecase = false)
pawn-lang/YSI-Includes	pawn-lang--YSI-Includes/YSI_Data/y_hashmap/y_hashmap_impl.inc	374	stock HashMap_GetWithHash(HashMap:m<>, const str[], hash, bool:ignorecase = false)
pawn-lang/YSI-Includes	pawn-lang--YSI-Includes/YSI_Data/y_hashmap/y_hashmap_impl.inc	435	stock HashMap_Get(HashMap:m<>, const str[], bool:ignorecase = false)
pawn-lang/YSI-Includes	pawn-lang--YSI-Includes/YSI_Data/y_hashmap/y_hashmap_impl.inc	449	stock bool:HashMap_Has(HashMap:m<>, const str[], bool:ignorecase = false)
pawn-lang/YSI-Includes	pawn-lang--YSI-Includes/YSI_Data/y_hashmap/y_hashmap_impl.inc	464	stock bool:HashMap_HasWithHash(HashMap:m<>, const str[], hash, bool:ignorecase = false)
pawn-lang/YSI-Includes	pawn-lang--YSI-Includes/YSI_Data/y_hashmap/y_hashmap_impl.inc	479	stock bool:HashMap_RemoveKeyWithHash(HashMap:m<>, const str[], hash, bool:ignorecase = false)
pawn-lang/YSI-Includes	pawn-lang--YSI-Includes/YSI_Data/y_hashmap/y_hashmap_impl.inc	591	stock bool:HashMap_RemoveKey(HashMap:m<>, const str[], bool:ignorecase = false)
pawn-lang/YSI-Includes	pawn-lang--YSI-Includes/YSI_Data/y_hashmap/y_hashmap_impl.inc	615	stock bool:HashMap_RemoveValue(HashMap:m<>, value)
pawn-lang/YSI-Includes	pawn-lang--YSI-Includes/YSI_Data/y_hashmap/y_hashmap_impl.inc	641	stock HashMap_Set(HashMap:m<>, const str[], const value)
pawn-lang/YSI-Includes	pawn-lang--YSI-Includes/YSI_Data/y_sortedarray/y_sortedarray_entry.inc	98	stock bool:_Sorted_Contains(arr[], size, value)
pawn-lang/YSI-Includes	pawn-lang--YSI-Includes/YSI_Data/y_sortedarray/y_sortedarray_entry.inc	132	stock _Sorted_FindInsert(arr[], size, value)
pawn-lang/YSI-Includes	pawn-lang--YSI-Includes/YSI_Data/y_sortedarray/y_sortedarray_entry.inc	166	stock _Sorted_Find(arr[], size, value)
pawn-lang/YSI-Includes	pawn-lang--YSI-Includes/YSI_Data/y_sortedarray/y_sortedarray_entry.inc	201	stock bool:_Sorted_Add(arr[], &size, value, max = sizeof (arr))
pawn-lang/YSI-Includes	pawn-lang--YSI-Includes/YSI_Data/y_sortedarray/y_sortedarray_entry.inc	241	stock bool:_Sorted_Remove(arr[], &size, value)
pawn-lang/YSI-Includes	pawn-lang--YSI-Includes/YSI_Data/y_bit/y_bit_impl.inc	181	stock Bit_Set(BitArray:array<>, slot, bool:set)//, size = sizeof (array))
pawn-lang/YSI-Includes	pawn-lang--YSI-Includes/YSI_Data/y_bit/y_bit_impl.inc	210	stock Bit_SetAll(BitArray:array<>, bool:set, size = sizeof (array))
pawn-lang/YSI-Includes	pawn-lang--YSI-Includes/YSI_Data/y_bit/y_bit_impl.inc	231	stock Bit_GetCount(const BitArray:array<>, size = sizeof (array))
pawn-lang/YSI-Includes	pawn-lang--YSI-Includes/YSI_Data/y_bit/y_bit_impl.inc	242	stock Bit_Display(const BitArray:array<>, size = sizeof (array))
pawn-lang/YSI-Includes	pawn-lang--YSI-Includes/YSI_Data/y_bit/y_bit_impl.inc	264	stock Iter_Func@Bits(start, const BitArray:data<>, size = sizeof (data))
pawn-lang/YSI-Includes	pawn-lang--YSI-Includes/YSI_Data/y_bit/y_bit_impl.inc	293	stock Iter_Func@Blanks(start, const BitArray:data<>, size = sizeof (data))
pawn-lang/YSI-Includes	pawn-lang--YSI-Includes/YSI_Storage/y_bitmap/y_bitmap_shapes.inc	95	stock Bitmap_DrawRectangle(Bitmap:ctx, const minX, const minY, const maxX, const maxY, fillColour, lineColour = 0, const linePattern[] = "SOLID", const fillPattern[] = "SOLID")
pawn-lang/YSI-Includes	pawn-lang--YSI-Includes/YSI_Storage/y_bitmap/y_bitmap_shapes.inc	208	stock Bitmap_DrawCircle(Bitmap:ctx, const x, const y, const Float:radius, fillColour, lineColour = 0, const linePattern[] = "SOLID", const fillPattern[] = "SOLID")
pawn-lang/YSI-Includes	pawn-lang--YSI-Includes/YSI_Storage/y_bitmap/y_bitmap_shapes.inc	230	stock Bitmap_DrawRing(Bitmap:ctx, x, y, Float:inner, Float:outer, colour, const pattern[] = "SOLID")
pawn-lang/YSI-Includes	pawn-lang--YSI-Includes/YSI_Storage/y_bitmap/y_bitmap_read.inc	110	native Bitmap_FBlockReadAddr(File:file, addr, size) = fblockread;
pawn-lang/YSI-Includes	pawn-lang--YSI-Includes/YSI_Storage/y_bitmap/y_bitmap_read.inc	111	native Bitmap_FBlockReadRef(File:file, &ref, size) = fblockread;
pawn-lang/YSI-Includes	pawn-lang--YSI-Includes/YSI_Storage/y_bitmap/y_bitmap_read.inc	555	stock bool:Bitmap_Read(&Bitmap:ctx, const file[])
pawn-lang/YSI-Includes	pawn-lang--YSI-Includes/YSI_Storage/y_bitmap/y_bitmap_entry.inc	90	stock
pawn-lang/YSI-Includes	pawn-lang--YSI-Includes/YSI_Storage/y_bitmap/y_bitmap_subpixel.inc	74	stock Bitmap_StraightLine(Bitmap:ctx, sX, sY, eX, eY, Float:lineWidth, colour, const pattern[] = "SOLID")
pawn-lang/YSI-Includes	pawn-lang--YSI-Includes/YSI_Storage/y_bitmap/y_bitmap_patterns.inc	115	stock
pawn-lang/YSI-Includes	pawn-lang--YSI-Includes/YSI_Storage/y_bitmap/y_bitmap_patterns.inc	122	stock const
pawn-lang/YSI-Includes	pawn-lang--YSI-Includes/YSI_Storage/y_bitmap/y_bitmap_patterns.inc	136	stock _Bitmap_MakePattern(const pattern[], const posX, const posY, const offsetX, const offsetY)
pawn-lang/YSI-Includes	pawn-lang--YSI-Includes/YSI_Storage/y_bitmap/y_bitmap_patterns.inc	157	stock _Bitmap_Param(const str[], const find[])
pawn-lang/YSI-Includes	pawn-lang--YSI-Includes/YSI_Storage/y_bitmap/y_bitmap_patterns.inc	190	forward _BMP_PAT@SOLID(const posX, const posY, const offsetX, const offsetY, const flags[]);
pawn-lang/YSI-Includes	pawn-lang--YSI-Includes/YSI_Storage/y_bitmap/y_bitmap_patterns.inc	200	forward _BMP_PAT@DIAGONAL(const posX, const posY, const offsetX, const offsetY, const flags[]);
pawn-lang/YSI-Includes	pawn-lang--YSI-Includes/YSI_Storage/y_bitmap/y_bitmap_patterns.inc	269	forward _BMP_PAT@STRIPED(const posX, const posY, const offsetX, const offsetY, const flags[]);
pawn-lang/YSI-Includes	pawn-lang--YSI-Includes/YSI_Storage/y_bitmap/y_bitmap_fonts.inc	224	stock Bitmap_AddSimpleLetter(Bitmap:ctx, colour, letter, &x, &y)
pawn-lang/YSI-Includes	pawn-lang--YSI-Includes/YSI_Storage/y_bitmap/y_bitmap_fonts.inc	243	stock Bitmap_AddSimpleString(Bitmap:ctx, colour, str[], &x, &y)
pawn-lang/YSI-Includes	pawn-lang--YSI-Includes/YSI_Storage/y_bitmap/y_bitmap_write.inc	183	stock bool:Bitmap_Write(Bitmap:ctx, const file[])
pawn-lang/YSI-Includes	pawn-lang--YSI-Includes/YSI_Storage/y_bitmap/y_bitmap_blending.inc	74	stock Bitmap_WritePixel(Bitmap:ctx, const x, const y, const colour)
pawn-lang/YSI-Includes	pawn-lang--YSI-Includes/YSI_Storage/y_bitmap/y_bitmap_impl.inc	85	stock Bitmap:Bitmap_Create(xSize, ySize, bgColour = 0xFFFFFFFF)
pawn-lang/YSI-Includes	pawn-lang--YSI-Includes/YSI_Storage/y_bitmap/y_bitmap_impl.inc	106	stock Bitmap_Destroy(Bitmap:ctx)
pawn-lang/YSI-Includes	pawn-lang--YSI-Includes/YSI_Storage/y_bitmap/y_bitmap_impl.inc	111	stock Bitmap_Clear(Bitmap:ctx, bgColour = 0xFFFFFFFF)
pawn-lang/YSI-Includes	pawn-lang--YSI-Includes/YSI_Storage/y_svar/y_svar_ini.inc	118	forward _y_svar_include_@();
pawn-lang/YSI-Includes	pawn-lang--YSI-Includes/YSI_Storage/y_svar/y_svar_ini.inc	150	forward _Config_Load_y_svar(name[], value[]);
pawn-lang/YSI-Includes	pawn-lang--YSI-Includes/YSI_Storage/y_svar/y_svar_ini.inc	263	stock M@(volatile const vardata[], dataSize, &pointer, ds2 = 1)
pawn-lang/YSI-Includes	pawn-lang--YSI-Includes/YSI_Storage/y_svar/y_svar_ini.inc	379	forward SVar_OnCodeInit();
pawn-lang/YSI-Includes	pawn-lang--YSI-Includes/YSI_Storage/y_ini/y_ini_tests.inc	412	forward TestINI_Parse0_test1(key[], value[]);
pawn-lang/YSI-Includes	pawn-lang--YSI-Includes/YSI_Storage/y_ini/y_ini_tests.inc	456	forward TestINI_Parse1_test1_(key[], value[]);
pawn-lang/YSI-Includes	pawn-lang--YSI-Includes/YSI_Storage/y_ini/y_ini_tests.inc	470	forward TestINI_Parse2_test1_(key[], value[]);
pawn-lang/YSI-Includes	pawn-lang--YSI-Includes/YSI_Storage/y_ini/y_ini_tests.inc	477	forward TestINI_Parse2_test1_tag2(key[], value[]);
pawn-lang/YSI-Includes	pawn-lang--YSI-Includes/YSI_Storage/y_ini/y_ini_tests.inc	491	forward TestINI_Parse3__test1(key[], value[]);
pawn-lang/YSI-Includes	pawn-lang--YSI-Includes/YSI_Storage/y_ini/y_ini_tests.inc	498	forward TestINI_Parse3_atag_test1(key[], value[]);
pawn-lang/YSI-Includes	pawn-lang--YSI-Includes/YSI_Storage/y_ini/y_ini_tests.inc	505	forward TestINI_Parse3_tag2_test1(key[], value[]);
pawn-lang/YSI-Includes	pawn-lang--YSI-Includes/YSI_Storage/y_ini/y_ini_tests.inc	552	forward TestINI_Parse5_test1(tag[], key[], value[]);
pawn-lang/YSI-Includes	pawn-lang--YSI-Includes/YSI_Storage/y_ini/y_ini_tests.inc	872	forward INI_ReadRegression_data(string:name[], string:value[]);
pawn-lang/YSI-Includes	pawn-lang--YSI-Includes/YSI_Storage/y_ini/y_ini_tests.inc	905	forward INI_PUB_Inl_(string:name[], string:value[]);
pawn-lang/YSI-Includes	pawn-lang--YSI-Includes/YSI_Storage/y_ini/y_ini_tests.inc	1003	forward INI_Inher0_tag0(string:tag[], string:name[], string:value[]);
pawn-lang/YSI-Includes	pawn-lang--YSI-Includes/YSI_Storage/y_ini/y_ini_tests.inc	1034	forward INI_Inher1_tag1(string:tag[], string:name[], string:value[]);
pawn-lang/YSI-Includes	pawn-lang--YSI-Includes/YSI_Storage/y_ini/y_ini_tests.inc	1065	forward INI_Inher2_tag2(string:tag[], string:name[], string:value[]);
pawn-lang/YSI-Includes	pawn-lang--YSI-Includes/YSI_Storage/y_ini/y_ini_tests.inc	1141	forward INI_WriteOne(tag[], name[], value[]);
pawn-lang/YSI-Includes	pawn-lang--YSI-Includes/YSI_Storage/y_ini/y_ini_tests.inc	1375	forward INI_Parents(extra, file[], tag[], name[], value[]);
pawn-lang/YSI-Includes	pawn-lang--YSI-Includes/YSI_Storage/y_ini/y_ini_impl.inc	139	forward bool:INI_FindCallback(const cb[]);
pawn-lang/YSI-Includes	pawn-lang--YSI-Includes/YSI_Storage/y_ini/y_ini_impl.inc	157	forward @INI_%1_%2(name[], value[]); \
pawn-lang/YSI-Includes	pawn-lang--YSI-Includes/YSI_Storage/y_ini/y_ini_impl.inc	161	forward @INI_%0_%1(%2); \
pawn-lang/YSI-Includes	pawn-lang--YSI-Includes/YSI_Storage/y_ini/y_ini_impl.inc	673	stock bool:INI_ParseFile(const fname[], const remoteFormat[], bool:bFileFirst = false, bool:bExtra = false, extra = 0, bool:bLocal = true, bool:bPassTag = false, bool:bPassFile = false)
pawn-lang/YSI-Includes	pawn-lang--YSI-Includes/YSI_Storage/y_ini/y_ini_impl.inc	839	stock bool:INI_Load(const filename[], bool:bExtra = false, extra = 0, bool:bLocal = true)
pawn-lang/YSI-Includes	pawn-lang--YSI-Includes/YSI_Storage/y_ini/y_ini_impl.inc	988	stock INI:INI_Open(const filename[])
pawn-lang/YSI-Includes	pawn-lang--YSI-Includes/YSI_Storage/y_ini/y_ini_impl.inc	1019	stock INI_Close(INI:file)
pawn-lang/YSI-Includes	pawn-lang--YSI-Includes/YSI_Storage/y_ini/y_ini_impl.inc	1029	stock bool:INI_SetTag(INI:file, const tag[])
pawn-lang/YSI-Includes	pawn-lang--YSI-Includes/YSI_Storage/y_ini/y_ini_impl.inc	1055	stock bool:INI_DeleteTag(INI:file, const tag[])
pawn-lang/YSI-Includes	pawn-lang--YSI-Includes/YSI_Storage/y_ini/y_ini_impl.inc	1074	stock bool:INI_RemoveEntry(INI:file, const name[])
pawn-lang/YSI-Includes	pawn-lang--YSI-Includes/YSI_Storage/y_ini/y_ini_impl.inc	1418	stock bool:INI_WriteString(INI:file, const name[], const data[])
pawn-lang/YSI-Includes	pawn-lang--YSI-Includes/YSI_Storage/y_ini/y_ini_impl.inc	1439	stock bool:INI_WriteInt(INI:file, const name[], data)
pawn-lang/YSI-Includes	pawn-lang--YSI-Includes/YSI_Storage/y_ini/y_ini_impl.inc	1465	stock bool:INI_WriteHex(INI:file, const name[], data)
pawn-lang/YSI-Includes	pawn-lang--YSI-Includes/YSI_Storage/y_ini/y_ini_impl.inc	1484	stock bool:INI_WriteBin(INI:file, const name[], data)
pawn-lang/YSI-Includes	pawn-lang--YSI-Includes/YSI_Storage/y_ini/y_ini_impl.inc	1503	stock bool:INI_WriteBool(INI:file, const name[], bool:data)
pawn-lang/YSI-Includes	pawn-lang--YSI-Includes/YSI_Storage/y_ini/y_ini_impl.inc	1519	stock bool:INI_WriteFloat(INI:file, const name[], Float:data, accuracy = 6)
pawn-lang/YSI-Includes	pawn-lang--YSI-Includes/YSI_Storage/y_ini/y_ini_entry.inc	115	stock const
pawn-lang/YSI-Includes	pawn-lang--YSI-Includes/YSI_Storage/y_xml/y_xml_entry.inc	158	stock XML:XML_New()
pawn-lang/YSI-Includes	pawn-lang--YSI-Includes/YSI_Storage/y_xml/y_xml_entry.inc	173	stock XML_Destroy(XML:rule)
pawn-lang/YSI-Includes	pawn-lang--YSI-Includes/YSI_Storage/y_xml/y_xml_entry.inc	190	stock XML_Parse(XML:rule, const filename[])
pawn-lang/YSI-Includes	pawn-lang--YSI-Includes/YSI_Storage/y_xml/y_xml_entry.inc	376	stock XML_Push(const name[], const text[], depth)
pawn-lang/YSI-Includes	pawn-lang--YSI-Includes/YSI_Storage/y_xml/y_xml_entry.inc	403	stock XML_GetParameter(const line[], &pos)
pawn-lang/YSI-Includes	pawn-lang--YSI-Includes/YSI_Storage/y_xml/y_xml_entry.inc	476	stock XML_GetValue(const line[], &pos)
pawn-lang/YSI-Includes	pawn-lang--YSI-Includes/YSI_Storage/y_xml/y_xml_entry.inc	501	stock XML_GetName(const line[], &pos)
pawn-lang/YSI-Includes	pawn-lang--YSI-Includes/YSI_Storage/y_xml/y_xml_entry.inc	524	stock XML_ParseTag(XML:rule, const name[], tagCount)
pawn-lang/YSI-Includes	pawn-lang--YSI-Includes/YSI_Storage/y_xml/y_xml_entry.inc	574	stock XML_GetKeyValue(key[], value[])
pawn-lang/YSI-Includes	pawn-lang--YSI-Includes/YSI_Storage/y_xml/y_xml_entry.inc	612	stock XML_GetParentValue(const key[], value[])
pawn-lang/YSI-Includes	pawn-lang--YSI-Includes/YSI_Storage/y_xml/y_xml_entry.inc	649	stock XML_AddHandler(XML:rule, const trigger[], const function[])
pawn-lang/YSI-Includes	pawn-lang--YSI-Includes/YSI_Storage/y_xml/y_xml_entry.inc	666	stock XML_RemoveHandler(XML:rule, const trigger[])
pawn-lang/YSI-Includes	pawn-lang--YSI-Includes/YSI_Storage/y_xml/y_xml_entry.inc	696	stock XMLEntry:XML_AddParameter(XMLEntry:parent, const tag[], const value[] = "")
pawn-lang/YSI-Includes	pawn-lang--YSI-Includes/YSI_Storage/y_xml/y_xml_entry.inc	723	stock XMLEntry:XML_AddItem(const tag[], const name[] = "", XMLEntry:parent = XMLEntry:cellmax)
pawn-lang/YSI-Includes	pawn-lang--YSI-Includes/YSI_Storage/y_xml/y_xml_entry.inc	752	stock XML_WriteItem(const filename[], XMLEntry:item, bool:bIncludeXML = true, bool:bFavourShort = false)
pawn-lang/YSI-Includes	pawn-lang--YSI-Includes/YSI_Storage/y_xml/y_xml_entry.inc	950	stock XML_RemoveItem(const file[], const tag[], const name[])
pawn-lang/YSI-Includes	pawn-lang--YSI-Includes/YSI_Storage/y_xml/y_xml_entry.inc	966	stock XML_ReplaceItem(const file[], const tag[], const name[], replacement)
pawn-lang/YSI-Includes	pawn-lang--YSI-Includes/YSI_Storage/y_dumpamx/y_dumpamx_entry.inc	391	stock bool:DumpAMX_Write(const filename[])
pawn-lang/YSI-Includes	pawn-lang--YSI-Includes/YSI_Storage/y_dumpamx/y_dumpamx_entry.inc	434	stock DumpAMX_Included_() {}
pawn-lang/YSI-Includes	pawn-lang--YSI-Includes/YSI_Storage/y_uvar/y_uvar_entry.inc	136	forward _y_uvar_include_@();
pawn-lang/YSI-Includes	pawn-lang--YSI-Includes/YSI_Storage/y_uvar/y_uvar_entry.inc	169	forward OnUserData[y_uvar](playerid, name[], value[]);
pawn-lang/YSI-Includes	pawn-lang--YSI-Includes/YSI_Storage/y_uvar/y_uvar_entry.inc	289	stock N@(volatile const vardata[], playerCount, dataSize, &pointer)
pawn-lang/YSI-Includes	pawn-lang--YSI-Includes/YSI_Storage/y_uvar/y_uvar_entry.inc	342	forward UVar_OnCodeInit();
pawn-lang/YSI-Includes	pawn-lang--YSI-Includes/YSI_Storage/y_uvar/y_uvar_entry.inc	359	forward Uvar_OnPlayerLogout(playerid, uid);
pawn-lang/YSI-Includes	pawn-lang--YSI-Includes/YSI_Storage/y_uvar/y_uvar_entry.inc	377	forward Uvar_OnPlayerSaved(playerid, uid);
pawn-lang/YSI-Includes	pawn-lang--YSI-Includes/YSI_Storage/y_uvar/y_uvar_entry.inc	381	stock Uvar_Save(playerid)
pawn-lang/YSI-Includes	pawn-lang--YSI-Includes/YSI_Storage/y_uvar/y_uvar_entry.inc	386	stock _Uvar_DoSavePlayer(playerid)
pawn-lang/YSI-Includes	pawn-lang--YSI-Includes/YSI_Storage/y_php/y_php_entry.inc	96	native PHP_SendString(string:name[], string:value[], bool:priority = false);
pawn-lang/YSI-Includes	pawn-lang--YSI-Includes/YSI_Storage/y_php/y_php_entry.inc	97	native PHP_SendFloat(string:name[], Float:value, bool:priority = false);
pawn-lang/YSI-Includes	pawn-lang--YSI-Includes/YSI_Storage/y_php/y_php_entry.inc	98	native PHP_SendBool(string:name[], bool:value, bool:priority = false);
pawn-lang/YSI-Includes	pawn-lang--YSI-Includes/YSI_Storage/y_php/y_php_entry.inc	99	native PHP_SendInt(string:name[], value, bool:priority = false);
pawn-lang/YSI-Includes	pawn-lang--YSI-Includes/YSI_Storage/y_php/y_php_entry.inc	110	forward _PHP_Result(index, response, data[]);
pawn-lang/YSI-Includes	pawn-lang--YSI-Includes/YSI_Storage/y_php/y_php_entry.inc	111	forward _PHP_Ignore(index, response, data[]);
pawn-lang/YSI-Includes	pawn-lang--YSI-Includes/YSI_Storage/y_php/y_php_entry.inc	113	stock PHP_SendString(string:name[], string:value[], bool:priority = false)
pawn-lang/YSI-Includes	pawn-lang--YSI-Includes/YSI_Storage/y_php/y_php_entry.inc	125	stock PHP_SendFloat(string:name[], Float:value, bool:priority = false)
pawn-lang/YSI-Includes	pawn-lang--YSI-Includes/YSI_Storage/y_php/y_php_entry.inc	133	stock PHP_SendBool(string:name[], bool:value, bool:priority = false)
pawn-lang/YSI-Includes	pawn-lang--YSI-Includes/YSI_Storage/y_php/y_php_entry.inc	145	stock PHP_SendInt(string:name[], value, bool:priority = false)
pawn-lang/YSI-Includes	pawn-lang--YSI-Includes/YSI_Extra/y_bcrypt/y_bcrypt_entry.inc	82	forward _YSI_BCryptCheckDone(extra, ptr);
pawn-lang/YSI-Includes	pawn-lang--YSI-Includes/YSI_Extra/y_bcrypt/y_bcrypt_entry.inc	83	forward _YSI_BCryptHashDone(hashid, arg2, arg3);
pawn-lang/YSI-Includes	pawn-lang--YSI-Includes/YSI_Extra/y_bcrypt/y_bcrypt_entry.inc	176	stock bool:BCrypt_GetHash(hash[], size = sizeof (hash))
pawn-lang/YSI-Includes	pawn-lang--YSI-Includes/YSI_Extra/y_bcrypt/y_bcrypt_entry.inc	194	stock bool:BCrypt_Check(extra, const callback[], const password[], const hash[])
pawn-lang/YSI-Includes	pawn-lang--YSI-Includes/YSI_Extra/y_bcrypt/y_bcrypt_entry.inc	211	stock BCrypt_Hash(extra, const callback[], const password[], cost = 12)
pawn-lang/YSI-Includes	pawn-lang--YSI-Includes/YSI_Extra/y_bcrypt/y_bcrypt_natives.inc	94	stock
pawn-lang/YSI-Includes	pawn-lang--YSI-Includes/YSI_Extra/y_bcrypt/y_bcrypt_natives.inc	138	stock BCrypt_SetPlugin(E_BCRYPT_PLUGIN_VERSION:plugin)
pawn-lang/YSI-Includes	pawn-lang--YSI-Includes/YSI_Extra/y_bcrypt/y_bcrypt_natives.inc	143	stock E_BCRYPT_PLUGIN_VERSION:BCrypt_GetPlugin()
pawn-lang/YSI-Includes	pawn-lang--YSI-Includes/YSI_Extra/y_inline_bcrypt/y_inline_bcrypt_entry.inc	87	forward _Inline_BCryptCheckDone(Func:cb<i>, success);
pawn-lang/YSI-Includes	pawn-lang--YSI-Includes/YSI_Extra/y_inline_bcrypt/y_inline_bcrypt_entry.inc	88	forward _Inline_BCryptHashDone(Func:cb<si>, arg2);
pawn-lang/YSI-Includes	pawn-lang--YSI-Includes/YSI_Extra/y_inline_bcrypt/y_inline_bcrypt_entry.inc	130	stock bool:BCrypt_CheckInline(const password[], const hash[], Func:cb<i>)
pawn-lang/YSI-Includes	pawn-lang--YSI-Includes/YSI_Extra/y_inline_bcrypt/y_inline_bcrypt_entry.inc	143	stock BCrypt_HashInline(const password[], cost = 12, {F@_@s, F@_@si}:cb, tag = tagof (cb))
pawn-lang/YSI-Includes	pawn-lang--YSI-Includes/YSI_Extra/y_extra/y_extra_users.inc	100	stock Extra_DoLogin(playerid, string:pw[])
pawn-lang/YSI-Includes	pawn-lang--YSI-Includes/YSI_Extra/y_extra/y_extra_users.inc	161	stock Extra_DoRegister(playerid, string:pw[])
pawn-lang/YSI-Includes	pawn-lang--YSI-Includes/YSI_Extra/y_files/y_files_entry.inc	86	native ffind(const pattern[], filename[], len, &idx);
pawn-lang/YSI-Includes	pawn-lang--YSI-Includes/YSI_Extra/y_files/y_files_entry.inc	87	native frename(const oldname[], const newname[]);
pawn-lang/YSI-Includes	pawn-lang--YSI-Includes/YSI_Extra/y_files/y_files_entry.inc	90	native dfind(const pattern[], filename[], len, &idx);
pawn-lang/YSI-Includes	pawn-lang--YSI-Includes/YSI_Extra/y_files/y_files_entry.inc	91	native dcreate(const name[]);
pawn-lang/YSI-Includes	pawn-lang--YSI-Includes/YSI_Extra/y_files/y_files_entry.inc	92	native drename(const oldname[], const newname[]);
pawn-lang/YSI-Includes	pawn-lang--YSI-Includes/amx/windows/import_table.inc	63	stock GetImportPointer(const name[]) {
pawn-lang/YSI-Includes	pawn-lang--YSI-Includes/amx/windows/import_table.inc	110	stock GetImportAddress(const name[]) {
pawn-lang/YSI-Includes	pawn-lang--YSI-Includes/amx/windows/ShellExecute.inc	79	stock ShellExecute(const Operation[], const File[], const Parameters[], ShowCmd) {
pawn-lang/YSI-Includes	pawn-lang--YSI-Includes/YSI_Server/y_flooding/y_flooding_entry.inc	100	forward OnFloodLimitExceeded(ip[16], count);
pawn-lang/YSI-Includes	pawn-lang--YSI-Includes/YSI_Server/y_flooding/y_flooding_entry.inc	122	stock SetMaxConnections(max = -1, e_FLOOD_ACTION:action = e_FLOOD_ACTION_BLOCK)
pawn-lang/YSI-Includes	pawn-lang--YSI-Includes/YSI_Server/y_flooding/y_flooding_entry.inc	135	stock Flooding_GetMaxConnections()
pawn-lang/YSI-Includes	pawn-lang--YSI-Includes/YSI_Server/y_flooding/y_flooding_entry.inc	146	stock e_FLOOD_ACTION:Flooding_GetConnectionAction()
pawn-lang/YSI-Includes	pawn-lang--YSI-Includes/YSI_Server/y_colours/y_colours_entry.inc	133	forward void:_SetColoursCanHaveSpaces(bool:set);
pawn-lang/YSI-Includes	pawn-lang--YSI-Includes/YSI_Server/y_colours/y_colours_entry.inc	141	stock SetColoursCanHaveSpaces(bool:set)
pawn-lang/YSI-Includes	pawn-lang--YSI-Includes/YSI_Server/y_colours/y_colours_entry.inc	149	stock SetColour(const name[], color)
pawn-lang/YSI-Includes	pawn-lang--YSI-Includes/YSI_Server/y_colours/y_colours_entry.inc	172	stock SetColourHash(hash, color)
pawn-lang/YSI-Includes	pawn-lang--YSI-Includes/YSI_Server/y_colours/y_colours_entry.inc	178	forward void:_SetColourHash(hash, color);
pawn-lang/YSI-Includes	pawn-lang--YSI-Includes/YSI_Server/y_colours/y_colours_entry.inc	223	stock GetColour(const name[], alpha = 0xAA)
pawn-lang/YSI-Includes	pawn-lang--YSI-Includes/YSI_Server/y_colours/y_colours_entry.inc	247	stock GetColourStream(const str[], &idx, alpha = 0xAA)
pawn-lang/YSI-Includes	pawn-lang--YSI-Includes/YSI_Server/y_colours/y_colours_entry.inc	301	stock GetColourHash(hash, alpha = 0xAA)
pawn-lang/YSI-Includes	pawn-lang--YSI-Includes/YSI_Server/y_colours/y_colours_entry.inc	351	stock Colours_SAMPToGT(colour, start)
pawn-lang/YSI-Includes	pawn-lang--YSI-Includes/YSI_Server/y_colours/y_colours_entry.inc	413	stock Colours_EncodeGameText(str[])
pawn-lang/YSI-Includes	pawn-lang--YSI-Includes/YSI_Server/y_serverdata/y_serverdata_entry.inc	156	forward R__(const data[], length);
pawn-lang/YSI-Includes	pawn-lang--YSI-Includes/YSI_Server/y_serverdata/y_serverdata_entry.inc	160	forward OnClientCheckResponse(playerid, actionid, memaddr, retndata);
pawn-lang/YSI-Includes	pawn-lang--YSI-Includes/YSI_Server/y_serverdata/y_serverdata_entry.inc	410	stock bool:Server_HasNative(const string:name[])
pawn-lang/YSI-Includes	pawn-lang--YSI-Includes/YSI_Server/y_serverdata/y_serverdata_entry.inc	425	stock bool:Server_CallNative(const name[], &ret, const specifier[], GLOBAL_TAG_TYPES:...)
pawn-lang/YSI-Includes	pawn-lang--YSI-Includes/YSI_Server/y_serverdata/y_serverdata_entry.inc	458	forward Server_WriteData(const data[], length = sizeof (data));
pawn-lang/YSI-Includes	pawn-lang--YSI-Includes/YSI_Server/y_serverdata/y_serverdata_entry.inc	469	forward Server_ReadData(address, data[], length = sizeof (data));
pawn-lang/YSI-Includes	pawn-lang--YSI-Includes/YSI_Server/y_serverdata/y_serverdata_entry.inc	589	stock Server_UnloadRconFix() <_ALS : _ALS_go>
pawn-lang/YSI-Includes	pawn-lang--YSI-Includes/YSI_Server/y_colourspace/y_colourspace_entry.inc	285	stock YUC_RGBToHSI(r, g, b, &Float:h, &Float:s, &Float:i)
pawn-lang/YSI-Includes	pawn-lang--YSI-Includes/YSI_Server/y_colourspace/y_colourspace_entry.inc	362	stock YUC_RGBToHSV(r, g, b, &Float:h, &Float:s, &Float:v)
pawn-lang/YSI-Includes	pawn-lang--YSI-Includes/YSI_Server/y_colourspace/y_colourspace_entry.inc	434	stock YUC_RGBToHSL(r, g, b, &Float:h, &Float:s, &Float:l)
pawn-lang/YSI-Includes	pawn-lang--YSI-Includes/YSI_Server/y_colourspace/y_colourspace_entry.inc	506	stock YUC_HSIToRGB(Float:h, Float:s, Float:i, &r, &g, &b)
pawn-lang/YSI-Includes	pawn-lang--YSI-Includes/YSI_Server/y_colourspace/y_colourspace_entry.inc	545	stock RGB:operator=(_:value)
pawn-lang/YSI-Includes	pawn-lang--YSI-Includes/YSI_Server/y_colourspace/y_colourspace_entry.inc	550	stock RGBA:operator=(_:value)
pawn-lang/YSI-Includes	pawn-lang--YSI-Includes/YSI_Server/y_colourspace/y_colourspace_entry.inc	555	stock ARGB:operator=(_:value)
pawn-lang/YSI-Includes	pawn-lang--YSI-Includes/YSI_Server/y_colourspace/y_colourspace_entry.inc	560	stock HSI:operator=(_:value)
pawn-lang/YSI-Includes	pawn-lang--YSI-Includes/YSI_Server/y_colourspace/y_colourspace_entry.inc	570	stock HSIA:operator=(_:value)
pawn-lang/YSI-Includes	pawn-lang--YSI-Includes/YSI_Server/y_colourspace/y_colourspace_entry.inc	580	stock AHSI:operator=(_:value)
pawn-lang/YSI-Includes	pawn-lang--YSI-Includes/YSI_Server/y_colourspace/y_colourspace_entry.inc	590	stock HSV:operator=(_:value)
pawn-lang/YSI-Includes	pawn-lang--YSI-Includes/YSI_Server/y_colourspace/y_colourspace_entry.inc	600	stock HSVA:operator=(_:value)
pawn-lang/YSI-Includes	pawn-lang--YSI-Includes/YSI_Server/y_colourspace/y_colourspace_entry.inc	610	stock AHSV:operator=(_:value)
pawn-lang/YSI-Includes	pawn-lang--YSI-Includes/YSI_Server/y_colourspace/y_colourspace_entry.inc	620	stock HSL:operator=(_:value)
pawn-lang/YSI-Includes	pawn-lang--YSI-Includes/YSI_Server/y_colourspace/y_colourspace_entry.inc	630	stock HSLA:operator=(_:value)
pawn-lang/YSI-Includes	pawn-lang--YSI-Includes/YSI_Server/y_colourspace/y_colourspace_entry.inc	640	stock AHSL:operator=(_:value)
pawn-lang/YSI-Includes	pawn-lang--YSI-Includes/YSI_Server/y_colourspace/y_colourspace_entry.inc	670	stock RGB:operator=(RGBA:value)
pawn-lang/YSI-Includes	pawn-lang--YSI-Includes/YSI_Server/y_colourspace/y_colourspace_entry.inc	675	stock RGB:operator=(ARGB:value)
pawn-lang/YSI-Includes	pawn-lang--YSI-Includes/YSI_Server/y_colourspace/y_colourspace_entry.inc	680	stock RGB:operator=(HSI:value)
pawn-lang/YSI-Includes	pawn-lang--YSI-Includes/YSI_Server/y_colourspace/y_colourspace_entry.inc	685	stock RGB:operator=(HSIA:value)
pawn-lang/YSI-Includes	pawn-lang--YSI-Includes/YSI_Server/y_colourspace/y_colourspace_entry.inc	690	stock RGB:operator=(AHSI:value)
pawn-lang/YSI-Includes	pawn-lang--YSI-Includes/YSI_Server/y_colourspace/y_colourspace_entry.inc	713	stock RGB:operator=(ARGB:value)
pawn-lang/YSI-Includes	pawn-lang--YSI-Includes/YSI_Server/y_colourspace/y_colourspace_entry.inc	727	stock HSI:operator=(RGB:value)
pawn-lang/YSI-Includes	pawn-lang--YSI-Includes/YSI_Server/y_colourspace/y_colourspace_entry.inc	737	stock HSIA:operator=(RGB:value)
pawn-lang/YSI-Includes	pawn-lang--YSI-Includes/YSI_Server/y_colourspace/y_colourspace_entry.inc	747	stock AHSI:operator=(RGB:value)
pawn-lang/YSI-Includes	pawn-lang--YSI-Includes/YSI_Server/y_colourspace/y_colourspace_entry.inc	757	stock HSI:operator=(RGBA:value)
pawn-lang/YSI-Includes	pawn-lang--YSI-Includes/YSI_Server/y_colourspace/y_colourspace_entry.inc	767	stock HSIA:operator=(RGBA:value)
pawn-lang/YSI-Includes	pawn-lang--YSI-Includes/YSI_Server/y_colourspace/y_colourspace_entry.inc	777	stock AHSI:operator=(RGBA:value)
pawn-lang/YSI-Includes	pawn-lang--YSI-Includes/YSI_Server/y_colourspace/y_colourspace_entry.inc	787	stock HSI:operator=(ARGB:value)
pawn-lang/YSI-Includes	pawn-lang--YSI-Includes/YSI_Server/y_colourspace/y_colourspace_entry.inc	797	stock HSIA:operator=(ARGB:value)
pawn-lang/YSI-Includes	pawn-lang--YSI-Includes/YSI_Server/y_colourspace/y_colourspace_entry.inc	807	stock AHSI:operator=(ARGB:value)
pawn-lang/YSI-Includes	pawn-lang--YSI-Includes/YSI_Server/y_colourspace/y_colourspace_entry.inc	817	stock HSV:operator=(RGB:value)
pawn-lang/YSI-Includes	pawn-lang--YSI-Includes/YSI_Server/y_colourspace/y_colourspace_entry.inc	827	stock HSVA:operator=(RGB:value)
pawn-lang/YSI-Includes	pawn-lang--YSI-Includes/YSI_Server/y_colourspace/y_colourspace_entry.inc	837	stock AHSV:operator=(RGB:value)
pawn-lang/YSI-Includes	pawn-lang--YSI-Includes/YSI_Server/y_colourspace/y_colourspace_entry.inc	847	stock HSV:operator=(RGBA:value)
pawn-lang/YSI-Includes	pawn-lang--YSI-Includes/YSI_Server/y_colourspace/y_colourspace_entry.inc	857	stock HSVA:operator=(RGBA:value)
pawn-lang/YSI-Includes	pawn-lang--YSI-Includes/YSI_Server/y_colourspace/y_colourspace_entry.inc	867	stock AHSV:operator=(RGBA:value)
pawn-lang/YSI-Includes	pawn-lang--YSI-Includes/YSI_Server/y_colourspace/y_colourspace_entry.inc	877	stock HSV:operator=(ARGB:value)
pawn-lang/YSI-Includes	pawn-lang--YSI-Includes/YSI_Server/y_colourspace/y_colourspace_entry.inc	887	stock HSVA:operator=(ARGB:value)
pawn-lang/YSI-Includes	pawn-lang--YSI-Includes/YSI_Server/y_colourspace/y_colourspace_entry.inc	897	stock AHSV:operator=(ARGB:value)
pawn-lang/YSI-Includes	pawn-lang--YSI-Includes/YSI_Server/y_colourspace/y_colourspace_entry.inc	907	stock HSL:operator=(RGB:value)
pawn-lang/YSI-Includes	pawn-lang--YSI-Includes/YSI_Server/y_colourspace/y_colourspace_entry.inc	917	stock HSLA:operator=(RGB:value)
pawn-lang/YSI-Includes	pawn-lang--YSI-Includes/YSI_Server/y_colourspace/y_colourspace_entry.inc	927	stock AHSL:operator=(RGB:value)
pawn-lang/YSI-Includes	pawn-lang--YSI-Includes/YSI_Server/y_colourspace/y_colourspace_entry.inc	937	stock HSL:operator=(RGBA:value)
pawn-lang/YSI-Includes	pawn-lang--YSI-Includes/YSI_Server/y_colourspace/y_colourspace_entry.inc	947	stock HSLA:operator=(RGBA:value)
pawn-lang/YSI-Includes	pawn-lang--YSI-Includes/YSI_Server/y_colourspace/y_colourspace_entry.inc	957	stock AHSL:operator=(RGBA:value)
pawn-lang/YSI-Includes	pawn-lang--YSI-Includes/YSI_Server/y_colourspace/y_colourspace_entry.inc	967	stock HSL:operator=(ARGB:value)
pawn-lang/YSI-Includes	pawn-lang--YSI-Includes/YSI_Server/y_colourspace/y_colourspace_entry.inc	977	stock HSLA:operator=(ARGB:value)
pawn-lang/YSI-Includes	pawn-lang--YSI-Includes/YSI_Server/y_colourspace/y_colourspace_entry.inc	987	stock AHSL:operator=(ARGB:value)
pawn-lang/YSI-Includes	pawn-lang--YSI-Includes/YSI_Server/y_colourspace/y_colourspace_entry.inc	997	stock RGB:operator=(RGB:value)
pawn-lang/YSI-Includes	pawn-lang--YSI-Includes/YSI_Server/y_colourspace/y_colourspace_entry.inc	1012	stock RGBA:operator=(RGB:value)
pawn-lang/YSI-Includes	pawn-lang--YSI-Includes/YSI_Server/y_colourspace/y_colourspace_entry.inc	1022	stock ARGB:operator=(RGB:value)
pawn-lang/YSI-Includes	pawn-lang--YSI-Includes/YSI_Server/y_colourspace/y_colourspace_entry.inc	1032	stock RGB:operator=(RGBA:value)
pawn-lang/YSI-Includes	pawn-lang--YSI-Includes/YSI_Server/y_colourspace/y_colourspace_entry.inc	1042	stock RGBA:operator=(RGBA:value)
pawn-lang/YSI-Includes	pawn-lang--YSI-Includes/YSI_Server/y_colourspace/y_colourspace_entry.inc	1052	stock ARGB:operator=(RGBA:value)
pawn-lang/YSI-Includes	pawn-lang--YSI-Includes/YSI_Server/y_colourspace/y_colourspace_entry.inc	1062	stock RGB:operator=(ARGB:value)
pawn-lang/YSI-Includes	pawn-lang--YSI-Includes/YSI_Server/y_colourspace/y_colourspace_entry.inc	1072	stock RGBA:operator=(ARGB:value)
pawn-lang/YSI-Includes	pawn-lang--YSI-Includes/YSI_Server/y_colourspace/y_colourspace_entry.inc	1082	stock ARGB:operator=(ARGB:value)
pawn-lang/YSI-Includes	pawn-lang--YSI-Includes/YSI_Server/y_td/y_td_entry.inc	157	forward TD_LoadColour();
pawn-lang/YSI-Includes	pawn-lang--YSI-Includes/YSI_Server/y_td/y_td_entry.inc	158	forward TD_Textdraw();
pawn-lang/YSI-Includes	pawn-lang--YSI-Includes/YSI_Server/y_td/y_td_entry.inc	159	forward TD_HideForPlayerPub(playerid, Text:textDraw, revision);
pawn-lang/YSI-Includes	pawn-lang--YSI-Includes/YSI_Server/y_td/y_td_entry.inc	233	stock TD_Parse(const filename[])
pawn-lang/YSI-Includes	pawn-lang--YSI-Includes/YSI_Server/y_td/y_td_entry.inc	310	stock Style:TD_Create(Float:x = 0.0, Float:y = 0.0, Float:letterX = 0.48, Float:letterY = 1.12, Float:textX = 1280.0, Float:textY = 1280.0, colour = 0xE1E1E1FF, boxColour = 0x80808080, bgColour = 0x000000FF, shadow = 2, outline = 0, align = _:td_align_none, font = 1, bool:proportional = false, bool:box = false, time = 0, const name[] = "\1")
pawn-lang/YSI-Includes	pawn-lang--YSI-Includes/YSI_Server/y_td/y_td_entry.inc	489	stock Style:TD_GetNamed(const name[])
pawn-lang/YSI-Includes	pawn-lang--YSI-Includes/YSI_Server/y_td/y_td_entry.inc	507	stock Style:TD_GetID(hash)
pawn-lang/YSI-Includes	pawn-lang--YSI-Includes/YSI_Server/y_td/y_td_entry.inc	527	stock Style:TD_Clone(Style:styleID, const name[] = "\1")
pawn-lang/YSI-Includes	pawn-lang--YSI-Includes/YSI_Server/y_td/y_td_entry.inc	571	stock TD_GetStyleData(Style:styleID, data[E_TD_DATA])
pawn-lang/YSI-Includes	pawn-lang--YSI-Includes/YSI_Server/y_td/y_td_entry.inc	586	stock TD_Name(Style:styleID, const name[])
pawn-lang/YSI-Includes	pawn-lang--YSI-Includes/YSI_Server/y_td/y_td_entry.inc	609	stock TD_TextPosition(Text:textID, Float:x, Float:y)
pawn-lang/YSI-Includes	pawn-lang--YSI-Includes/YSI_Server/y_td/y_td_entry.inc	634	stock TD_TextXPos(Text:textID, Float:x)
pawn-lang/YSI-Includes	pawn-lang--YSI-Includes/YSI_Server/y_td/y_td_entry.inc	658	stock TD_TextYPos(Text:textID, Float:y)
pawn-lang/YSI-Includes	pawn-lang--YSI-Includes/YSI_Server/y_td/y_td_entry.inc	684	stock TD_StylePosition(Style:styleID, Float:x, Float:y)
pawn-lang/YSI-Includes	pawn-lang--YSI-Includes/YSI_Server/y_td/y_td_entry.inc	706	stock TD_StyleXPos(Style:styleID, Float:x)
pawn-lang/YSI-Includes	pawn-lang--YSI-Includes/YSI_Server/y_td/y_td_entry.inc	727	stock TD_StyleYPos(Style:styleID, Float:y)
pawn-lang/YSI-Includes	pawn-lang--YSI-Includes/YSI_Server/y_td/y_td_entry.inc	746	stock TD_LetterSize(Style:styleID, Float:x, Float:y)
pawn-lang/YSI-Includes	pawn-lang--YSI-Includes/YSI_Server/y_td/y_td_entry.inc	765	stock TD_LetterX(Style:styleID, Float:x)
pawn-lang/YSI-Includes	pawn-lang--YSI-Includes/YSI_Server/y_td/y_td_entry.inc	783	stock TD_LetterY(Style:styleID, Float:y)
pawn-lang/YSI-Includes	pawn-lang--YSI-Includes/YSI_Server/y_td/y_td_entry.inc	802	stock TD_TextSize(Style:styleID, Float:x, Float:y)
pawn-lang/YSI-Includes	pawn-lang--YSI-Includes/YSI_Server/y_td/y_td_entry.inc	821	stock TD_TextX(Style:styleID, Float:x)
pawn-lang/YSI-Includes	pawn-lang--YSI-Includes/YSI_Server/y_td/y_td_entry.inc	839	stock TD_TextY(Style:styleID, Float:y)
pawn-lang/YSI-Includes	pawn-lang--YSI-Includes/YSI_Server/y_td/y_td_entry.inc	860	stock TD_Alignment(Style:styleID, alignment = _:td_align_none)
pawn-lang/YSI-Includes	pawn-lang--YSI-Includes/YSI_Server/y_td/y_td_entry.inc	878	stock TD_Colour(Style:styleID, colour)
pawn-lang/YSI-Includes	pawn-lang--YSI-Includes/YSI_Server/y_td/y_td_entry.inc	898	stock TD_UseBox(Style:styleID, bool:use)
pawn-lang/YSI-Includes	pawn-lang--YSI-Includes/YSI_Server/y_td/y_td_entry.inc	917	stock TD_BoxColour(Style:styleID, colour)
pawn-lang/YSI-Includes	pawn-lang--YSI-Includes/YSI_Server/y_td/y_td_entry.inc	937	stock TD_SetShadow(Style:styleID, size)
pawn-lang/YSI-Includes	pawn-lang--YSI-Includes/YSI_Server/y_td/y_td_entry.inc	955	stock TD_SetOutline(Style:styleID, size)
pawn-lang/YSI-Includes	pawn-lang--YSI-Includes/YSI_Server/y_td/y_td_entry.inc	973	stock TD_BackgroundColour(Style:styleID, colour)
pawn-lang/YSI-Includes	pawn-lang--YSI-Includes/YSI_Server/y_td/y_td_entry.inc	993	stock TD_Font(Style:styleID, font)
pawn-lang/YSI-Includes	pawn-lang--YSI-Includes/YSI_Server/y_td/y_td_entry.inc	1011	stock TD_SetProportional(Style:styleID, bool:set)
pawn-lang/YSI-Includes	pawn-lang--YSI-Includes/YSI_Server/y_td/y_td_entry.inc	1033	stock TD_SetTime(Style:styleID, time, bool:existing = false)
pawn-lang/YSI-Includes	pawn-lang--YSI-Includes/YSI_Server/y_td/y_td_entry.inc	1085	native Text:TD_TextDrawCreate(Float:x, Float:y, const text[]) = TextDrawCreate;
pawn-lang/YSI-Includes	pawn-lang--YSI-Includes/YSI_Server/y_td/y_td_entry.inc	1141	stock TD_Update(Style:id, bool:pos = false)
pawn-lang/YSI-Includes	pawn-lang--YSI-Includes/YSI_Server/y_td/y_td_entry.inc	1169	forward TD_UpdateInternal(Style:id);
pawn-lang/YSI-Includes	pawn-lang--YSI-Includes/YSI_Server/y_td/y_td_entry.inc	1193	stock TD_UpdateOne(Text:slot, Style:id)
pawn-lang/YSI-Includes	pawn-lang--YSI-Includes/YSI_Server/y_td/y_td_entry.inc	1226	stock TD_Delete(Style:styleId)
pawn-lang/YSI-Includes	pawn-lang--YSI-Includes/YSI_Server/y_td/y_td_entry.inc	1310	stock TD_Destroy(Text:textDraw)
pawn-lang/YSI-Includes	pawn-lang--YSI-Includes/YSI_Server/y_td/y_td_entry.inc	1385	stock TD_Unlink(Text:td)
pawn-lang/YSI-Includes	pawn-lang--YSI-Includes/YSI_Server/y_td/y_td_entry.inc	1415	stock TD_Link(Text:base, Text:other)
pawn-lang/YSI-Includes	pawn-lang--YSI-Includes/YSI_Server/y_td/y_td_entry.inc	1438	stock Text:TD_Display(const text[], Style:id, Float:x = (Float:TEXT_DRAW_NAN), Float:y = (Float:TEXT_DRAW_NAN))
pawn-lang/YSI-Includes	pawn-lang--YSI-Includes/YSI_Server/y_td/y_td_entry.inc	1492	stock Text:TD_DisplayForPlayer(playerid, const text[], Style:id, Float:x = (Float:TEXT_DRAW_NAN), Float:y = (Float:TEXT_DRAW_NAN))
pawn-lang/YSI-Includes	pawn-lang--YSI-Includes/YSI_Server/y_td/y_td_entry.inc	1501	stock Text:TD_DisplayForAll(const text[], Style:id, Float:x = (Float:TEXT_DRAW_NAN), Float:y = (Float:TEXT_DRAW_NAN))
pawn-lang/YSI-Includes	pawn-lang--YSI-Includes/YSI_Server/y_td/y_td_entry.inc	1510	stock Style:TD_GetDisplayStyle(Text:td)
pawn-lang/YSI-Includes	pawn-lang--YSI-Includes/YSI_Server/y_td/y_td_entry.inc	1530	native TD_TextDrawSetString(Text:text, const string[]) = TextDrawSetString;
pawn-lang/YSI-Includes	pawn-lang--YSI-Includes/YSI_Server/y_td/y_td_entry.inc	1533	stock TD_SetString(Text:td, const text[])
pawn-lang/YSI-Includes	pawn-lang--YSI-Includes/YSI_Server/y_td/y_td_entry.inc	1559	stock Text:TD_DisplayHashed(const text[], hash, Float:x = (Float:TEXT_DRAW_NAN), Float:y = (Float:TEXT_DRAW_NAN))
pawn-lang/YSI-Includes	pawn-lang--YSI-Includes/YSI_Server/y_td/y_td_entry.inc	1570	stock Text:TD_DisplayHashedForPlayer(playerid, const text[], hash, Float:x = (Float:TEXT_DRAW_NAN), Float:y = (Float:TEXT_DRAW_NAN))
pawn-lang/YSI-Includes	pawn-lang--YSI-Includes/YSI_Server/y_td/y_td_entry.inc	1581	stock Text:TD_DisplayHashedForAll(const text[], hash, Float:x = (Float:TEXT_DRAW_NAN), Float:y = (Float:TEXT_DRAW_NAN))
pawn-lang/YSI-Includes	pawn-lang--YSI-Includes/YSI_Server/y_td/y_td_entry.inc	1598	stock Text:TD_DisplayNamed(const text[], const style[], Float:x = (Float:TEXT_DRAW_NAN), Float:y = (Float:TEXT_DRAW_NAN))
pawn-lang/YSI-Includes	pawn-lang--YSI-Includes/YSI_Server/y_td/y_td_entry.inc	1603	stock Text:TD_DisplayNamedForPlayer(playerid, const text[], const style[], Float:x = (Float:TEXT_DRAW_NAN), Float:y = (Float:TEXT_DRAW_NAN))
pawn-lang/YSI-Includes	pawn-lang--YSI-Includes/YSI_Server/y_td/y_td_entry.inc	1608	stock Text:TD_DisplayNamedForAll(const text[], const style[], Float:x = (Float:TEXT_DRAW_NAN), Float:y = (Float:TEXT_DRAW_NAN))
pawn-lang/YSI-Includes	pawn-lang--YSI-Includes/YSI_Server/y_td/y_td_entry.inc	1622	stock TD_ShowForPlayer(playerid, Text:textDraw)
pawn-lang/YSI-Includes	pawn-lang--YSI-Includes/YSI_Server/y_td/y_td_entry.inc	1693	stock TD_HideForPlayer(playerid, Text:textDraw)
pawn-lang/YSI-Includes	pawn-lang--YSI-Includes/YSI_Server/y_td/y_td_entry.inc	1735	stock TD_ShowForAll(Text:textDraw)
pawn-lang/YSI-Includes	pawn-lang--YSI-Includes/YSI_Server/y_td/y_td_entry.inc	1799	stock TD_HideForAll(Text:textDraw)
pawn-lang/YSI-Includes	pawn-lang--YSI-Includes/YSI_Server/y_td/y_td_entry.inc	1888	stock TD_Garbage(Text:textDraw)
pawn-lang/YSI-Includes	pawn-lang--YSI-Includes/YSI_Server/y_td/y_td_entry.inc	1927	forward TD_MorphTDInternal(Text:td, Style:from, Style:to, speed, pos, revision);
pawn-lang/YSI-Includes	pawn-lang--YSI-Includes/YSI_Server/y_td/y_td_entry.inc	1929	stock TD_Morph(Text:textDraw, Style:style, time, delay = 0)
pawn-lang/YSI-Includes	pawn-lang--YSI-Includes/YSI_Server/y_natives/y_natives_entry.inc	103	stock _yN@(const string:name[], &s, const string:requires[] = "", f = 0, print = -1)
pawn-lang/YSI-Includes	pawn-lang--YSI-Includes/YSI_Server/y_ascii/y_ascii_entry.inc	165	stock ASCII_PrintSection(const text[], ASCII_BORDER_STYLE:border, ASCII_ALIGNMENT_STYLE:alignment, padding = 1)
pawn-lang/YSI-Includes	pawn-lang--YSI-Includes/YSI_Server/y_ascii/y_ascii_entry.inc	190	stock ASCII_StartDisplay(ASCII_BORDER_STYLE:border)
pawn-lang/YSI-Includes	pawn-lang--YSI-Includes/YSI_Server/y_ascii/y_ascii_entry.inc	234	stock ASCII_StartSection(ASCII_BORDER_STYLE:border)
pawn-lang/YSI-Includes	pawn-lang--YSI-Includes/YSI_Server/y_ascii/y_ascii_entry.inc	263	stock ASCII_EndSection(ASCII_BORDER_STYLE:border)
pawn-lang/YSI-Includes	pawn-lang--YSI-Includes/YSI_Server/y_ascii/y_ascii_entry.inc	290	stock ASCII_Separate(ASCII_BORDER_STYLE:border)
pawn-lang/YSI-Includes	pawn-lang--YSI-Includes/YSI_Server/y_ascii/y_ascii_entry.inc	326	stock ASCII_EndDisplay(ASCII_BORDER_STYLE:border)
pawn-lang/YSI-Includes	pawn-lang--YSI-Includes/YSI_Server/y_args/y_args_impl.inc	486	stock bool:Args_GetBool(shortForm = '\0', const longForm[] = "", &bool:dest)
pawn-lang/YSI-Includes	pawn-lang--YSI-Includes/YSI_Server/y_args/y_args_impl.inc	523	stock bool:Args_GetInt(shortForm = '\0', const longForm[] = "", &dest)
pawn-lang/YSI-Includes	pawn-lang--YSI-Includes/YSI_Server/y_args/y_args_impl.inc	551	stock bool:Args_GetFloat(shortForm = '\0', const longForm[] = "", &Float:dest)
pawn-lang/YSI-Includes	pawn-lang--YSI-Includes/YSI_Server/y_args/y_args_impl.inc	579	stock bool:Args_GetString(shortForm = '\0', const longForm[] = "", output[], size = sizeof (output))
pawn-lang/YSI-Includes	pawn-lang--YSI-Includes/YSI_Server/y_args/y_args_impl.inc	596	stock bool:Args_GetRest(output[], size = sizeof (output))
pawn-lang/YSI-Includes	pawn-lang--YSI-Includes/YSI_Server/y_args/y_args_impl.inc	619	stock bool:Args_HasRest()
pawn-lang/YSI-Includes	pawn-lang--YSI-Includes/YSI_Server/y_args/y_args_impl.inc	630	stock Args_UniqueCount()
pawn-lang/YSI-Includes	pawn-lang--YSI-Includes/YSI_Server/y_args/y_args_impl.inc	638	stock Args_TrueCount()
pawn-lang/YSI-Includes	pawn-lang--YSI-Includes/YSI_Server/y_args/y_args_impl.inc	644	stock Args_PositionalCount()
pawn-lang/YSI-Includes	pawn-lang--YSI-Includes/YSI_Server/y_args/y_args_impl.inc	841	stock Args_GetBoolArray(shortForm = '\0', const longForm[] = "", bool:dest[], size = sizeof (dest))
pawn-lang/YSI-Includes	pawn-lang--YSI-Includes/YSI_Server/y_args/y_args_impl.inc	870	stock Args_GetIntArray(shortForm = '\0', const longForm[] = "", dest[], size = sizeof (dest))
pawn-lang/YSI-Includes	pawn-lang--YSI-Includes/YSI_Server/y_args/y_args_impl.inc	898	stock Args_GetFloatArray(shortForm = '\0', const longForm[] = "", Float:dest[], size = sizeof (dest))
pawn-lang/YSI-Includes	pawn-lang--YSI-Includes/YSI_Server/y_args/y_args_impl.inc	926	stock Args_GetStringArray(shortForm = '\0', const longForm[] = "", output[][], size1 = sizeof (output), size2 = sizeof (output[]))
pawn-lang/YSI-Includes	pawn-lang--YSI-Includes/YSI_Server/y_punycode/y_punycode_entry.inc	121	stock Puny_Decode(string:dst[], const string:src[], wlen = sizeof (dst), const delimiter = PUNY_CHAR)
pawn-lang/YSI-Includes	pawn-lang--YSI-Includes/YSI_Server/y_punycode/y_punycode_entry.inc	179	stock Puny_DecodeHash(string:dst[], const string:src[], &hash, wlen = sizeof (dst), const delimiter = PUNY_CHAR)
pawn-lang/YSI-Includes	pawn-lang--YSI-Includes/YSI_Server/y_punycode/y_punycode_entry.inc	197	stock Puny_Encode(string:dst[], const string:src[], wlen = sizeof (dst), const delimiter = PUNY_CHAR)
pawn-lang/YSI-Includes	pawn-lang--YSI-Includes/YSI_Server/y_punycode/y_punycode_entry.inc	276	stock Puny_EncodeHash(string:dst[], const string:src[], &hash, wlen = sizeof (dst), const delimiter = PUNY_CHAR)
pawn-lang/YSI-Includes	pawn-lang--YSI-Includes/YSI_Server/y_punycode/y_punycode_entry.inc	490	stock Puny_HTTP(index, HTTP_METHOD:method, const url[], const data[], const callback[])
pawn-lang/YSI-Includes	pawn-lang--YSI-Includes/YSI_Server/y_punycode/y_punycode_entry.inc	559	native BAD_HTTP(index, HTTP_METHOD:method, url[], data[], callback[]) = HTTP;
pawn-lang/YSI-Includes	pawn-lang--YSI-Includes/YSI_Server/y_thirdpartyinclude/y3_amx_assembly.inc	515	forward Y3A_OnCodeInit();
pawn-lang/YSI-Includes	pawn-lang--YSI-Includes/YSI_Server/y_thirdpartyinclude/y3_indirection.inc	123	forward Y3I_OnCodeInit();
pawn-lang/YSI-Includes	pawn-lang--YSI-Includes/YSI_Server/y_files/y_files_entry.inc	93	forward bool:Files_RemoveDirAsync(const string:dir[]);
pawn-lang/YSI-Includes	pawn-lang--YSI-Includes/YSI_Server/y_files/y_files_entry.inc	95	forward bool:Files_CreateDirAsync(const string:dir[]);
pawn-lang/YSI-Includes	pawn-lang--YSI-Includes/YSI_Server/y_files/y_files_entry.inc	97	forward bool:Files_MoveAsync(const string:src[], const string:dst[]);
pawn-lang/YSI-Includes	pawn-lang--YSI-Includes/YSI_Server/y_files/y_files_entry.inc	99	forward bool:Files_CopyAsync(const string:src[], const string:dst[]);
pawn-lang/YSI-Includes	pawn-lang--YSI-Includes/YSI_Server/y_files/y_files_entry.inc	100	forward bool:Files_RemoveDirSync(const string:dir[]);
pawn-lang/YSI-Includes	pawn-lang--YSI-Includes/YSI_Server/y_files/y_files_entry.inc	101	forward bool:Files_CreateDirSync(const string:dir[]);
pawn-lang/YSI-Includes	pawn-lang--YSI-Includes/YSI_Coding/y_async/y_async_impl.inc	100	stock _Async_A()
pawn-lang/YSI-Includes	pawn-lang--YSI-Includes/YSI_Coding/y_async/y_async_impl.inc	105	stock _Async_B(returnValue)
pawn-lang/YSI-Includes	pawn-lang--YSI-Includes/YSI_Coding/y_unique/y_unique_entry.inc	409	forward UNIQUE_FUNCTION<@yH_OnYSIInit@...>();
pawn-lang/YSI-Includes	pawn-lang--YSI-Includes/YSI_Coding/y_stringhash/y_stringhash_entry.inc	308	stock YHash(const str[], bool:sensitive = true, e_HASH_TYPE:type = hash_bernstein, len = cellmax, pack = false)
pawn-lang/YSI-Includes	pawn-lang--YSI-Includes/YSI_Coding/y_timers/y_timers_tests.inc	159	forward Timer:_yT@ForwardTimer(string:msg[]);
pawn-lang/YSI-Includes	pawn-lang--YSI-Includes/YSI_Coding/y_timers/y_timers_impl.inc	83	stock
pawn-lang/YSI-Includes	pawn-lang--YSI-Includes/YSI_Coding/y_timers/y_timers_impl.inc	178	forward Timers_OnCodeInit();
pawn-lang/YSI-Includes	pawn-lang--YSI-Includes/YSI_Coding/y_timers/y_timers_impl.inc	225	forward Timers_OnPlayerConnect(playerid);
pawn-lang/YSI-Includes	pawn-lang--YSI-Includes/YSI_Coding/y_timers/y_timers_impl.inc	273	forward Timers_OnPlayerDisconnect(playerid, reason);
pawn-lang/YSI-Includes	pawn-lang--YSI-Includes/YSI_Coding/y_timers/y_timers_impl.inc	276	stock _y@T:_Timer_I(const func[], interval, {_, _yT@}:action, &result)
pawn-lang/YSI-Includes	pawn-lang--YSI-Includes/YSI_Coding/y_timers/y_timers_impl.inc	301	stock _y@T:_Timer_D(const func[], interval, const {_, _yT@}:action, who, results[], a[2])
pawn-lang/YSI-Includes	pawn-lang--YSI-Includes/YSI_Coding/y_timers/y_timers_impl.inc	423	stock Timer_GetCallCount(Timer:slot = Timer:-1)
pawn-lang/YSI-Includes	pawn-lang--YSI-Includes/YSI_Coding/y_timers/y_timers_impl.inc	439	stock bool:Timer_IsRunning(Timer:slot = Timer:-1)
pawn-lang/YSI-Includes	pawn-lang--YSI-Includes/YSI_Coding/y_timers/y_timers_impl.inc	449	stock _Timer_S(const string:str[])
pawn-lang/YSI-Includes	pawn-lang--YSI-Includes/YSI_Coding/y_timers/y_timers_impl.inc	469	stock _Timer_A(const str[], len)
pawn-lang/YSI-Includes	pawn-lang--YSI-Includes/YSI_Coding/y_timers/y_timers_impl.inc	483	stock Timer:_Timer_C(timerID)
pawn-lang/YSI-Includes	pawn-lang--YSI-Includes/YSI_Coding/y_timers/y_timers_impl.inc	514	stock _Timer_B(repeatCount)
pawn-lang/YSI-Includes	pawn-lang--YSI-Includes/YSI_Coding/y_timers/y_timers_impl.inc	541	stock _Timer_F(Timer:slot = Timer:-1, force = 0)
pawn-lang/YSI-Includes	pawn-lang--YSI-Includes/YSI_Coding/y_hooks/y_hooks_impl.inc	164	stock Hooks_MakeLongName(name[Y_HOOKS_MAX_NAME])
pawn-lang/YSI-Includes	pawn-lang--YSI-Includes/YSI_Coding/y_hooks/y_hooks_impl.inc	251	stock Hooks_MakeShortName(name[Y_HOOKS_MAX_NAME])
pawn-lang/YSI-Includes	pawn-lang--YSI-Includes/YSI_Coding/y_hooks/y_hooks_impl.inc	602	stock _@Hy(address, const name[], const callback[] = "", order = cellmin, fallback = false) <y_hooks_scan : y_hooks_scan_determine_type>
pawn-lang/YSI-Includes	pawn-lang--YSI-Includes/YSI_Coding/y_hooks/y_hooks_impl.inc	620	stock _@Hy(address, const name[], const callback[] = "", order = cellmin, fallback = false) <y_hooks_scan : y_hooks_scan_legacy_hook>
pawn-lang/YSI-Includes	pawn-lang--YSI-Includes/YSI_Coding/y_hooks/y_hooks_impl.inc	641	stock _@Hy(address, const name[], const callback[] = "", order = cellmin, fallback = false) <>
pawn-lang/YSI-Includes	pawn-lang--YSI-Includes/YSI_Coding/y_hooks/y_hooks_impl.inc	1224	stock _Hooks_AddReplacement(const longName[], const shortName[])
pawn-lang/YSI-Includes	pawn-lang--YSI-Includes/YSI_Coding/y_hooks/y_hooks_impl.inc	1780	forward Hooks_OnCodeInit();
pawn-lang/YSI-Includes	pawn-lang--YSI-Includes/YSI_Coding/y_hooks/y_hooks_impl.inc	1866	stock Hooks_NumArgs()
pawn-lang/YSI-Includes	pawn-lang--YSI-Includes/YSI_Coding/y_hooks/y_hooks_impl.inc	1990	forward Hooks_OnRuntimeError(code, &bool:suppress);
pawn-lang/YSI-Includes	pawn-lang--YSI-Includes/YSI_Coding/y_hooks/y_hooks_impl.inc	2394	stock _yH@(compressedFormat, address, order = cellmin, &a = 0, &b = 0, &c = 0, &d = 0, &e = 0, &f = 0, &g = 0) <y_hooks_scan : y_hooks_scan_determine_type>
pawn-lang/YSI-Includes	pawn-lang--YSI-Includes/YSI_Coding/y_hooks/y_hooks_impl.inc	2404	stock _yH@(compressedFormat, address, order = cellmin, &a = 0, &b = 0, &c = 0, &d = 0, &e = 0, &f = 0, &g = 0) <>
pawn-lang/YSI-Includes	pawn-lang--YSI-Includes/YSI_Coding/y_hooks/y_hooks_macros.inc	103	stock Y_HOOKS_CONTINUE_RETURN_0()
pawn-lang/YSI-Includes	pawn-lang--YSI-Includes/YSI_Coding/y_hooks/y_hooks_macros.inc	114	stock Y_HOOKS_CONTINUE_RETURN_1()
pawn-lang/YSI-Includes	pawn-lang--YSI-Includes/YSI_Coding/y_hooks/y_hooks_macros.inc	125	stock Y_HOOKS_BREAK_RETURN_0()
pawn-lang/YSI-Includes	pawn-lang--YSI-Includes/YSI_Coding/y_hooks/y_hooks_macros.inc	136	stock Y_HOOKS_BREAK_RETURN_1()
pawn-lang/YSI-Includes	pawn-lang--YSI-Includes/YSI_Coding/y_hooks/y_hooks_tests.inc	85	forward OnTestPrehook();
pawn-lang/YSI-Includes	pawn-lang--YSI-Includes/YSI_Coding/y_hooks/y_hooks_tests.inc	109	forward OnTestCallback();
pawn-lang/YSI-Includes	pawn-lang--YSI-Includes/YSI_Coding/y_hooks/y_hooks_tests.inc	163	forward HooksTest_OnCodeInit();
pawn-lang/YSI-Includes	pawn-lang--YSI-Includes/YSI_Coding/y_hooks/y_hooks_tests.inc	200	forward y_hooks_VeryLongTarget_0();
pawn-lang/YSI-Includes	pawn-lang--YSI-Includes/YSI_Coding/y_hooks/y_hooks_tests.inc	247	forward Ony_hooksTTTTT_YYYYY_WtExtras();
pawn-lang/YSI-Includes	pawn-lang--YSI-Includes/YSI_Coding/y_hooks/y_hooks_tests.inc	285	forward Ony_hooksTest2(cmd[]);
pawn-lang/YSI-Includes	pawn-lang--YSI-Includes/YSI_Coding/y_hooks/y_hooks_tests.inc	317	forward y_hooks_PassParams(i1, a0[], i2);
pawn-lang/YSI-Includes	pawn-lang--YSI-Includes/YSI_Coding/y_hooks/y_hooks_tests.inc	359	forward y_hooks_ReturnM2();
pawn-lang/YSI-Includes	pawn-lang--YSI-Includes/YSI_Coding/y_hooks/y_hooks_tests.inc	380	forward y_hooks_ReturnM1();
pawn-lang/YSI-Includes	pawn-lang--YSI-Includes/YSI_Coding/y_hooks/y_hooks_tests.inc	401	forward y_hooks_Return0();
pawn-lang/YSI-Includes	pawn-lang--YSI-Includes/YSI_Coding/y_hooks/y_hooks_tests.inc	422	forward y_hooks_Return1();
pawn-lang/YSI-Includes	pawn-lang--YSI-Includes/YSI_Coding/y_hooks/y_hooks_tests.inc	443	forward Ony_hooksTest3(cmd[]);
pawn-lang/YSI-Includes	pawn-lang--YSI-Includes/YSI_Coding/y_hooks/y_hooks_tests.inc	469	forward Ony_hooksTest1(cmd[]);
pawn-lang/YSI-Includes	pawn-lang--YSI-Includes/YSI_Coding/y_hooks/y_hooks_tests.inc	493	forward Ony_hooksTest4(cmd[]);
pawn-lang/YSI-Includes	pawn-lang--YSI-Includes/YSI_Coding/y_hooks/y_hooks_tests.inc	517	forward Ony_hooksTest5(cmd[]);
pawn-lang/YSI-Includes	pawn-lang--YSI-Includes/YSI_Coding/y_hooks/y_hooks_tests.inc	607	forward y_hooks_MyFunc1(a, b);
pawn-lang/YSI-Includes	pawn-lang--YSI-Includes/YSI_Coding/y_hooks/y_hooks_tests.inc	663	forward OnPlayerEnterDynamicArea(playerid, STREAMER_TAG_AREA:areaid);
pawn-lang/YSI-Includes	pawn-lang--YSI-Includes/YSI_Coding/y_hooks/y_hooks_tests.inc	839	forward OnPlayerCustomReplacement();
pawn-lang/YSI-Includes	pawn-lang--YSI-Includes/YSI_Coding/y_hooks/y_hooks_tests.inc	869	forward OnTestNumArgs1(a, b, c, d, f);
pawn-lang/YSI-Includes	pawn-lang--YSI-Includes/YSI_Coding/y_hooks/y_hooks_tests.inc	894	forward OnTestNumArgs2(a, b, c, f);
pawn-lang/YSI-Includes	pawn-lang--YSI-Includes/YSI_Coding/y_hooks/y_hooks_tests.inc	1171	stock y_hooks_strlen_1(const string[])
pawn-lang/YSI-Includes	pawn-lang--YSI-Includes/YSI_Coding/y_hooks/y_hooks_tests.inc	1265	stock TestHookedFunc(a, const string:b[], ...)
pawn-lang/YSI-Includes	pawn-lang--YSI-Includes/YSI_Coding/y_hooks/y_hooks_tests.inc	1323	stock y_hooks_ALSHookedFuncImpl(var)
pawn-lang/YSI-Includes	pawn-lang--YSI-Includes/YSI_Coding/y_hooks/y_hooks_tests.inc	1328	stock y_hooks_ALSExtraFunc(var)
pawn-lang/YSI-Includes	pawn-lang--YSI-Includes/YSI_Coding/y_functional/y_functional_rewrite.inc	107	stock LAM@1(idx = 0, pattern0 = 1, pattern1 = 1, pattern2 = 1, pattern3 = 1)
pawn-lang/YSI-Includes	pawn-lang--YSI-Includes/YSI_Coding/y_functional/y_functional_rewrite.inc	121	stock LAM@2(par)
pawn-lang/YSI-Includes	pawn-lang--YSI-Includes/YSI_Coding/y_functional/y_functional_rewrite.inc	135	stock LAM@0(idx = 0)
pawn-lang/YSI-Includes	pawn-lang--YSI-Includes/YSI_Coding/y_functional/y_functional_rewrite.inc	149	stock LAM@5(idx = 0, pattern0 = 1, pattern1 = 1, pattern2 = 1, pattern3 = 1, pattern4 = 1, pattern5 = 1, pattern6 = 1)
pawn-lang/YSI-Includes	pawn-lang--YSI-Includes/YSI_Coding/y_functional/y_functional_rewrite.inc	570	forward Functional_OnCodeInit();
pawn-lang/YSI-Includes	pawn-lang--YSI-Includes/YSI_Coding/y_functional/y_functional_funcs.inc	105	stock Map(Func:cb<i>, const input[], output[], inputSize = sizeof (input), outputSize = sizeof (output))
pawn-lang/YSI-Includes	pawn-lang--YSI-Includes/YSI_Coding/y_functional/y_functional_funcs.inc	145	stock Map_(Func:cb<i>, const input[], inputSize = sizeof (input))
pawn-lang/YSI-Includes	pawn-lang--YSI-Includes/YSI_Coding/y_functional/y_functional_funcs.inc	186	stock MapIdx(Func:cb<ii>, const input[], output[], inputSize = sizeof (input), outputSize = sizeof (output))
pawn-lang/YSI-Includes	pawn-lang--YSI-Includes/YSI_Coding/y_functional/y_functional_funcs.inc	227	stock MapIdx_(Func:cb<ii>, const input[], inputSize = sizeof (input))
pawn-lang/YSI-Includes	pawn-lang--YSI-Includes/YSI_Coding/y_functional/y_functional_funcs.inc	270	stock ZipWith(Func:cb<ii>, const left[], const right[], output[], leftSize = sizeof (left), rightSize = sizeof (right), outputSize = sizeof (output))
pawn-lang/YSI-Includes	pawn-lang--YSI-Includes/YSI_Coding/y_functional/y_functional_funcs.inc	314	stock ZipWith_(Func:cb<ii>, const left[], const right[], leftSize = sizeof (left), rightSize = sizeof (right))
pawn-lang/YSI-Includes	pawn-lang--YSI-Includes/YSI_Coding/y_functional/y_functional_funcs.inc	351	stock ZipWith3(Func:cb<iii>, const left[], const middle[], const right[], output[], leftSize = sizeof (left), middleSize = sizeof (middle), rightSize = sizeof (right), outputSize = sizeof (output))
pawn-lang/YSI-Includes	pawn-lang--YSI-Includes/YSI_Coding/y_functional/y_functional_funcs.inc	392	stock ZipWith3_(Func:cb<iii>, const left[], const middle[], const right[], leftSize = sizeof (left), middleSize = sizeof (middle), rightSize = sizeof (right))
pawn-lang/YSI-Includes	pawn-lang--YSI-Includes/YSI_Coding/y_functional/y_functional_funcs.inc	434	stock ZipWithIdx(Func:cb<iii>, const left[], const right[], output[], leftSize = sizeof (left), rightSize = sizeof (right), outputSize = sizeof (output))
pawn-lang/YSI-Includes	pawn-lang--YSI-Includes/YSI_Coding/y_functional/y_functional_funcs.inc	467	stock ZipWithIdx_(Func:cb<iii>, const left[], const right[], leftSize = sizeof (left), rightSize = sizeof (right))
pawn-lang/YSI-Includes	pawn-lang--YSI-Includes/YSI_Coding/y_functional/y_functional_funcs.inc	507	stock ZipWith3Idx(Func:cb<iiii>, const left[], const middle[], const right[], output[], leftSize = sizeof (left), middleSize = sizeof (middle), rightSize = sizeof (right), outputSize = sizeof (output))
pawn-lang/YSI-Includes	pawn-lang--YSI-Includes/YSI_Coding/y_functional/y_functional_funcs.inc	543	stock ZipWith3Idx_(Func:cb<iiii>, const left[], const middle[], const right[], leftSize = sizeof (left), middleSize = sizeof (middle), rightSize = sizeof (right))
pawn-lang/YSI-Includes	pawn-lang--YSI-Includes/YSI_Coding/y_functional/y_functional_funcs.inc	571	stock FoldLIdx(Func:cb<iii>, n, const input[], inputSize = sizeof (input))
pawn-lang/YSI-Includes	pawn-lang--YSI-Includes/YSI_Coding/y_functional/y_functional_funcs.inc	602	stock ScanLIdx(Func:cb<iii>, n, const input[], output[], inputSize = sizeof (input), outputSize = sizeof (output))
pawn-lang/YSI-Includes	pawn-lang--YSI-Includes/YSI_Coding/y_functional/y_functional_funcs.inc	637	stock FoldRIdx(Func:cb<iii>, const input[], n, inputSize = sizeof (input))
pawn-lang/YSI-Includes	pawn-lang--YSI-Includes/YSI_Coding/y_functional/y_functional_funcs.inc	668	stock ScanRIdx(Func:cb<iii>, const input[], n, output[], inputSize = sizeof (input), outputSize = sizeof (output))
pawn-lang/YSI-Includes	pawn-lang--YSI-Includes/YSI_Coding/y_functional/y_functional_funcs.inc	697	stock FoldL1Idx(Func:cb<iii>, const input[], inputSize = sizeof (input))
pawn-lang/YSI-Includes	pawn-lang--YSI-Includes/YSI_Coding/y_functional/y_functional_funcs.inc	724	stock FoldR1Idx(Func:cb<iii>, const input[], inputSize = sizeof (input))
pawn-lang/YSI-Includes	pawn-lang--YSI-Includes/YSI_Coding/y_functional/y_functional_funcs.inc	769	stock FoldL(Func:cb<ii>, n, const input[], inputSize = sizeof (input))
pawn-lang/YSI-Includes	pawn-lang--YSI-Includes/YSI_Coding/y_functional/y_functional_funcs.inc	814	stock ScanL(Func:cb<ii>, n, const input[], output[], inputSize = sizeof (input), outputSize = sizeof (output))
pawn-lang/YSI-Includes	pawn-lang--YSI-Includes/YSI_Coding/y_functional/y_functional_funcs.inc	864	stock FoldR(Func:cb<ii>, const input[], n, inputSize = sizeof (input))
pawn-lang/YSI-Includes	pawn-lang--YSI-Includes/YSI_Coding/y_functional/y_functional_funcs.inc	909	stock ScanR(Func:cb<ii>, const input[], n, output[], inputSize = sizeof (input), outputSize = sizeof (output))
pawn-lang/YSI-Includes	pawn-lang--YSI-Includes/YSI_Coding/y_functional/y_functional_funcs.inc	942	stock FoldL1(Func:cb<ii>, const input[], inputSize = sizeof (input))
pawn-lang/YSI-Includes	pawn-lang--YSI-Includes/YSI_Coding/y_functional/y_functional_funcs.inc	973	stock FoldR1(Func:cb<ii>, const input[], inputSize = sizeof (input))
pawn-lang/YSI-Includes	pawn-lang--YSI-Includes/YSI_Coding/y_functional/y_functional_funcs.inc	999	stock bool:And(bool:input[], inputSize = sizeof (input))
pawn-lang/YSI-Includes	pawn-lang--YSI-Includes/YSI_Coding/y_functional/y_functional_funcs.inc	1021	stock bool:Or(bool:input[], inputSize = sizeof (input))
pawn-lang/YSI-Includes	pawn-lang--YSI-Includes/YSI_Coding/y_functional/y_functional_funcs.inc	1046	stock bool:All(Func:cb<i>, const input[], inputSize = sizeof (input))
pawn-lang/YSI-Includes	pawn-lang--YSI-Includes/YSI_Coding/y_functional/y_functional_funcs.inc	1072	stock bool:Any(Func:cb<i>, const input[], inputSize = sizeof (input))
pawn-lang/YSI-Includes	pawn-lang--YSI-Includes/YSI_Coding/y_functional/y_functional_funcs.inc	1099	stock bool:AllIdx(Func:cb<ii>, const input[], inputSize = sizeof (input))
pawn-lang/YSI-Includes	pawn-lang--YSI-Includes/YSI_Coding/y_functional/y_functional_funcs.inc	1126	stock bool:AnyIdx(Func:cb<ii>, const input[], inputSize = sizeof (input))
pawn-lang/YSI-Includes	pawn-lang--YSI-Includes/YSI_Coding/y_functional/y_functional_funcs.inc	1150	stock Reverse(data[], dataSize = sizeof (data))
pawn-lang/YSI-Includes	pawn-lang--YSI-Includes/YSI_Coding/y_functional/y_functional_funcs.inc	1177	stock bool:Elem(n, const input[], inputSize = sizeof (input))
pawn-lang/YSI-Includes	pawn-lang--YSI-Includes/YSI_Coding/y_functional/y_functional_funcs.inc	1200	stock bool:NotElem(n, const input[], inputSize = sizeof (input))
pawn-lang/YSI-Includes	pawn-lang--YSI-Includes/YSI_Coding/y_ctrl/y_ctrl_impl.inc	176	forward CTRL_OnCodeInit();
pawn-lang/YSI-Includes	pawn-lang--YSI-Includes/YSI_Coding/y_inline/y_inline_extra.inc	74	forward y_inline_HTTPCallback(Func:cb<is>, responseCode, const data[]);
pawn-lang/YSI-Includes	pawn-lang--YSI-Includes/YSI_Coding/y_inline/y_inline_extra.inc	82	stock HTTPCallback(HTTP_METHOD:method, const url[], const data[], Func:cb<is>)
pawn-lang/YSI-Includes	pawn-lang--YSI-Includes/YSI_Coding/y_inline/y_inline_extra.inc	135	forward Timer_CreateCallback(Func:func<>, initialOrTime, timeOrCount = 0, count = -1);
pawn-lang/YSI-Includes	pawn-lang--YSI-Includes/YSI_Coding/y_inline/y_inline_extra.inc	136	forward SetCallbackTimer(Func:func<>, initialOrTime, timeOrCount = 0, count = -1);
pawn-lang/YSI-Includes	pawn-lang--YSI-Includes/YSI_Coding/y_inline/y_inline_extra.inc	137	forward Timer_KillCallback(func);
pawn-lang/YSI-Includes	pawn-lang--YSI-Includes/YSI_Coding/y_inline/y_inline_extra.inc	138	forward KillCallbackTimer(func);
pawn-lang/YSI-Includes	pawn-lang--YSI-Includes/YSI_Coding/y_inline/y_inline_extra.inc	139	forward Request:RequestCallback(RequestsClient:id, const path[], E_HTTP_METHOD:method, Func:callback<iisi>, body[] = "", Headers:headers = Headers:-1);
pawn-lang/YSI-Includes	pawn-lang--YSI-Includes/YSI_Coding/y_inline/y_inline_extra.inc	140	forward Request:RequestJSONCallback(RequestsClient:id, const path[], E_HTTP_METHOD:method, Func:callback<iii>, Node:json = Node:-1, Headers:headers = Headers:-1);
pawn-lang/YSI-Includes	pawn-lang--YSI-Includes/YSI_Coding/y_inline/y_inline_extra.inc	141	forward MySQL_PQueryInline(MySQL:handle, Func:cb<>, const query[], GLOBAL_TAG_TYPES:...);
pawn-lang/YSI-Includes	pawn-lang--YSI-Includes/YSI_Coding/y_inline/y_inline_extra.inc	142	forward MySQL_TQueryInline(MySQL:handle, Func:cb<>, const query[], GLOBAL_TAG_TYPES:...);
pawn-lang/YSI-Includes	pawn-lang--YSI-Includes/YSI_Coding/y_inline/y_inline_extra.inc	143	forward ORM_SelectInline(ORM:id, Func:cb<>);
pawn-lang/YSI-Includes	pawn-lang--YSI-Includes/YSI_Coding/y_inline/y_inline_extra.inc	144	forward ORM_UpdateInline(ORM:id, Func:cb<>);
pawn-lang/YSI-Includes	pawn-lang--YSI-Includes/YSI_Coding/y_inline/y_inline_extra.inc	145	forward ORM_InsertInline(ORM:id, Func:cb<>);
pawn-lang/YSI-Includes	pawn-lang--YSI-Includes/YSI_Coding/y_inline/y_inline_extra.inc	146	forward ORM_DeleteInline(ORM:id, Func:cb<>);
pawn-lang/YSI-Includes	pawn-lang--YSI-Includes/YSI_Coding/y_inline/y_inline_extra.inc	147	forward ORM_LoadInline(ORM:id, Func:cb<>);
pawn-lang/YSI-Includes	pawn-lang--YSI-Includes/YSI_Coding/y_inline/y_inline_extra.inc	148	forward ORM_SaveInline(ORM:id, Func:cb<>);
pawn-lang/YSI-Includes	pawn-lang--YSI-Includes/YSI_Coding/y_inline/y_inline_extra.inc	149	forward bool:BCrypt_CheckInline(const password[], const hash[], Func:cb<i>);
pawn-lang/YSI-Includes	pawn-lang--YSI-Includes/YSI_Coding/y_inline/y_inline_extra.inc	150	forward BCrypt_HashInline(const password[], cost = 12, {F@_@s, F@_@si}:cb, tag = tagof (cb)); // Func:cb<s> | Func:cb<si>
pawn-lang/YSI-Includes	pawn-lang--YSI-Includes/YSI_Coding/y_inline/y_inline_tests.inc	336	forward y_inline7a();
pawn-lang/YSI-Includes	pawn-lang--YSI-Includes/YSI_Coding/y_inline/y_inline_tests.inc	398	forward y_inline9(a);
pawn-lang/YSI-Includes	pawn-lang--YSI-Includes/YSI_Coding/y_inline/y_inline_tests.inc	414	forward y_inline10(a, b[]);
pawn-lang/YSI-Includes	pawn-lang--YSI-Includes/YSI_Coding/y_inline/y_inline_tests.inc	652	forward y_inline_Remote1(v);
pawn-lang/YSI-Includes	pawn-lang--YSI-Includes/YSI_Coding/y_inline/y_inline_tests.inc	2030	forward y_inline_CallLaterPublic();
pawn-lang/YSI-Includes	pawn-lang--YSI-Includes/YSI_Coding/y_inline/y_inline_impl.inc	149	stock
pawn-lang/YSI-Includes	pawn-lang--YSI-Includes/YSI_Coding/y_inline/y_inline_impl.inc	153	stock Callback_Return_(value)
pawn-lang/YSI-Includes	pawn-lang--YSI-Includes/YSI_Coding/y_inline/y_inline_impl.inc	158	stock Callback_Blank_(...)
pawn-lang/YSI-Includes	pawn-lang--YSI-Includes/YSI_Coding/y_inline/y_inline_impl.inc	288	stock Inline_EBC__(owner, tag)
pawn-lang/YSI-Includes	pawn-lang--YSI-Includes/YSI_Coding/y_inline/y_inline_impl.inc	310	stock operator*(@Ik:func, ebc)
pawn-lang/YSI-Includes	pawn-lang--YSI-Includes/YSI_Coding/y_inline/y_inline_impl.inc	388	stock I@T:I@T(const str[])
pawn-lang/YSI-Includes	pawn-lang--YSI-Includes/YSI_Coding/y_inline/y_inline_impl.inc	394	stock operator~(I@T:inlines[], size)
pawn-lang/YSI-Includes	pawn-lang--YSI-Includes/YSI_Coding/y_inline/y_inline_impl.inc	703	forward OnRuntimeError(code, &bool:suppress);
pawn-lang/YSI-Includes	pawn-lang--YSI-Includes/YSI_Coding/y_inline/y_inline_impl.inc	1026	forward Inline_OnCodeInit();
pawn-lang/YSI-Includes	pawn-lang--YSI-Includes/YSI_Coding/y_inline/y_inline_impl.inc	1145	forward EBC(GLOBAL_TAG_TYPES:owner, F@_@:func, tag = tagof (owner));
pawn-lang/YSI-Includes	pawn-lang--YSI-Includes/YSI_Coding/y_inline/y_inline_impl.inc	1183	stock I@F()
pawn-lang/YSI-Includes	pawn-lang--YSI-Includes/YSI_Coding/y_inline/y_inline_impl.inc	1188	stock I@L(...)
pawn-lang/YSI-Includes	pawn-lang--YSI-Includes/YSI_Coding/y_inline/y_inline_impl.inc	1193	stock I@K(n)
pawn-lang/YSI-Includes	pawn-lang--YSI-Includes/YSI_Coding/y_inline/y_inline_impl.inc	1218	stock Function:GetRemoteFunction(const func[], const spec[], tag = 0)
pawn-lang/YSI-Includes	pawn-lang--YSI-Includes/YSI_Coding/y_inline/y_inline_impl.inc	1269	stock Function:GetLocalFunction(const func[], const spec[], tag = 0)
pawn-lang/YSI-Includes	pawn-lang--YSI-Includes/YSI_Coding/y_inline/y_inline_impl.inc	1326	stock CallStoredFunction(Function:func, GLOBAL_TAG_TYPES:...)
pawn-lang/YSI-Includes	pawn-lang--YSI-Includes/YSI_Coding/y_inline/y_inline_impl.inc	1346	native Inline_Strcmp(const string1, const string2[], bool:ignorecase=false, length=cellmax) = strcmp;
pawn-lang/YSI-Includes	pawn-lang--YSI-Includes/YSI_Coding/y_inline/y_inline_impl.inc	1439	stock bool:Callback_Find_(const name[], &dest, bool:remote = false, tag = 0)
pawn-lang/YSI-Includes	pawn-lang--YSI-Includes/YSI_Coding/y_inline/y_inline_impl.inc	1487	stock Callback_Call(const func[E_CALLBACK_DATA], GLOBAL_TAG_TYPES:...)
pawn-lang/YSI-Includes	pawn-lang--YSI-Includes/YSI_Coding/y_inline/y_inline_impl.inc	1519	stock Callback_Array(const func[E_CALLBACK_DATA], const params[], num = sizeof (params))
pawn-lang/YSI-Includes	pawn-lang--YSI-Includes/YSI_Coding/y_inline/y_inline_impl.inc	1535	stock Inline_Reset(callback[E_CALLBACK_DATA])
pawn-lang/YSI-Includes	pawn-lang--YSI-Includes/YSI_Coding/y_inline/y_inline_impl.inc	1544	native Callback_Strcat_(dest, const src[], len) = strcat;
pawn-lang/YSI-Includes	pawn-lang--YSI-Includes/YSI_Coding/y_inline/y_inline_impl.inc	1567	stock bool:Callback_Get_(__DUMMY_COMPILER_BUG_317_FIX__, {F@_@, _}:...)
pawn-lang/YSI-Includes	pawn-lang--YSI-Includes/YSI_Coding/y_inline/y_inline_impl.inc	1571	stock bool:Callback_Get({F@_@, _}:...)
pawn-lang/YSI-Includes	pawn-lang--YSI-Includes/YSI_Coding/y_inline/y_inline_impl.inc	1660	stock Callback_Release(const input[E_CALLBACK_DATA])
pawn-lang/YSI-Includes	pawn-lang--YSI-Includes/YSI_Coding/y_inline/y_inline_impl.inc	2220	stock Inline_UI_(const &header, tag)
pawn-lang/YSI-Includes	pawn-lang--YSI-Includes/YSI_Coding/y_inline/y_inline_impl.inc	2273	stock Inline_UP_(const func[], const spec[] = "", tag = 0)
pawn-lang/YSI-Includes	pawn-lang--YSI-Includes/YSI_Coding/y_inline/y_inline_impl.inc	2293	stock Callback_Restore_(...)
pawn-lang/YSI-Includes	pawn-lang--YSI-Includes/YSI_Coding/y_inline/y_inline_impl.inc	2323	stock Inline_Debug(ptr)
pawn-lang/YSI-Includes	pawn-lang--YSI-Includes/YSI_Coding/y_cgen/y_cgen_impl.inc	133	forward @_y_cgen0_y_@();
pawn-lang/YSI-Includes	pawn-lang--YSI-Includes/YSI_Coding/y_cgen/y_cgen_impl.inc	218	forward @_y_cgen1_y_@();
pawn-lang/YSI-Includes	pawn-lang--YSI-Includes/YSI_Coding/y_cgen/y_cgen_impl.inc	307	forward CGen_OnCodeInit();
pawn-lang/YSI-Includes	pawn-lang--YSI-Includes/YSI_Coding/y_cgen/y_cgen_impl.inc	310	forward CGen_OOM(ctx[AsmContext]);
pawn-lang/YSI-Includes	pawn-lang--YSI-Includes/YSI_Coding/y_cgen/y_cgen_impl.inc	366	stock CGen_UseCodeSpace(ctx[AsmContext])
pawn-lang/YSI-Includes	pawn-lang--YSI-Includes/YSI_Coding/y_cgen/y_cgen_impl.inc	379	stock CGen_GetCodeSpace()
pawn-lang/YSI-Includes	pawn-lang--YSI-Includes/YSI_Coding/y_cgen/y_cgen_impl.inc	394	stock CGen_AddCodeSpace(num)
pawn-lang/YSI-Includes	pawn-lang--YSI-Includes/YSI_Coding/y_malloc/y_malloc_funcs.inc	94	stock Malloc_SlotSize(Alloc:slot)
pawn-lang/YSI-Includes	pawn-lang--YSI-Includes/YSI_Coding/y_malloc/y_malloc_funcs.inc	118	stock Alloc:Malloc_NewS(const string[], bool:pack = false) {
pawn-lang/YSI-Includes	pawn-lang--YSI-Includes/YSI_Coding/y_malloc/y_malloc_funcs.inc	320	stock Malloc_Get(Alloc:array, index)
pawn-lang/YSI-Includes	pawn-lang--YSI-Includes/YSI_Coding/y_malloc/y_malloc_funcs.inc	348	stock Malloc_Set(Alloc:array, index, value)
pawn-lang/YSI-Includes	pawn-lang--YSI-Includes/YSI_Coding/y_malloc/y_malloc_funcs.inc	425	stock Malloc_GetS(target[], length = sizeof (target), Alloc:array, const index, const bool:pack = false)
pawn-lang/YSI-Includes	pawn-lang--YSI-Includes/YSI_Coding/y_malloc/y_malloc_funcs.inc	452	stock Malloc_SetS(Alloc:array, const index, const str[], const bool:pack = false)
pawn-lang/YSI-Includes	pawn-lang--YSI-Includes/YSI_Coding/y_malloc/y_malloc_funcs.inc	489	stock Malloc_SetVAS(Alloc:array, index, arg)
pawn-lang/YSI-Includes	pawn-lang--YSI-Includes/YSI_Coding/y_malloc/y_malloc_funcs.inc	550	stock Malloc_GetA(dest[], length, Alloc:array, index)
pawn-lang/YSI-Includes	pawn-lang--YSI-Includes/YSI_Coding/y_malloc/y_malloc_funcs.inc	577	stock Malloc_SetA(Alloc:array, index, const source[], length)
pawn-lang/YSI-Includes	pawn-lang--YSI-Includes/YSI_Coding/y_malloc/y_malloc_funcs.inc	601	stock Malloc_SetVAA(Alloc:array, index, arg)
pawn-lang/YSI-Includes	pawn-lang--YSI-Includes/YSI_Coding/y_malloc/y_malloc_funcs.inc	665	stock Alloc:malloc(size)
pawn-lang/YSI-Includes	pawn-lang--YSI-Includes/YSI_Coding/y_malloc/y_malloc_funcs.inc	690	stock Alloc:calloc(size)
pawn-lang/YSI-Includes	pawn-lang--YSI-Includes/YSI_Coding/y_malloc/y_malloc_funcs.inc	718	stock free(Alloc:slot)
pawn-lang/YSI-Includes	pawn-lang--YSI-Includes/YSI_Coding/y_malloc/y_malloc_funcs.inc	744	stock Alloc:realloc(Alloc:slot, size, const bool:clear = false)
pawn-lang/YSI-Includes	pawn-lang--YSI-Includes/YSI_Coding/y_malloc/y_malloc_funcs.inc	785	stock Alloc:Malloc_Allocate(size, const bool:clear = false)
pawn-lang/YSI-Includes	pawn-lang--YSI-Includes/YSI_Coding/y_malloc/y_malloc_funcs.inc	875	stock Malloc_Free(Alloc:slot)
pawn-lang/YSI-Includes	pawn-lang--YSI-Includes/YSI_Coding/y_malloc/y_malloc_funcs.inc	952	stock ResolvedAlloc:Malloc_Resolve(Alloc:slot)
pawn-lang/YSI-Includes	pawn-lang--YSI-Includes/YSI_Coding/y_malloc/y_malloc_funcs.inc	968	stock Alloc:Malloc_Reconcile(ResolvedAlloc:addr)
pawn-lang/YSI-Includes	pawn-lang--YSI-Includes/YSI_Coding/y_malloc/y_malloc_tests.inc	293	forward y_malloc_Deferred(Alloc:alloc);
pawn-lang/YSI-Includes	pawn-lang--YSI-Includes/YSI_Coding/y_malloc/y_malloc_heapalloc.inc	80	forward Alloc:Malloc_Allocate(size, const bool:clear = false);
pawn-lang/YSI-Includes	pawn-lang--YSI-Includes/YSI_Coding/y_malloc/y_malloc_heapalloc.inc	225	forward Malloc_OnCodeInit();
pawn-lang/YSI-Includes	pawn-lang--YSI-Includes/YSI_Coding/y_malloc/y_malloc_entry.inc	121	forward Malloc_%0(%1); \
pawn-lang/YSI-Includes	pawn-lang--YSI-Includes/YSI_Coding/y_malloc/y_malloc_entry.inc	173	stock
pawn-lang/YSI-Includes	pawn-lang--YSI-Includes/YSI_Coding/y_malloc/y_malloc_entry.inc	180	forward Alloc:Malloc_Allocate(size, const bool:clear = false);
pawn-lang/YSI-Includes	pawn-lang--YSI-Includes/YSI_Coding/y_malloc/y_malloc_entry.inc	181	forward Alloc:calloc(size);
pawn-lang/YSI-Includes	pawn-lang--YSI-Includes/YSI_Coding/y_malloc/y_malloc_entry.inc	201	forward Malloc_OnCodeInit();
pawn-lang/YSI-Includes	pawn-lang--YSI-Includes/YSI_Coding/y_va/y_va_tests.inc	36	forward y_va_PublicTestFunction(vara, varb);
pawn-lang/YSI-Includes	pawn-lang--YSI-Includes/YSI_Coding/y_va/y_va_tests.inc	56	forward y_va_PublicRecurseFunction(const func[], vara);
pawn-lang/YSI-Includes	pawn-lang--YSI-Includes/YSI_Coding/y_va/y_va_tests.inc	64	forward y_va_PublicCallFunction(const func[], vara);
pawn-lang/YSI-Includes	pawn-lang--YSI-Includes/YSI_Coding/y_va/y_va_tests.inc	138	forward y_va_SetTimerExPublic(a, b, c);
pawn-lang/YSI-Includes	pawn-lang--YSI-Includes/YSI_Coding/y_va/y_va_header.inc	82	stock MyPrintf(const format[], {Float, File, _}:...)
pawn-lang/YSI-Includes	pawn-lang--YSI-Includes/YSI_Coding/y_va/y_va_header.inc	124	forward va_formatex(output[], size = sizeof(output), const fmat[], va_:STATIC_ARGS);
pawn-lang/YSI-Includes	pawn-lang--YSI-Includes/YSI_Coding/y_va/y_va_header.inc	131	native va_printf            (const format[], GLOBAL_TAG_TYPES:...)                                             = printf;
pawn-lang/YSI-Includes	pawn-lang--YSI-Includes/YSI_Coding/y_va/y_va_header.inc	132	native va_CallRemoteFunction(const function[], const format[], GLOBAL_TAG_TYPES:...)                           = CallRemoteFunction;
pawn-lang/YSI-Includes	pawn-lang--YSI-Includes/YSI_Coding/y_va/y_va_header.inc	133	native va_CallLocalFunction (const function[], const format[], GLOBAL_TAG_TYPES:...)                           = CallLocalFunction;
pawn-lang/YSI-Includes	pawn-lang--YSI-Includes/YSI_Coding/y_va/y_va_header.inc	134	native va_SetTimerEx        (const function[], interval, bool:repeating, const format[], GLOBAL_TAG_TYPES:...) = SetTimerEx;
pawn-lang/YSI-Includes	pawn-lang--YSI-Includes/YSI_Coding/y_va/y_va_header.inc	135	native va_format            (output[], len, const format[], GLOBAL_TAG_TYPES:...)                              = format;
pawn-lang/YSI-Includes	pawn-lang--YSI-Includes/YSI_Coding/y_va/y_va_entry.inc	95	native va_print(const fmat[], GLOBAL_TAG_TYPES:...) = printf;
pawn-lang/YSI-Includes	pawn-lang--YSI-Includes/YSI_Coding/y_va/y_va_entry.inc	97	stock va_fprintf(File:fhnd, const fmat[], GLOBAL_TAG_TYPES:...)
pawn-lang/YSI-Includes	pawn-lang--YSI-Includes/YSI_Coding/y_va/y_va_entry.inc	107	stock bool:va_SetVehicleNumberPlate(vehicleid, const fmat[], GLOBAL_TAG_TYPES:...)
pawn-lang/YSI-Includes	pawn-lang--YSI-Includes/YSI_Coding/y_va/y_va_entry.inc	119	native PlayerText:va_CreatePlayerTextDraw(playerid, Float:x, Float:y, const fmat[], GLOBAL_TAG_TYPES:...) = CreatePlayerTextDraw;
pawn-lang/YSI-Includes	pawn-lang--YSI-Includes/YSI_Coding/y_va/y_va_entry.inc	120	native va_SetPlayerChatBubble(playerid, const fmat[], colour, Float:drawDistance, expireTime, GLOBAL_TAG_TYPES:...) = SetPlayerChatBubble;
pawn-lang/YSI-Includes	pawn-lang--YSI-Includes/YSI_Coding/y_va/y_va_entry.inc	121	native Text:va_TextDrawCreate(Float:x, Float:y, const fmat[], GLOBAL_TAG_TYPES:...) = TextDrawCreate;
pawn-lang/YSI-Includes	pawn-lang--YSI-Includes/YSI_Coding/y_va/y_va_entry.inc	122	native bool:va_TextDrawSetString(Text:text, const fmat[], GLOBAL_TAG_TYPES:...) = TextDrawSetString;
pawn-lang/YSI-Includes	pawn-lang--YSI-Includes/YSI_Coding/y_va/y_va_entry.inc	123	native bool:va_PlayerTextDrawSetString(playerid, PlayerText:text, const fmat[], GLOBAL_TAG_TYPES:...) = PlayerTextDrawSetString;
pawn-lang/YSI-Includes	pawn-lang--YSI-Includes/YSI_Coding/y_va/y_va_entry.inc	124	native bool:va_SendClientMessage(playerid, colour, const fmat[], GLOBAL_TAG_TYPES:...) = SendClientMessage;
pawn-lang/YSI-Includes	pawn-lang--YSI-Includes/YSI_Coding/y_va/y_va_entry.inc	125	native bool:va_SendClientMessageToAll(colour, const fmat[], GLOBAL_TAG_TYPES:...) = SendClientMessageToAll;
pawn-lang/YSI-Includes	pawn-lang--YSI-Includes/YSI_Coding/y_va/y_va_entry.inc	126	native bool:va_SendPlayerMessageToPlayer(playerid, senderid, const fmat[], GLOBAL_TAG_TYPES:...) = SendPlayerMessageToPlayer;
pawn-lang/YSI-Includes	pawn-lang--YSI-Includes/YSI_Coding/y_va/y_va_entry.inc	127	native bool:va_SendPlayerMessageToAll(senderid, const fmat[], GLOBAL_TAG_TYPES:...) = SendPlayerMessageToAll;
pawn-lang/YSI-Includes	pawn-lang--YSI-Includes/YSI_Coding/y_va/y_va_entry.inc	128	native bool:va_GameTextForPlayer(playerid, const fmat[], time, style, GLOBAL_TAG_TYPES:...) = GameTextForPlayer;
pawn-lang/YSI-Includes	pawn-lang--YSI-Includes/YSI_Coding/y_va/y_va_entry.inc	129	native bool:va_GameTextForAll(const fmat[], time, style, GLOBAL_TAG_TYPES:...) = GameTextForAll;
pawn-lang/YSI-Includes	pawn-lang--YSI-Includes/YSI_Coding/y_va/y_va_entry.inc	130	native bool:va_SendRconCommand(const fmat[], GLOBAL_TAG_TYPES:...) = SendRconCommand;
pawn-lang/YSI-Includes	pawn-lang--YSI-Includes/YSI_Coding/y_va/y_va_entry.inc	131	native bool:va_SetGameModeText(const fmat[], GLOBAL_TAG_TYPES:...) = SetGameModeText;
pawn-lang/YSI-Includes	pawn-lang--YSI-Includes/YSI_Coding/y_va/y_va_entry.inc	132	native DBResult:va_DBQuery(DB:db, const fmat[], GLOBAL_TAG_TYPES:...) = DB_ExecuteQuery;
pawn-lang/YSI-Includes	pawn-lang--YSI-Includes/YSI_Coding/y_va/y_va_entry.inc	133	native bool:va_ShowPlayerDialog(playerid, dialogid, DIALOG_STYLE:style, const title[], const fmat[], const button1[], const button2[], GLOBAL_TAG_TYPES:...) = ShowPlayerDialog;
pawn-lang/YSI-Includes	pawn-lang--YSI-Includes/YSI_Coding/y_va/y_va_entry.inc	134	native Menu:va_CreateMenu(const fmat[], columns, Float:x, Float:y, Float:col1width, Float:col2width = 0.0, GLOBAL_TAG_TYPES:...) = CreateMenu;
pawn-lang/YSI-Includes	pawn-lang--YSI-Includes/YSI_Coding/y_va/y_va_entry.inc	135	native va_AddMenuItem(Menu:menuid, column, const fmat[], GLOBAL_TAG_TYPES:...) = AddMenuItem;
pawn-lang/YSI-Includes	pawn-lang--YSI-Includes/YSI_Coding/y_va/y_va_entry.inc	136	native bool:va_SetMenuColumnHeader(Menu:menuid, column, const fmat[], GLOBAL_TAG_TYPES:...) = SetMenuColumnHeader;
pawn-lang/YSI-Includes	pawn-lang--YSI-Includes/YSI_Coding/y_va/y_va_entry.inc	137	native bool:va_SetObjectMaterialText(objectid, const fmat[], materialIndex = 0, OBJECT_MATERIAL_SIZE:materialSize = OBJECT_MATERIAL_SIZE:90, const fontFace[] = "Arial", fontSize = 24, bool:bold = true, fontColour = 0xFFFFFFFF, backgroundColour = 0, OBJECT_MATERIAL_TEXT_ALIGN:textalignment = OBJECT_MATERIAL_TEXT_ALIGN:0, GLOBAL_TAG_TYPES:...) = SetObjectMaterialText;
pawn-lang/YSI-Includes	pawn-lang--YSI-Includes/YSI_Coding/y_va/y_va_entry.inc	138	native bool:va_SetPlayerObjectMaterialText(playerid, objectid, const fmat[], materialIndex = 0, OBJECT_MATERIAL_SIZE:materialSize = OBJECT_MATERIAL_SIZE:90, const fontFace[] = "Arial", fontSize = 24, bool:bold = true, fontColour = 0xFFFFFFFF, backgroundColour = 0, OBJECT_MATERIAL_TEXT_ALIGN:textalignment = OBJECT_MATERIAL_TEXT_ALIGN:0, GLOBAL_TAG_TYPES:...) = SetPlayerObjectMaterialText;
pawn-lang/YSI-Includes	pawn-lang--YSI-Includes/YSI_Coding/y_va/y_va_entry.inc	139	native Text3D:va_Create3DTextLabel(const fmat[], colour, Float:x, Float:y, Float:z, Float:drawDistance, virtualWorld, bool:testLOS = false, GLOBAL_TAG_TYPES:...) = Create3DTextLabel;
pawn-lang/YSI-Includes	pawn-lang--YSI-Includes/YSI_Coding/y_va/y_va_entry.inc	140	native bool:va_Update3DTextLabelText(Text3D:textid, colour, const fmat[], GLOBAL_TAG_TYPES:...) = Update3DTextLabelText;
pawn-lang/YSI-Includes	pawn-lang--YSI-Includes/YSI_Coding/y_va/y_va_entry.inc	141	native PlayerText3D:va_CreatePlayer3DTextLabel(playerid, const fmat[], colour, Float:x, Float:y, Float:z, Float:drawDistance, parentPlayerid = INVALID_PLAYER_ID, parentVehicleid = INVALID_VEHICLE_ID, bool:testLOS = false, GLOBAL_TAG_TYPES:...) = CreatePlayer3DTextLabel;
pawn-lang/YSI-Includes	pawn-lang--YSI-Includes/YSI_Coding/y_va/y_va_entry.inc	142	native bool:va_UpdatePlayer3DTextLabelText(playerid, PlayerText3D:textid, colour, const fmat[], GLOBAL_TAG_TYPES:...) = UpdatePlayer3DTextLabelText;
pawn-lang/YSI-Includes	pawn-lang--YSI-Includes/YSI_Coding/y_va/y_va_entry.inc	143	native bool:va_SetSVarString(const svar[], const fmat[], GLOBAL_TAG_TYPES:...) = SetSVarString;
pawn-lang/YSI-Includes	pawn-lang--YSI-Includes/YSI_Coding/y_va/y_va_entry.inc	144	native bool:va_SetPVarString(playerid, const svar[], const fmat[], GLOBAL_TAG_TYPES:...) = SetPVarString;
pawn-lang/YSI-Includes	pawn-lang--YSI-Includes/YSI_Coding/y_va/y_va_entry.inc	145	native bool:va_SetServerRule(const name[], const fmat[], GLOBAL_TAG_TYPES:...) = SetServerRule;
pawn-lang/YSI-Includes	pawn-lang--YSI-Includes/YSI_Coding/y_va/y_va_entry.inc	146	native bool:va_TextDrawSetStringForPlayer(Text:text, playerid, const fmat[], GLOBAL_TAG_TYPES:...) = TextDrawSetStringForPlayer;
pawn-lang/YSI-Includes	pawn-lang--YSI-Includes/YSI_Coding/y_va/y_va_entry.inc	148	stock bool:va_AddServerRule(const name[], const fmat[], E_SERVER_RULE_FLAGS:flags = E_SERVER_RULE_FLAGS:4, GLOBAL_TAG_TYPES:...)
pawn-lang/YSI-Includes	pawn-lang--YSI-Includes/YSI_Coding/y_va/y_va_entry.inc	176	stock PlayerText:va_CreatePlayerTextDraw(playerid, Float:x, Float:y, const fmat[], GLOBAL_TAG_TYPES:...)
pawn-lang/YSI-Includes	pawn-lang--YSI-Includes/YSI_Coding/y_va/y_va_entry.inc	185	stock va_SetPlayerChatBubble(playerid, const fmat[], colour, Float:drawDistance, expireTime, GLOBAL_TAG_TYPES:...)
pawn-lang/YSI-Includes	pawn-lang--YSI-Includes/YSI_Coding/y_va/y_va_entry.inc	194	stock Text:va_TextDrawCreate(Float:x, Float:y, const fmat[], GLOBAL_TAG_TYPES:...)
pawn-lang/YSI-Includes	pawn-lang--YSI-Includes/YSI_Coding/y_va/y_va_entry.inc	203	stock bool:va_TextDrawSetString(Text:text, const fmat[], GLOBAL_TAG_TYPES:...)
pawn-lang/YSI-Includes	pawn-lang--YSI-Includes/YSI_Coding/y_va/y_va_entry.inc	212	stock bool:va_PlayerTextDrawSetString(playerid, PlayerText:text, const fmat[], GLOBAL_TAG_TYPES:...)
pawn-lang/YSI-Includes	pawn-lang--YSI-Includes/YSI_Coding/y_va/y_va_entry.inc	221	stock bool:va_SendClientMessage(playerid, colour, const fmat[], GLOBAL_TAG_TYPES:...)
pawn-lang/YSI-Includes	pawn-lang--YSI-Includes/YSI_Coding/y_va/y_va_entry.inc	230	stock bool:va_SendClientMessageToAll(colour, const fmat[], GLOBAL_TAG_TYPES:...)
pawn-lang/YSI-Includes	pawn-lang--YSI-Includes/YSI_Coding/y_va/y_va_entry.inc	239	stock bool:va_SendPlayerMessageToPlayer(playerid, senderid, const fmat[], GLOBAL_TAG_TYPES:...)
pawn-lang/YSI-Includes	pawn-lang--YSI-Includes/YSI_Coding/y_va/y_va_entry.inc	248	stock bool:va_SendPlayerMessageToAll(senderid, const fmat[], GLOBAL_TAG_TYPES:...)
pawn-lang/YSI-Includes	pawn-lang--YSI-Includes/YSI_Coding/y_va/y_va_entry.inc	257	stock bool:va_GameTextForPlayer(playerid, const fmat[], time, style, GLOBAL_TAG_TYPES:...)
pawn-lang/YSI-Includes	pawn-lang--YSI-Includes/YSI_Coding/y_va/y_va_entry.inc	266	stock bool:va_GameTextForAll(const fmat[], time, style, GLOBAL_TAG_TYPES:...)
pawn-lang/YSI-Includes	pawn-lang--YSI-Includes/YSI_Coding/y_va/y_va_entry.inc	275	stock bool:va_SendRconCommand(const fmat[], GLOBAL_TAG_TYPES:...)
pawn-lang/YSI-Includes	pawn-lang--YSI-Includes/YSI_Coding/y_va/y_va_entry.inc	284	stock bool:va_SetGameModeText(const fmat[], GLOBAL_TAG_TYPES:...)
pawn-lang/YSI-Includes	pawn-lang--YSI-Includes/YSI_Coding/y_va/y_va_entry.inc	294	native DBResult:YSI_DB_Query__(DB:db, const query[]) = db_query;
pawn-lang/YSI-Includes	pawn-lang--YSI-Includes/YSI_Coding/y_va/y_va_entry.inc	296	stock DBResult:va_DBQuery(DB:db, const fmat[], GLOBAL_TAG_TYPES:...)
pawn-lang/YSI-Includes	pawn-lang--YSI-Includes/YSI_Coding/y_va/y_va_entry.inc	310	stock bool:va_ShowPlayerDialog(playerid, dialogid, DIALOG_STYLE:style, const title[], const fmat[], const button1[], const button2[], GLOBAL_TAG_TYPES:...)
pawn-lang/YSI-Includes	pawn-lang--YSI-Includes/YSI_Coding/y_va/y_va_entry.inc	319	stock Menu:va_CreateMenu(const fmat[], columns, Float:x, Float:y, Float:col1width, Float:col2width = 0.0, GLOBAL_TAG_TYPES:...)
pawn-lang/YSI-Includes	pawn-lang--YSI-Includes/YSI_Coding/y_va/y_va_entry.inc	328	stock va_AddMenuItem(Menu:menuid, column, const fmat[], GLOBAL_TAG_TYPES:...)
pawn-lang/YSI-Includes	pawn-lang--YSI-Includes/YSI_Coding/y_va/y_va_entry.inc	337	stock bool:va_SetMenuColumnHeader(Menu:menuid, column, const fmat[], GLOBAL_TAG_TYPES:...)
pawn-lang/YSI-Includes	pawn-lang--YSI-Includes/YSI_Coding/y_va/y_va_entry.inc	352	stock bool:va_SetObjectMaterialText(objectid, const fmat[], materialIndex = 0, OBJECT_MATERIAL_SIZE:materialSize = OBJECT_MATERIAL_SIZE:90, const fontFace[] = "Arial", fontSize = 24, bool:bold = true, fontColour = 0xFFFFFFFF, backgroundColour = 0, OBJECT_MATERIAL_TEXT_ALIGN:textalignment = OBJECT_MATERIAL_TEXT_ALIGN:0, GLOBAL_TAG_TYPES:...)
pawn-lang/YSI-Includes	pawn-lang--YSI-Includes/YSI_Coding/y_va/y_va_entry.inc	362	stock bool:va_SetPlayerObjectMaterialText(playerid, objectid, const fmat[], materialIndex = 0, OBJECT_MATERIAL_SIZE:materialSize = OBJECT_MATERIAL_SIZE:90, const fontFace[] = "Arial", fontSize = 24, bool:bold = true, fontColour = 0xFFFFFFFF, backgroundColour = 0, OBJECT_MATERIAL_TEXT_ALIGN:textalignment = OBJECT_MATERIAL_TEXT_ALIGN:0, GLOBAL_TAG_TYPES:...)
pawn-lang/YSI-Includes	pawn-lang--YSI-Includes/YSI_Coding/y_va/y_va_entry.inc	372	stock Text3D:va_Create3DTextLabel(const fmat[], colour, Float:x, Float:y, Float:z, Float:drawDistance, virtualWorld, bool:testLOS = false, GLOBAL_TAG_TYPES:...)
pawn-lang/YSI-Includes	pawn-lang--YSI-Includes/YSI_Coding/y_va/y_va_entry.inc	381	stock bool:va_Update3DTextLabelText(Text3D:textid, colour, const fmat[], GLOBAL_TAG_TYPES:...)
pawn-lang/YSI-Includes	pawn-lang--YSI-Includes/YSI_Coding/y_va/y_va_entry.inc	390	stock PlayerText3D:va_CreatePlayer3DTextLabel(playerid, const fmat[], colour, Float:x, Float:y, Float:z, Float:drawDistance, parentPlayerid = INVALID_PLAYER_ID, parentVehicleid = INVALID_VEHICLE_ID, bool:testLOS = false, GLOBAL_TAG_TYPES:...)
pawn-lang/YSI-Includes	pawn-lang--YSI-Includes/YSI_Coding/y_va/y_va_entry.inc	399	stock bool:va_UpdatePlayer3DTextLabelText(playerid, PlayerText3D:textid, colour, const fmat[], GLOBAL_TAG_TYPES:...)
pawn-lang/YSI-Includes	pawn-lang--YSI-Includes/YSI_Coding/y_va/y_va_entry.inc	408	stock bool:va_SetSVarString(const svar[], const fmat[], GLOBAL_TAG_TYPES:...)
pawn-lang/YSI-Includes	pawn-lang--YSI-Includes/YSI_Coding/y_va/y_va_entry.inc	418	stock bool:va_SetPVarString(playerid, const pvar[], const fmat[], GLOBAL_TAG_TYPES:...)
pawn-lang/YSI-Includes	pawn-lang--YSI-Includes/YSI_Coding/y_va/y_va_entry.inc	430	stock bool:va_AddServerRule(const name[], const fmat[], E_SERVER_RULE_FLAGS:flags = E_SERVER_RULE_FLAGS:4, GLOBAL_TAG_TYPES:...)
pawn-lang/YSI-Includes	pawn-lang--YSI-Includes/YSI_Coding/y_va/y_va_entry.inc	439	stock bool:va_SetServerRule(const name[], const fmat[], GLOBAL_TAG_TYPES:...)
pawn-lang/YSI-Includes	pawn-lang--YSI-Includes/YSI_Coding/y_va/y_va_entry.inc	448	native bool:va_TextDrawSetStringForPlayer(Text:text, playerid, const fmat[], GLOBAL_TAG_TYPES:...) = TextDrawSetStringForPlayer;
pawn-lang/YSI-Includes	pawn-lang--YSI-Includes/YSI_Coding/y_va/y_va_impl.inc	89	stock YVA2_DoPush(const skippedBytes, const pushedBytes, const pushRequirements)
pawn-lang/YSI-Includes	pawn-lang--YSI-Includes/YSI_Coding/y_va/y_va_impl.inc	204	stock YVA2_DummyPush(const skippedBytes = 0, const pushedBytes = 0, const pushRequirements = cellbytes, const dummy0 = 0, const dummy1 = 0, const dummy2 = 0, const dummy3 = 0, const dummy4 = 0, const dummy5 = 0 Y_VA_DUMMIES)
pawn-lang/YSI-Includes	pawn-lang--YSI-Includes/YSI_Coding/y_va/y_va_impl.inc	272	forward VA_OnCodeInit();
pawn-lang/YSI-Includes	pawn-lang--YSI-Includes/YSI_Coding/y_ebc/y_ebc_entry.inc	98	stock EBC_Deactivate_(owner, tag)
pawn-lang/YSI-Includes	pawn-lang--YSI-Includes/YSI_Coding/y_ebc/y_ebc_entry.inc	125	forward EBC_OnPlayerDisconnect(playerid, reason);
pawn-lang/YSI-Includes	pawn-lang--YSI-Includes/YSI_Coding/y_ebc/y_ebc_entry.inc	128	stock bool:EBC_DestroyVehicle(vehicleid)
pawn-lang/YSI-Includes	pawn-lang--YSI-Includes/YSI_Coding/y_ebc/y_ebc_entry.inc	140	stock bool:EBC_DestroyObject(objectid)
pawn-lang/YSI-Includes	pawn-lang--YSI-Includes/YSI_Coding/y_ebc/y_ebc_entry.inc	152	stock bool:EBC_DestroyPlayerObject(playerid, objectid)
pawn-lang/YSI-Includes	pawn-lang--YSI-Includes/YSI_Coding/y_ebc/y_ebc_entry.inc	164	stock bool:EBC_DestroyPickup(pickupid)
pawn-lang/YSI-Includes	pawn-lang--YSI-Includes/YSI_Visual/y_classes/y_classes_classgroups.inc	92	stock Class_ResolveGroups(class, Group:forgroup, bool:cp) <YSI_has_groups:y>
pawn-lang/YSI-Includes	pawn-lang--YSI-Includes/YSI_Visual/y_classes/y_classes_multiclass.inc	74	forward Class_ResolveGroups(class, Group:forgroup, bool:cp);
pawn-lang/YSI-Includes	pawn-lang--YSI-Includes/YSI_Visual/y_classes/y_classes_multiclass.inc	102	stock Class_ResolveGroups(class, Group:forgroup, bool:cp) <YSI_has_groups : n>
pawn-lang/YSI-Includes	pawn-lang--YSI-Includes/YSI_Visual/y_classes/y_classes_multiclass.inc	109	stock Class_ResolveGroups(class, Group:forgroup, bool:cp) <>
pawn-lang/YSI-Includes	pawn-lang--YSI-Includes/YSI_Visual/y_classes/y_classes_multiclass.inc	448	stock Class_Add(skin, Float:x, Float:y, Float:z, Float:a, ...)
pawn-lang/YSI-Includes	pawn-lang--YSI-Includes/YSI_Visual/y_classes/y_classes_multiclass.inc	476	stock Class_AddEx(Group:forgroup, Group:setgroup, skin, Float:x, Float:y, Float:z, Float:a, ...)
pawn-lang/YSI-Includes	pawn-lang--YSI-Includes/YSI_Visual/y_classes/y_classes_multiclass.inc	502	stock Class_AddForGroup(Group:group, skin, Float:x, Float:y, Float:z, Float:a, ...)
pawn-lang/YSI-Includes	pawn-lang--YSI-Includes/YSI_Visual/y_classes/y_classes_multiclass.inc	528	stock Class_AddWithGroupSet(Group:group, skin, Float:x, Float:y, Float:z, Float:a, ...)
pawn-lang/YSI-Includes	pawn-lang--YSI-Includes/YSI_Visual/y_classes/y_classes_multiclass.inc	704	stock Class_Reprocess(playerid)
pawn-lang/YSI-Includes	pawn-lang--YSI-Includes/YSI_Visual/y_classes/y_classes_classcontrol.inc	168	stock Class_Spawn(playerid)
pawn-lang/YSI-Includes	pawn-lang--YSI-Includes/YSI_Visual/y_classes/y_classes_classcontrol.inc	177	stock Class_ShowHold(playerid)
pawn-lang/YSI-Includes	pawn-lang--YSI-Includes/YSI_Visual/y_classes/y_classes_classcontrol.inc	186	stock Class_HideHold(playerid)
pawn-lang/YSI-Includes	pawn-lang--YSI-Includes/YSI_Visual/y_classes/y_classes_classcontrol.inc	354	stock void:Class_DisableReselection(playerid)
pawn-lang/YSI-Includes	pawn-lang--YSI-Includes/YSI_Visual/y_classes/y_classes_classcontrol.inc	359	stock void:Class_EnableReselection(playerid)
pawn-lang/YSI-Includes	pawn-lang--YSI-Includes/YSI_Visual/y_classes/y_classes_classcontrol.inc	380	stock void:Class_DisableSelection(playerid)
pawn-lang/YSI-Includes	pawn-lang--YSI-Includes/YSI_Visual/y_classes/y_classes_classcontrol.inc	385	stock void:Class_EnableSelection(playerid)
pawn-lang/YSI-Includes	pawn-lang--YSI-Includes/YSI_Visual/y_classes/y_classes_entry.inc	81	stock _YSI_HAS_y_classes(_do_not_call_me_ever_, _like_never_)
pawn-lang/YSI-Includes	pawn-lang--YSI-Includes/YSI_Visual/y_zonepulse/y_zonepulse_entry.inc	80	native GangZonePulse(@PlayerSet:ps, zone, from, to, time, delay = ZONE_PULSE_STAGE_TIME);
pawn-lang/YSI-Includes	pawn-lang--YSI-Includes/YSI_Visual/y_zonepulse/y_zonepulse_entry.inc	81	native GangZonePulseForPlayer(playerid, zone, from, to, time, delay = ZONE_PULSE_STAGE_TIME);
pawn-lang/YSI-Includes	pawn-lang--YSI-Includes/YSI_Visual/y_zonepulse/y_zonepulse_entry.inc	82	native GangZonePulseForAll(zone, from, to, time, delay = ZONE_PULSE_STAGE_TIME);
pawn-lang/YSI-Includes	pawn-lang--YSI-Includes/YSI_Visual/y_zonepulse/y_zonepulse_entry.inc	83	native GangZoneStopPulse(@PlayerSet:ps, zone);
pawn-lang/YSI-Includes	pawn-lang--YSI-Includes/YSI_Visual/y_zonepulse/y_zonepulse_entry.inc	84	native GangZoneStopPulseForPlayer(playerid, zone);
pawn-lang/YSI-Includes	pawn-lang--YSI-Includes/YSI_Visual/y_zonepulse/y_zonepulse_entry.inc	85	native GangZoneStopPulseForAll(zone);
pawn-lang/YSI-Includes	pawn-lang--YSI-Includes/YSI_Visual/y_zonepulse/y_zonepulse_impl.inc	130	stock _GangZonePulse(@PlayerSet:ps, zone, from, to, time, delay = ZONE_PULSE_STAGE_TIME, time2 = -1, delay2 = -1)
pawn-lang/YSI-Includes	pawn-lang--YSI-Includes/YSI_Visual/y_zonepulse/y_zonepulse_impl.inc	186	stock _GangZoneStopPulse(@PlayerSet:ps, zone)
pawn-lang/YSI-Includes	pawn-lang--YSI-Includes/YSI_Visual/y_zonepulse/y_zonepulse_tests.inc	263	forward GangZoneStopPulse2(playerid);
pawn-lang/YSI-Includes	pawn-lang--YSI-Includes/YSI_Visual/y_dialog/y_dialog_tests.inc	169	forward Dialog_TestHide(playerid);
pawn-lang/YSI-Includes	pawn-lang--YSI-Includes/YSI_Visual/y_dialog/y_dialog_impl.inc	87	stock Dialog_Get(playerid)
pawn-lang/YSI-Includes	pawn-lang--YSI-Includes/YSI_Visual/y_dialog/y_dialog_impl.inc	105	stock bool:Dialog_ShowCallback(playerid, {F@_@iiiis, F@_@iis}:callback, DIALOG_STYLE:style, const string:title[], const string:caption[], const string:button1[], const string:button2[] = "", tag = tagof (callback))
pawn-lang/YSI-Includes	pawn-lang--YSI-Includes/YSI_Visual/y_dialog/y_dialog_impl.inc	121	stock bool:Dialog_ShowCallbackData(playerid, callback[E_CALLBACK_DATA], DIALOG_STYLE:style, const string:title[], const string:caption[], const string:button1[], const string:button2[] = "")
pawn-lang/YSI-Includes	pawn-lang--YSI-Includes/YSI_Visual/y_dialog/y_dialog_impl.inc	129	stock bool:Dialog_Show(playerid, DIALOG_STYLE:style, const string:title[], const string:caption[], const string:button1[], const string:button2[] = "")
pawn-lang/YSI-Includes	pawn-lang--YSI-Includes/YSI_Visual/y_dialog/y_dialog_impl.inc	136	stock bool:Dialog_Hide(playerid)
pawn-lang/YSI-Includes	pawn-lang--YSI-Includes/YSI_Visual/y_dialog/y_dialog_impl.inc	216	stock bool:Dialog_ShowPlayerDialog(playerid, dialog, DIALOG_STYLE:style, const string:title[], const string:caption[], const string:button1[], const string:button2[])
pawn-lang/YSI-Includes	pawn-lang--YSI-Includes/YSI_Visual/y_loader/y_loader_entry.inc	85	forward Loader_Spawn();
pawn-lang/YSI-Includes	pawn-lang--YSI-Includes/YSI_Visual/y_loader/y_loader_entry.inc	86	forward Loader_Check();
pawn-lang/YSI-Includes	pawn-lang--YSI-Includes/YSI_Visual/y_loader/y_loader_entry.inc	87	forward Loader_Obj();
pawn-lang/YSI-Includes	pawn-lang--YSI-Includes/YSI_Visual/y_loader/y_loader_entry.inc	127	stock Loader_Parse(filename[], laps = 0, entryCost = 0, countdown = 3, bool:arial = false, bool:fixedPrize = true, exitTime = 0, interior = 0, world = 0, bool:restart = false)
pawn-lang/YSI-Includes	pawn-lang--YSI-Includes/YSI_Visual/y_loader/y_loader_entry.inc	151	stock Loader_ParseObjects(filename[], world = -1)
pawn-lang/YSI-Includes	pawn-lang--YSI-Includes/YSI_Visual/y_loader/y_loader_entry.inc	164	stock Loader_Unload(race)
pawn-lang/YSI-Includes	pawn-lang--YSI-Includes/YSI_Visual/y_loader/y_loader_entry.inc	208	stock Float:Loader_Convert(Float:radians)
pawn-lang/YSI-Includes	pawn-lang--YSI-Includes/YSI_Visual/y_loader/y_loader_entry.inc	377	stock Loader_AddHandler(trigger[], function[])
pawn-lang/YSI-Includes	pawn-lang--YSI-Includes/YSI_Visual/y_loader/y_loader_entry.inc	387	stock Loader_GetRace()
pawn-lang/YSI-Includes	pawn-lang--YSI-Includes/YSI_Visual/y_areas/y_areas_entry.inc	112	stock _YSI_HAS_y_areas(_do_not_call_me_ever_, _like_never_)
pawn-lang/YSI-Includes	pawn-lang--YSI-Includes/YSI_Visual/y_areas/y_areas_entry.inc	369	forward Area_Loop();
pawn-lang/YSI-Includes	pawn-lang--YSI-Includes/YSI_Visual/y_areas/y_areas_entry.inc	1202	stock Area_AddBox(Float:minx, Float:miny, Float:maxx, Float:maxy)
pawn-lang/YSI-Includes	pawn-lang--YSI-Includes/YSI_Visual/y_areas/y_areas_entry.inc	1263	stock Area_AddCircle(Float:x, Float:y, Float:r, Float:height = FLOAT_INFINITY)
pawn-lang/YSI-Includes	pawn-lang--YSI-Includes/YSI_Visual/y_areas/y_areas_entry.inc	1352	stock Area_AddSphere(Float:x, Float:y, Float:z, Float:r)
pawn-lang/YSI-Includes	pawn-lang--YSI-Includes/YSI_Visual/y_areas/y_areas_entry.inc	1450	forward Area_AddPoly(Float:x1, Float:y1, Float:x2, Float:y2, Float:x3, Float:y3, Float:...);
pawn-lang/YSI-Includes	pawn-lang--YSI-Includes/YSI_Visual/y_areas/y_areas_entry.inc	1453	forward @@Area_AddPoly(Float:points[], size, count);
pawn-lang/YSI-Includes	pawn-lang--YSI-Includes/YSI_Visual/y_areas/y_areas_entry.inc	1456	stock Area_AddPoly(Float:x1, Float:y1, Float:x2, Float:y2, Float:x3, Float:y3, Float:...)
pawn-lang/YSI-Includes	pawn-lang--YSI-Includes/YSI_Visual/y_areas/y_areas_entry.inc	1481	stock Area_AddPoly(Float:x1, Float:y1, Float:x2, Float:y2, Float:x3, Float:y3, Float:...) <>
pawn-lang/YSI-Includes	pawn-lang--YSI-Includes/YSI_Visual/y_areas/y_areas_entry.inc	1509	stock Area_AddPoly(Float:x1, Float:y1, Float:x2, Float:y2, Float:x3, Float:y3, Float:...) <_YCM : m>
pawn-lang/YSI-Includes	pawn-lang--YSI-Includes/YSI_Visual/y_areas/y_areas_entry.inc	1520	stock Area_AddPoly(Float:x1, Float:y1, Float:x2, Float:y2, Float:x3, Float:y3, Float:...) <_YCM : y>
pawn-lang/YSI-Includes	pawn-lang--YSI-Includes/YSI_Visual/y_areas/y_areas_entry.inc	1543	forward @_yMArea_AddPoly(Float:points[], size, count);
pawn-lang/YSI-Includes	pawn-lang--YSI-Includes/YSI_Visual/y_areas/y_areas_entry.inc	1551	stock Area_AddPoly(Float:x1, Float:y1, Float:x2, Float:y2, Float:x3, Float:y3, Float:...)
pawn-lang/YSI-Includes	pawn-lang--YSI-Includes/YSI_Visual/y_areas/y_areas_entry.inc	2120	stock Area_IsInPoly(Float:x, Float:y, Float:z, header)
pawn-lang/YSI-Includes	pawn-lang--YSI-Includes/YSI_Visual/y_areas/y_areas_entry.inc	2257	stock Area_GetPlayerArea(playerid)
pawn-lang/YSI-Includes	pawn-lang--YSI-Includes/YSI_Visual/y_areas/y_areas_entry.inc	2543	forward OnPlayerEnterArea(playerid, areaid);
pawn-lang/YSI-Includes	pawn-lang--YSI-Includes/YSI_Visual/y_areas/y_areas_entry.inc	2575	forward OnPlayerLeaveArea(playerid, areaid);
pawn-lang/YSI-Includes	pawn-lang--YSI-Includes/YSI_Visual/y_zonenames/y_zonenames_entry.inc	170	stock ZoneNames_Show(playerid, id)
pawn-lang/YSI-Includes	pawn-lang--YSI-Includes/YSI_Visual/y_properties/y_properties_entry.inc	249	stock Property_SetRebuyDelay(delay)
pawn-lang/YSI-Includes	pawn-lang--YSI-Includes/YSI_Visual/y_properties/y_properties_entry.inc	261	stock Property_IsValid(property)
pawn-lang/YSI-Includes	pawn-lang--YSI-Includes/YSI_Visual/y_properties/y_properties_entry.inc	283	stock Property_SetMaxProperties(count)
pawn-lang/YSI-Includes	pawn-lang--YSI-Includes/YSI_Visual/y_properties/y_properties_entry.inc	295	stock Property_SetMaxHouses(count)
pawn-lang/YSI-Includes	pawn-lang--YSI-Includes/YSI_Visual/y_properties/y_properties_entry.inc	307	stock Property_GetType(property)
pawn-lang/YSI-Includes	pawn-lang--YSI-Includes/YSI_Visual/y_properties/y_properties_entry.inc	351	stock DestroyProperty(property)
pawn-lang/YSI-Includes	pawn-lang--YSI-Includes/YSI_Visual/y_properties/y_properties_entry.inc	397	stock CreateHouse(Float:extX, Float:extY, Float:extZ, Float:intX, Float:intY, Float:intZ, interior, world, price, checkpoint = 0)
pawn-lang/YSI-Includes	pawn-lang--YSI-Includes/YSI_Visual/y_properties/y_properties_entry.inc	471	stock CreateProperty(name[], Float:x, Float:y, Float:z, price, reward, interval = 60000, sell = 0, multi = 0, reduce = 0, increase = 0, pickup = 0)
pawn-lang/YSI-Includes	pawn-lang--YSI-Includes/YSI_Visual/y_properties/y_properties_entry.inc	521	stock CreateBank(Float:x, Float:y, Float:z, name[] = "")
pawn-lang/YSI-Includes	pawn-lang--YSI-Includes/YSI_Visual/y_properties/y_properties_entry.inc	559	stock CreateAmmunation(Float:x, Float:y, Float:z, spawn, instant, ...)
pawn-lang/YSI-Includes	pawn-lang--YSI-Includes/YSI_Visual/y_properties/y_properties_entry.inc	742	stock CreateMoneyArea(area, money = 100, interval = 10000)
pawn-lang/YSI-Includes	pawn-lang--YSI-Includes/YSI_Visual/y_properties/y_properties_entry.inc	773	stock CreateMoneyPoint(Float:x, Float:y, Float:z, Float:s, money = 100, interval = 10000)
pawn-lang/YSI-Includes	pawn-lang--YSI-Includes/YSI_Visual/y_properties/y_properties_entry.inc	808	stock CreateTeleport(Float:sx, Float:sy, Float:sz, Float:tx, Float:ty, Float:tz, cost = 0, name[] = "")
pawn-lang/YSI-Includes	pawn-lang--YSI-Includes/YSI_Visual/y_properties/y_properties_entry.inc	844	stock CreateForbiddenArea(area, kick = 0, health = 1000, invert = 0, name[] = "")
pawn-lang/YSI-Includes	pawn-lang--YSI-Includes/YSI_Visual/y_properties/y_properties_entry.inc	1361	stock Property_SavePlayerWeapon(playerid, weaponslot, ammo)
pawn-lang/YSI-Includes	pawn-lang--YSI-Includes/YSI_Visual/y_properties/y_properties_entry.inc	1399	stock Property_GetSlotWeapon(playerid, slot, &weapon, &ammo)
pawn-lang/YSI-Includes	pawn-lang--YSI-Includes/YSI_Visual/y_properties/y_properties_entry.inc	1414	stock Property_SaveWeapons(playerid)
pawn-lang/YSI-Includes	pawn-lang--YSI-Includes/YSI_Visual/y_properties/y_properties_entry.inc	1449	stock Property_LoadWeapons(playerid, identifier[], text[])
pawn-lang/YSI-Includes	pawn-lang--YSI-Includes/YSI_Visual/y_properties/y_properties_entry.inc	1468	stock Property_SaveBank(playerid)
pawn-lang/YSI-Includes	pawn-lang--YSI-Includes/YSI_Visual/y_properties/y_properties_entry.inc	1485	stock Property_GetBank(playerid)
pawn-lang/YSI-Includes	pawn-lang--YSI-Includes/YSI_Visual/y_properties/y_properties_entry.inc	1500	stock Property_LoadBank(playerid, identifier[], text[])
pawn-lang/YSI-Includes	pawn-lang--YSI-Includes/YSI_Visual/y_properties/y_properties_entry.inc	1728	stock Property_Bank(playerid, amount)
pawn-lang/YSI-Includes	pawn-lang--YSI-Includes/YSI_Visual/y_properties/y_properties_entry.inc	2003	forward Property_ResetRebuy(property);
pawn-lang/YSI-Includes	pawn-lang--YSI-Includes/YSI_Visual/y_properties/y_properties_entry.inc	2146	stock Property_GetPlayerPropCount(playerid)
pawn-lang/YSI-Includes	pawn-lang--YSI-Includes/YSI_Visual/y_properties/y_properties_entry.inc	2167	stock Property_GetPropertyBits(playerid, Bit:properties[])
pawn-lang/YSI-Includes	pawn-lang--YSI-Includes/YSI_Visual/y_properties/y_properties_entry.inc	2258	stock Property_GetLink(property)
pawn-lang/YSI-Includes	pawn-lang--YSI-Includes/YSI_Visual/y_races/y_races_impl.inc	249	stock Races_SetupGroups() <YSI_has_groups:n>
pawn-lang/YSI-Includes	pawn-lang--YSI-Includes/YSI_Visual/y_races/y_races_impl.inc	253	stock Races_SetupGroups() <>
pawn-lang/YSI-Includes	pawn-lang--YSI-Includes/YSI_Visual/y_races/y_races_impl.inc	275	stock Race_Create(laps = 0, entryCost = 0, countdown = 3, bool:arial = false, bool:fixedPrize = true, exitTime = 0, interior = 0, world = 0, bool:restart = false)
pawn-lang/YSI-Includes	pawn-lang--YSI-Includes/YSI_Visual/y_races/y_races_impl.inc	340	stock Race_Destroy(slot, bool:refund = false)
pawn-lang/YSI-Includes	pawn-lang--YSI-Includes/YSI_Visual/y_races/y_races_impl.inc	766	stock Race_PlayerLeave(playerid, bool:refund = false)
pawn-lang/YSI-Includes	pawn-lang--YSI-Includes/YSI_Visual/y_races/y_races_impl.inc	1118	stock Race_Loop()
pawn-lang/YSI-Includes	pawn-lang--YSI-Includes/YSI_Visual/y_races/y_races_impl.inc	1272	forward OnPlayerFinishRace(playerid, race, position, prize, time);
pawn-lang/YSI-Includes	pawn-lang--YSI-Includes/YSI_Visual/y_races/y_races_impl.inc	1275	forward OnPlayerExitRace(playerid, race);
pawn-lang/YSI-Includes	pawn-lang--YSI-Includes/YSI_Visual/y_races/y_races_impl.inc	1278	forward OnRaceEnd(race);
pawn-lang/YSI-Includes	pawn-lang--YSI-Includes/YSI_Visual/y_races/y_races_groups.inc	74	stock Races_SetupGroups() <YSI_has_groups:y>
pawn-lang/YSI-Includes	pawn-lang--YSI-Includes/YSI_Visual/y_races/y_races_groups.inc	81	stock Races_ResolveGroups(class, Group:forgroup, bool:cp) <YSI_has_groups:y>
pawn-lang/YSI-Includes	pawn-lang--YSI-Includes/YSI_Visual/y_races/y_races_entry.inc	114	stock _YSI_HAS_y_races(_do_not_call_me_ever_, _like_never_)
pawn-lang/YSI-Includes	pawn-lang--YSI-Includes/YSI_Visual/y_races/y_races_entry.inc	121	forward Race_Create(laps = 0, entryCost = 0, countdown = 3, bool:arial = false, bool:fixedPrize = true, exitTime = 0, interior = 0, world = 0, bool:restart = false);
pawn-lang/YSI-Includes	pawn-lang--YSI-Includes/YSI_Visual/y_races/y_races_entry.inc	122	forward Race_Destroy(slot, bool:refund = false);
pawn-lang/YSI-Includes	pawn-lang--YSI-Includes/YSI_Visual/y_races/y_races_entry.inc	138	forward Race_PlayerLeave(playerid, bool:refund = false);
pawn-lang/YSI-Includes	pawn-lang--YSI-Includes/YSI_Visual/y_commands/y_commands_impl.inc	244	forward Command_FastCallS(Func:func<s>, string:params[], master);
pawn-lang/YSI-Includes	pawn-lang--YSI-Includes/YSI_Visual/y_commands/y_commands_impl.inc	245	forward Command_FastCallIS(playerid, string:params[], master, Func:func<is>);
pawn-lang/YSI-Includes	pawn-lang--YSI-Includes/YSI_Visual/y_commands/y_commands_impl.inc	246	forward Command_FastCallISI(playerid, string:params[], help, master, Func:func<isi>);
pawn-lang/YSI-Includes	pawn-lang--YSI-Includes/YSI_Visual/y_commands/y_commands_impl.inc	256	native Command_FuncIDX(func) = funcidx;
pawn-lang/YSI-Includes	pawn-lang--YSI-Includes/YSI_Visual/y_commands/y_commands_impl.inc	294	forward e_COMMAND_ERRORS:OnPlayerCommandReceived(playerid, cmdtext[], e_COMMAND_ERRORS:success);
pawn-lang/YSI-Includes	pawn-lang--YSI-Includes/YSI_Visual/y_commands/y_commands_impl.inc	295	forward e_COMMAND_ERRORS:OnPlayerCommandPerformed(playerid, cmdtext[], e_COMMAND_ERRORS:success);
pawn-lang/YSI-Includes	pawn-lang--YSI-Includes/YSI_Visual/y_commands/y_commands_impl.inc	680	stock Command_AddAlt(oidx, const string:cmd[], bool:inherit = false)
pawn-lang/YSI-Includes	pawn-lang--YSI-Includes/YSI_Visual/y_commands/y_commands_impl.inc	1838	stock Command_AddAltNamed(const string:function[], const string:altname[], bool:inherit = false)
pawn-lang/YSI-Includes	pawn-lang--YSI-Includes/YSI_Visual/y_commands/y_commands_impl.inc	2308	stock bool:Command_IsValidPrefix(prefix)
pawn-lang/YSI-Includes	pawn-lang--YSI-Includes/YSI_Visual/y_commands/y_commands_impl.inc	2926	stock Command_AddCallback(const string:cmd[], playerid, {F@_@s, F@_@is, F@_@isi}:ptr, tag = tagof (ptr))
pawn-lang/YSI-Includes	pawn-lang--YSI-Includes/YSI_Visual/y_commands/y_commands_impl.inc	3149	stock Command_RemoveCallback(const string:cmd[], playerid, {_, F@_@s, F@_@is, F@_@isi}:owner = cellmin, tag = tagof (owner))
pawn-lang/YSI-Includes	pawn-lang--YSI-Includes/YSI_Visual/y_commands/y_commands_impl.inc	3359	stock Command_DecoratorGroup__(cmd, Group:g) <y_groups : y_groups_none>
pawn-lang/YSI-Includes	pawn-lang--YSI-Includes/YSI_Visual/y_commands/y_commands_impl.inc	3364	stock Command_DecoratorGroup__(cmd, Group:g) <>
pawn-lang/YSI-Includes	pawn-lang--YSI-Includes/YSI_Visual/y_commands/y_commands_impl.inc	3369	native Command_Strcat_(dest[], src, len) = strcat;
pawn-lang/YSI-Includes	pawn-lang--YSI-Includes/YSI_Visual/y_commands/y_commands_impl.inc	3425	stock Command_Decorator__(const __COMPILER_NAMED.string:func__[], const __COMPILER_NAMED.string:name[] = "", __COMPILER_NAMED.altcnt__ = 0, __COMPILER_NAMED.altptr__ = 0, __COMPILER_NAMED.prefix = '/', __COMPILER_NAMED.Group:group = Group:0, __COMPILER_NAMED.bool:disabled = false, __COMPILER_NAMED.bool:hidden = false, __COMPILER_NAMED.&id = 0)
pawn-lang/YSI-Includes	pawn-lang--YSI-Includes/YSI_Visual/y_commands/y_commands_impl.inc	3427	stock Command_Decorator__(const __COMPILER_NAMED.string:func__[], const __COMPILER_NAMED.string:name[] = "", __COMPILER_NAMED.altcnt__ = 0, __COMPILER_NAMED.altptr__ = 0, __COMPILER_NAMED.Group:group = Group:0, __COMPILER_NAMED.bool:disabled = false, __COMPILER_NAMED.bool:hidden = false, __COMPILER_NAMED.&id = 0)
pawn-lang/pawn-stdlib	pawn-lang--pawn-stdlib/console.inc	31	native print(const string[]);
pawn-lang/pawn-stdlib	pawn-lang--pawn-stdlib/console.inc	66	native printf(const format[], {Float, _}:...);
pawn-lang/pawn-stdlib	pawn-lang--pawn-stdlib/file.inc	78	native File:fopen(const name[], filemode:mode = io_readwrite);
pawn-lang/pawn-stdlib	pawn-lang--pawn-stdlib/file.inc	93	native bool:fclose(File:handle);
pawn-lang/pawn-stdlib	pawn-lang--pawn-stdlib/file.inc	102	native File:ftemp();
pawn-lang/pawn-stdlib	pawn-lang--pawn-stdlib/file.inc	117	native bool:fremove(const name[]);
pawn-lang/pawn-stdlib	pawn-lang--pawn-stdlib/file.inc	131	native fwrite(File:handle, const string[]);
pawn-lang/pawn-stdlib	pawn-lang--pawn-stdlib/file.inc	144	native fread(File:handle, string[], size = sizeof (string), bool:pack = false);
pawn-lang/pawn-stdlib	pawn-lang--pawn-stdlib/file.inc	155	native bool:fputchar(File:handle, value, bool:utf8 = true);
pawn-lang/pawn-stdlib	pawn-lang--pawn-stdlib/file.inc	168	native fgetchar(File:handle, value, bool:utf8 = true);
pawn-lang/pawn-stdlib	pawn-lang--pawn-stdlib/file.inc	179	native fblockwrite(File:handle, const buffer[], size = sizeof (buffer));
pawn-lang/pawn-stdlib	pawn-lang--pawn-stdlib/file.inc	191	native fblockread(File:handle, buffer[], size = sizeof (buffer));
pawn-lang/pawn-stdlib	pawn-lang--pawn-stdlib/file.inc	215	native fseek(File:handle, position = 0, seek_whence:whence = seek_start);
pawn-lang/pawn-stdlib	pawn-lang--pawn-stdlib/file.inc	225	native flength(File:handle);
pawn-lang/pawn-stdlib	pawn-lang--pawn-stdlib/file.inc	233	native fexist(const name[]);
pawn-lang/pawn-stdlib	pawn-lang--pawn-stdlib/file.inc	245	native bool:fmatch(name[], const pattern[], index = 0, size = sizeof (name));
pawn-lang/pawn-stdlib	pawn-lang--pawn-stdlib/time.inc	32	native gettime(&hour = 0, &minute = 0, &second = 0);
pawn-lang/pawn-stdlib	pawn-lang--pawn-stdlib/time.inc	43	native getdate(&year = 0, &month = 0, &day = 0);
pawn-lang/pawn-stdlib	pawn-lang--pawn-stdlib/time.inc	55	native tickcount(&granularity = 0);
pawn-lang/pawn-stdlib	pawn-lang--pawn-stdlib/float.inc	65	native Float:float(value);
pawn-lang/pawn-stdlib	pawn-lang--pawn-stdlib/float.inc	75	native Float:floatstr(const string[]);
pawn-lang/pawn-stdlib	pawn-lang--pawn-stdlib/float.inc	87	native Float:floatmul(Float:oper1, Float:oper2);
pawn-lang/pawn-stdlib	pawn-lang--pawn-stdlib/float.inc	99	native Float:floatdiv(Float:dividend, Float:divisor);
pawn-lang/pawn-stdlib	pawn-lang--pawn-stdlib/float.inc	112	native Float:floatadd(Float:oper1, Float:oper2);
pawn-lang/pawn-stdlib	pawn-lang--pawn-stdlib/float.inc	125	native Float:floatsub(Float:oper1, Float:oper2);
pawn-lang/pawn-stdlib	pawn-lang--pawn-stdlib/float.inc	135	native Float:floatfract(Float:value);
pawn-lang/pawn-stdlib	pawn-lang--pawn-stdlib/float.inc	157	native floatround(Float:value, floatround_method:method = floatround_round);
pawn-lang/pawn-stdlib	pawn-lang--pawn-stdlib/float.inc	167	native floatcmp(Float:oper1, Float:oper2);
pawn-lang/pawn-stdlib	pawn-lang--pawn-stdlib/float.inc	179	native Float:floatsqroot(Float:value);
pawn-lang/pawn-stdlib	pawn-lang--pawn-stdlib/float.inc	190	native Float:floatpower(Float:value, Float:exponent);
pawn-lang/pawn-stdlib	pawn-lang--pawn-stdlib/float.inc	201	native Float:floatlog(Float:value, Float:base = 10.0);
pawn-lang/pawn-stdlib	pawn-lang--pawn-stdlib/float.inc	225	native Float:floatsin(Float:value, anglemode:mode = radian);
pawn-lang/pawn-stdlib	pawn-lang--pawn-stdlib/float.inc	249	native Float:floatcos(Float:value, anglemode:mode = radian);
pawn-lang/pawn-stdlib	pawn-lang--pawn-stdlib/float.inc	273	native Float:floattan(Float:value, anglemode:mode = radian);
pawn-lang/pawn-stdlib	pawn-lang--pawn-stdlib/float.inc	281	native Float:floatabs(Float:value);
pawn-lang/pawn-stdlib	pawn-lang--pawn-stdlib/float.inc	287	native Float:operator*(Float:oper1, Float:oper2) = floatmul;
pawn-lang/pawn-stdlib	pawn-lang--pawn-stdlib/float.inc	292	native Float:operator/(Float:oper1, Float:oper2) = floatdiv;
pawn-lang/pawn-stdlib	pawn-lang--pawn-stdlib/float.inc	297	native Float:operator+(Float:oper1, Float:oper2) = floatadd;
pawn-lang/pawn-stdlib	pawn-lang--pawn-stdlib/float.inc	302	native Float:operator-(Float:oper1, Float:oper2) = floatsub;
pawn-lang/pawn-stdlib	pawn-lang--pawn-stdlib/float.inc	307	native Float:operator=(oper) = float;
pawn-lang/pawn-stdlib	pawn-lang--pawn-stdlib/float.inc	312	stock Float:operator++(Float:oper)
pawn-lang/pawn-stdlib	pawn-lang--pawn-stdlib/float.inc	320	stock Float:operator--(Float:oper)
pawn-lang/pawn-stdlib	pawn-lang--pawn-stdlib/float.inc	328	stock Float:operator-(Float:oper)
pawn-lang/pawn-stdlib	pawn-lang--pawn-stdlib/float.inc	336	stock Float:operator*(Float:oper1, oper2)
pawn-lang/pawn-stdlib	pawn-lang--pawn-stdlib/float.inc	344	stock Float:operator/(Float:oper1, oper2)
pawn-lang/pawn-stdlib	pawn-lang--pawn-stdlib/float.inc	352	stock Float:operator/(oper1, Float:oper2)
pawn-lang/pawn-stdlib	pawn-lang--pawn-stdlib/float.inc	360	stock Float:operator+(Float:oper1, oper2)
pawn-lang/pawn-stdlib	pawn-lang--pawn-stdlib/float.inc	368	stock Float:operator-(Float:oper1, oper2)
pawn-lang/pawn-stdlib	pawn-lang--pawn-stdlib/float.inc	376	stock Float:operator-(oper1, Float:oper2)
pawn-lang/pawn-stdlib	pawn-lang--pawn-stdlib/float.inc	384	stock bool:operator==(Float:oper1, Float:oper2)
pawn-lang/pawn-stdlib	pawn-lang--pawn-stdlib/float.inc	392	stock bool:operator==(Float:oper1, oper2)
pawn-lang/pawn-stdlib	pawn-lang--pawn-stdlib/float.inc	400	stock bool:operator!=(Float:oper1, Float:oper2)
pawn-lang/pawn-stdlib	pawn-lang--pawn-stdlib/float.inc	408	stock bool:operator!=(Float:oper1, oper2)
pawn-lang/pawn-stdlib	pawn-lang--pawn-stdlib/float.inc	416	stock bool:operator>(Float:oper1, Float:oper2)
pawn-lang/pawn-stdlib	pawn-lang--pawn-stdlib/float.inc	424	stock bool:operator>(Float:oper1, oper2)
pawn-lang/pawn-stdlib	pawn-lang--pawn-stdlib/float.inc	432	stock bool:operator>(oper1, Float:oper2)
pawn-lang/pawn-stdlib	pawn-lang--pawn-stdlib/float.inc	440	stock bool:operator>=(Float:oper1, Float:oper2)
pawn-lang/pawn-stdlib	pawn-lang--pawn-stdlib/float.inc	448	stock bool:operator>=(Float:oper1, oper2)
pawn-lang/pawn-stdlib	pawn-lang--pawn-stdlib/float.inc	456	stock bool:operator>=(oper1, Float:oper2)
pawn-lang/pawn-stdlib	pawn-lang--pawn-stdlib/float.inc	464	stock bool:operator<(Float:oper1, Float:oper2)
pawn-lang/pawn-stdlib	pawn-lang--pawn-stdlib/float.inc	472	stock bool:operator<(Float:oper1, oper2)
pawn-lang/pawn-stdlib	pawn-lang--pawn-stdlib/float.inc	480	stock bool:operator<(oper1, Float:oper2)
pawn-lang/pawn-stdlib	pawn-lang--pawn-stdlib/float.inc	488	stock bool:operator<=(Float:oper1, Float:oper2)
pawn-lang/pawn-stdlib	pawn-lang--pawn-stdlib/float.inc	496	stock bool:operator<=(Float:oper1, oper2)
pawn-lang/pawn-stdlib	pawn-lang--pawn-stdlib/float.inc	504	stock bool:operator<=(oper1, Float:oper2)
pawn-lang/pawn-stdlib	pawn-lang--pawn-stdlib/float.inc	512	stock bool:operator!(Float:oper)
pawn-lang/pawn-stdlib	pawn-lang--pawn-stdlib/float.inc	521	forward operator%(Float:oper1, Float:oper2);
pawn-lang/pawn-stdlib	pawn-lang--pawn-stdlib/float.inc	526	forward operator%(Float:oper1, oper2);
pawn-lang/pawn-stdlib	pawn-lang--pawn-stdlib/float.inc	531	forward operator%(oper1, Float:oper2);
pawn-lang/pawn-stdlib	pawn-lang--pawn-stdlib/string.inc	40	native strlen(const string[]);
pawn-lang/pawn-stdlib	pawn-lang--pawn-stdlib/string.inc	59	native strpack(dest[], const source[], maxlength = sizeof (dest));
pawn-lang/pawn-stdlib	pawn-lang--pawn-stdlib/string.inc	80	native strunpack(dest[], const source[], maxlength = sizeof (dest));
pawn-lang/pawn-stdlib	pawn-lang--pawn-stdlib/string.inc	99	native strcat(dest[], const source[], maxlength = sizeof (dest));
pawn-lang/pawn-stdlib	pawn-lang--pawn-stdlib/string.inc	110	stock strcopy(dest[], const source[], maxlength = sizeof (dest))
pawn-lang/pawn-stdlib	pawn-lang--pawn-stdlib/string.inc	134	native strmid(dest[], const source[], start, end, maxlength = sizeof (dest));
pawn-lang/pawn-stdlib	pawn-lang--pawn-stdlib/string.inc	153	native bool:strins(string[], const substr[], pos, maxlength = sizeof (string));
pawn-lang/pawn-stdlib	pawn-lang--pawn-stdlib/string.inc	171	native bool:strdel(string[], start, end);
pawn-lang/pawn-stdlib	pawn-lang--pawn-stdlib/string.inc	210	native strcmp(const string1[], const string2[], bool:ignorecase = false, length = cellmax);
pawn-lang/pawn-stdlib	pawn-lang--pawn-stdlib/string.inc	232	native strfind(const string[], const sub[], bool:ignorecase = false, pos = 0);
pawn-lang/pawn-stdlib	pawn-lang--pawn-stdlib/string.inc	249	native strval(const string[]);
pawn-lang/pawn-stdlib	pawn-lang--pawn-stdlib/string.inc	278	native valstr(dest[], value, bool:pack = false);
pawn-lang/pawn-stdlib	pawn-lang--pawn-stdlib/string.inc	286	native bool:ispacked(const string[]);
pawn-lang/pawn-stdlib	pawn-lang--pawn-stdlib/string.inc	291	native __strformat(dest[], size = sizeof (dest), const format[], {Float, _}:...) = format;
pawn-lang/pawn-stdlib	pawn-lang--pawn-stdlib/string.inc	293	native strformat(dest[], size = sizeof (dest), bool:pack = true, const format[], {Fixed, Float, _}:...);
pawn-lang/pawn-stdlib	pawn-lang--pawn-stdlib/string.inc	338	native uudecode(dest[], const source[], maxlength = sizeof (dest));
pawn-lang/pawn-stdlib	pawn-lang--pawn-stdlib/string.inc	361	native uuencode(dest[], const source[], numbytes, maxlength = sizeof (dest));
pawn-lang/pawn-stdlib	pawn-lang--pawn-stdlib/string.inc	385	native memcpy(dest[], const source[], index = 0, numbytes, maxlength = sizeof (dest));
pawn-lang/pawn-stdlib	pawn-lang--pawn-stdlib/string.inc	401	stock bool:strequal(const string1[], const string2[], bool:ignorecase = false, length = cellmax)
pawn-lang/pawn-stdlib	pawn-lang--pawn-stdlib/core.inc	33	native heapspace();
pawn-lang/pawn-stdlib	pawn-lang--pawn-stdlib/core.inc	44	native funcidx(const name[]);
pawn-lang/pawn-stdlib	pawn-lang--pawn-stdlib/core.inc	53	native numargs();
pawn-lang/pawn-stdlib	pawn-lang--pawn-stdlib/core.inc	64	native getarg(arg, index = 0);
pawn-lang/pawn-stdlib	pawn-lang--pawn-stdlib/core.inc	76	native setarg(arg, index = 0, value);
pawn-lang/pawn-stdlib	pawn-lang--pawn-stdlib/core.inc	86	native tolower(c);
pawn-lang/pawn-stdlib	pawn-lang--pawn-stdlib/core.inc	96	native toupper(c);
pawn-lang/pawn-stdlib	pawn-lang--pawn-stdlib/core.inc	104	native swapchars(c);
pawn-lang/pawn-stdlib	pawn-lang--pawn-stdlib/core.inc	117	native random(max);
pawn-lang/pawn-stdlib	pawn-lang--pawn-stdlib/core.inc	128	native min(value1, value2);
pawn-lang/pawn-stdlib	pawn-lang--pawn-stdlib/core.inc	139	native max(value1, value2);
pawn-lang/pawn-stdlib	pawn-lang--pawn-stdlib/core.inc	150	native clamp(value, min = cellmin, max = cellmax);
pawn-lang/pawn-stdlib	pawn-lang--pawn-stdlib/core.inc	167	native getproperty(id = 0, const name[] = "", value = cellmin, string[] = "");
pawn-lang/pawn-stdlib	pawn-lang--pawn-stdlib/core.inc	183	native setproperty(id = 0, const name[] = "", value = cellmin, const string[] = "");
pawn-lang/pawn-stdlib	pawn-lang--pawn-stdlib/core.inc	198	native deleteproperty(id = 0, const name[] = "", value = cellmin);
pawn-lang/pawn-stdlib	pawn-lang--pawn-stdlib/core.inc	213	native existproperty(id = 0, const name[] = "", value = cellmin);
pawn-lang/pawn-stdlib	pawn-lang--pawn-stdlib/datagram.inc	39	native sendstring(const message[], const destination[] = "");
pawn-lang/pawn-stdlib	pawn-lang--pawn-stdlib/datagram.inc	54	native sendpacket(const packet[], size, const destination[] = "");
pawn-lang/pawn-stdlib	pawn-lang--pawn-stdlib/datagram.inc	70	native listenport(port);
pawn-lang/pawn-stdlib	pawn-lang--pawn-stdlib/datagram.inc	84	forward @receivestring(const message[], const source[]);
pawn-lang/pawn-stdlib	pawn-lang--pawn-stdlib/datagram.inc	100	forward @receivepacket(const packet[], size, const source[]);
pawn-lang/samp-stdlib	pawn-lang--samp-stdlib/a_objects.inc	15	native CreateObject(modelid, Float:X, Float:Y, Float:Z, Float:rX, Float:rY, Float:rZ, Float:DrawDistance = 0.0);
pawn-lang/samp-stdlib	pawn-lang--samp-stdlib/a_objects.inc	16	native AttachObjectToVehicle(objectid, vehicleid, Float:OffsetX, Float:OffsetY, Float:OffsetZ, Float:RotX, Float:RotY, Float:RotZ);
pawn-lang/samp-stdlib	pawn-lang--samp-stdlib/a_objects.inc	17	native AttachObjectToObject(objectid, attachtoid, Float:OffsetX, Float:OffsetY, Float:OffsetZ, Float:RotX, Float:RotY, Float:RotZ, SyncRotation = 1);
pawn-lang/samp-stdlib	pawn-lang--samp-stdlib/a_objects.inc	18	native AttachObjectToPlayer(objectid, playerid, Float:OffsetX, Float:OffsetY, Float:OffsetZ, Float:RotX, Float:RotY, Float:RotZ);
pawn-lang/samp-stdlib	pawn-lang--samp-stdlib/a_objects.inc	19	native SetObjectPos(objectid, Float:X, Float:Y, Float:Z);
pawn-lang/samp-stdlib	pawn-lang--samp-stdlib/a_objects.inc	20	native GetObjectPos(objectid, &Float:X, &Float:Y, &Float:Z);
pawn-lang/samp-stdlib	pawn-lang--samp-stdlib/a_objects.inc	21	native SetObjectRot(objectid, Float:RotX, Float:RotY, Float:RotZ);
pawn-lang/samp-stdlib	pawn-lang--samp-stdlib/a_objects.inc	22	native GetObjectRot(objectid, &Float:RotX, &Float:RotY, &Float:RotZ);
pawn-lang/samp-stdlib	pawn-lang--samp-stdlib/a_objects.inc	23	native GetObjectModel(objectid);
pawn-lang/samp-stdlib	pawn-lang--samp-stdlib/a_objects.inc	24	native SetObjectNoCameraCol(objectid);
pawn-lang/samp-stdlib	pawn-lang--samp-stdlib/a_objects.inc	25	native IsValidObject(objectid);
pawn-lang/samp-stdlib	pawn-lang--samp-stdlib/a_objects.inc	26	native DestroyObject(objectid);
pawn-lang/samp-stdlib	pawn-lang--samp-stdlib/a_objects.inc	27	native MoveObject(objectid, Float:X, Float:Y, Float:Z, Float:Speed, Float:RotX = -1000.0, Float:RotY = -1000.0, Float:RotZ = -1000.0);
pawn-lang/samp-stdlib	pawn-lang--samp-stdlib/a_objects.inc	28	native StopObject(objectid);
pawn-lang/samp-stdlib	pawn-lang--samp-stdlib/a_objects.inc	29	native IsObjectMoving(objectid);
pawn-lang/samp-stdlib	pawn-lang--samp-stdlib/a_objects.inc	30	native EditObject(playerid, objectid);
pawn-lang/samp-stdlib	pawn-lang--samp-stdlib/a_objects.inc	31	native EditPlayerObject(playerid, objectid);
pawn-lang/samp-stdlib	pawn-lang--samp-stdlib/a_objects.inc	32	native SelectObject(playerid);
pawn-lang/samp-stdlib	pawn-lang--samp-stdlib/a_objects.inc	33	native CancelEdit(playerid);
pawn-lang/samp-stdlib	pawn-lang--samp-stdlib/a_objects.inc	34	native CreatePlayerObject(playerid, modelid, Float:X, Float:Y, Float:Z, Float:rX, Float:rY, Float:rZ, Float:DrawDistance = 0.0);
pawn-lang/samp-stdlib	pawn-lang--samp-stdlib/a_objects.inc	35	native AttachPlayerObjectToVehicle(playerid, objectid, vehicleid, Float:fOffsetX, Float:fOffsetY, Float:fOffsetZ, Float:fRotX, Float:fRotY, Float:RotZ);
pawn-lang/samp-stdlib	pawn-lang--samp-stdlib/a_objects.inc	36	native SetPlayerObjectPos(playerid, objectid, Float:X, Float:Y, Float:Z);
pawn-lang/samp-stdlib	pawn-lang--samp-stdlib/a_objects.inc	37	native GetPlayerObjectPos(playerid, objectid, &Float:X, &Float:Y, &Float:Z);
pawn-lang/samp-stdlib	pawn-lang--samp-stdlib/a_objects.inc	38	native SetPlayerObjectRot(playerid, objectid, Float:RotX, Float:RotY, Float:RotZ);
pawn-lang/samp-stdlib	pawn-lang--samp-stdlib/a_objects.inc	39	native GetPlayerObjectRot(playerid, objectid, &Float:RotX, &Float:RotY, &Float:RotZ);
pawn-lang/samp-stdlib	pawn-lang--samp-stdlib/a_objects.inc	40	native GetPlayerObjectModel(playerid, objectid);
pawn-lang/samp-stdlib	pawn-lang--samp-stdlib/a_objects.inc	41	native SetPlayerObjectNoCameraCol(playerid, objectid);
pawn-lang/samp-stdlib	pawn-lang--samp-stdlib/a_objects.inc	42	native IsValidPlayerObject(playerid, objectid);
pawn-lang/samp-stdlib	pawn-lang--samp-stdlib/a_objects.inc	43	native DestroyPlayerObject(playerid, objectid);
pawn-lang/samp-stdlib	pawn-lang--samp-stdlib/a_objects.inc	44	native MovePlayerObject(playerid, objectid, Float:X, Float:Y, Float:Z, Float:Speed, Float:RotX = -1000.0, Float:RotY = -1000.0, Float:RotZ = -1000.0);
pawn-lang/samp-stdlib	pawn-lang--samp-stdlib/a_objects.inc	45	native StopPlayerObject(playerid, objectid);
pawn-lang/samp-stdlib	pawn-lang--samp-stdlib/a_objects.inc	46	native IsPlayerObjectMoving(playerid, objectid);
pawn-lang/samp-stdlib	pawn-lang--samp-stdlib/a_objects.inc	47	native AttachPlayerObjectToPlayer(objectplayer, objectid, attachplayer, Float:OffsetX, Float:OffsetY, Float:OffsetZ, Float:rX, Float:rY, Float:rZ);
pawn-lang/samp-stdlib	pawn-lang--samp-stdlib/a_objects.inc	68	native SetObjectMaterial(objectid, materialindex, modelid, txdname[], texturename[], materialcolor=0);
pawn-lang/samp-stdlib	pawn-lang--samp-stdlib/a_objects.inc	69	native SetPlayerObjectMaterial(playerid, objectid, materialindex, modelid, txdname[], texturename[], materialcolor=0);
pawn-lang/samp-stdlib	pawn-lang--samp-stdlib/a_objects.inc	71	native SetObjectMaterialText(objectid, text[], materialindex = 0, materialsize = OBJECT_MATERIAL_SIZE_256x128, fontface[] = "Arial", fontsize = 24, bold = 1, fontcolor = 0xFFFFFFFF, backcolor = 0, textalignment = 0);
pawn-lang/samp-stdlib	pawn-lang--samp-stdlib/a_objects.inc	72	native SetPlayerObjectMaterialText(playerid, objectid, text[], materialindex = 0, materialsize = OBJECT_MATERIAL_SIZE_256x128, fontface[] = "Arial", fontsize = 24, bold = 1, fontcolor = 0xFFFFFFFF, backcolor = 0, textalignment = 0);
pawn-lang/samp-stdlib	pawn-lang--samp-stdlib/a_objects.inc	74	native SetObjectsDefaultCameraCol(disable);
pawn-lang/samp-stdlib	pawn-lang--samp-stdlib/a_vehicles.inc	33	native CreateVehicle(vehicletype, Float:x, Float:y, Float:z, Float:rotation, color1, color2, respawn_delay, addsiren=0);
pawn-lang/samp-stdlib	pawn-lang--samp-stdlib/a_vehicles.inc	34	native DestroyVehicle(vehicleid);
pawn-lang/samp-stdlib	pawn-lang--samp-stdlib/a_vehicles.inc	35	native IsVehicleStreamedIn(vehicleid, forplayerid);
pawn-lang/samp-stdlib	pawn-lang--samp-stdlib/a_vehicles.inc	36	native GetVehiclePos(vehicleid, &Float:x, &Float:y, &Float:z);
pawn-lang/samp-stdlib	pawn-lang--samp-stdlib/a_vehicles.inc	37	native SetVehiclePos(vehicleid, Float:x, Float:y, Float:z);
pawn-lang/samp-stdlib	pawn-lang--samp-stdlib/a_vehicles.inc	38	native GetVehicleZAngle(vehicleid, &Float:z_angle);
pawn-lang/samp-stdlib	pawn-lang--samp-stdlib/a_vehicles.inc	39	native GetVehicleRotationQuat(vehicleid, &Float:w, &Float:x, &Float:y, &Float:z);
pawn-lang/samp-stdlib	pawn-lang--samp-stdlib/a_vehicles.inc	40	native Float:GetVehicleDistanceFromPoint(vehicleid, Float:X, Float:Y, Float:Z);
pawn-lang/samp-stdlib	pawn-lang--samp-stdlib/a_vehicles.inc	41	native SetVehicleZAngle(vehicleid, Float:z_angle);
pawn-lang/samp-stdlib	pawn-lang--samp-stdlib/a_vehicles.inc	42	native SetVehicleParamsForPlayer(vehicleid,playerid,objective,doorslocked);
pawn-lang/samp-stdlib	pawn-lang--samp-stdlib/a_vehicles.inc	43	native ManualVehicleEngineAndLights();
pawn-lang/samp-stdlib	pawn-lang--samp-stdlib/a_vehicles.inc	44	native SetVehicleParamsEx(vehicleid, engine, lights, alarm, doors, bonnet, boot, objective);
pawn-lang/samp-stdlib	pawn-lang--samp-stdlib/a_vehicles.inc	45	native GetVehicleParamsEx(vehicleid, &engine, &lights, &alarm, &doors, &bonnet, &boot, &objective);
pawn-lang/samp-stdlib	pawn-lang--samp-stdlib/a_vehicles.inc	46	native GetVehicleParamsSirenState(vehicleid);
pawn-lang/samp-stdlib	pawn-lang--samp-stdlib/a_vehicles.inc	47	native SetVehicleParamsCarDoors(vehicleid, driver, passenger, backleft, backright);
pawn-lang/samp-stdlib	pawn-lang--samp-stdlib/a_vehicles.inc	48	native GetVehicleParamsCarDoors(vehicleid, &driver, &passenger, &backleft, &backright);
pawn-lang/samp-stdlib	pawn-lang--samp-stdlib/a_vehicles.inc	49	native SetVehicleParamsCarWindows(vehicleid, driver, passenger, backleft, backright);
pawn-lang/samp-stdlib	pawn-lang--samp-stdlib/a_vehicles.inc	50	native GetVehicleParamsCarWindows(vehicleid, &driver, &passenger, &backleft, &backright);
pawn-lang/samp-stdlib	pawn-lang--samp-stdlib/a_vehicles.inc	51	native SetVehicleToRespawn(vehicleid);
pawn-lang/samp-stdlib	pawn-lang--samp-stdlib/a_vehicles.inc	52	native LinkVehicleToInterior(vehicleid, interiorid);
pawn-lang/samp-stdlib	pawn-lang--samp-stdlib/a_vehicles.inc	53	native AddVehicleComponent(vehicleid, componentid);
pawn-lang/samp-stdlib	pawn-lang--samp-stdlib/a_vehicles.inc	54	native RemoveVehicleComponent(vehicleid, componentid);
pawn-lang/samp-stdlib	pawn-lang--samp-stdlib/a_vehicles.inc	55	native ChangeVehicleColor(vehicleid, color1, color2);
pawn-lang/samp-stdlib	pawn-lang--samp-stdlib/a_vehicles.inc	56	native ChangeVehiclePaintjob(vehicleid, paintjobid);
pawn-lang/samp-stdlib	pawn-lang--samp-stdlib/a_vehicles.inc	57	native SetVehicleHealth(vehicleid, Float:health);
pawn-lang/samp-stdlib	pawn-lang--samp-stdlib/a_vehicles.inc	58	native GetVehicleHealth(vehicleid, &Float:health);
pawn-lang/samp-stdlib	pawn-lang--samp-stdlib/a_vehicles.inc	59	native AttachTrailerToVehicle(trailerid, vehicleid);
pawn-lang/samp-stdlib	pawn-lang--samp-stdlib/a_vehicles.inc	60	native DetachTrailerFromVehicle(vehicleid);
pawn-lang/samp-stdlib	pawn-lang--samp-stdlib/a_vehicles.inc	61	native IsTrailerAttachedToVehicle(vehicleid);
pawn-lang/samp-stdlib	pawn-lang--samp-stdlib/a_vehicles.inc	62	native GetVehicleTrailer(vehicleid);
pawn-lang/samp-stdlib	pawn-lang--samp-stdlib/a_vehicles.inc	63	native SetVehicleNumberPlate(vehicleid, numberplate[]);
pawn-lang/samp-stdlib	pawn-lang--samp-stdlib/a_vehicles.inc	64	native GetVehicleModel(vehicleid);
pawn-lang/samp-stdlib	pawn-lang--samp-stdlib/a_vehicles.inc	65	native GetVehicleComponentInSlot(vehicleid, slot); // There is 1 slot for each CARMODTYPE_*
pawn-lang/samp-stdlib	pawn-lang--samp-stdlib/a_vehicles.inc	66	native GetVehicleComponentType(component); // Find CARMODTYPE_* for component id
pawn-lang/samp-stdlib	pawn-lang--samp-stdlib/a_vehicles.inc	67	native RepairVehicle(vehicleid); // Repairs the damage model and resets the health
pawn-lang/samp-stdlib	pawn-lang--samp-stdlib/a_vehicles.inc	68	native GetVehicleVelocity(vehicleid, &Float:X, &Float:Y, &Float:Z);
pawn-lang/samp-stdlib	pawn-lang--samp-stdlib/a_vehicles.inc	69	native SetVehicleVelocity(vehicleid, Float:X, Float:Y, Float:Z);
pawn-lang/samp-stdlib	pawn-lang--samp-stdlib/a_vehicles.inc	70	native SetVehicleAngularVelocity(vehicleid, Float:X, Float:Y, Float:Z);
pawn-lang/samp-stdlib	pawn-lang--samp-stdlib/a_vehicles.inc	71	native GetVehicleDamageStatus(vehicleid, &panels, &doors, &lights, &tires);
pawn-lang/samp-stdlib	pawn-lang--samp-stdlib/a_vehicles.inc	72	native UpdateVehicleDamageStatus(vehicleid, panels, doors, lights, tires);
pawn-lang/samp-stdlib	pawn-lang--samp-stdlib/a_vehicles.inc	84	native GetVehicleModelInfo(vehiclemodel, infotype, &Float:X, &Float:Y, &Float:Z);
pawn-lang/samp-stdlib	pawn-lang--samp-stdlib/a_vehicles.inc	87	native SetVehicleVirtualWorld(vehicleid, worldid);
pawn-lang/samp-stdlib	pawn-lang--samp-stdlib/a_vehicles.inc	88	native GetVehicleVirtualWorld(vehicleid);
pawn-lang/samp-stdlib	pawn-lang--samp-stdlib/a_actor.inc	13	native CreateActor(modelid, Float:X, Float:Y, Float:Z, Float:Rotation);
pawn-lang/samp-stdlib	pawn-lang--samp-stdlib/a_actor.inc	14	native DestroyActor(actorid);
pawn-lang/samp-stdlib	pawn-lang--samp-stdlib/a_actor.inc	16	native IsActorStreamedIn(actorid, forplayerid);
pawn-lang/samp-stdlib	pawn-lang--samp-stdlib/a_actor.inc	18	native SetActorVirtualWorld(actorid, vworld);
pawn-lang/samp-stdlib	pawn-lang--samp-stdlib/a_actor.inc	19	native GetActorVirtualWorld(actorid);
pawn-lang/samp-stdlib	pawn-lang--samp-stdlib/a_actor.inc	21	native ApplyActorAnimation(actorid, animlib[], animname[], Float:fDelta, loop, lockx, locky, freeze, time);
pawn-lang/samp-stdlib	pawn-lang--samp-stdlib/a_actor.inc	22	native ClearActorAnimations(actorid);
pawn-lang/samp-stdlib	pawn-lang--samp-stdlib/a_actor.inc	24	native SetActorPos(actorid, Float:X, Float:Y, Float:Z);
pawn-lang/samp-stdlib	pawn-lang--samp-stdlib/a_actor.inc	25	native GetActorPos(actorid, &Float:X, &Float:Y, &Float:Z);
pawn-lang/samp-stdlib	pawn-lang--samp-stdlib/a_actor.inc	26	native SetActorFacingAngle(actorid, Float:ang);
pawn-lang/samp-stdlib	pawn-lang--samp-stdlib/a_actor.inc	27	native GetActorFacingAngle(actorid, &Float:ang);
pawn-lang/samp-stdlib	pawn-lang--samp-stdlib/a_actor.inc	29	native SetActorHealth(actorid, Float:health);
pawn-lang/samp-stdlib	pawn-lang--samp-stdlib/a_actor.inc	30	native GetActorHealth(actorid, &Float:health);
pawn-lang/samp-stdlib	pawn-lang--samp-stdlib/a_actor.inc	31	native SetActorInvulnerable(actorid, invulnerable = true);
pawn-lang/samp-stdlib	pawn-lang--samp-stdlib/a_actor.inc	32	native IsActorInvulnerable(actorid);
pawn-lang/samp-stdlib	pawn-lang--samp-stdlib/a_actor.inc	34	native IsValidActor(actorid);
pawn-lang/samp-stdlib	pawn-lang--samp-stdlib/a_players.inc	59	native SetSpawnInfo(playerid, team, skin, Float:x, Float:y, Float:z, Float:rotation, weapon1, weapon1_ammo, weapon2, weapon2_ammo, weapon3, weapon3_ammo);
pawn-lang/samp-stdlib	pawn-lang--samp-stdlib/a_players.inc	60	native SpawnPlayer(playerid);
pawn-lang/samp-stdlib	pawn-lang--samp-stdlib/a_players.inc	63	native SetPlayerPos(playerid, Float:x, Float:y, Float:z);
pawn-lang/samp-stdlib	pawn-lang--samp-stdlib/a_players.inc	64	native SetPlayerPosFindZ(playerid, Float:x, Float:y, Float:z);
pawn-lang/samp-stdlib	pawn-lang--samp-stdlib/a_players.inc	65	native GetPlayerPos(playerid, &Float:x, &Float:y, &Float:z);
pawn-lang/samp-stdlib	pawn-lang--samp-stdlib/a_players.inc	66	native SetPlayerFacingAngle(playerid,Float:ang);
pawn-lang/samp-stdlib	pawn-lang--samp-stdlib/a_players.inc	67	native GetPlayerFacingAngle(playerid,&Float:ang);
pawn-lang/samp-stdlib	pawn-lang--samp-stdlib/a_players.inc	68	native IsPlayerInRangeOfPoint(playerid, Float:range, Float:x, Float:y, Float:z);
pawn-lang/samp-stdlib	pawn-lang--samp-stdlib/a_players.inc	69	native Float:GetPlayerDistanceFromPoint(playerid, Float:X, Float:Y, Float:Z);
pawn-lang/samp-stdlib	pawn-lang--samp-stdlib/a_players.inc	70	native IsPlayerStreamedIn(playerid, forplayerid);
pawn-lang/samp-stdlib	pawn-lang--samp-stdlib/a_players.inc	71	native SetPlayerInterior(playerid,interiorid);
pawn-lang/samp-stdlib	pawn-lang--samp-stdlib/a_players.inc	72	native GetPlayerInterior(playerid);
pawn-lang/samp-stdlib	pawn-lang--samp-stdlib/a_players.inc	73	native SetPlayerHealth(playerid, Float:health);
pawn-lang/samp-stdlib	pawn-lang--samp-stdlib/a_players.inc	74	native GetPlayerHealth(playerid, &Float:health);
pawn-lang/samp-stdlib	pawn-lang--samp-stdlib/a_players.inc	75	native SetPlayerArmour(playerid, Float:armour);
pawn-lang/samp-stdlib	pawn-lang--samp-stdlib/a_players.inc	76	native GetPlayerArmour(playerid, &Float:armour);
pawn-lang/samp-stdlib	pawn-lang--samp-stdlib/a_players.inc	77	native SetPlayerAmmo(playerid, weaponslot, ammo);
pawn-lang/samp-stdlib	pawn-lang--samp-stdlib/a_players.inc	78	native GetPlayerAmmo(playerid);
pawn-lang/samp-stdlib	pawn-lang--samp-stdlib/a_players.inc	79	native GetPlayerWeaponState(playerid);
pawn-lang/samp-stdlib	pawn-lang--samp-stdlib/a_players.inc	80	native GetPlayerTargetPlayer(playerid);
pawn-lang/samp-stdlib	pawn-lang--samp-stdlib/a_players.inc	81	native GetPlayerTargetActor(playerid);
pawn-lang/samp-stdlib	pawn-lang--samp-stdlib/a_players.inc	82	native SetPlayerTeam(playerid, teamid);
pawn-lang/samp-stdlib	pawn-lang--samp-stdlib/a_players.inc	83	native GetPlayerTeam(playerid);
pawn-lang/samp-stdlib	pawn-lang--samp-stdlib/a_players.inc	84	native SetPlayerScore(playerid,score);
pawn-lang/samp-stdlib	pawn-lang--samp-stdlib/a_players.inc	85	native GetPlayerScore(playerid);
pawn-lang/samp-stdlib	pawn-lang--samp-stdlib/a_players.inc	86	native GetPlayerDrunkLevel(playerid);
pawn-lang/samp-stdlib	pawn-lang--samp-stdlib/a_players.inc	87	native SetPlayerDrunkLevel(playerid, level);
pawn-lang/samp-stdlib	pawn-lang--samp-stdlib/a_players.inc	88	native SetPlayerColor(playerid,color);
pawn-lang/samp-stdlib	pawn-lang--samp-stdlib/a_players.inc	89	native GetPlayerColor(playerid);
pawn-lang/samp-stdlib	pawn-lang--samp-stdlib/a_players.inc	90	native SetPlayerSkin(playerid, skinid);
pawn-lang/samp-stdlib	pawn-lang--samp-stdlib/a_players.inc	91	native GetPlayerSkin(playerid);
pawn-lang/samp-stdlib	pawn-lang--samp-stdlib/a_players.inc	92	native GivePlayerWeapon(playerid, weaponid, ammo);
pawn-lang/samp-stdlib	pawn-lang--samp-stdlib/a_players.inc	93	native ResetPlayerWeapons(playerid);
pawn-lang/samp-stdlib	pawn-lang--samp-stdlib/a_players.inc	94	native SetPlayerArmedWeapon(playerid, weaponid);
pawn-lang/samp-stdlib	pawn-lang--samp-stdlib/a_players.inc	95	native GetPlayerWeaponData(playerid, slot, &weapons, &ammo);
pawn-lang/samp-stdlib	pawn-lang--samp-stdlib/a_players.inc	96	native GivePlayerMoney(playerid,money);
pawn-lang/samp-stdlib	pawn-lang--samp-stdlib/a_players.inc	97	native ResetPlayerMoney(playerid);
pawn-lang/samp-stdlib	pawn-lang--samp-stdlib/a_players.inc	98	native SetPlayerName(playerid, const name[]);
pawn-lang/samp-stdlib	pawn-lang--samp-stdlib/a_players.inc	99	native GetPlayerMoney(playerid);
pawn-lang/samp-stdlib	pawn-lang--samp-stdlib/a_players.inc	100	native GetPlayerState(playerid);
pawn-lang/samp-stdlib	pawn-lang--samp-stdlib/a_players.inc	101	native GetPlayerIp(playerid, name[], len);
pawn-lang/samp-stdlib	pawn-lang--samp-stdlib/a_players.inc	102	native GetPlayerPing(playerid);
pawn-lang/samp-stdlib	pawn-lang--samp-stdlib/a_players.inc	103	native GetPlayerWeapon(playerid);
pawn-lang/samp-stdlib	pawn-lang--samp-stdlib/a_players.inc	104	native GetPlayerKeys(playerid, &keys, &updown, &leftright);
pawn-lang/samp-stdlib	pawn-lang--samp-stdlib/a_players.inc	105	native GetPlayerName(playerid, const name[], len);
pawn-lang/samp-stdlib	pawn-lang--samp-stdlib/a_players.inc	106	native SetPlayerTime(playerid, hour, minute);
pawn-lang/samp-stdlib	pawn-lang--samp-stdlib/a_players.inc	107	native GetPlayerTime(playerid, &hour, &minute);
pawn-lang/samp-stdlib	pawn-lang--samp-stdlib/a_players.inc	108	native TogglePlayerClock(playerid, toggle);
pawn-lang/samp-stdlib	pawn-lang--samp-stdlib/a_players.inc	109	native SetPlayerWeather(playerid, weather);
pawn-lang/samp-stdlib	pawn-lang--samp-stdlib/a_players.inc	110	native ForceClassSelection(playerid);
pawn-lang/samp-stdlib	pawn-lang--samp-stdlib/a_players.inc	111	native SetPlayerWantedLevel(playerid, level);
pawn-lang/samp-stdlib	pawn-lang--samp-stdlib/a_players.inc	112	native GetPlayerWantedLevel(playerid);
pawn-lang/samp-stdlib	pawn-lang--samp-stdlib/a_players.inc	113	native SetPlayerFightingStyle(playerid, style);
pawn-lang/samp-stdlib	pawn-lang--samp-stdlib/a_players.inc	114	native GetPlayerFightingStyle(playerid);
pawn-lang/samp-stdlib	pawn-lang--samp-stdlib/a_players.inc	115	native SetPlayerVelocity(playerid, Float:X, Float:Y, Float:Z);
pawn-lang/samp-stdlib	pawn-lang--samp-stdlib/a_players.inc	116	native GetPlayerVelocity( playerid, &Float:X, &Float:Y, &Float:Z );
pawn-lang/samp-stdlib	pawn-lang--samp-stdlib/a_players.inc	117	native PlayCrimeReportForPlayer(playerid, suspectid, crime);
pawn-lang/samp-stdlib	pawn-lang--samp-stdlib/a_players.inc	118	native PlayAudioStreamForPlayer(playerid, url[], Float:posX = 0.0, Float:posY = 0.0, Float:posZ = 0.0, Float:distance = 50.0, usepos = 0);
pawn-lang/samp-stdlib	pawn-lang--samp-stdlib/a_players.inc	119	native StopAudioStreamForPlayer(playerid);
pawn-lang/samp-stdlib	pawn-lang--samp-stdlib/a_players.inc	120	native SetPlayerShopName(playerid, shopname[]);
pawn-lang/samp-stdlib	pawn-lang--samp-stdlib/a_players.inc	121	native SetPlayerSkillLevel(playerid, skill, level);
pawn-lang/samp-stdlib	pawn-lang--samp-stdlib/a_players.inc	122	native GetPlayerSurfingVehicleID(playerid);
pawn-lang/samp-stdlib	pawn-lang--samp-stdlib/a_players.inc	123	native GetPlayerSurfingObjectID(playerid);
pawn-lang/samp-stdlib	pawn-lang--samp-stdlib/a_players.inc	124	native RemoveBuildingForPlayer(playerid, modelid, Float:fX, Float:fY, Float:fZ, Float:fRadius);
pawn-lang/samp-stdlib	pawn-lang--samp-stdlib/a_players.inc	125	native GetPlayerLastShotVectors(playerid, &Float:fOriginX, &Float:fOriginY, &Float:fOriginZ, &Float:fHitPosX, &Float:fHitPosY, &Float:fHitPosZ);
pawn-lang/samp-stdlib	pawn-lang--samp-stdlib/a_players.inc	131	native SetPlayerAttachedObject(playerid, index, modelid, bone, Float:fOffsetX = 0.0, Float:fOffsetY = 0.0, Float:fOffsetZ = 0.0, Float:fRotX = 0.0, Float:fRotY = 0.0, Float:fRotZ = 0.0, Float:fScaleX = 1.0, Float:fScaleY = 1.0, Float:fScaleZ = 1.0, materialcolor1 = 0, materialcolor2 = 0);
pawn-lang/samp-stdlib	pawn-lang--samp-stdlib/a_players.inc	132	native RemovePlayerAttachedObject(playerid, index);
pawn-lang/samp-stdlib	pawn-lang--samp-stdlib/a_players.inc	133	native IsPlayerAttachedObjectSlotUsed(playerid, index);
pawn-lang/samp-stdlib	pawn-lang--samp-stdlib/a_players.inc	134	native EditAttachedObject(playerid, index);
pawn-lang/samp-stdlib	pawn-lang--samp-stdlib/a_players.inc	137	native PlayerText:CreatePlayerTextDraw(playerid, Float:x, Float:y, text[]);
pawn-lang/samp-stdlib	pawn-lang--samp-stdlib/a_players.inc	138	native PlayerTextDrawDestroy(playerid, PlayerText:text);
pawn-lang/samp-stdlib	pawn-lang--samp-stdlib/a_players.inc	139	native PlayerTextDrawLetterSize(playerid, PlayerText:text, Float:x, Float:y);
pawn-lang/samp-stdlib	pawn-lang--samp-stdlib/a_players.inc	140	native PlayerTextDrawTextSize(playerid, PlayerText:text, Float:x, Float:y);
pawn-lang/samp-stdlib	pawn-lang--samp-stdlib/a_players.inc	141	native PlayerTextDrawAlignment(playerid, PlayerText:text, alignment);
pawn-lang/samp-stdlib	pawn-lang--samp-stdlib/a_players.inc	142	native PlayerTextDrawColor(playerid, PlayerText:text, color);
pawn-lang/samp-stdlib	pawn-lang--samp-stdlib/a_players.inc	143	native PlayerTextDrawUseBox(playerid, PlayerText:text, use);
pawn-lang/samp-stdlib	pawn-lang--samp-stdlib/a_players.inc	144	native PlayerTextDrawBoxColor(playerid, PlayerText:text, color);
pawn-lang/samp-stdlib	pawn-lang--samp-stdlib/a_players.inc	145	native PlayerTextDrawSetShadow(playerid, PlayerText:text, size);
pawn-lang/samp-stdlib	pawn-lang--samp-stdlib/a_players.inc	146	native PlayerTextDrawSetOutline(playerid, PlayerText:text, size);
pawn-lang/samp-stdlib	pawn-lang--samp-stdlib/a_players.inc	147	native PlayerTextDrawBackgroundColor(playerid, PlayerText:text, color);
pawn-lang/samp-stdlib	pawn-lang--samp-stdlib/a_players.inc	148	native PlayerTextDrawFont(playerid, PlayerText:text, font);
pawn-lang/samp-stdlib	pawn-lang--samp-stdlib/a_players.inc	149	native PlayerTextDrawSetProportional(playerid, PlayerText:text, set);
pawn-lang/samp-stdlib	pawn-lang--samp-stdlib/a_players.inc	150	native PlayerTextDrawSetSelectable(playerid, PlayerText:text, set);
pawn-lang/samp-stdlib	pawn-lang--samp-stdlib/a_players.inc	151	native PlayerTextDrawShow(playerid, PlayerText:text);
pawn-lang/samp-stdlib	pawn-lang--samp-stdlib/a_players.inc	152	native PlayerTextDrawHide(playerid, PlayerText:text);
pawn-lang/samp-stdlib	pawn-lang--samp-stdlib/a_players.inc	153	native PlayerTextDrawSetString(playerid, PlayerText:text, string[]);
pawn-lang/samp-stdlib	pawn-lang--samp-stdlib/a_players.inc	154	native PlayerTextDrawSetPreviewModel(playerid, PlayerText:text, modelindex);
pawn-lang/samp-stdlib	pawn-lang--samp-stdlib/a_players.inc	155	native PlayerTextDrawSetPreviewRot(playerid, PlayerText:text, Float:fRotX, Float:fRotY, Float:fRotZ, Float:fZoom = 1.0);
pawn-lang/samp-stdlib	pawn-lang--samp-stdlib/a_players.inc	156	native PlayerTextDrawSetPreviewVehCol(playerid, PlayerText:text, color1, color2);
pawn-lang/samp-stdlib	pawn-lang--samp-stdlib/a_players.inc	159	native SetPVarInt(playerid, varname[], int_value);
pawn-lang/samp-stdlib	pawn-lang--samp-stdlib/a_players.inc	160	native GetPVarInt(playerid, varname[]);
pawn-lang/samp-stdlib	pawn-lang--samp-stdlib/a_players.inc	161	native SetPVarString(playerid, varname[], string_value[]);
pawn-lang/samp-stdlib	pawn-lang--samp-stdlib/a_players.inc	162	native GetPVarString(playerid, varname[], string_return[], len);
pawn-lang/samp-stdlib	pawn-lang--samp-stdlib/a_players.inc	163	native SetPVarFloat(playerid, varname[], Float:float_value);
pawn-lang/samp-stdlib	pawn-lang--samp-stdlib/a_players.inc	164	native Float:GetPVarFloat(playerid, varname[]);
pawn-lang/samp-stdlib	pawn-lang--samp-stdlib/a_players.inc	165	native DeletePVar(playerid, varname[]);
pawn-lang/samp-stdlib	pawn-lang--samp-stdlib/a_players.inc	173	native GetPVarsUpperIndex(playerid);
pawn-lang/samp-stdlib	pawn-lang--samp-stdlib/a_players.inc	174	native GetPVarNameAtIndex(playerid, index, ret_varname[], ret_len);
pawn-lang/samp-stdlib	pawn-lang--samp-stdlib/a_players.inc	175	native GetPVarType(playerid, varname[]);
pawn-lang/samp-stdlib	pawn-lang--samp-stdlib/a_players.inc	178	native SetPlayerChatBubble(playerid, text[], color, Float:drawdistance, expiretime);
pawn-lang/samp-stdlib	pawn-lang--samp-stdlib/a_players.inc	181	native PutPlayerInVehicle(playerid, vehicleid, seatid);
pawn-lang/samp-stdlib	pawn-lang--samp-stdlib/a_players.inc	182	native GetPlayerVehicleID(playerid);
pawn-lang/samp-stdlib	pawn-lang--samp-stdlib/a_players.inc	183	native GetPlayerVehicleSeat(playerid);
pawn-lang/samp-stdlib	pawn-lang--samp-stdlib/a_players.inc	184	native RemovePlayerFromVehicle(playerid);
pawn-lang/samp-stdlib	pawn-lang--samp-stdlib/a_players.inc	185	native TogglePlayerControllable(playerid, toggle);
pawn-lang/samp-stdlib	pawn-lang--samp-stdlib/a_players.inc	186	native PlayerPlaySound(playerid, soundid, Float:x, Float:y, Float:z);
pawn-lang/samp-stdlib	pawn-lang--samp-stdlib/a_players.inc	187	native ApplyAnimation(playerid, animlib[], animname[], Float:fDelta, loop, lockx, locky, freeze, time, forcesync = 0);
pawn-lang/samp-stdlib	pawn-lang--samp-stdlib/a_players.inc	188	native ClearAnimations(playerid, forcesync = 0);
pawn-lang/samp-stdlib	pawn-lang--samp-stdlib/a_players.inc	189	native GetPlayerAnimationIndex(playerid); // return the index of any running applied animations (0 if none are running)
pawn-lang/samp-stdlib	pawn-lang--samp-stdlib/a_players.inc	190	native GetAnimationName(index, animlib[], len1, animname[], len2); // get the animation lib/name for the index
pawn-lang/samp-stdlib	pawn-lang--samp-stdlib/a_players.inc	191	native GetPlayerSpecialAction(playerid);
pawn-lang/samp-stdlib	pawn-lang--samp-stdlib/a_players.inc	192	native SetPlayerSpecialAction(playerid,actionid);
pawn-lang/samp-stdlib	pawn-lang--samp-stdlib/a_players.inc	193	native DisableRemoteVehicleCollisions(playerid, disable);
pawn-lang/samp-stdlib	pawn-lang--samp-stdlib/a_players.inc	196	native SetPlayerCheckpoint(playerid, Float:x, Float:y, Float:z, Float:size);
pawn-lang/samp-stdlib	pawn-lang--samp-stdlib/a_players.inc	197	native DisablePlayerCheckpoint(playerid);
pawn-lang/samp-stdlib	pawn-lang--samp-stdlib/a_players.inc	198	native SetPlayerRaceCheckpoint(playerid, type, Float:x, Float:y, Float:z, Float:nextx, Float:nexty, Float:nextz, Float:size);
pawn-lang/samp-stdlib	pawn-lang--samp-stdlib/a_players.inc	199	native DisablePlayerRaceCheckpoint(playerid);
pawn-lang/samp-stdlib	pawn-lang--samp-stdlib/a_players.inc	200	native SetPlayerWorldBounds(playerid,Float:x_max,Float:x_min,Float:y_max,Float:y_min);
pawn-lang/samp-stdlib	pawn-lang--samp-stdlib/a_players.inc	201	native SetPlayerMarkerForPlayer(playerid, showplayerid, color);
pawn-lang/samp-stdlib	pawn-lang--samp-stdlib/a_players.inc	202	native ShowPlayerNameTagForPlayer(playerid, showplayerid, show);
pawn-lang/samp-stdlib	pawn-lang--samp-stdlib/a_players.inc	209	native SetPlayerMapIcon(playerid, iconid, Float:x, Float:y, Float:z, markertype, color, style = MAPICON_LOCAL);
pawn-lang/samp-stdlib	pawn-lang--samp-stdlib/a_players.inc	210	native RemovePlayerMapIcon(playerid, iconid);
pawn-lang/samp-stdlib	pawn-lang--samp-stdlib/a_players.inc	212	native AllowPlayerTeleport(playerid, allow);
pawn-lang/samp-stdlib	pawn-lang--samp-stdlib/a_players.inc	215	native SetPlayerCameraPos(playerid,Float:x, Float:y, Float:z);
pawn-lang/samp-stdlib	pawn-lang--samp-stdlib/a_players.inc	220	native SetPlayerCameraLookAt(playerid, Float:x, Float:y, Float:z, cut = CAMERA_CUT);
pawn-lang/samp-stdlib	pawn-lang--samp-stdlib/a_players.inc	221	native SetCameraBehindPlayer(playerid);
pawn-lang/samp-stdlib	pawn-lang--samp-stdlib/a_players.inc	222	native GetPlayerCameraPos(playerid, &Float:x, &Float:y, &Float:z);
pawn-lang/samp-stdlib	pawn-lang--samp-stdlib/a_players.inc	223	native GetPlayerCameraFrontVector(playerid, &Float:x, &Float:y, &Float:z);
pawn-lang/samp-stdlib	pawn-lang--samp-stdlib/a_players.inc	224	native GetPlayerCameraMode(playerid);
pawn-lang/samp-stdlib	pawn-lang--samp-stdlib/a_players.inc	225	native EnablePlayerCameraTarget(playerid, enable);
pawn-lang/samp-stdlib	pawn-lang--samp-stdlib/a_players.inc	226	native GetPlayerCameraTargetObject(playerid);
pawn-lang/samp-stdlib	pawn-lang--samp-stdlib/a_players.inc	227	native GetPlayerCameraTargetVehicle(playerid);
pawn-lang/samp-stdlib	pawn-lang--samp-stdlib/a_players.inc	228	native GetPlayerCameraTargetPlayer(playerid);
pawn-lang/samp-stdlib	pawn-lang--samp-stdlib/a_players.inc	229	native GetPlayerCameraTargetActor(playerid);
pawn-lang/samp-stdlib	pawn-lang--samp-stdlib/a_players.inc	230	native Float:GetPlayerCameraAspectRatio(playerid);
pawn-lang/samp-stdlib	pawn-lang--samp-stdlib/a_players.inc	231	native Float:GetPlayerCameraZoom(playerid);
pawn-lang/samp-stdlib	pawn-lang--samp-stdlib/a_players.inc	232	native AttachCameraToObject(playerid, objectid);
pawn-lang/samp-stdlib	pawn-lang--samp-stdlib/a_players.inc	233	native AttachCameraToPlayerObject(playerid, playerobjectid);
pawn-lang/samp-stdlib	pawn-lang--samp-stdlib/a_players.inc	234	native InterpolateCameraPos(playerid, Float:FromX, Float:FromY, Float:FromZ, Float:ToX, Float:ToY, Float:ToZ, time, cut = CAMERA_CUT);
pawn-lang/samp-stdlib	pawn-lang--samp-stdlib/a_players.inc	235	native InterpolateCameraLookAt(playerid, Float:FromX, Float:FromY, Float:FromZ, Float:ToX, Float:ToY, Float:ToZ, time, cut = CAMERA_CUT);
pawn-lang/samp-stdlib	pawn-lang--samp-stdlib/a_players.inc	238	native IsPlayerConnected(playerid);
pawn-lang/samp-stdlib	pawn-lang--samp-stdlib/a_players.inc	239	native IsPlayerInVehicle(playerid, vehicleid);
pawn-lang/samp-stdlib	pawn-lang--samp-stdlib/a_players.inc	240	native IsPlayerInAnyVehicle(playerid);
pawn-lang/samp-stdlib	pawn-lang--samp-stdlib/a_players.inc	241	native IsPlayerInCheckpoint(playerid);
pawn-lang/samp-stdlib	pawn-lang--samp-stdlib/a_players.inc	242	native IsPlayerInRaceCheckpoint(playerid);
pawn-lang/samp-stdlib	pawn-lang--samp-stdlib/a_players.inc	245	native SetPlayerVirtualWorld(playerid, worldid);
pawn-lang/samp-stdlib	pawn-lang--samp-stdlib/a_players.inc	246	native GetPlayerVirtualWorld(playerid);
pawn-lang/samp-stdlib	pawn-lang--samp-stdlib/a_players.inc	249	native EnableStuntBonusForPlayer(playerid, enable);
pawn-lang/samp-stdlib	pawn-lang--samp-stdlib/a_players.inc	250	native EnableStuntBonusForAll(enable);
pawn-lang/samp-stdlib	pawn-lang--samp-stdlib/a_players.inc	257	native TogglePlayerSpectating(playerid, toggle);
pawn-lang/samp-stdlib	pawn-lang--samp-stdlib/a_players.inc	258	native PlayerSpectatePlayer(playerid, targetplayerid, mode = SPECTATE_MODE_NORMAL);
pawn-lang/samp-stdlib	pawn-lang--samp-stdlib/a_players.inc	259	native PlayerSpectateVehicle(playerid, targetvehicleid, mode = SPECTATE_MODE_NORMAL);
pawn-lang/samp-stdlib	pawn-lang--samp-stdlib/a_players.inc	266	native StartRecordingPlayerData(playerid, recordtype, recordname[]);
pawn-lang/samp-stdlib	pawn-lang--samp-stdlib/a_players.inc	267	native StopRecordingPlayerData(playerid);
pawn-lang/samp-stdlib	pawn-lang--samp-stdlib/a_players.inc	269	native SelectTextDraw(playerid, hovercolor); // enables the mouse so the player can select a textdraw
pawn-lang/samp-stdlib	pawn-lang--samp-stdlib/a_players.inc	270	native CancelSelectTextDraw(playerid);	// cancel textdraw selection with the mouse
pawn-lang/samp-stdlib	pawn-lang--samp-stdlib/a_players.inc	273	native CreateExplosionForPlayer(playerid, Float:X, Float:Y, Float:Z, type, Float:Radius);
pawn-lang/samp-stdlib	pawn-lang--samp-stdlib/a_npc.inc	27	native print(const string[]);
pawn-lang/samp-stdlib	pawn-lang--samp-stdlib/a_npc.inc	28	native printf(const format[], {Float,_}:...);
pawn-lang/samp-stdlib	pawn-lang--samp-stdlib/a_npc.inc	29	native format(output[], len, const format[], {Float,_}:...);
pawn-lang/samp-stdlib	pawn-lang--samp-stdlib/a_npc.inc	30	native SetTimer(funcname[], interval, repeating);
pawn-lang/samp-stdlib	pawn-lang--samp-stdlib/a_npc.inc	31	native KillTimer(timerid);
pawn-lang/samp-stdlib	pawn-lang--samp-stdlib/a_npc.inc	32	native GetTickCount();
pawn-lang/samp-stdlib	pawn-lang--samp-stdlib/a_npc.inc	33	native Float:asin(Float:value);
pawn-lang/samp-stdlib	pawn-lang--samp-stdlib/a_npc.inc	34	native Float:acos(Float:value);
pawn-lang/samp-stdlib	pawn-lang--samp-stdlib/a_npc.inc	35	native Float:atan(Float:value);
pawn-lang/samp-stdlib	pawn-lang--samp-stdlib/a_npc.inc	36	native Float:atan2(Float:x, Float:y);
pawn-lang/samp-stdlib	pawn-lang--samp-stdlib/a_npc.inc	38	native SendChat(msg[]);
pawn-lang/samp-stdlib	pawn-lang--samp-stdlib/a_npc.inc	39	native SendCommand(commandtext[]);
pawn-lang/samp-stdlib	pawn-lang--samp-stdlib/a_npc.inc	41	native GetPlayerState(playerid);
pawn-lang/samp-stdlib	pawn-lang--samp-stdlib/a_npc.inc	42	native GetPlayerPos(playerid, &Float:x, &Float:y, &Float:z);
pawn-lang/samp-stdlib	pawn-lang--samp-stdlib/a_npc.inc	43	native GetPlayerVehicleID(playerid);
pawn-lang/samp-stdlib	pawn-lang--samp-stdlib/a_npc.inc	44	native GetPlayerArmedWeapon(playerid);
pawn-lang/samp-stdlib	pawn-lang--samp-stdlib/a_npc.inc	45	native GetPlayerHealth(playerid);
pawn-lang/samp-stdlib	pawn-lang--samp-stdlib/a_npc.inc	46	native GetPlayerArmour(playerid);
pawn-lang/samp-stdlib	pawn-lang--samp-stdlib/a_npc.inc	47	native GetPlayerSpecialAction(playerid);
pawn-lang/samp-stdlib	pawn-lang--samp-stdlib/a_npc.inc	48	native IsPlayerStreamedIn(playerid);
pawn-lang/samp-stdlib	pawn-lang--samp-stdlib/a_npc.inc	49	native IsVehicleStreamedIn(vehicleid);
pawn-lang/samp-stdlib	pawn-lang--samp-stdlib/a_npc.inc	50	native GetPlayerKeys(playerid, &keys, &updown, &leftright);
pawn-lang/samp-stdlib	pawn-lang--samp-stdlib/a_npc.inc	51	native GetPlayerFacingAngle(playerid, &Float:ang);
pawn-lang/samp-stdlib	pawn-lang--samp-stdlib/a_npc.inc	52	native GetMyPos(&Float:x, &Float:y, &Float:z);
pawn-lang/samp-stdlib	pawn-lang--samp-stdlib/a_npc.inc	53	native SetMyPos(Float:x, Float:y, Float:z);
pawn-lang/samp-stdlib	pawn-lang--samp-stdlib/a_npc.inc	54	native GetMyFacingAngle(&Float:ang);
pawn-lang/samp-stdlib	pawn-lang--samp-stdlib/a_npc.inc	55	native SetMyFacingAngle(Float:ang);
pawn-lang/samp-stdlib	pawn-lang--samp-stdlib/a_npc.inc	57	native GetDistanceFromMeToPoint(Float:X, Float:Y, Float:Z, &Float:Distance);
pawn-lang/samp-stdlib	pawn-lang--samp-stdlib/a_npc.inc	58	native IsPlayerInRangeOfPoint(playerid, Float:range, Float:X, Float:Y, Float:Z);
pawn-lang/samp-stdlib	pawn-lang--samp-stdlib/a_npc.inc	60	native GetPlayerName(playerid, const name[], len);
pawn-lang/samp-stdlib	pawn-lang--samp-stdlib/a_npc.inc	61	native IsPlayerConnected(playerid);
pawn-lang/samp-stdlib	pawn-lang--samp-stdlib/a_npc.inc	67	native StartRecordingPlayback(playbacktype, recordname[]);
pawn-lang/samp-stdlib	pawn-lang--samp-stdlib/a_npc.inc	68	native StopRecordingPlayback();
pawn-lang/samp-stdlib	pawn-lang--samp-stdlib/a_npc.inc	69	native PauseRecordingPlayback();
pawn-lang/samp-stdlib	pawn-lang--samp-stdlib/a_npc.inc	70	native ResumeRecordingPlayback();
pawn-lang/samp-stdlib	pawn-lang--samp-stdlib/a_npc.inc	174	forward OnNPCModeInit();
pawn-lang/samp-stdlib	pawn-lang--samp-stdlib/a_npc.inc	175	forward OnNPCModeExit();
pawn-lang/samp-stdlib	pawn-lang--samp-stdlib/a_npc.inc	176	forward OnNPCConnect(myplayerid);
pawn-lang/samp-stdlib	pawn-lang--samp-stdlib/a_npc.inc	177	forward OnNPCDisconnect(reason[]);
pawn-lang/samp-stdlib	pawn-lang--samp-stdlib/a_npc.inc	178	forward OnNPCSpawn();
pawn-lang/samp-stdlib	pawn-lang--samp-stdlib/a_npc.inc	179	forward OnNPCEnterVehicle(vehicleid, seatid);
pawn-lang/samp-stdlib	pawn-lang--samp-stdlib/a_npc.inc	180	forward OnNPCExitVehicle();
pawn-lang/samp-stdlib	pawn-lang--samp-stdlib/a_npc.inc	181	forward OnClientMessage(color, text[]);
pawn-lang/samp-stdlib	pawn-lang--samp-stdlib/a_npc.inc	182	forward OnPlayerDeath(playerid);
pawn-lang/samp-stdlib	pawn-lang--samp-stdlib/a_npc.inc	183	forward OnPlayerText(playerid, text[]);
pawn-lang/samp-stdlib	pawn-lang--samp-stdlib/a_npc.inc	184	forward OnPlayerStreamIn(playerid);
pawn-lang/samp-stdlib	pawn-lang--samp-stdlib/a_npc.inc	185	forward OnPlayerStreamOut(playerid);
pawn-lang/samp-stdlib	pawn-lang--samp-stdlib/a_npc.inc	186	forward OnVehicleStreamIn(vehicleid);
pawn-lang/samp-stdlib	pawn-lang--samp-stdlib/a_npc.inc	187	forward OnVehicleStreamOut(vehicleid);
pawn-lang/samp-stdlib	pawn-lang--samp-stdlib/a_npc.inc	188	forward OnRecordingPlaybackEnd();
pawn-lang/samp-stdlib	pawn-lang--samp-stdlib/a_http.inc	22	native HTTP(index, type, url[], data[], callback[]);
pawn-lang/samp-stdlib	pawn-lang--samp-stdlib/a_sampdb.inc	12	native DB:db_open(name[]);
pawn-lang/samp-stdlib	pawn-lang--samp-stdlib/a_sampdb.inc	13	native db_close(DB:db);
pawn-lang/samp-stdlib	pawn-lang--samp-stdlib/a_sampdb.inc	14	native DBResult:db_query(DB:db, query[]);
pawn-lang/samp-stdlib	pawn-lang--samp-stdlib/a_sampdb.inc	15	native db_free_result(DBResult:dbresult);
pawn-lang/samp-stdlib	pawn-lang--samp-stdlib/a_sampdb.inc	16	native db_num_rows(DBResult:dbresult);
pawn-lang/samp-stdlib	pawn-lang--samp-stdlib/a_sampdb.inc	17	native db_next_row(DBResult:dbresult);
pawn-lang/samp-stdlib	pawn-lang--samp-stdlib/a_sampdb.inc	18	native db_num_fields(DBResult:dbresult);
pawn-lang/samp-stdlib	pawn-lang--samp-stdlib/a_sampdb.inc	19	native db_field_name(DBResult:dbresult, field, result[], maxlength);
pawn-lang/samp-stdlib	pawn-lang--samp-stdlib/a_sampdb.inc	20	native db_get_field(DBResult:dbresult, field, result[], maxlength);
pawn-lang/samp-stdlib	pawn-lang--samp-stdlib/a_sampdb.inc	21	native db_get_field_int(DBResult:result, field = 0);
pawn-lang/samp-stdlib	pawn-lang--samp-stdlib/a_sampdb.inc	22	native Float:db_get_field_float(DBResult:result, field = 0);
pawn-lang/samp-stdlib	pawn-lang--samp-stdlib/a_sampdb.inc	23	native db_get_field_assoc(DBResult:dbresult, const field[], result[], maxlength);
pawn-lang/samp-stdlib	pawn-lang--samp-stdlib/a_sampdb.inc	24	native db_get_field_assoc_int(DBResult:result, const field[]);
pawn-lang/samp-stdlib	pawn-lang--samp-stdlib/a_sampdb.inc	25	native Float:db_get_field_assoc_float(DBResult:result, const field[]);
pawn-lang/samp-stdlib	pawn-lang--samp-stdlib/a_sampdb.inc	26	native db_get_mem_handle(DB:db);
pawn-lang/samp-stdlib	pawn-lang--samp-stdlib/a_sampdb.inc	27	native db_get_result_mem_handle(DBResult:result);
pawn-lang/samp-stdlib	pawn-lang--samp-stdlib/a_sampdb.inc	29	native db_debug_openfiles();
pawn-lang/samp-stdlib	pawn-lang--samp-stdlib/a_sampdb.inc	30	native db_debug_openresults();
pawn-lang/samp-stdlib	pawn-lang--samp-stdlib/a_samp.inc	57	native print(const string[]);
pawn-lang/samp-stdlib	pawn-lang--samp-stdlib/a_samp.inc	58	native printf(const format[], {Float,_}:...);
pawn-lang/samp-stdlib	pawn-lang--samp-stdlib/a_samp.inc	59	native format(output[], len, const format[], {Float,_}:...);
pawn-lang/samp-stdlib	pawn-lang--samp-stdlib/a_samp.inc	60	native SendClientMessage(playerid, color, const message[]);
pawn-lang/samp-stdlib	pawn-lang--samp-stdlib/a_samp.inc	61	native SendClientMessageToAll(color, const message[]);
pawn-lang/samp-stdlib	pawn-lang--samp-stdlib/a_samp.inc	62	native SendPlayerMessageToPlayer(playerid, senderid, const message[]);
pawn-lang/samp-stdlib	pawn-lang--samp-stdlib/a_samp.inc	63	native SendPlayerMessageToAll(senderid, const message[]);
pawn-lang/samp-stdlib	pawn-lang--samp-stdlib/a_samp.inc	64	native SendDeathMessage(killer, killee, weapon);
pawn-lang/samp-stdlib	pawn-lang--samp-stdlib/a_samp.inc	65	native SendDeathMessageToPlayer(playerid, killer, killee, weapon);
pawn-lang/samp-stdlib	pawn-lang--samp-stdlib/a_samp.inc	66	native GameTextForAll(const string[],time,style);
pawn-lang/samp-stdlib	pawn-lang--samp-stdlib/a_samp.inc	67	native GameTextForPlayer(playerid,const string[],time,style);
pawn-lang/samp-stdlib	pawn-lang--samp-stdlib/a_samp.inc	68	native SetTimer(funcname[], interval, repeating);
pawn-lang/samp-stdlib	pawn-lang--samp-stdlib/a_samp.inc	69	native SetTimerEx(funcname[], interval, repeating, const format[], {Float,_}:...);
pawn-lang/samp-stdlib	pawn-lang--samp-stdlib/a_samp.inc	70	native KillTimer(timerid);
pawn-lang/samp-stdlib	pawn-lang--samp-stdlib/a_samp.inc	71	native GetTickCount();
pawn-lang/samp-stdlib	pawn-lang--samp-stdlib/a_samp.inc	72	native GetMaxPlayers();
pawn-lang/samp-stdlib	pawn-lang--samp-stdlib/a_samp.inc	73	native CallRemoteFunction(const function[], const format[], {Float,_}:...);
pawn-lang/samp-stdlib	pawn-lang--samp-stdlib/a_samp.inc	74	native CallLocalFunction(const function[], const format[], {Float,_}:...);
pawn-lang/samp-stdlib	pawn-lang--samp-stdlib/a_samp.inc	75	native Float:VectorSize(Float:x, Float:y, Float:z);
pawn-lang/samp-stdlib	pawn-lang--samp-stdlib/a_samp.inc	76	native Float:asin(Float:value);
pawn-lang/samp-stdlib	pawn-lang--samp-stdlib/a_samp.inc	77	native Float:acos(Float:value);
pawn-lang/samp-stdlib	pawn-lang--samp-stdlib/a_samp.inc	78	native Float:atan(Float:value);
pawn-lang/samp-stdlib	pawn-lang--samp-stdlib/a_samp.inc	79	native Float:atan2(Float:x, Float:y);
pawn-lang/samp-stdlib	pawn-lang--samp-stdlib/a_samp.inc	80	native GetPlayerPoolSize();
pawn-lang/samp-stdlib	pawn-lang--samp-stdlib/a_samp.inc	81	native GetVehiclePoolSize();
pawn-lang/samp-stdlib	pawn-lang--samp-stdlib/a_samp.inc	82	native GetActorPoolSize();
pawn-lang/samp-stdlib	pawn-lang--samp-stdlib/a_samp.inc	85	native SHA256_PassHash(password[], salt[], ret_hash[], ret_hash_len); // SHA256 for password hashing
pawn-lang/samp-stdlib	pawn-lang--samp-stdlib/a_samp.inc	88	native SetSVarInt(varname[], int_value);
pawn-lang/samp-stdlib	pawn-lang--samp-stdlib/a_samp.inc	89	native GetSVarInt(varname[]);
pawn-lang/samp-stdlib	pawn-lang--samp-stdlib/a_samp.inc	90	native SetSVarString(varname[], string_value[]);
pawn-lang/samp-stdlib	pawn-lang--samp-stdlib/a_samp.inc	91	native GetSVarString(varname[], string_return[], len);
pawn-lang/samp-stdlib	pawn-lang--samp-stdlib/a_samp.inc	92	native SetSVarFloat(varname[], Float:float_value);
pawn-lang/samp-stdlib	pawn-lang--samp-stdlib/a_samp.inc	93	native Float:GetSVarFloat(varname[]);
pawn-lang/samp-stdlib	pawn-lang--samp-stdlib/a_samp.inc	94	native DeleteSVar(varname[]);
pawn-lang/samp-stdlib	pawn-lang--samp-stdlib/a_samp.inc	102	native GetSVarsUpperIndex();
pawn-lang/samp-stdlib	pawn-lang--samp-stdlib/a_samp.inc	103	native GetSVarNameAtIndex(index, ret_varname[], ret_len);
pawn-lang/samp-stdlib	pawn-lang--samp-stdlib/a_samp.inc	104	native GetSVarType(varname[]);
pawn-lang/samp-stdlib	pawn-lang--samp-stdlib/a_samp.inc	107	native SetGameModeText(const string[]);
pawn-lang/samp-stdlib	pawn-lang--samp-stdlib/a_samp.inc	108	native SetTeamCount(count);
pawn-lang/samp-stdlib	pawn-lang--samp-stdlib/a_samp.inc	109	native AddPlayerClass(modelid, Float:spawn_x, Float:spawn_y, Float:spawn_z, Float:z_angle, weapon1, weapon1_ammo, weapon2, weapon2_ammo, weapon3, weapon3_ammo);
pawn-lang/samp-stdlib	pawn-lang--samp-stdlib/a_samp.inc	110	native AddPlayerClassEx(teamid, modelid, Float:spawn_x, Float:spawn_y, Float:spawn_z, Float:z_angle, weapon1, weapon1_ammo, weapon2, weapon2_ammo, weapon3, weapon3_ammo);
pawn-lang/samp-stdlib	pawn-lang--samp-stdlib/a_samp.inc	111	native AddStaticVehicle(modelid, Float:spawn_x, Float:spawn_y, Float:spawn_z, Float:z_angle, color1, color2);
pawn-lang/samp-stdlib	pawn-lang--samp-stdlib/a_samp.inc	112	native AddStaticVehicleEx(modelid, Float:spawn_x, Float:spawn_y, Float:spawn_z, Float:z_angle, color1, color2, respawn_delay, addsiren=0);
pawn-lang/samp-stdlib	pawn-lang--samp-stdlib/a_samp.inc	113	native AddStaticPickup(model, type, Float:X, Float:Y, Float:Z, virtualworld = 0);
pawn-lang/samp-stdlib	pawn-lang--samp-stdlib/a_samp.inc	114	native CreatePickup(model, type, Float:X, Float:Y, Float:Z, virtualworld = 0);
pawn-lang/samp-stdlib	pawn-lang--samp-stdlib/a_samp.inc	115	native DestroyPickup(pickup);
pawn-lang/samp-stdlib	pawn-lang--samp-stdlib/a_samp.inc	116	native ShowNameTags(show);
pawn-lang/samp-stdlib	pawn-lang--samp-stdlib/a_samp.inc	117	native ShowPlayerMarkers(mode);
pawn-lang/samp-stdlib	pawn-lang--samp-stdlib/a_samp.inc	118	native GameModeExit();
pawn-lang/samp-stdlib	pawn-lang--samp-stdlib/a_samp.inc	119	native SetWorldTime(hour);
pawn-lang/samp-stdlib	pawn-lang--samp-stdlib/a_samp.inc	120	native GetWeaponName(weaponid, const weapon[], len);
pawn-lang/samp-stdlib	pawn-lang--samp-stdlib/a_samp.inc	121	native EnableTirePopping(enable); // deprecated function
pawn-lang/samp-stdlib	pawn-lang--samp-stdlib/a_samp.inc	122	native EnableVehicleFriendlyFire();
pawn-lang/samp-stdlib	pawn-lang--samp-stdlib/a_samp.inc	123	native AllowInteriorWeapons(allow);
pawn-lang/samp-stdlib	pawn-lang--samp-stdlib/a_samp.inc	124	native SetWeather(weatherid);
pawn-lang/samp-stdlib	pawn-lang--samp-stdlib/a_samp.inc	125	native SetGravity(Float:gravity);
pawn-lang/samp-stdlib	pawn-lang--samp-stdlib/a_samp.inc	126	native AllowAdminTeleport(allow);
pawn-lang/samp-stdlib	pawn-lang--samp-stdlib/a_samp.inc	127	native SetDeathDropAmount(amount);
pawn-lang/samp-stdlib	pawn-lang--samp-stdlib/a_samp.inc	128	native CreateExplosion(Float:X, Float:Y, Float:Z, type, Float:Radius);
pawn-lang/samp-stdlib	pawn-lang--samp-stdlib/a_samp.inc	129	native EnableZoneNames(enable);
pawn-lang/samp-stdlib	pawn-lang--samp-stdlib/a_samp.inc	130	native UsePlayerPedAnims();		// Will cause the players to use CJ running/walking animations
pawn-lang/samp-stdlib	pawn-lang--samp-stdlib/a_samp.inc	131	native DisableInteriorEnterExits();  // will disable all interior enter/exits in the game.
pawn-lang/samp-stdlib	pawn-lang--samp-stdlib/a_samp.inc	132	native SetNameTagDrawDistance(Float:distance); // Distance at which nametags will start rendering on the client.
pawn-lang/samp-stdlib	pawn-lang--samp-stdlib/a_samp.inc	133	native DisableNameTagLOS(); // Disables the nametag Line-Of-Sight checking
pawn-lang/samp-stdlib	pawn-lang--samp-stdlib/a_samp.inc	134	native LimitGlobalChatRadius(Float:chat_radius);
pawn-lang/samp-stdlib	pawn-lang--samp-stdlib/a_samp.inc	135	native LimitPlayerMarkerRadius(Float:marker_radius);
pawn-lang/samp-stdlib	pawn-lang--samp-stdlib/a_samp.inc	138	native ConnectNPC(name[], script[]);
pawn-lang/samp-stdlib	pawn-lang--samp-stdlib/a_samp.inc	139	native IsPlayerNPC(playerid);
pawn-lang/samp-stdlib	pawn-lang--samp-stdlib/a_samp.inc	142	native IsPlayerAdmin(playerid);
pawn-lang/samp-stdlib	pawn-lang--samp-stdlib/a_samp.inc	143	native Kick(playerid);
pawn-lang/samp-stdlib	pawn-lang--samp-stdlib/a_samp.inc	144	native Ban(playerid);
pawn-lang/samp-stdlib	pawn-lang--samp-stdlib/a_samp.inc	145	native BanEx(playerid, const reason[]);
pawn-lang/samp-stdlib	pawn-lang--samp-stdlib/a_samp.inc	146	native SendRconCommand(command[]);
pawn-lang/samp-stdlib	pawn-lang--samp-stdlib/a_samp.inc	147	native GetPlayerNetworkStats(playerid, retstr[], retstr_size);
pawn-lang/samp-stdlib	pawn-lang--samp-stdlib/a_samp.inc	148	native GetNetworkStats(retstr[], retstr_size);
pawn-lang/samp-stdlib	pawn-lang--samp-stdlib/a_samp.inc	149	native GetPlayerVersion(playerid, const version[], len); // Returns the SA-MP client revision as reported by the player
pawn-lang/samp-stdlib	pawn-lang--samp-stdlib/a_samp.inc	150	native BlockIpAddress(ip_address[], timems);
pawn-lang/samp-stdlib	pawn-lang--samp-stdlib/a_samp.inc	151	native UnBlockIpAddress(ip_address[]);
pawn-lang/samp-stdlib	pawn-lang--samp-stdlib/a_samp.inc	154	native GetServerVarAsString(const varname[], buffer[], len);
pawn-lang/samp-stdlib	pawn-lang--samp-stdlib/a_samp.inc	155	native GetServerVarAsInt(const varname[]);
pawn-lang/samp-stdlib	pawn-lang--samp-stdlib/a_samp.inc	156	native GetServerVarAsBool(const varname[]);
pawn-lang/samp-stdlib	pawn-lang--samp-stdlib/a_samp.inc	158	native GetConsoleVarAsString(const varname[], buffer[], len);
pawn-lang/samp-stdlib	pawn-lang--samp-stdlib/a_samp.inc	159	native GetConsoleVarAsInt(const varname[]);
pawn-lang/samp-stdlib	pawn-lang--samp-stdlib/a_samp.inc	160	native GetConsoleVarAsBool(const varname[]);
pawn-lang/samp-stdlib	pawn-lang--samp-stdlib/a_samp.inc	163	native GetServerTickRate();
pawn-lang/samp-stdlib	pawn-lang--samp-stdlib/a_samp.inc	164	native NetStats_GetConnectedTime(playerid);
pawn-lang/samp-stdlib	pawn-lang--samp-stdlib/a_samp.inc	165	native NetStats_MessagesReceived(playerid);
pawn-lang/samp-stdlib	pawn-lang--samp-stdlib/a_samp.inc	166	native NetStats_BytesReceived(playerid);
pawn-lang/samp-stdlib	pawn-lang--samp-stdlib/a_samp.inc	167	native NetStats_MessagesSent(playerid);
pawn-lang/samp-stdlib	pawn-lang--samp-stdlib/a_samp.inc	168	native NetStats_BytesSent(playerid);
pawn-lang/samp-stdlib	pawn-lang--samp-stdlib/a_samp.inc	169	native NetStats_MessagesRecvPerSecond(playerid);
pawn-lang/samp-stdlib	pawn-lang--samp-stdlib/a_samp.inc	170	native Float:NetStats_PacketLossPercent(playerid);
pawn-lang/samp-stdlib	pawn-lang--samp-stdlib/a_samp.inc	171	native NetStats_ConnectionStatus(playerid);
pawn-lang/samp-stdlib	pawn-lang--samp-stdlib/a_samp.inc	172	native NetStats_GetIpPort(playerid, ip_port[], ip_port_len);
pawn-lang/samp-stdlib	pawn-lang--samp-stdlib/a_samp.inc	175	native Menu:CreateMenu(const title[], columns, Float:x, Float:y, Float:col1width, Float:col2width = 0.0);
pawn-lang/samp-stdlib	pawn-lang--samp-stdlib/a_samp.inc	176	native DestroyMenu(Menu:menuid);
pawn-lang/samp-stdlib	pawn-lang--samp-stdlib/a_samp.inc	177	native AddMenuItem(Menu:menuid, column, const menutext[]);
pawn-lang/samp-stdlib	pawn-lang--samp-stdlib/a_samp.inc	178	native SetMenuColumnHeader(Menu:menuid, column, const columnheader[]);
pawn-lang/samp-stdlib	pawn-lang--samp-stdlib/a_samp.inc	179	native ShowMenuForPlayer(Menu:menuid, playerid);
pawn-lang/samp-stdlib	pawn-lang--samp-stdlib/a_samp.inc	180	native HideMenuForPlayer(Menu:menuid, playerid);
pawn-lang/samp-stdlib	pawn-lang--samp-stdlib/a_samp.inc	181	native IsValidMenu(Menu:menuid);
pawn-lang/samp-stdlib	pawn-lang--samp-stdlib/a_samp.inc	182	native DisableMenu(Menu:menuid);
pawn-lang/samp-stdlib	pawn-lang--samp-stdlib/a_samp.inc	183	native DisableMenuRow(Menu:menuid, row);
pawn-lang/samp-stdlib	pawn-lang--samp-stdlib/a_samp.inc	184	native Menu:GetPlayerMenu(playerid);
pawn-lang/samp-stdlib	pawn-lang--samp-stdlib/a_samp.inc	190	native Text:TextDrawCreate(Float:x, Float:y, text[]);
pawn-lang/samp-stdlib	pawn-lang--samp-stdlib/a_samp.inc	191	native TextDrawDestroy(Text:text);
pawn-lang/samp-stdlib	pawn-lang--samp-stdlib/a_samp.inc	192	native TextDrawLetterSize(Text:text, Float:x, Float:y);
pawn-lang/samp-stdlib	pawn-lang--samp-stdlib/a_samp.inc	193	native TextDrawTextSize(Text:text, Float:x, Float:y);
pawn-lang/samp-stdlib	pawn-lang--samp-stdlib/a_samp.inc	194	native TextDrawAlignment(Text:text, alignment);
pawn-lang/samp-stdlib	pawn-lang--samp-stdlib/a_samp.inc	195	native TextDrawColor(Text:text, color);
pawn-lang/samp-stdlib	pawn-lang--samp-stdlib/a_samp.inc	196	native TextDrawUseBox(Text:text, use);
pawn-lang/samp-stdlib	pawn-lang--samp-stdlib/a_samp.inc	197	native TextDrawBoxColor(Text:text, color);
pawn-lang/samp-stdlib	pawn-lang--samp-stdlib/a_samp.inc	198	native TextDrawSetShadow(Text:text, size);
pawn-lang/samp-stdlib	pawn-lang--samp-stdlib/a_samp.inc	199	native TextDrawSetOutline(Text:text, size);
pawn-lang/samp-stdlib	pawn-lang--samp-stdlib/a_samp.inc	200	native TextDrawBackgroundColor(Text:text, color);
pawn-lang/samp-stdlib	pawn-lang--samp-stdlib/a_samp.inc	201	native TextDrawFont(Text:text, font);
pawn-lang/samp-stdlib	pawn-lang--samp-stdlib/a_samp.inc	202	native TextDrawSetProportional(Text:text, set);
pawn-lang/samp-stdlib	pawn-lang--samp-stdlib/a_samp.inc	203	native TextDrawSetSelectable(Text:text, set);
pawn-lang/samp-stdlib	pawn-lang--samp-stdlib/a_samp.inc	204	native TextDrawShowForPlayer(playerid, Text:text);
pawn-lang/samp-stdlib	pawn-lang--samp-stdlib/a_samp.inc	205	native TextDrawHideForPlayer(playerid, Text:text);
pawn-lang/samp-stdlib	pawn-lang--samp-stdlib/a_samp.inc	206	native TextDrawShowForAll(Text:text);
pawn-lang/samp-stdlib	pawn-lang--samp-stdlib/a_samp.inc	207	native TextDrawHideForAll(Text:text);
pawn-lang/samp-stdlib	pawn-lang--samp-stdlib/a_samp.inc	208	native TextDrawSetString(Text:text, string[]);
pawn-lang/samp-stdlib	pawn-lang--samp-stdlib/a_samp.inc	209	native TextDrawSetPreviewModel(Text:text, modelindex);
pawn-lang/samp-stdlib	pawn-lang--samp-stdlib/a_samp.inc	210	native TextDrawSetPreviewRot(Text:text, Float:fRotX, Float:fRotY, Float:fRotZ, Float:fZoom = 1.0);
pawn-lang/samp-stdlib	pawn-lang--samp-stdlib/a_samp.inc	211	native TextDrawSetPreviewVehCol(Text:text, color1, color2);
pawn-lang/samp-stdlib	pawn-lang--samp-stdlib/a_samp.inc	214	native GangZoneCreate(Float:minx, Float:miny, Float:maxx, Float:maxy);
pawn-lang/samp-stdlib	pawn-lang--samp-stdlib/a_samp.inc	215	native GangZoneDestroy(zone);
pawn-lang/samp-stdlib	pawn-lang--samp-stdlib/a_samp.inc	216	native GangZoneShowForPlayer(playerid, zone, color);
pawn-lang/samp-stdlib	pawn-lang--samp-stdlib/a_samp.inc	217	native GangZoneShowForAll(zone, color);
pawn-lang/samp-stdlib	pawn-lang--samp-stdlib/a_samp.inc	218	native GangZoneHideForPlayer(playerid, zone);
pawn-lang/samp-stdlib	pawn-lang--samp-stdlib/a_samp.inc	219	native GangZoneHideForAll(zone);
pawn-lang/samp-stdlib	pawn-lang--samp-stdlib/a_samp.inc	220	native GangZoneFlashForPlayer(playerid, zone, flashcolor);
pawn-lang/samp-stdlib	pawn-lang--samp-stdlib/a_samp.inc	221	native GangZoneFlashForAll(zone, flashcolor);
pawn-lang/samp-stdlib	pawn-lang--samp-stdlib/a_samp.inc	222	native GangZoneStopFlashForPlayer(playerid, zone);
pawn-lang/samp-stdlib	pawn-lang--samp-stdlib/a_samp.inc	223	native GangZoneStopFlashForAll(zone);
pawn-lang/samp-stdlib	pawn-lang--samp-stdlib/a_samp.inc	226	native Text3D:Create3DTextLabel(text[], color, Float:X, Float:Y, Float:Z, Float:DrawDistance, virtualworld, testLOS=0);
pawn-lang/samp-stdlib	pawn-lang--samp-stdlib/a_samp.inc	227	native Delete3DTextLabel(Text3D:id);
pawn-lang/samp-stdlib	pawn-lang--samp-stdlib/a_samp.inc	228	native Attach3DTextLabelToPlayer(Text3D:id, playerid, Float:OffsetX, Float:OffsetY, Float:OffsetZ);
pawn-lang/samp-stdlib	pawn-lang--samp-stdlib/a_samp.inc	229	native Attach3DTextLabelToVehicle(Text3D:id, vehicleid, Float:OffsetX, Float:OffsetY, Float:OffsetZ);
pawn-lang/samp-stdlib	pawn-lang--samp-stdlib/a_samp.inc	230	native Update3DTextLabelText(Text3D:id, color, text[]);
pawn-lang/samp-stdlib	pawn-lang--samp-stdlib/a_samp.inc	233	native PlayerText3D:CreatePlayer3DTextLabel(playerid, text[], color, Float:X, Float:Y, Float:Z, Float:DrawDistance, attachedplayer=INVALID_PLAYER_ID, attachedvehicle=INVALID_VEHICLE_ID, testLOS=0);
pawn-lang/samp-stdlib	pawn-lang--samp-stdlib/a_samp.inc	234	native DeletePlayer3DTextLabel(playerid, PlayerText3D:id);
pawn-lang/samp-stdlib	pawn-lang--samp-stdlib/a_samp.inc	235	native UpdatePlayer3DTextLabelText(playerid, PlayerText3D:id, color, text[]);
pawn-lang/samp-stdlib	pawn-lang--samp-stdlib/a_samp.inc	245	native ShowPlayerDialog(playerid, dialogid, style, caption[], info[], button1[], button2[]);
pawn-lang/samp-stdlib	pawn-lang--samp-stdlib/a_samp.inc	344	forward OnGameModeInit();
pawn-lang/samp-stdlib	pawn-lang--samp-stdlib/a_samp.inc	345	forward OnGameModeExit();
pawn-lang/samp-stdlib	pawn-lang--samp-stdlib/a_samp.inc	346	forward OnFilterScriptInit();
pawn-lang/samp-stdlib	pawn-lang--samp-stdlib/a_samp.inc	347	forward OnFilterScriptExit();
pawn-lang/samp-stdlib	pawn-lang--samp-stdlib/a_samp.inc	348	forward OnPlayerConnect(playerid);
pawn-lang/samp-stdlib	pawn-lang--samp-stdlib/a_samp.inc	349	forward OnPlayerDisconnect(playerid, reason);
pawn-lang/samp-stdlib	pawn-lang--samp-stdlib/a_samp.inc	350	forward OnPlayerSpawn(playerid);
pawn-lang/samp-stdlib	pawn-lang--samp-stdlib/a_samp.inc	351	forward OnPlayerDeath(playerid, killerid, reason);
pawn-lang/samp-stdlib	pawn-lang--samp-stdlib/a_samp.inc	352	forward OnVehicleSpawn(vehicleid);
pawn-lang/samp-stdlib	pawn-lang--samp-stdlib/a_samp.inc	353	forward OnVehicleDeath(vehicleid, killerid);
pawn-lang/samp-stdlib	pawn-lang--samp-stdlib/a_samp.inc	354	forward OnPlayerText(playerid, text[]);
pawn-lang/samp-stdlib	pawn-lang--samp-stdlib/a_samp.inc	355	forward OnPlayerCommandText(playerid, cmdtext[]);
pawn-lang/samp-stdlib	pawn-lang--samp-stdlib/a_samp.inc	356	forward OnPlayerRequestClass(playerid, classid);
pawn-lang/samp-stdlib	pawn-lang--samp-stdlib/a_samp.inc	357	forward OnPlayerEnterVehicle(playerid, vehicleid, ispassenger);
pawn-lang/samp-stdlib	pawn-lang--samp-stdlib/a_samp.inc	358	forward OnPlayerExitVehicle(playerid, vehicleid);
pawn-lang/samp-stdlib	pawn-lang--samp-stdlib/a_samp.inc	359	forward OnPlayerStateChange(playerid, newstate, oldstate);
pawn-lang/samp-stdlib	pawn-lang--samp-stdlib/a_samp.inc	360	forward OnPlayerEnterCheckpoint(playerid);
pawn-lang/samp-stdlib	pawn-lang--samp-stdlib/a_samp.inc	361	forward OnPlayerLeaveCheckpoint(playerid);
pawn-lang/samp-stdlib	pawn-lang--samp-stdlib/a_samp.inc	362	forward OnPlayerEnterRaceCheckpoint(playerid);
pawn-lang/samp-stdlib	pawn-lang--samp-stdlib/a_samp.inc	363	forward OnPlayerLeaveRaceCheckpoint(playerid);
pawn-lang/samp-stdlib	pawn-lang--samp-stdlib/a_samp.inc	364	forward OnRconCommand(cmd[]);
pawn-lang/samp-stdlib	pawn-lang--samp-stdlib/a_samp.inc	365	forward OnPlayerRequestSpawn(playerid);
pawn-lang/samp-stdlib	pawn-lang--samp-stdlib/a_samp.inc	366	forward OnObjectMoved(objectid);
pawn-lang/samp-stdlib	pawn-lang--samp-stdlib/a_samp.inc	367	forward OnPlayerObjectMoved(playerid, objectid);
pawn-lang/samp-stdlib	pawn-lang--samp-stdlib/a_samp.inc	368	forward OnPlayerPickUpPickup(playerid, pickupid);
pawn-lang/samp-stdlib	pawn-lang--samp-stdlib/a_samp.inc	369	forward OnVehicleMod(playerid, vehicleid, componentid);
pawn-lang/samp-stdlib	pawn-lang--samp-stdlib/a_samp.inc	370	forward OnEnterExitModShop(playerid, enterexit, interiorid);
pawn-lang/samp-stdlib	pawn-lang--samp-stdlib/a_samp.inc	371	forward OnVehiclePaintjob(playerid, vehicleid, paintjobid);
pawn-lang/samp-stdlib	pawn-lang--samp-stdlib/a_samp.inc	372	forward OnVehicleRespray(playerid, vehicleid, color1, color2);
pawn-lang/samp-stdlib	pawn-lang--samp-stdlib/a_samp.inc	373	forward OnVehicleDamageStatusUpdate(vehicleid, playerid);
pawn-lang/samp-stdlib	pawn-lang--samp-stdlib/a_samp.inc	374	forward OnUnoccupiedVehicleUpdate(vehicleid, playerid, passenger_seat, Float:new_x, Float:new_y, Float:new_z, Float:vel_x, Float:vel_y, Float:vel_z);
pawn-lang/samp-stdlib	pawn-lang--samp-stdlib/a_samp.inc	375	forward OnPlayerSelectedMenuRow(playerid, row);
pawn-lang/samp-stdlib	pawn-lang--samp-stdlib/a_samp.inc	376	forward OnPlayerExitedMenu(playerid);
pawn-lang/samp-stdlib	pawn-lang--samp-stdlib/a_samp.inc	377	forward OnPlayerInteriorChange(playerid, newinteriorid, oldinteriorid);
pawn-lang/samp-stdlib	pawn-lang--samp-stdlib/a_samp.inc	378	forward OnPlayerKeyStateChange(playerid, newkeys, oldkeys);
pawn-lang/samp-stdlib	pawn-lang--samp-stdlib/a_samp.inc	379	forward OnRconLoginAttempt( ip[], password[], success );
pawn-lang/samp-stdlib	pawn-lang--samp-stdlib/a_samp.inc	380	forward OnPlayerUpdate(playerid);
pawn-lang/samp-stdlib	pawn-lang--samp-stdlib/a_samp.inc	381	forward OnPlayerStreamIn(playerid, forplayerid);
pawn-lang/samp-stdlib	pawn-lang--samp-stdlib/a_samp.inc	382	forward OnPlayerStreamOut(playerid, forplayerid);
pawn-lang/samp-stdlib	pawn-lang--samp-stdlib/a_samp.inc	383	forward OnVehicleStreamIn(vehicleid, forplayerid);
pawn-lang/samp-stdlib	pawn-lang--samp-stdlib/a_samp.inc	384	forward OnVehicleStreamOut(vehicleid, forplayerid);
pawn-lang/samp-stdlib	pawn-lang--samp-stdlib/a_samp.inc	385	forward OnActorStreamIn(actorid, forplayerid);
pawn-lang/samp-stdlib	pawn-lang--samp-stdlib/a_samp.inc	386	forward OnActorStreamOut(actorid, forplayerid);
pawn-lang/samp-stdlib	pawn-lang--samp-stdlib/a_samp.inc	387	forward OnDialogResponse(playerid, dialogid, response, listitem, inputtext[]);
pawn-lang/samp-stdlib	pawn-lang--samp-stdlib/a_samp.inc	388	forward OnPlayerTakeDamage(playerid, issuerid, Float:amount, weaponid, bodypart);
pawn-lang/samp-stdlib	pawn-lang--samp-stdlib/a_samp.inc	389	forward OnPlayerGiveDamage(playerid, damagedid, Float:amount, weaponid, bodypart);
pawn-lang/samp-stdlib	pawn-lang--samp-stdlib/a_samp.inc	390	forward OnPlayerGiveDamageActor(playerid, damaged_actorid, Float:amount, weaponid, bodypart);
pawn-lang/samp-stdlib	pawn-lang--samp-stdlib/a_samp.inc	391	forward OnPlayerClickMap(playerid, Float:fX, Float:fY, Float:fZ);
pawn-lang/samp-stdlib	pawn-lang--samp-stdlib/a_samp.inc	392	forward OnPlayerClickTextDraw(playerid, Text:clickedid);
pawn-lang/samp-stdlib	pawn-lang--samp-stdlib/a_samp.inc	393	forward OnPlayerClickPlayerTextDraw(playerid, PlayerText:playertextid);
pawn-lang/samp-stdlib	pawn-lang--samp-stdlib/a_samp.inc	394	forward OnIncomingConnection(playerid, ip_address[], port);
pawn-lang/samp-stdlib	pawn-lang--samp-stdlib/a_samp.inc	395	forward OnTrailerUpdate(playerid, vehicleid);
pawn-lang/samp-stdlib	pawn-lang--samp-stdlib/a_samp.inc	396	forward OnVehicleSirenStateChange(playerid, vehicleid, newstate);
pawn-lang/samp-stdlib	pawn-lang--samp-stdlib/a_samp.inc	399	forward OnPlayerClickPlayer(playerid, clickedplayerid, source);
pawn-lang/samp-stdlib	pawn-lang--samp-stdlib/a_samp.inc	405	forward OnPlayerEditObject( playerid, playerobject, objectid, response,
pawn-lang/samp-stdlib	pawn-lang--samp-stdlib/a_samp.inc	408	forward OnPlayerEditAttachedObject( playerid, response, index, modelid, boneid,
pawn-lang/samp-stdlib	pawn-lang--samp-stdlib/a_samp.inc	416	forward OnPlayerSelectObject(playerid, type, objectid, modelid, Float:fX, Float:fY, Float:fZ);
pawn-lang/samp-stdlib	pawn-lang--samp-stdlib/a_samp.inc	424	forward OnPlayerWeaponShot(playerid, weaponid, hittype, hitid, Float:fX, Float:fY, Float:fZ);
samp-incognito/samp-streamer-plugin	samp-incognito--samp-streamer-plugin/streamer.inc	185	native Streamer_GetTickRate();
samp-incognito/samp-streamer-plugin	samp-incognito--samp-streamer-plugin/streamer.inc	186	native Streamer_SetTickRate(rate);
samp-incognito/samp-streamer-plugin	samp-incognito--samp-streamer-plugin/streamer.inc	187	native Streamer_GetPlayerTickRate(playerid);
samp-incognito/samp-streamer-plugin	samp-incognito--samp-streamer-plugin/streamer.inc	188	native Streamer_SetPlayerTickRate(playerid, rate);
samp-incognito/samp-streamer-plugin	samp-incognito--samp-streamer-plugin/streamer.inc	189	native Streamer_ToggleChunkStream(toggle);
samp-incognito/samp-streamer-plugin	samp-incognito--samp-streamer-plugin/streamer.inc	190	native Streamer_IsToggleChunkStream();
samp-incognito/samp-streamer-plugin	samp-incognito--samp-streamer-plugin/streamer.inc	191	native Streamer_GetChunkTickRate(type, playerid = -1);
samp-incognito/samp-streamer-plugin	samp-incognito--samp-streamer-plugin/streamer.inc	192	native Streamer_SetChunkTickRate(type, rate, playerid = -1);
samp-incognito/samp-streamer-plugin	samp-incognito--samp-streamer-plugin/streamer.inc	193	native Streamer_GetChunkSize(type);
samp-incognito/samp-streamer-plugin	samp-incognito--samp-streamer-plugin/streamer.inc	194	native Streamer_SetChunkSize(type, size);
samp-incognito/samp-streamer-plugin	samp-incognito--samp-streamer-plugin/streamer.inc	195	native Streamer_GetMaxItems(type);
samp-incognito/samp-streamer-plugin	samp-incognito--samp-streamer-plugin/streamer.inc	196	native Streamer_SetMaxItems(type, items);
samp-incognito/samp-streamer-plugin	samp-incognito--samp-streamer-plugin/streamer.inc	197	native Streamer_GetVisibleItems(type, playerid = -1);
samp-incognito/samp-streamer-plugin	samp-incognito--samp-streamer-plugin/streamer.inc	198	native Streamer_SetVisibleItems(type, items, playerid = -1);
samp-incognito/samp-streamer-plugin	samp-incognito--samp-streamer-plugin/streamer.inc	199	native Streamer_GetRadiusMultiplier(type, &Float:multiplier, playerid = -1);
samp-incognito/samp-streamer-plugin	samp-incognito--samp-streamer-plugin/streamer.inc	200	native Streamer_SetRadiusMultiplier(type, Float:multiplier, playerid = -1);
samp-incognito/samp-streamer-plugin	samp-incognito--samp-streamer-plugin/streamer.inc	201	native Streamer_GetTypePriority(types[], maxtypes = sizeof types);
samp-incognito/samp-streamer-plugin	samp-incognito--samp-streamer-plugin/streamer.inc	202	native Streamer_SetTypePriority(const types[], maxtypes = sizeof types);
samp-incognito/samp-streamer-plugin	samp-incognito--samp-streamer-plugin/streamer.inc	203	native Streamer_GetCellDistance(&Float:distance);
samp-incognito/samp-streamer-plugin	samp-incognito--samp-streamer-plugin/streamer.inc	204	native Streamer_SetCellDistance(Float:distance);
samp-incognito/samp-streamer-plugin	samp-incognito--samp-streamer-plugin/streamer.inc	205	native Streamer_GetCellSize(&Float:size);
samp-incognito/samp-streamer-plugin	samp-incognito--samp-streamer-plugin/streamer.inc	206	native Streamer_SetCellSize(Float:size);
samp-incognito/samp-streamer-plugin	samp-incognito--samp-streamer-plugin/streamer.inc	207	native Streamer_ToggleItemStatic(type, STREAMER_ALL_TAGS:id, toggle);
samp-incognito/samp-streamer-plugin	samp-incognito--samp-streamer-plugin/streamer.inc	208	native Streamer_IsToggleItemStatic(type, STREAMER_ALL_TAGS:id);
samp-incognito/samp-streamer-plugin	samp-incognito--samp-streamer-plugin/streamer.inc	209	native Streamer_ToggleItemInvAreas(type, STREAMER_ALL_TAGS:id, toggle);
samp-incognito/samp-streamer-plugin	samp-incognito--samp-streamer-plugin/streamer.inc	210	native Streamer_IsToggleItemInvAreas(type, STREAMER_ALL_TAGS:id);
samp-incognito/samp-streamer-plugin	samp-incognito--samp-streamer-plugin/streamer.inc	211	native Streamer_ToggleItemCallbacks(type, STREAMER_ALL_TAGS:id, toggle);
samp-incognito/samp-streamer-plugin	samp-incognito--samp-streamer-plugin/streamer.inc	212	native Streamer_IsToggleItemCallbacks(type, STREAMER_ALL_TAGS:id);
samp-incognito/samp-streamer-plugin	samp-incognito--samp-streamer-plugin/streamer.inc	213	native Streamer_ToggleErrorCallback(toggle);
samp-incognito/samp-streamer-plugin	samp-incognito--samp-streamer-plugin/streamer.inc	214	native Streamer_IsToggleErrorCallback();
samp-incognito/samp-streamer-plugin	samp-incognito--samp-streamer-plugin/streamer.inc	215	native Streamer_AmxUnloadDestroyItems(toggle);
samp-incognito/samp-streamer-plugin	samp-incognito--samp-streamer-plugin/streamer.inc	219	native Streamer_ProcessActiveItems();
samp-incognito/samp-streamer-plugin	samp-incognito--samp-streamer-plugin/streamer.inc	220	native Streamer_ToggleIdleUpdate(playerid, toggle);
samp-incognito/samp-streamer-plugin	samp-incognito--samp-streamer-plugin/streamer.inc	221	native Streamer_IsToggleIdleUpdate(playerid);
samp-incognito/samp-streamer-plugin	samp-incognito--samp-streamer-plugin/streamer.inc	222	native Streamer_ToggleCameraUpdate(playerid, toggle);
samp-incognito/samp-streamer-plugin	samp-incognito--samp-streamer-plugin/streamer.inc	223	native Streamer_IsToggleCameraUpdate(playerid);
samp-incognito/samp-streamer-plugin	samp-incognito--samp-streamer-plugin/streamer.inc	224	native Streamer_ToggleItemUpdate(playerid, type, toggle);
samp-incognito/samp-streamer-plugin	samp-incognito--samp-streamer-plugin/streamer.inc	225	native Streamer_IsToggleItemUpdate(playerid, type);
samp-incognito/samp-streamer-plugin	samp-incognito--samp-streamer-plugin/streamer.inc	226	native Streamer_GetLastUpdateTime(&Float:time);
samp-incognito/samp-streamer-plugin	samp-incognito--samp-streamer-plugin/streamer.inc	227	native Streamer_Update(playerid, type = -1);
samp-incognito/samp-streamer-plugin	samp-incognito--samp-streamer-plugin/streamer.inc	228	native Streamer_UpdateEx(playerid, Float:x, Float:y, Float:z, worldid = -1, interiorid = -1, type = -1, compensatedtime = -1, freezeplayer = 1);
samp-incognito/samp-streamer-plugin	samp-incognito--samp-streamer-plugin/streamer.inc	232	native Streamer_GetFloatData(type, STREAMER_ALL_TAGS:id, data, &Float:result);
samp-incognito/samp-streamer-plugin	samp-incognito--samp-streamer-plugin/streamer.inc	233	native Streamer_SetFloatData(type, STREAMER_ALL_TAGS:id, data, Float:value);
samp-incognito/samp-streamer-plugin	samp-incognito--samp-streamer-plugin/streamer.inc	234	native Streamer_GetIntData(type, STREAMER_ALL_TAGS:id, data);
samp-incognito/samp-streamer-plugin	samp-incognito--samp-streamer-plugin/streamer.inc	235	native Streamer_SetIntData(type, STREAMER_ALL_TAGS:id, data, value);
samp-incognito/samp-streamer-plugin	samp-incognito--samp-streamer-plugin/streamer.inc	236	native Streamer_RemoveIntData(type, STREAMER_ALL_TAGS:id, data);
samp-incognito/samp-streamer-plugin	samp-incognito--samp-streamer-plugin/streamer.inc	237	native Streamer_HasIntData(type, STREAMER_ALL_TAGS:id, data);
samp-incognito/samp-streamer-plugin	samp-incognito--samp-streamer-plugin/streamer.inc	238	native Streamer_GetArrayData(type, STREAMER_ALL_TAGS:id, data, dest[], maxdest = sizeof dest);
samp-incognito/samp-streamer-plugin	samp-incognito--samp-streamer-plugin/streamer.inc	239	native Streamer_SetArrayData(type, STREAMER_ALL_TAGS:id, data, const src[], maxsrc = sizeof src);
samp-incognito/samp-streamer-plugin	samp-incognito--samp-streamer-plugin/streamer.inc	240	native Streamer_IsInArrayData(type, STREAMER_ALL_TAGS:id, data, value);
samp-incognito/samp-streamer-plugin	samp-incognito--samp-streamer-plugin/streamer.inc	241	native Streamer_AppendArrayData(type, STREAMER_ALL_TAGS:id, data, value);
samp-incognito/samp-streamer-plugin	samp-incognito--samp-streamer-plugin/streamer.inc	242	native Streamer_RemoveArrayData(type, STREAMER_ALL_TAGS:id, data, value);
samp-incognito/samp-streamer-plugin	samp-incognito--samp-streamer-plugin/streamer.inc	243	native Streamer_HasArrayData(type, STREAMER_ALL_TAGS:id, data);
samp-incognito/samp-streamer-plugin	samp-incognito--samp-streamer-plugin/streamer.inc	244	native Streamer_GetArrayDataLength(type, STREAMER_ALL_TAGS:id, data);
samp-incognito/samp-streamer-plugin	samp-incognito--samp-streamer-plugin/streamer.inc	245	native Streamer_GetUpperBound(type);
samp-incognito/samp-streamer-plugin	samp-incognito--samp-streamer-plugin/streamer.inc	249	native Streamer_GetDistanceToItem(Float:x, Float:y, Float:z, type, STREAMER_ALL_TAGS:id, &Float:distance, dimensions = 3);
samp-incognito/samp-streamer-plugin	samp-incognito--samp-streamer-plugin/streamer.inc	250	native Streamer_ToggleItem(playerid, type, STREAMER_ALL_TAGS:id, toggle);
samp-incognito/samp-streamer-plugin	samp-incognito--samp-streamer-plugin/streamer.inc	251	native Streamer_IsToggleItem(playerid, type, STREAMER_ALL_TAGS:id);
samp-incognito/samp-streamer-plugin	samp-incognito--samp-streamer-plugin/streamer.inc	252	native Streamer_ToggleAllItems(playerid, type, toggle, const exceptions[] = { -1 }, maxexceptions = sizeof exceptions);
samp-incognito/samp-streamer-plugin	samp-incognito--samp-streamer-plugin/streamer.inc	253	native Streamer_GetItemInternalID(playerid, type, STREAMER_ALL_TAGS:streamerid);
samp-incognito/samp-streamer-plugin	samp-incognito--samp-streamer-plugin/streamer.inc	254	native Streamer_GetItemStreamerID(playerid, type, internalid);
samp-incognito/samp-streamer-plugin	samp-incognito--samp-streamer-plugin/streamer.inc	255	native Streamer_IsItemVisible(playerid, type, STREAMER_ALL_TAGS:id);
samp-incognito/samp-streamer-plugin	samp-incognito--samp-streamer-plugin/streamer.inc	256	native Streamer_DestroyAllVisibleItems(playerid, type, serverwide = 1);
samp-incognito/samp-streamer-plugin	samp-incognito--samp-streamer-plugin/streamer.inc	257	native Streamer_CountVisibleItems(playerid, type, serverwide = 1);
samp-incognito/samp-streamer-plugin	samp-incognito--samp-streamer-plugin/streamer.inc	258	native Streamer_DestroyAllItems(type, serverwide = 1);
samp-incognito/samp-streamer-plugin	samp-incognito--samp-streamer-plugin/streamer.inc	259	native Streamer_CountItems(type, serverwide = 1);
samp-incognito/samp-streamer-plugin	samp-incognito--samp-streamer-plugin/streamer.inc	260	native Streamer_GetNearbyItems(Float:x, Float:y, Float:z, type, STREAMER_ALL_TAGS:items[], maxitems = sizeof items, Float:range = 300.0, worldid = -1);
samp-incognito/samp-streamer-plugin	samp-incognito--samp-streamer-plugin/streamer.inc	261	native Streamer_GetAllVisibleItems(playerid, type, STREAMER_ALL_TAGS:items[], maxitems = sizeof items);
samp-incognito/samp-streamer-plugin	samp-incognito--samp-streamer-plugin/streamer.inc	262	native Streamer_GetItemPos(type, STREAMER_ALL_TAGS:id, &Float:x, &Float:y, &Float:z);
samp-incognito/samp-streamer-plugin	samp-incognito--samp-streamer-plugin/streamer.inc	263	native Streamer_SetItemPos(type, STREAMER_ALL_TAGS:id, Float:x, Float:y, Float:z);
samp-incognito/samp-streamer-plugin	samp-incognito--samp-streamer-plugin/streamer.inc	264	native Streamer_GetItemOffset(type, STREAMER_ALL_TAGS:id, &Float:x, &Float:y, &Float:z);
samp-incognito/samp-streamer-plugin	samp-incognito--samp-streamer-plugin/streamer.inc	265	native Streamer_SetItemOffset(type, STREAMER_ALL_TAGS:id, Float:x, Float:y, Float:z);
samp-incognito/samp-streamer-plugin	samp-incognito--samp-streamer-plugin/streamer.inc	269	native STREAMER_TAG_OBJECT:CreateDynamicObject(modelid, Float:x, Float:y, Float:z, Float:rx, Float:ry, Float:rz, worldid = -1, interiorid = -1, playerid = -1, Float:streamdistance = STREAMER_OBJECT_SD, Float:drawdistance = STREAMER_OBJECT_DD, STREAMER_TAG_AREA:areaid = STREAMER_TAG_AREA:-1, priority = 0);
samp-incognito/samp-streamer-plugin	samp-incognito--samp-streamer-plugin/streamer.inc	270	native DestroyDynamicObject(STREAMER_TAG_OBJECT:objectid);
samp-incognito/samp-streamer-plugin	samp-incognito--samp-streamer-plugin/streamer.inc	271	native IsValidDynamicObject(STREAMER_TAG_OBJECT:objectid);
samp-incognito/samp-streamer-plugin	samp-incognito--samp-streamer-plugin/streamer.inc	272	native GetDynamicObjectPos(STREAMER_TAG_OBJECT:objectid, &Float:x, &Float:y, &Float:z);
samp-incognito/samp-streamer-plugin	samp-incognito--samp-streamer-plugin/streamer.inc	273	native SetDynamicObjectPos(STREAMER_TAG_OBJECT:objectid, Float:x, Float:y, Float:z);
samp-incognito/samp-streamer-plugin	samp-incognito--samp-streamer-plugin/streamer.inc	274	native GetDynamicObjectRot(STREAMER_TAG_OBJECT:objectid, &Float:rx, &Float:ry, &Float:rz);
samp-incognito/samp-streamer-plugin	samp-incognito--samp-streamer-plugin/streamer.inc	275	native SetDynamicObjectRot(STREAMER_TAG_OBJECT:objectid, Float:rx, Float:ry, Float:rz);
samp-incognito/samp-streamer-plugin	samp-incognito--samp-streamer-plugin/streamer.inc	276	native GetDynamicObjectNoCameraCol(STREAMER_TAG_OBJECT:objectid);
samp-incognito/samp-streamer-plugin	samp-incognito--samp-streamer-plugin/streamer.inc	277	native SetDynamicObjectNoCameraCol(STREAMER_TAG_OBJECT:objectid);
samp-incognito/samp-streamer-plugin	samp-incognito--samp-streamer-plugin/streamer.inc	278	native MoveDynamicObject(STREAMER_TAG_OBJECT:objectid, Float:x, Float:y, Float:z, Float:speed, Float:rx = -1000.0, Float:ry = -1000.0, Float:rz = -1000.0);
samp-incognito/samp-streamer-plugin	samp-incognito--samp-streamer-plugin/streamer.inc	279	native StopDynamicObject(STREAMER_TAG_OBJECT:objectid);
samp-incognito/samp-streamer-plugin	samp-incognito--samp-streamer-plugin/streamer.inc	280	native IsDynamicObjectMoving(STREAMER_TAG_OBJECT:objectid);
samp-incognito/samp-streamer-plugin	samp-incognito--samp-streamer-plugin/streamer.inc	281	native AttachCameraToDynamicObject(playerid, STREAMER_TAG_OBJECT:objectid);
samp-incognito/samp-streamer-plugin	samp-incognito--samp-streamer-plugin/streamer.inc	282	native AttachDynamicObjectToObject(STREAMER_TAG_OBJECT:objectid, attachtoid, Float:offsetx, Float:offsety, Float:offsetz, Float:rx, Float:ry, Float:rz, syncrotation = 1);
samp-incognito/samp-streamer-plugin	samp-incognito--samp-streamer-plugin/streamer.inc	283	native AttachDynamicObjectToPlayer(STREAMER_TAG_OBJECT:objectid, playerid, Float:offsetx, Float:offsety, Float:offsetz, Float:rx, Float:ry, Float:rz);
samp-incognito/samp-streamer-plugin	samp-incognito--samp-streamer-plugin/streamer.inc	284	native AttachDynamicObjectToVehicle(STREAMER_TAG_OBJECT:objectid, vehicleid, Float:offsetx, Float:offsety, Float:offsetz, Float:rx, Float:ry, Float:rz);
samp-incognito/samp-streamer-plugin	samp-incognito--samp-streamer-plugin/streamer.inc	285	native EditDynamicObject(playerid, STREAMER_TAG_OBJECT:objectid);
samp-incognito/samp-streamer-plugin	samp-incognito--samp-streamer-plugin/streamer.inc	286	native IsDynamicObjectMaterialUsed(STREAMER_TAG_OBJECT:objectid, materialindex);
samp-incognito/samp-streamer-plugin	samp-incognito--samp-streamer-plugin/streamer.inc	287	native RemoveDynamicObjectMaterial(STREAMER_TAG_OBJECT:objectid, materialindex);
samp-incognito/samp-streamer-plugin	samp-incognito--samp-streamer-plugin/streamer.inc	288	native GetDynamicObjectMaterial(STREAMER_TAG_OBJECT:objectid, materialindex, &modelid, txdname[], texturename[], &materialcolor, maxtxdname = sizeof txdname, maxtexturename = sizeof texturename);
samp-incognito/samp-streamer-plugin	samp-incognito--samp-streamer-plugin/streamer.inc	289	native SetDynamicObjectMaterial(STREAMER_TAG_OBJECT:objectid, materialindex, modelid, const txdname[], const texturename[], materialcolor = 0);
samp-incognito/samp-streamer-plugin	samp-incognito--samp-streamer-plugin/streamer.inc	290	native IsDynamicObjectMaterialTextUsed(STREAMER_TAG_OBJECT:objectid, materialindex);
samp-incognito/samp-streamer-plugin	samp-incognito--samp-streamer-plugin/streamer.inc	291	native RemoveDynamicObjectMaterialText(STREAMER_TAG_OBJECT:objectid, materialindex);
samp-incognito/samp-streamer-plugin	samp-incognito--samp-streamer-plugin/streamer.inc	292	native GetDynamicObjectMaterialText(STREAMER_TAG_OBJECT:objectid, materialindex, text[], &materialsize, fontface[], &fontsize, &bold, &fontcolor, &backcolor, &textalignment, maxtext = sizeof text, maxfontface = sizeof fontface);
samp-incognito/samp-streamer-plugin	samp-incognito--samp-streamer-plugin/streamer.inc	293	native SetDynamicObjectMaterialText(STREAMER_TAG_OBJECT:objectid, materialindex, const text[], materialsize = OBJECT_MATERIAL_SIZE_256x128, const fontface[] = "Arial", fontsize = 24, bold = 1, fontcolor = 0xFFFFFFFF, backcolor = 0, textalignment = 0);
samp-incognito/samp-streamer-plugin	samp-incognito--samp-streamer-plugin/streamer.inc	294	native STREAMER_TAG_OBJECT:GetPlayerCameraTargetDynObject(playerid);
samp-incognito/samp-streamer-plugin	samp-incognito--samp-streamer-plugin/streamer.inc	298	native STREAMER_TAG_PICKUP:CreateDynamicPickup(modelid, type, Float:x, Float:y, Float:z, worldid = -1, interiorid = -1, playerid = -1, Float:streamdistance = STREAMER_PICKUP_SD, STREAMER_TAG_AREA:areaid = STREAMER_TAG_AREA:-1, priority = 0);
samp-incognito/samp-streamer-plugin	samp-incognito--samp-streamer-plugin/streamer.inc	299	native DestroyDynamicPickup(STREAMER_TAG_PICKUP:pickupid);
samp-incognito/samp-streamer-plugin	samp-incognito--samp-streamer-plugin/streamer.inc	300	native IsValidDynamicPickup(STREAMER_TAG_PICKUP:pickupid);
samp-incognito/samp-streamer-plugin	samp-incognito--samp-streamer-plugin/streamer.inc	304	native STREAMER_TAG_CP:CreateDynamicCP(Float:x, Float:y, Float:z, Float:size, worldid = -1, interiorid = -1, playerid = -1, Float:streamdistance = STREAMER_CP_SD, STREAMER_TAG_AREA:areaid = STREAMER_TAG_AREA:-1, priority = 0);
samp-incognito/samp-streamer-plugin	samp-incognito--samp-streamer-plugin/streamer.inc	305	native DestroyDynamicCP(STREAMER_TAG_CP:checkpointid);
samp-incognito/samp-streamer-plugin	samp-incognito--samp-streamer-plugin/streamer.inc	306	native IsValidDynamicCP(STREAMER_TAG_CP:checkpointid);
samp-incognito/samp-streamer-plugin	samp-incognito--samp-streamer-plugin/streamer.inc	307	native IsPlayerInDynamicCP(playerid, STREAMER_TAG_CP:checkpointid);
samp-incognito/samp-streamer-plugin	samp-incognito--samp-streamer-plugin/streamer.inc	308	native STREAMER_TAG_CP:GetPlayerVisibleDynamicCP(playerid);
samp-incognito/samp-streamer-plugin	samp-incognito--samp-streamer-plugin/streamer.inc	312	native STREAMER_TAG_RACE_CP:CreateDynamicRaceCP(type, Float:x, Float:y, Float:z, Float:nextx, Float:nexty, Float:nextz, Float:size, worldid = -1, interiorid = -1, playerid = -1, Float:streamdistance = STREAMER_RACE_CP_SD, STREAMER_TAG_AREA:areaid = STREAMER_TAG_AREA:-1, priority = 0);
samp-incognito/samp-streamer-plugin	samp-incognito--samp-streamer-plugin/streamer.inc	313	native DestroyDynamicRaceCP(STREAMER_TAG_RACE_CP:checkpointid);
samp-incognito/samp-streamer-plugin	samp-incognito--samp-streamer-plugin/streamer.inc	314	native IsValidDynamicRaceCP(STREAMER_TAG_RACE_CP:checkpointid);
samp-incognito/samp-streamer-plugin	samp-incognito--samp-streamer-plugin/streamer.inc	315	native IsPlayerInDynamicRaceCP(playerid, STREAMER_TAG_RACE_CP:checkpointid);
samp-incognito/samp-streamer-plugin	samp-incognito--samp-streamer-plugin/streamer.inc	316	native STREAMER_TAG_RACE_CP:GetPlayerVisibleDynamicRaceCP(playerid);
samp-incognito/samp-streamer-plugin	samp-incognito--samp-streamer-plugin/streamer.inc	320	native STREAMER_TAG_MAP_ICON:CreateDynamicMapIcon(Float:x, Float:y, Float:z, type, color, worldid = -1, interiorid = -1, playerid = -1, Float:streamdistance = STREAMER_MAP_ICON_SD, style = MAPICON_LOCAL, STREAMER_TAG_AREA:areaid = STREAMER_TAG_AREA:-1, priority = 0);
samp-incognito/samp-streamer-plugin	samp-incognito--samp-streamer-plugin/streamer.inc	321	native DestroyDynamicMapIcon(STREAMER_TAG_MAP_ICON:iconid);
samp-incognito/samp-streamer-plugin	samp-incognito--samp-streamer-plugin/streamer.inc	322	native IsValidDynamicMapIcon(STREAMER_TAG_MAP_ICON:iconid);
samp-incognito/samp-streamer-plugin	samp-incognito--samp-streamer-plugin/streamer.inc	326	native STREAMER_TAG_3D_TEXT_LABEL:CreateDynamic3DTextLabel(const text[], color, Float:x, Float:y, Float:z, Float:drawdistance, attachedplayer = INVALID_PLAYER_ID, attachedvehicle = INVALID_VEHICLE_ID, testlos = 0, worldid = -1, interiorid = -1, playerid = -1, Float:streamdistance = STREAMER_3D_TEXT_LABEL_SD, STREAMER_TAG_AREA:areaid = STREAMER_TAG_AREA:-1, priority = 0);
samp-incognito/samp-streamer-plugin	samp-incognito--samp-streamer-plugin/streamer.inc	327	native DestroyDynamic3DTextLabel(STREAMER_TAG_3D_TEXT_LABEL:id);
samp-incognito/samp-streamer-plugin	samp-incognito--samp-streamer-plugin/streamer.inc	328	native IsValidDynamic3DTextLabel(STREAMER_TAG_3D_TEXT_LABEL:id);
samp-incognito/samp-streamer-plugin	samp-incognito--samp-streamer-plugin/streamer.inc	329	native GetDynamic3DTextLabelText(STREAMER_TAG_3D_TEXT_LABEL:id, text[], maxtext = sizeof text);
samp-incognito/samp-streamer-plugin	samp-incognito--samp-streamer-plugin/streamer.inc	330	native UpdateDynamic3DTextLabelText(STREAMER_TAG_3D_TEXT_LABEL:id, color, const text[]);
samp-incognito/samp-streamer-plugin	samp-incognito--samp-streamer-plugin/streamer.inc	334	native STREAMER_TAG_AREA:CreateDynamicCircle(Float:x, Float:y, Float:radius, worldid = -1, interiorid = -1, playerid = -1, priority = 0);
samp-incognito/samp-streamer-plugin	samp-incognito--samp-streamer-plugin/streamer.inc	335	native STREAMER_TAG_AREA:CreateDynamicCylinder(Float:x, Float:y, Float:minz, Float:maxz, Float:radius, worldid = -1, interiorid = -1, playerid = -1, priority = 0);
samp-incognito/samp-streamer-plugin	samp-incognito--samp-streamer-plugin/streamer.inc	336	native STREAMER_TAG_AREA:CreateDynamicSphere(Float:x, Float:y, Float:z, Float:radius, worldid = -1, interiorid = -1, playerid = -1, priority = 0);
samp-incognito/samp-streamer-plugin	samp-incognito--samp-streamer-plugin/streamer.inc	337	native STREAMER_TAG_AREA:CreateDynamicRectangle(Float:minx, Float:miny, Float:maxx, Float:maxy, worldid = -1, interiorid = -1, playerid = -1, priority = 0);
samp-incognito/samp-streamer-plugin	samp-incognito--samp-streamer-plugin/streamer.inc	338	native STREAMER_TAG_AREA:CreateDynamicCuboid(Float:minx, Float:miny, Float:minz, Float:maxx, Float:maxy, Float:maxz, worldid = -1, interiorid = -1, playerid = -1, priority = 0);
samp-incognito/samp-streamer-plugin	samp-incognito--samp-streamer-plugin/streamer.inc	339	native STREAMER_TAG_AREA:CreateDynamicCube(Float:minx, Float:miny, Float:minz, Float:maxx, Float:maxy, Float:maxz, worldid = -1, interiorid = -1, playerid = -1, priority = 0);
samp-incognito/samp-streamer-plugin	samp-incognito--samp-streamer-plugin/streamer.inc	340	native STREAMER_TAG_AREA:CreateDynamicPolygon(const Float:points[], Float:minz = -FLOAT_INFINITY, Float:maxz = FLOAT_INFINITY, maxpoints = sizeof points, worldid = -1, interiorid = -1, playerid = -1, priority = 0);
samp-incognito/samp-streamer-plugin	samp-incognito--samp-streamer-plugin/streamer.inc	341	native DestroyDynamicArea(STREAMER_TAG_AREA:areaid);
samp-incognito/samp-streamer-plugin	samp-incognito--samp-streamer-plugin/streamer.inc	342	native IsValidDynamicArea(STREAMER_TAG_AREA:areaid);
samp-incognito/samp-streamer-plugin	samp-incognito--samp-streamer-plugin/streamer.inc	343	native GetDynamicAreaType(STREAMER_TAG_AREA:areaid);
samp-incognito/samp-streamer-plugin	samp-incognito--samp-streamer-plugin/streamer.inc	344	native GetDynamicPolygonPoints(STREAMER_TAG_AREA:areaid, Float:points[], maxpoints = sizeof points);
samp-incognito/samp-streamer-plugin	samp-incognito--samp-streamer-plugin/streamer.inc	345	native GetDynamicPolygonNumberPoints(STREAMER_TAG_AREA:areaid);
samp-incognito/samp-streamer-plugin	samp-incognito--samp-streamer-plugin/streamer.inc	346	native IsPlayerInDynamicArea(playerid, STREAMER_TAG_AREA:areaid, recheck = 0);
samp-incognito/samp-streamer-plugin	samp-incognito--samp-streamer-plugin/streamer.inc	347	native IsPlayerInAnyDynamicArea(playerid, recheck = 0);
samp-incognito/samp-streamer-plugin	samp-incognito--samp-streamer-plugin/streamer.inc	348	native IsAnyPlayerInDynamicArea(STREAMER_TAG_AREA:areaid, recheck = 0);
samp-incognito/samp-streamer-plugin	samp-incognito--samp-streamer-plugin/streamer.inc	349	native IsAnyPlayerInAnyDynamicArea(recheck = 0);
samp-incognito/samp-streamer-plugin	samp-incognito--samp-streamer-plugin/streamer.inc	350	native GetPlayerDynamicAreas(playerid, STREAMER_TAG_AREA:areas[], maxareas = sizeof areas);
samp-incognito/samp-streamer-plugin	samp-incognito--samp-streamer-plugin/streamer.inc	351	native GetPlayerNumberDynamicAreas(playerid);
samp-incognito/samp-streamer-plugin	samp-incognito--samp-streamer-plugin/streamer.inc	352	native IsPointInDynamicArea(STREAMER_TAG_AREA:areaid, Float:x, Float:y, Float:z);
samp-incognito/samp-streamer-plugin	samp-incognito--samp-streamer-plugin/streamer.inc	353	native IsPointInAnyDynamicArea(Float:x, Float:y, Float:z);
samp-incognito/samp-streamer-plugin	samp-incognito--samp-streamer-plugin/streamer.inc	354	native IsLineInDynamicArea(STREAMER_TAG_AREA:areaid, Float:x1, Float:y1, Float:z1, Float:x2, Float:y2, Float:z2);
samp-incognito/samp-streamer-plugin	samp-incognito--samp-streamer-plugin/streamer.inc	355	native IsLineInAnyDynamicArea(Float:x1, Float:y1, Float:z1, Float:x2, Float:y2, Float:z2);
samp-incognito/samp-streamer-plugin	samp-incognito--samp-streamer-plugin/streamer.inc	356	native GetDynamicAreasForPoint(Float:x, Float:y, Float:z, STREAMER_TAG_AREA:areas[], maxareas = sizeof areas);
samp-incognito/samp-streamer-plugin	samp-incognito--samp-streamer-plugin/streamer.inc	357	native GetNumberDynamicAreasForPoint(Float:x, Float:y, Float:z);
samp-incognito/samp-streamer-plugin	samp-incognito--samp-streamer-plugin/streamer.inc	358	native GetDynamicAreasForLine(Float:x1, Float:y1, Float:z1, Float:x2, Float:y2, Float:z2, STREAMER_TAG_AREA:areas[], maxareas = sizeof areas);
samp-incognito/samp-streamer-plugin	samp-incognito--samp-streamer-plugin/streamer.inc	359	native GetNumberDynamicAreasForLine(Float:x1, Float:y1, Float:z1, Float:x2, Float:y2, Float:z2);
samp-incognito/samp-streamer-plugin	samp-incognito--samp-streamer-plugin/streamer.inc	360	native AttachDynamicAreaToObject(STREAMER_TAG_AREA:areaid, STREAMER_TAG_OBJECT_ALT:objectid, type = STREAMER_OBJECT_TYPE_DYNAMIC, playerid = INVALID_PLAYER_ID, Float:offsetx = 0.0, Float:offsety = 0.0, Float:offsetz = 0.0);
samp-incognito/samp-streamer-plugin	samp-incognito--samp-streamer-plugin/streamer.inc	361	native AttachDynamicAreaToPlayer(STREAMER_TAG_AREA:areaid, playerid, Float:offsetx = 0.0, Float:offsety = 0.0, Float:offsetz = 0.0);
samp-incognito/samp-streamer-plugin	samp-incognito--samp-streamer-plugin/streamer.inc	362	native AttachDynamicAreaToVehicle(STREAMER_TAG_AREA:areaid, vehicleid, Float:offsetx = 0.0, Float:offsety = 0.0, Float:offsetz = 0.0);
samp-incognito/samp-streamer-plugin	samp-incognito--samp-streamer-plugin/streamer.inc	363	native ToggleDynAreaSpectateMode(STREAMER_TAG_AREA:areaid, toggle);
samp-incognito/samp-streamer-plugin	samp-incognito--samp-streamer-plugin/streamer.inc	364	native IsToggleDynAreaSpectateMode(STREAMER_TAG_AREA:areaid);
samp-incognito/samp-streamer-plugin	samp-incognito--samp-streamer-plugin/streamer.inc	368	native STREAMER_TAG_ACTOR:CreateDynamicActor(modelid, Float:x, Float:y, Float:z, Float:r, invulnerable = true, Float:health = 100.0, worldid = 0, interiorid = -1, playerid = -1, Float:streamdistance = STREAMER_ACTOR_SD, STREAMER_TAG_AREA:areaid = STREAMER_TAG_AREA:-1, priority = 0);
samp-incognito/samp-streamer-plugin	samp-incognito--samp-streamer-plugin/streamer.inc	369	native DestroyDynamicActor(STREAMER_TAG_ACTOR:actorid);
samp-incognito/samp-streamer-plugin	samp-incognito--samp-streamer-plugin/streamer.inc	370	native IsValidDynamicActor(STREAMER_TAG_ACTOR:actorid);
samp-incognito/samp-streamer-plugin	samp-incognito--samp-streamer-plugin/streamer.inc	371	native IsDynamicActorStreamedIn(STREAMER_TAG_ACTOR:actorid, forplayerid);
samp-incognito/samp-streamer-plugin	samp-incognito--samp-streamer-plugin/streamer.inc	372	native GetDynamicActorVirtualWorld(STREAMER_TAG_ACTOR:actorid);
samp-incognito/samp-streamer-plugin	samp-incognito--samp-streamer-plugin/streamer.inc	373	native SetDynamicActorVirtualWorld(STREAMER_TAG_ACTOR:actorid, vworld);
samp-incognito/samp-streamer-plugin	samp-incognito--samp-streamer-plugin/streamer.inc	374	native GetDynamicActorAnimation(STREAMER_TAG_ACTOR:actorid, animlib[], animname[], &Float:fdelta, &loop, &lockx, &locky, &freeze, &time, maxanimlib = sizeof animlib, maxanimname = sizeof animname);
samp-incognito/samp-streamer-plugin	samp-incognito--samp-streamer-plugin/streamer.inc	375	native ApplyDynamicActorAnimation(STREAMER_TAG_ACTOR:actorid, const animlib[], const animname[], Float:fdelta, loop, lockx, locky, freeze, time);
samp-incognito/samp-streamer-plugin	samp-incognito--samp-streamer-plugin/streamer.inc	376	native ClearDynamicActorAnimations(STREAMER_TAG_ACTOR:actorid);
samp-incognito/samp-streamer-plugin	samp-incognito--samp-streamer-plugin/streamer.inc	377	native GetDynamicActorFacingAngle(STREAMER_TAG_ACTOR:actorid, &Float:ang);
samp-incognito/samp-streamer-plugin	samp-incognito--samp-streamer-plugin/streamer.inc	378	native SetDynamicActorFacingAngle(STREAMER_TAG_ACTOR:actorid, Float:ang);
samp-incognito/samp-streamer-plugin	samp-incognito--samp-streamer-plugin/streamer.inc	379	native GetDynamicActorPos(STREAMER_TAG_ACTOR:actorid, &Float:x, &Float:y, &Float:z);
samp-incognito/samp-streamer-plugin	samp-incognito--samp-streamer-plugin/streamer.inc	380	native SetDynamicActorPos(STREAMER_TAG_ACTOR:actorid, Float:x, Float:y, Float:z);
samp-incognito/samp-streamer-plugin	samp-incognito--samp-streamer-plugin/streamer.inc	381	native GetDynamicActorHealth(STREAMER_TAG_ACTOR:actorid, &Float:health);
samp-incognito/samp-streamer-plugin	samp-incognito--samp-streamer-plugin/streamer.inc	382	native SetDynamicActorHealth(STREAMER_TAG_ACTOR:actorid, Float:health);
samp-incognito/samp-streamer-plugin	samp-incognito--samp-streamer-plugin/streamer.inc	383	native SetDynamicActorInvulnerable(STREAMER_TAG_ACTOR:actorid, invulnerable = true);
samp-incognito/samp-streamer-plugin	samp-incognito--samp-streamer-plugin/streamer.inc	384	native IsDynamicActorInvulnerable(STREAMER_TAG_ACTOR:actorid);
samp-incognito/samp-streamer-plugin	samp-incognito--samp-streamer-plugin/streamer.inc	385	native STREAMER_TAG_ACTOR:GetPlayerTargetDynamicActor(playerid);
samp-incognito/samp-streamer-plugin	samp-incognito--samp-streamer-plugin/streamer.inc	386	native STREAMER_TAG_ACTOR:GetPlayerCameraTargetDynActor(playerid);
samp-incognito/samp-streamer-plugin	samp-incognito--samp-streamer-plugin/streamer.inc	390	native STREAMER_TAG_OBJECT:CreateDynamicObjectEx(modelid, Float:x, Float:y, Float:z, Float:rx, Float:ry, Float:rz, Float:streamdistance = STREAMER_OBJECT_SD, Float:drawdistance = STREAMER_OBJECT_DD, const worlds[] = { -1 }, const interiors[] = { -1 }, const players[] = { -1 }, const STREAMER_TAG_AREA:areas[] = { STREAMER_TAG_AREA:-1 }, priority = 0, maxworlds = sizeof worlds, maxinteriors = sizeof interiors, maxplayers = sizeof players, maxareas = sizeof areas);
samp-incognito/samp-streamer-plugin	samp-incognito--samp-streamer-plugin/streamer.inc	391	native STREAMER_TAG_PICKUP:CreateDynamicPickupEx(modelid, type, Float:x, Float:y, Float:z, Float:streamdistance = STREAMER_PICKUP_SD, const worlds[] = { -1 }, const interiors[] = { -1 }, const players[] = { -1 }, const STREAMER_TAG_AREA:areas[] = { STREAMER_TAG_AREA:-1 }, priority = 0, maxworlds = sizeof worlds, maxinteriors = sizeof interiors, maxplayers = sizeof players, maxareas = sizeof areas);
samp-incognito/samp-streamer-plugin	samp-incognito--samp-streamer-plugin/streamer.inc	392	native STREAMER_TAG_CP:CreateDynamicCPEx(Float:x, Float:y, Float:z, Float:size, Float:streamdistance = STREAMER_CP_SD, const worlds[] = { -1 }, const interiors[] = { -1 }, const players[] = { -1 }, const STREAMER_TAG_AREA:areas[] = { STREAMER_TAG_AREA:-1 }, priority = 0, maxworlds = sizeof worlds, maxinteriors = sizeof interiors, maxplayers = sizeof players, maxareas = sizeof areas);
samp-incognito/samp-streamer-plugin	samp-incognito--samp-streamer-plugin/streamer.inc	393	native STREAMER_TAG_RACE_CP:CreateDynamicRaceCPEx(type, Float:x, Float:y, Float:z, Float:nextx, Float:nexty, Float:nextz, Float:size, Float:streamdistance = STREAMER_RACE_CP_SD, const worlds[] = { -1 }, const interiors[] = { -1 }, const players[] = { -1 }, const STREAMER_TAG_AREA:areas[] = { STREAMER_TAG_AREA:-1 }, priority = 0, maxworlds = sizeof worlds, maxinteriors = sizeof interiors, maxplayers = sizeof players, maxareas = sizeof areas);
samp-incognito/samp-streamer-plugin	samp-incognito--samp-streamer-plugin/streamer.inc	394	native STREAMER_TAG_MAP_ICON:CreateDynamicMapIconEx(Float:x, Float:y, Float:z, type, color, style = MAPICON_LOCAL, Float:streamdistance = STREAMER_MAP_ICON_SD, const worlds[] = { -1 }, const interiors[] = { -1 }, const players[] = { -1 }, const STREAMER_TAG_AREA:areas[] = { STREAMER_TAG_AREA:-1 }, priority = 0, maxworlds = sizeof worlds, maxinteriors = sizeof interiors, maxplayers = sizeof players, maxareas = sizeof areas);
samp-incognito/samp-streamer-plugin	samp-incognito--samp-streamer-plugin/streamer.inc	395	native STREAMER_TAG_3D_TEXT_LABEL:CreateDynamic3DTextLabelEx(const text[], color, Float:x, Float:y, Float:z, Float:drawdistance, attachedplayer = INVALID_PLAYER_ID, attachedvehicle = INVALID_VEHICLE_ID, testlos = 0, Float:streamdistance = STREAMER_3D_TEXT_LABEL_SD, const worlds[] = { -1 }, const interiors[] = { -1 }, const players[] = { -1 }, const STREAMER_TAG_AREA:areas[] = { STREAMER_TAG_AREA:-1 }, priority = 0,
samp-incognito/samp-streamer-plugin	samp-incognito--samp-streamer-plugin/streamer.inc	397	native STREAMER_TAG_AREA:CreateDynamicCircleEx(Float:x, Float:y, Float:radius, const worlds[] = { -1 }, const interiors[] = { -1 }, const players[] = { -1 }, priority = 0, maxworlds = sizeof worlds, maxinteriors = sizeof interiors, maxplayers = sizeof players);
samp-incognito/samp-streamer-plugin	samp-incognito--samp-streamer-plugin/streamer.inc	398	native STREAMER_TAG_AREA:CreateDynamicCylinderEx(Float:x, Float:y, Float:minz, Float:maxz, Float:radius, const worlds[] = { -1 }, const interiors[] = { -1 }, const players[] = { -1 }, priority = 0, maxworlds = sizeof worlds, maxinteriors = sizeof interiors, maxplayers = sizeof players);
samp-incognito/samp-streamer-plugin	samp-incognito--samp-streamer-plugin/streamer.inc	399	native STREAMER_TAG_AREA:CreateDynamicSphereEx(Float:x, Float:y, Float:z, Float:radius, const worlds[] = { -1 }, const interiors[] = { -1 }, const players[] = { -1 }, priority = 0, maxworlds = sizeof worlds, maxinteriors = sizeof interiors, maxplayers = sizeof players);
samp-incognito/samp-streamer-plugin	samp-incognito--samp-streamer-plugin/streamer.inc	400	native STREAMER_TAG_AREA:CreateDynamicRectangleEx(Float:minx, Float:miny, Float:maxx, Float:maxy, const worlds[] = { -1 }, const interiors[] = { -1 }, const players[] = { -1 }, priority = 0, maxworlds = sizeof worlds, maxinteriors = sizeof interiors, maxplayers = sizeof players);
samp-incognito/samp-streamer-plugin	samp-incognito--samp-streamer-plugin/streamer.inc	401	native STREAMER_TAG_AREA:CreateDynamicCuboidEx(Float:minx, Float:miny, Float:minz, Float:maxx, Float:maxy, Float:maxz, const worlds[] = { -1 }, const interiors[] = { -1 }, const players[] = { -1 }, priority = 0, maxworlds = sizeof worlds, maxinteriors = sizeof interiors, maxplayers = sizeof players);
samp-incognito/samp-streamer-plugin	samp-incognito--samp-streamer-plugin/streamer.inc	402	native STREAMER_TAG_AREA:CreateDynamicCubeEx(Float:minx, Float:miny, Float:minz, Float:maxx, Float:maxy, Float:maxz, const worlds[] = { -1 }, const interiors[] = { -1 }, const players[] = { -1 }, priority = 0, maxworlds = sizeof worlds, maxinteriors = sizeof interiors, maxplayers = sizeof players);
samp-incognito/samp-streamer-plugin	samp-incognito--samp-streamer-plugin/streamer.inc	403	native STREAMER_TAG_AREA:CreateDynamicPolygonEx(const Float:points[], Float:minz = -FLOAT_INFINITY, Float:maxz = FLOAT_INFINITY, maxpoints = sizeof points, const worlds[] = { -1 }, const interiors[] = { -1 }, const players[] = { -1 }, priority = 0, maxworlds = sizeof worlds, maxinteriors = sizeof interiors, maxplayers = sizeof players);
samp-incognito/samp-streamer-plugin	samp-incognito--samp-streamer-plugin/streamer.inc	404	native STREAMER_TAG_ACTOR:CreateDynamicActorEx(modelid, Float:x, Float:y, Float:z, Float:r, invulnerable = 1, Float:health = 100.0, Float:streamdistance = STREAMER_ACTOR_SD, const worlds[] = { 0 }, const interiors[] = { -1 }, const players[] = { -1 }, const STREAMER_TAG_AREA:areas[] = { STREAMER_TAG_AREA:-1 }, priority = 0, maxworlds = sizeof worlds, maxinteriors = sizeof interiors, maxplayers = sizeof players, maxareas = sizeof areas);
samp-incognito/samp-streamer-plugin	samp-incognito--samp-streamer-plugin/streamer.inc	408	native Streamer_CallbackHook(callback, {Float,_}:...);
samp-incognito/samp-streamer-plugin	samp-incognito--samp-streamer-plugin/streamer.inc	410	native Streamer_TickRate(rate);
samp-incognito/samp-streamer-plugin	samp-incognito--samp-streamer-plugin/streamer.inc	411	native Streamer_MaxItems(type, items);
samp-incognito/samp-streamer-plugin	samp-incognito--samp-streamer-plugin/streamer.inc	412	native Streamer_VisibleItems(type, items, playerid = -1);
samp-incognito/samp-streamer-plugin	samp-incognito--samp-streamer-plugin/streamer.inc	413	native Streamer_CellDistance(Float:distance);
samp-incognito/samp-streamer-plugin	samp-incognito--samp-streamer-plugin/streamer.inc	414	native Streamer_CellSize(Float:size);
samp-incognito/samp-streamer-plugin	samp-incognito--samp-streamer-plugin/streamer.inc	416	native DestroyAllDynamicObjects();
samp-incognito/samp-streamer-plugin	samp-incognito--samp-streamer-plugin/streamer.inc	417	native CountDynamicObjects();
samp-incognito/samp-streamer-plugin	samp-incognito--samp-streamer-plugin/streamer.inc	418	native DestroyAllDynamicPickups();
samp-incognito/samp-streamer-plugin	samp-incognito--samp-streamer-plugin/streamer.inc	419	native CountDynamicPickups();
samp-incognito/samp-streamer-plugin	samp-incognito--samp-streamer-plugin/streamer.inc	420	native DestroyAllDynamicCPs();
samp-incognito/samp-streamer-plugin	samp-incognito--samp-streamer-plugin/streamer.inc	421	native CountDynamicCPs();
samp-incognito/samp-streamer-plugin	samp-incognito--samp-streamer-plugin/streamer.inc	422	native DestroyAllDynamicRaceCPs();
samp-incognito/samp-streamer-plugin	samp-incognito--samp-streamer-plugin/streamer.inc	423	native CountDynamicRaceCPs();
samp-incognito/samp-streamer-plugin	samp-incognito--samp-streamer-plugin/streamer.inc	424	native DestroyAllDynamicMapIcons();
samp-incognito/samp-streamer-plugin	samp-incognito--samp-streamer-plugin/streamer.inc	425	native CountDynamicMapIcons();
samp-incognito/samp-streamer-plugin	samp-incognito--samp-streamer-plugin/streamer.inc	426	native DestroyAllDynamic3DTextLabels();
samp-incognito/samp-streamer-plugin	samp-incognito--samp-streamer-plugin/streamer.inc	427	native CountDynamic3DTextLabels();
samp-incognito/samp-streamer-plugin	samp-incognito--samp-streamer-plugin/streamer.inc	428	native DestroyAllDynamicAreas();
samp-incognito/samp-streamer-plugin	samp-incognito--samp-streamer-plugin/streamer.inc	429	native CountDynamicAreas();
samp-incognito/samp-streamer-plugin	samp-incognito--samp-streamer-plugin/streamer.inc	431	native TogglePlayerDynamicCP(playerid, STREAMER_TAG_CP:checkpointid, toggle);
samp-incognito/samp-streamer-plugin	samp-incognito--samp-streamer-plugin/streamer.inc	432	native TogglePlayerAllDynamicCPs(playerid, toggle, const exceptions[] = { -1 }, maxexceptions = sizeof exceptions);
samp-incognito/samp-streamer-plugin	samp-incognito--samp-streamer-plugin/streamer.inc	433	native TogglePlayerDynamicRaceCP(playerid, STREAMER_TAG_RACE_CP:checkpointid, toggle);
samp-incognito/samp-streamer-plugin	samp-incognito--samp-streamer-plugin/streamer.inc	434	native TogglePlayerAllDynamicRaceCPs(playerid, toggle, const exceptions[] = { -1 }, maxexceptions = sizeof exceptions);
samp-incognito/samp-streamer-plugin	samp-incognito--samp-streamer-plugin/streamer.inc	435	native TogglePlayerDynamicArea(playerid, STREAMER_TAG_AREA:areaid, toggle);
samp-incognito/samp-streamer-plugin	samp-incognito--samp-streamer-plugin/streamer.inc	436	native TogglePlayerAllDynamicAreas(playerid, toggle, const exceptions[] = { -1 }, maxexceptions = sizeof exceptions);
samp-incognito/samp-streamer-plugin	samp-incognito--samp-streamer-plugin/streamer.inc	440	forward OnDynamicObjectMoved(STREAMER_TAG_OBJECT:objectid);
samp-incognito/samp-streamer-plugin	samp-incognito--samp-streamer-plugin/streamer.inc	441	forward OnPlayerEditDynamicObject(playerid, STREAMER_TAG_OBJECT:objectid, response, Float:x, Float:y, Float:z, Float:rx, Float:ry, Float:rz);
samp-incognito/samp-streamer-plugin	samp-incognito--samp-streamer-plugin/streamer.inc	442	forward OnPlayerSelectDynamicObject(playerid, STREAMER_TAG_OBJECT:objectid, modelid, Float:x, Float:y, Float:z);
samp-incognito/samp-streamer-plugin	samp-incognito--samp-streamer-plugin/streamer.inc	443	forward OnPlayerShootDynamicObject(playerid, weaponid, STREAMER_TAG_OBJECT:objectid, Float:x, Float:y, Float:z);
samp-incognito/samp-streamer-plugin	samp-incognito--samp-streamer-plugin/streamer.inc	444	forward OnPlayerPickUpDynamicPickup(playerid, STREAMER_TAG_PICKUP:pickupid);
samp-incognito/samp-streamer-plugin	samp-incognito--samp-streamer-plugin/streamer.inc	445	forward OnPlayerEnterDynamicCP(playerid, STREAMER_TAG_CP:checkpointid);
samp-incognito/samp-streamer-plugin	samp-incognito--samp-streamer-plugin/streamer.inc	446	forward OnPlayerLeaveDynamicCP(playerid, STREAMER_TAG_CP:checkpointid);
samp-incognito/samp-streamer-plugin	samp-incognito--samp-streamer-plugin/streamer.inc	447	forward OnPlayerEnterDynamicRaceCP(playerid, STREAMER_TAG_RACE_CP:checkpointid);
samp-incognito/samp-streamer-plugin	samp-incognito--samp-streamer-plugin/streamer.inc	448	forward OnPlayerLeaveDynamicRaceCP(playerid, STREAMER_TAG_RACE_CP:checkpointid);
samp-incognito/samp-streamer-plugin	samp-incognito--samp-streamer-plugin/streamer.inc	449	forward OnPlayerEnterDynamicArea(playerid, STREAMER_TAG_AREA:areaid);
samp-incognito/samp-streamer-plugin	samp-incognito--samp-streamer-plugin/streamer.inc	450	forward OnPlayerLeaveDynamicArea(playerid, STREAMER_TAG_AREA:areaid);
samp-incognito/samp-streamer-plugin	samp-incognito--samp-streamer-plugin/streamer.inc	451	forward OnPlayerGiveDamageDynamicActor(playerid, STREAMER_TAG_ACTOR:actorid, Float:amount, weaponid, bodypart);
samp-incognito/samp-streamer-plugin	samp-incognito--samp-streamer-plugin/streamer.inc	452	forward OnDynamicActorStreamIn(STREAMER_TAG_ACTOR:actorid, forplayerid);
samp-incognito/samp-streamer-plugin	samp-incognito--samp-streamer-plugin/streamer.inc	453	forward OnDynamicActorStreamOut(STREAMER_TAG_ACTOR:actorid, forplayerid);
samp-incognito/samp-streamer-plugin	samp-incognito--samp-streamer-plugin/streamer.inc	454	forward Streamer_OnItemStreamIn(type, STREAMER_ALL_TAGS:id, forplayerid);
samp-incognito/samp-streamer-plugin	samp-incognito--samp-streamer-plugin/streamer.inc	455	forward Streamer_OnItemStreamOut(type, STREAMER_ALL_TAGS:id, forplayerid);
samp-incognito/samp-streamer-plugin	samp-incognito--samp-streamer-plugin/streamer.inc	456	forward Streamer_OnPluginError(const error[]);
samp-incognito/samp-streamer-plugin	samp-incognito--samp-streamer-plugin/streamer.inc	461	stock NPC_SetSurfingDynamicObject(npcid, STREAMER_TAG_OBJECT:objectid)
samp-incognito/samp-streamer-plugin	samp-incognito--samp-streamer-plugin/streamer.inc	466	stock STREAMER_TAG_OBJECT:NPC_GetSurfingDynamicObject(npcid)
