repository	commit	prepared_path	archive	sha256
DignitySAMP/SP-RP	3abda1657c0088f837c3e55ee818ebacfe51eb79	.references/pawn/gamemodes/DignitySAMP--SP-RP/.gitignore	DignitySAMP--SP-RP-source.zip	5083a9a59db8c6269ae7ce0122d06e1115269f18e82908ce00a4d4e5f7521133
DignitySAMP/SP-RP	3abda1657c0088f837c3e55ee818ebacfe51eb79	.references/pawn/gamemodes/DignitySAMP--SP-RP/readme.md	DignitySAMP--SP-RP-source.zip	c443c7947065832b4d07703937b454d21996fce7757ec438cd6d040df708e674
DignitySAMP/SP-RP	3abda1657c0088f837c3e55ee818ebacfe51eb79	.references/pawn/gamemodes/DignitySAMP--SP-RP/LICENSE	DignitySAMP--SP-RP-source.zip	a0868f37d480f4289fce2ed8de82091b40ca4a551e04a3f99797be3d740e1c5c
DignitySAMP/SP-RP	3abda1657c0088f837c3e55ee818ebacfe51eb79	.references/pawn/gamemodes/DignitySAMP--SP-RP/mysql-example.ini	DignitySAMP--SP-RP-source.zip	c5ba5ac70adb9296a6be0b171997750c861c988ae82c04f3c926522d888c9845
DignitySAMP/SP-RP	3abda1657c0088f837c3e55ee818ebacfe51eb79	.references/pawn/gamemodes/DignitySAMP--SP-RP/pawn.json	DignitySAMP--SP-RP-source.zip	493b6bcd6047327c4891be85aed26beef115d100519948d214311584e1baa996
DignitySAMP/SP-RP	3abda1657c0088f837c3e55ee818ebacfe51eb79	.references/pawn/gamemodes/DignitySAMP--SP-RP/fearandrespect.sql	DignitySAMP--SP-RP-source.zip	b87c245cfb8b854bdcc087470a8232ecc1047fabe9141cf32d656c0d9613a772
DignitySAMP/SP-RP	3abda1657c0088f837c3e55ee818ebacfe51eb79	.references/pawn/gamemodes/DignitySAMP--SP-RP/legacy/modelsizes.inc	DignitySAMP--SP-RP-source.zip	1091f14b5634e65024ffbedf4cb869a656533d85570f9e25c2fc405c9b722ca3
DignitySAMP/SP-RP	3abda1657c0088f837c3e55ee818ebacfe51eb79	.references/pawn/gamemodes/DignitySAMP--SP-RP/legacy/3DTryg.inc	DignitySAMP--SP-RP-source.zip	3c3feda29e65884f80f93d4757a7ebbe2d57ee36c86a037bd28c7ec564760b65
DignitySAMP/SP-RP	3abda1657c0088f837c3e55ee818ebacfe51eb79	.references/pawn/gamemodes/DignitySAMP--SP-RP/legacy/ww_mysql.inc	DignitySAMP--SP-RP-source.zip	b5263fec8b09e8b5f25bd835b058f1b49838c741ee4ce1b485eeccd648d2f9c7
DignitySAMP/SP-RP	3abda1657c0088f837c3e55ee818ebacfe51eb79	.references/pawn/gamemodes/DignitySAMP--SP-RP/legacy/dini.inc	DignitySAMP--SP-RP-source.zip	987c92772eec006a6aa3c354ff0ad279448fe27841e41e727c5a0c69b7ad33f9
DignitySAMP/SP-RP	3abda1657c0088f837c3e55ee818ebacfe51eb79	.references/pawn/gamemodes/DignitySAMP--SP-RP/legacy/iptrace.inc	DignitySAMP--SP-RP-source.zip	3637ef298cae0dc7b4967395f17e6de399842bd9b16fddf9c9d9b616957904c6
DignitySAMP/SP-RP	3abda1657c0088f837c3e55ee818ebacfe51eb79	.references/pawn/gamemodes/DignitySAMP--SP-RP/gamemodes/event_easter.pwn	DignitySAMP--SP-RP-source.zip	68ee5a27849cd07389248b4aba246b9f424ebbd6e70d29900ed33b6b2defdb91
DignitySAMP/SP-RP	3abda1657c0088f837c3e55ee818ebacfe51eb79	.references/pawn/gamemodes/DignitySAMP--SP-RP/gamemodes/event_christmas.pwn	DignitySAMP--SP-RP-source.zip	eca396aa79a8aa83277aa9a9063af4db6ea48c6eee77d140e356f61cb6f9fc29
DignitySAMP/SP-RP	3abda1657c0088f837c3e55ee818ebacfe51eb79	.references/pawn/gamemodes/DignitySAMP--SP-RP/gamemodes/event_halloween.pwn	DignitySAMP--SP-RP-source.zip	67e46ba50e5c78e2057445d7bb1a38c8445ecf1c798525011c45cde5192535ee
DignitySAMP/SP-RP	3abda1657c0088f837c3e55ee818ebacfe51eb79	.references/pawn/gamemodes/DignitySAMP--SP-RP/gamemodes/gamemode.pwn	DignitySAMP--SP-RP-source.zip	5c3843cad152a6adeb893889a7b21d48b008ce9934c4dd8eb6531444a9cbfd05
DignitySAMP/SP-RP	3abda1657c0088f837c3e55ee818ebacfe51eb79	.references/pawn/gamemodes/DignitySAMP--SP-RP/models/index.html	DignitySAMP--SP-RP-source.zip	47bb909c401ccd85bde61c0dd4b8ff93bc7a0e7b17b29ed57f8f39265950445d
DignitySAMP/SP-RP	3abda1657c0088f837c3e55ee818ebacfe51eb79	.references/pawn/gamemodes/DignitySAMP--SP-RP/scriptfiles/Furniture_Prices.html	DignitySAMP--SP-RP-source.zip	1d4d9b6fb7b1df272207f27f526fba6c544795ef1c1fd0d0e9482cc4cae9e335
DignitySAMP/SP-RP	3abda1657c0088f837c3e55ee818ebacfe51eb79	.references/pawn/gamemodes/DignitySAMP--SP-RP/.vscode/tasks.json	DignitySAMP--SP-RP-source.zip	69bef36ce74185a162a8ea361a13123efa42e8be9a59c0d714ad68c6f8ced6c9
DignitySAMP/SP-RP	3abda1657c0088f837c3e55ee818ebacfe51eb79	.references/pawn/gamemodes/DignitySAMP--SP-RP/gamemodes/player/session.pwn	DignitySAMP--SP-RP-source.zip	3f8cd740f5b7d2bee13a7aeb2222153e258e49d3cafe8ce4cc2e25637f40e141
DignitySAMP/SP-RP	3abda1657c0088f837c3e55ee818ebacfe51eb79	.references/pawn/gamemodes/DignitySAMP--SP-RP/gamemodes/player/attributes.pwn	DignitySAMP--SP-RP-source.zip	b7c149d36610f16aa85ed8bddcd946d7dee8f9a6e2a577984efcc30a16abbc8c
DignitySAMP/SP-RP	3abda1657c0088f837c3e55ee818ebacfe51eb79	.references/pawn/gamemodes/DignitySAMP--SP-RP/gamemodes/player/player_hooked.pwn	DignitySAMP--SP-RP-source.zip	76e9c88f679fe42088c4c09510c6636c230f4b898addb6b1d0194541c5ffe416
DignitySAMP/SP-RP	3abda1657c0088f837c3e55ee818ebacfe51eb79	.references/pawn/gamemodes/DignitySAMP--SP-RP/gamemodes/player/logout.pwn	DignitySAMP--SP-RP-source.zip	624750b63fdbdd637e1c1f01c791918474c26195a5af43e9e08ee48fc3b89495
DignitySAMP/SP-RP	3abda1657c0088f837c3e55ee818ebacfe51eb79	.references/pawn/gamemodes/DignitySAMP--SP-RP/gamemodes/player/settings.pwn	DignitySAMP--SP-RP-source.zip	56e66e4f58a60862ebb0a338f8b976000ff906512d65490894072fc5bf66b7b4
DignitySAMP/SP-RP	3abda1657c0088f837c3e55ee818ebacfe51eb79	.references/pawn/gamemodes/DignitySAMP--SP-RP/gamemodes/player/reward.pwn	DignitySAMP--SP-RP-source.zip	46503ed0f9326802f31be0c7c2636cd9b79fc169e541c9b0797ed3c2d1c71e96
DignitySAMP/SP-RP	3abda1657c0088f837c3e55ee818ebacfe51eb79	.references/pawn/gamemodes/DignitySAMP--SP-RP/gamemodes/player/help.pwn	DignitySAMP--SP-RP-source.zip	a094391af195bf2971e689f5a10834c9b5430441b4bbd7f8f0f361c34009e152
DignitySAMP/SP-RP	3abda1657c0088f837c3e55ee818ebacfe51eb79	.references/pawn/gamemodes/DignitySAMP--SP-RP/gamemodes/player/tutorial.pwn	DignitySAMP--SP-RP-source.zip	2118598fb0a82a995b5deead79c40ccc90b3cb63db4646ce3c353b9474708874
DignitySAMP/SP-RP	3abda1657c0088f837c3e55ee818ebacfe51eb79	.references/pawn/gamemodes/DignitySAMP--SP-RP/gamemodes/player/header.pwn	DignitySAMP--SP-RP-source.zip	7990ae31e77b3af9da3c022708702ffa6454b5a330bd48a1b6aae7548947acad
DignitySAMP/SP-RP	3abda1657c0088f837c3e55ee818ebacfe51eb79	.references/pawn/gamemodes/DignitySAMP--SP-RP/gamemodes/browser/engine.pwn	DignitySAMP--SP-RP-source.zip	7017a4feb614aefe7019db3c00aa8b15b13f24b964056a8b8567b52afa075de4
DignitySAMP/SP-RP	3abda1657c0088f837c3e55ee818ebacfe51eb79	.references/pawn/gamemodes/DignitySAMP--SP-RP/gamemodes/browser/header.pwn	DignitySAMP--SP-RP-source.zip	c19e383dd3f8089e8958580fef139ef3de51cf630a26659a04d65bb57713585d
DignitySAMP/SP-RP	3abda1657c0088f837c3e55ee818ebacfe51eb79	.references/pawn/gamemodes/DignitySAMP--SP-RP/gamemodes/config/includes.pwn	DignitySAMP--SP-RP-source.zip	44c0459c52858d3641424d1af80544f80d4ac79c48dd7f841b77155eaa409301
DignitySAMP/SP-RP	3abda1657c0088f837c3e55ee818ebacfe51eb79	.references/pawn/gamemodes/DignitySAMP--SP-RP/gamemodes/config/modelconstants.pwn	DignitySAMP--SP-RP-source.zip	d77d80629cb736e5ee34e75ae112eb84ff83141b9ad6808e433fcbefc7fa6238
DignitySAMP/SP-RP	3abda1657c0088f837c3e55ee818ebacfe51eb79	.references/pawn/gamemodes/DignitySAMP--SP-RP/gamemodes/config/server-native.pwn	DignitySAMP--SP-RP-source.zip	9a169da18728f3356cb009e360ce75d197f1b05ad8d79567c636283b5b9ba5b3
DignitySAMP/SP-RP	3abda1657c0088f837c3e55ee818ebacfe51eb79	.references/pawn/gamemodes/DignitySAMP--SP-RP/gamemodes/config/colors.pwn	DignitySAMP--SP-RP-source.zip	cf2a9d9b25d47863c4bdd1dd073804ffcd59233bcfa3f425a2446621badc3287
DignitySAMP/SP-RP	3abda1657c0088f837c3e55ee818ebacfe51eb79	.references/pawn/gamemodes/DignitySAMP--SP-RP/gamemodes/config/commands.pwn	DignitySAMP--SP-RP-source.zip	f5a77bfa0e79b6276810b01336fb225bdcbcf453d1c0af75a8b73b26cbb63028
DignitySAMP/SP-RP	3abda1657c0088f837c3e55ee818ebacfe51eb79	.references/pawn/gamemodes/DignitySAMP--SP-RP/gamemodes/config/native.pwn	DignitySAMP--SP-RP-source.zip	4b2a44e7ca962288fb3eb8c051b9314ea1b9d5fe8b97e7748619b148b0fead59
DignitySAMP/SP-RP	3abda1657c0088f837c3e55ee818ebacfe51eb79	.references/pawn/gamemodes/DignitySAMP--SP-RP/gamemodes/config/main.pwn	DignitySAMP--SP-RP-source.zip	4ce5d76beb268835f118fd1cd3fd5ff90d92fa2ef146c6acc480c779899fe10d
DignitySAMP/SP-RP	3abda1657c0088f837c3e55ee818ebacfe51eb79	.references/pawn/gamemodes/DignitySAMP--SP-RP/gamemodes/config/zmessage_custom.pwn	DignitySAMP--SP-RP-source.zip	9c62de7299859ea82cd10ce5867d8a3b43734c1020072ffb070f4fa50dd4949c
DignitySAMP/SP-RP	3abda1657c0088f837c3e55ee818ebacfe51eb79	.references/pawn/gamemodes/DignitySAMP--SP-RP/gamemodes/config/fader.pwn	DignitySAMP--SP-RP-source.zip	3e0b4ec3064e62e5cf1f1c8784576eefecddd854287bea50c8da3efd738d0113
DignitySAMP/SP-RP	3abda1657c0088f837c3e55ee818ebacfe51eb79	.references/pawn/gamemodes/DignitySAMP--SP-RP/gamemodes/config/header.pwn	DignitySAMP--SP-RP-source.zip	dbba6e075b979192700463a7423d549f7e29ee33eb11c4ca4e871433ac1a1dc4
DignitySAMP/SP-RP	3abda1657c0088f837c3e55ee818ebacfe51eb79	.references/pawn/gamemodes/DignitySAMP--SP-RP/gamemodes/config/time_weather.pwn	DignitySAMP--SP-RP-source.zip	38cfcf623daf51dd509fa4ee8fd0a763fc103456329ecb6eec7af57e586d6c58
DignitySAMP/SP-RP	3abda1657c0088f837c3e55ee818ebacfe51eb79	.references/pawn/gamemodes/DignitySAMP--SP-RP/gamemodes/drugs/utils.pwn	DignitySAMP--SP-RP-source.zip	f8d96d53508185c28b90a7e1babfda85c7bb5f86b96b4a3cca17dad4ad5df782
DignitySAMP/SP-RP	3abda1657c0088f837c3e55ee818ebacfe51eb79	.references/pawn/gamemodes/DignitySAMP--SP-RP/gamemodes/drugs/dev.pwn	DignitySAMP--SP-RP-source.zip	d3b9a35ee3a1a9fbd19da7c1fc250a5d0610b5968a59016b4f992d16f0e64f9b
DignitySAMP/SP-RP	3abda1657c0088f837c3e55ee818ebacfe51eb79	.references/pawn/gamemodes/DignitySAMP--SP-RP/gamemodes/drugs/func.pwn	DignitySAMP--SP-RP-source.zip	749bff627bdb6dfa75949da6e408563665fdc3ccd9524b0e03687d3b8c03b35b
DignitySAMP/SP-RP	3abda1657c0088f837c3e55ee818ebacfe51eb79	.references/pawn/gamemodes/DignitySAMP--SP-RP/gamemodes/drugs/data.pwn	DignitySAMP--SP-RP-source.zip	8367704eb5ac49b32becaf5d53a4d546ebcc8e02ef23f9bcd04ca8530007584f
DignitySAMP/SP-RP	3abda1657c0088f837c3e55ee818ebacfe51eb79	.references/pawn/gamemodes/DignitySAMP--SP-RP/gamemodes/drugs/header.pwn	DignitySAMP--SP-RP-source.zip	bca2f0d9bc7f97d8f42bc6d91ce75ea82082df3e5b0059e07081825a8a0fe591
DignitySAMP/SP-RP	3abda1657c0088f837c3e55ee818ebacfe51eb79	.references/pawn/gamemodes/DignitySAMP--SP-RP/gamemodes/drugs/vehicle.pwn	DignitySAMP--SP-RP-source.zip	8643997e38fec4de84b6e9e9cffe3ef70fdad1dbd10fe6555cd5ba0502dca8f8
DignitySAMP/SP-RP	3abda1657c0088f837c3e55ee818ebacfe51eb79	.references/pawn/gamemodes/DignitySAMP--SP-RP/gamemodes/gym/internals.pwn	DignitySAMP--SP-RP-source.zip	18f2189e6f9b516ce9075a8ae9bc6309fe63dd637af1aa3e8576aaf373a373a4
DignitySAMP/SP-RP	3abda1657c0088f837c3e55ee818ebacfe51eb79	.references/pawn/gamemodes/DignitySAMP--SP-RP/gamemodes/gym/gui.pwn	DignitySAMP--SP-RP-source.zip	4583b71aa9c0b10413a1ed70fa9230f29c1148f0c22bb62da63393a4886ee021
DignitySAMP/SP-RP	3abda1657c0088f837c3e55ee818ebacfe51eb79	.references/pawn/gamemodes/DignitySAMP--SP-RP/gamemodes/gym/hud.pwn	DignitySAMP--SP-RP-source.zip	213280b151fc69362186db76e440a4bb9ed4f1f89591e7e4cca46d4364c55e5a
DignitySAMP/SP-RP	3abda1657c0088f837c3e55ee818ebacfe51eb79	.references/pawn/gamemodes/DignitySAMP--SP-RP/gamemodes/gym/stats.pwn	DignitySAMP--SP-RP-source.zip	6fad82163b709b2d3499a6e1cf20bf6d3869b60d2d94a5084a5c7a637a36b309
DignitySAMP/SP-RP	3abda1657c0088f837c3e55ee818ebacfe51eb79	.references/pawn/gamemodes/DignitySAMP--SP-RP/gamemodes/gym/usage.pwn	DignitySAMP--SP-RP-source.zip	df69cda1651e6c6a638624c6ac8a203fa9bb43f0b44061557359843cdacba712
DignitySAMP/SP-RP	3abda1657c0088f837c3e55ee818ebacfe51eb79	.references/pawn/gamemodes/DignitySAMP--SP-RP/gamemodes/gym/gyms.pwn	DignitySAMP--SP-RP-source.zip	0e899506dfea20c312a3b3aa554d6c230c2fb2c4e255489a04529b36e27061d7
DignitySAMP/SP-RP	3abda1657c0088f837c3e55ee818ebacfe51eb79	.references/pawn/gamemodes/DignitySAMP--SP-RP/gamemodes/gym/header.pwn	DignitySAMP--SP-RP-source.zip	d710ccebd9a8261e3f36fbd9dcfa95d7dc888f2add3c25e98a78a6fc03ccfe8b
DignitySAMP/SP-RP	3abda1657c0088f837c3e55ee818ebacfe51eb79	.references/pawn/gamemodes/DignitySAMP--SP-RP/gamemodes/money/paying.pwn	DignitySAMP--SP-RP-source.zip	a78c33129ff41aef5ae8b74d8b7efd2300d224f98ff7add325985721ec516a47
DignitySAMP/SP-RP	3abda1657c0088f837c3e55ee818ebacfe51eb79	.references/pawn/gamemodes/DignitySAMP--SP-RP/gamemodes/money/paycheck.pwn	DignitySAMP--SP-RP-source.zip	a14e1465a9eff45278ece0b98d0dc792f743501d4db6d1426fcb519926cbb199
DignitySAMP/SP-RP	3abda1657c0088f837c3e55ee818ebacfe51eb79	.references/pawn/gamemodes/DignitySAMP--SP-RP/gamemodes/money/admin.pwn	DignitySAMP--SP-RP-source.zip	a8065b3cb2f37741ee13ebc372d2f08ef921b06fa5c0b5c138380ca90658505f
DignitySAMP/SP-RP	3abda1657c0088f837c3e55ee818ebacfe51eb79	.references/pawn/gamemodes/DignitySAMP--SP-RP/gamemodes/money/header.pwn	DignitySAMP--SP-RP-source.zip	1bca9cf953d9ac294f2da610bbee09d8288fe79ae49c6e94b15e97aa95325b48
DignitySAMP/SP-RP	3abda1657c0088f837c3e55ee818ebacfe51eb79	.references/pawn/gamemodes/DignitySAMP--SP-RP/gamemodes/gates/tolls.pwn	DignitySAMP--SP-RP-source.zip	826002bae488bd0338f3e869ab260be184b6ef72508df2f57853d7da167221f5
DignitySAMP/SP-RP	3abda1657c0088f837c3e55ee818ebacfe51eb79	.references/pawn/gamemodes/DignitySAMP--SP-RP/gamemodes/gates/func.pwn	DignitySAMP--SP-RP-source.zip	7ef3247f88380271b6d268438495b275094481230f25032c0db0df2946cf4802
DignitySAMP/SP-RP	3abda1657c0088f837c3e55ee818ebacfe51eb79	.references/pawn/gamemodes/DignitySAMP--SP-RP/gamemodes/gates/data.pwn	DignitySAMP--SP-RP-source.zip	a8f0281e6a7000d0f4f0ed1d1ebd22c0165ae1aac039593e4599a421acf6b417
DignitySAMP/SP-RP	3abda1657c0088f837c3e55ee818ebacfe51eb79	.references/pawn/gamemodes/DignitySAMP--SP-RP/gamemodes/gates/header.pwn	DignitySAMP--SP-RP-source.zip	5a596b406fbd4733985f2f6726b5585dc17aab4956ff8e220e2331c51de4c900
DignitySAMP/SP-RP	3abda1657c0088f837c3e55ee818ebacfe51eb79	.references/pawn/gamemodes/DignitySAMP--SP-RP/gamemodes/gates/cmds.pwn	DignitySAMP--SP-RP-source.zip	06e3437d29721927e7a6f3c216f0ef4d58fcf591cbe954b24961c3fc6b0642b9
DignitySAMP/SP-RP	3abda1657c0088f837c3e55ee818ebacfe51eb79	.references/pawn/gamemodes/DignitySAMP--SP-RP/gamemodes/visuals/models.pwn	DignitySAMP--SP-RP-source.zip	56c6c2c35c5c7217c75f0acd7004c7769c50eafce2032641546e29f3f7317bab
DignitySAMP/SP-RP	3abda1657c0088f837c3e55ee818ebacfe51eb79	.references/pawn/gamemodes/DignitySAMP--SP-RP/gamemodes/visuals/objects.pwn	DignitySAMP--SP-RP-source.zip	4fe000dfe128a8cdfa66b5d3d18a5e064cfb2de97cb94e8f0944bdd5455e4788
DignitySAMP/SP-RP	3abda1657c0088f837c3e55ee818ebacfe51eb79	.references/pawn/gamemodes/DignitySAMP--SP-RP/gamemodes/visuals/loadtextdraws.pwn	DignitySAMP--SP-RP-source.zip	832b836cd820a30f04f243a77f0d8433aec5a618b5c9a63fa4b8032b52b8c7dc
DignitySAMP/SP-RP	3abda1657c0088f837c3e55ee818ebacfe51eb79	.references/pawn/gamemodes/DignitySAMP--SP-RP/gamemodes/visuals/projectprops.pwn	DignitySAMP--SP-RP-source.zip	8469ce8d18522b6a9476a4cd0b424a2feb753636b1e3a0ace3dbe52ca3a752a0
DignitySAMP/SP-RP	3abda1657c0088f837c3e55ee818ebacfe51eb79	.references/pawn/gamemodes/DignitySAMP--SP-RP/gamemodes/visuals/commands.pwn	DignitySAMP--SP-RP-source.zip	3dacfdc94ea70b11b5415746f6e11c66bf4701c8ff83692e23560a2044b8ed38
DignitySAMP/SP-RP	3abda1657c0088f837c3e55ee818ebacfe51eb79	.references/pawn/gamemodes/DignitySAMP--SP-RP/gamemodes/visuals/remove.pwn	DignitySAMP--SP-RP-source.zip	d71748782bd6896ea0ab2a4c444b3afa47c987e25286cf829aa7c52f336d0566
DignitySAMP/SP-RP	3abda1657c0088f837c3e55ee818ebacfe51eb79	.references/pawn/gamemodes/DignitySAMP--SP-RP/gamemodes/visuals/header.pwn	DignitySAMP--SP-RP-source.zip	651d259d0e37e0d1aba89fb2bdd0ac44e358bcf9da27922cbc349e45c2132759
DignitySAMP/SP-RP	3abda1657c0088f837c3e55ee818ebacfe51eb79	.references/pawn/gamemodes/DignitySAMP--SP-RP/gamemodes/anticheat/toggle.pwn	DignitySAMP--SP-RP-source.zip	8f2452776b69c06e16ec1d3fb062e145833b67947a9314bdbd88faf5ce0f2aa1
DignitySAMP/SP-RP	3abda1657c0088f837c3e55ee818ebacfe51eb79	.references/pawn/gamemodes/DignitySAMP--SP-RP/gamemodes/anticheat/ac_detect.pwn	DignitySAMP--SP-RP-source.zip	9172523226bd27a38f31d67eed0f8ca8305cee91968f20530f3a4eeb6212de30
DignitySAMP/SP-RP	3abda1657c0088f837c3e55ee818ebacfe51eb79	.references/pawn/gamemodes/DignitySAMP--SP-RP/gamemodes/anticheat/logging.pwn	DignitySAMP--SP-RP-source.zip	1e0a63d64e8547484bf1ffb57dfa791fcb2d599bf0942bd4a5fe4586ad2f93bf
DignitySAMP/SP-RP	3abda1657c0088f837c3e55ee818ebacfe51eb79	.references/pawn/gamemodes/DignitySAMP--SP-RP/gamemodes/anticheat/pause.pwn	DignitySAMP--SP-RP-source.zip	f506279ca136062dfe86075fd14382a21e9c9d778187c41ae1ef2b94dd9223f2
DignitySAMP/SP-RP	3abda1657c0088f837c3e55ee818ebacfe51eb79	.references/pawn/gamemodes/DignitySAMP--SP-RP/gamemodes/anticheat/header.pwn	DignitySAMP--SP-RP-source.zip	7420d6739cfaa770f9b07cb476c027c9c2c1326b08e6d2f945e4fce7aa2c2a2b
DignitySAMP/SP-RP	3abda1657c0088f837c3e55ee818ebacfe51eb79	.references/pawn/gamemodes/DignitySAMP--SP-RP/gamemodes/injury/utils.pwn	DignitySAMP--SP-RP-source.zip	f8758fb63b298b7afcb258ce2b2116f270864afcc4df6362af3238545f5b4488
DignitySAMP/SP-RP	3abda1657c0088f837c3e55ee818ebacfe51eb79	.references/pawn/gamemodes/DignitySAMP--SP-RP/gamemodes/injury/func.pwn	DignitySAMP--SP-RP-source.zip	2067f802f43ecf7134f1452157ca1fa3ff2929ec05fbe6a8efc7bfac2a6781a3
DignitySAMP/SP-RP	3abda1657c0088f837c3e55ee818ebacfe51eb79	.references/pawn/gamemodes/DignitySAMP--SP-RP/gamemodes/injury/health.pwn	DignitySAMP--SP-RP-source.zip	683dc048f9f74df86d471e57af36e76219664cf81a884342f4fd2474b71f72a4
DignitySAMP/SP-RP	3abda1657c0088f837c3e55ee818ebacfe51eb79	.references/pawn/gamemodes/DignitySAMP--SP-RP/gamemodes/injury/knife.pwn	DignitySAMP--SP-RP-source.zip	0003a5a460e4b1c30a2671e46610bb91174536ca75bfcc314dd8cb51af423eed
DignitySAMP/SP-RP	3abda1657c0088f837c3e55ee818ebacfe51eb79	.references/pawn/gamemodes/DignitySAMP--SP-RP/gamemodes/injury/list.pwn	DignitySAMP--SP-RP-source.zip	018b349f45c17ff80cb44159535eb8c4cdc54b05994f2a0d87428c5d486fd864
DignitySAMP/SP-RP	3abda1657c0088f837c3e55ee818ebacfe51eb79	.references/pawn/gamemodes/DignitySAMP--SP-RP/gamemodes/injury/header.pwn	DignitySAMP--SP-RP-source.zip	805d4e9307f8847aad8b2620c6d5e2823533a6ee4317bdf94737c52458010c44
DignitySAMP/SP-RP	3abda1657c0088f837c3e55ee818ebacfe51eb79	.references/pawn/gamemodes/DignitySAMP--SP-RP/gamemodes/injury/injury.pwn	DignitySAMP--SP-RP-source.zip	80880c78ac232d0da0d1c24238352f9e31d20433fc69fa5a1896ea4e6a5f01f6
DignitySAMP/SP-RP	3abda1657c0088f837c3e55ee818ebacfe51eb79	.references/pawn/gamemodes/DignitySAMP--SP-RP/gamemodes/injury/stumble.pwn	DignitySAMP--SP-RP-source.zip	37a2d126282f64957c8a21759f4b4709ceeabd343fed91160c465a28b8c59f16
DignitySAMP/SP-RP	3abda1657c0088f837c3e55ee818ebacfe51eb79	.references/pawn/gamemodes/DignitySAMP--SP-RP/gamemodes/helpers/ask.pwn	DignitySAMP--SP-RP-source.zip	001180bb303b937235a47564a96396fb6b3a81f93e0965f039bd7b069c53351b
DignitySAMP/SP-RP	3abda1657c0088f837c3e55ee818ebacfe51eb79	.references/pawn/gamemodes/DignitySAMP--SP-RP/gamemodes/helpers/data.pwn	DignitySAMP--SP-RP-source.zip	01bbe51bf601c43e8b676d69fc9e02ea8fb0aeadc56d1404c1ea73792a6fcc35
DignitySAMP/SP-RP	3abda1657c0088f837c3e55ee818ebacfe51eb79	.references/pawn/gamemodes/DignitySAMP--SP-RP/gamemodes/helpers/chat.pwn	DignitySAMP--SP-RP-source.zip	13e1b5094b1984e5479232e50f35c545e064b5d016f73a60ad153bdf7afce5e1
DignitySAMP/SP-RP	3abda1657c0088f837c3e55ee818ebacfe51eb79	.references/pawn/gamemodes/DignitySAMP--SP-RP/gamemodes/helpers/header.pwn	DignitySAMP--SP-RP-source.zip	c6a8d83d7b52ec1c719f2748b65acec9a394cb2d3eba19150ea7da8fde035617
DignitySAMP/SP-RP	3abda1657c0088f837c3e55ee818ebacfe51eb79	.references/pawn/gamemodes/DignitySAMP--SP-RP/gamemodes/carjack/hook.pwn	DignitySAMP--SP-RP-source.zip	4dac2340e49880377496706c9d01939b7e8b4bd71052fc3d6b43a3cca2adc19d
DignitySAMP/SP-RP	3abda1657c0088f837c3e55ee818ebacfe51eb79	.references/pawn/gamemodes/DignitySAMP--SP-RP/gamemodes/carjack/alarm.pwn	DignitySAMP--SP-RP-source.zip	d6d920a3ffb78562eca420ffc6de53bd3c3818ae2b148719d595556222b530ce
DignitySAMP/SP-RP	3abda1657c0088f837c3e55ee818ebacfe51eb79	.references/pawn/gamemodes/DignitySAMP--SP-RP/gamemodes/carjack/header.pwn	DignitySAMP--SP-RP-source.zip	5de7407e96c26eff1a4d07d11f320569747cb368b9993031e3b1f1b437a22f83
DignitySAMP/SP-RP	3abda1657c0088f837c3e55ee818ebacfe51eb79	.references/pawn/gamemodes/DignitySAMP--SP-RP/gamemodes/anims/anim_animated.pwn	DignitySAMP--SP-RP-source.zip	551464f7e09b160eff0ced7a43e54d186306e037f68ab05ae0fe4ca3b03d3030
DignitySAMP/SP-RP	3abda1657c0088f837c3e55ee818ebacfe51eb79	.references/pawn/gamemodes/DignitySAMP--SP-RP/gamemodes/anims/stopanim.pwn	DignitySAMP--SP-RP-source.zip	200e003c3d53d9f57443b4cd7033866940cd26b6152b87675549c092a6bf2eaa
DignitySAMP/SP-RP	3abda1657c0088f837c3e55ee818ebacfe51eb79	.references/pawn/gamemodes/DignitySAMP--SP-RP/gamemodes/anims/anim_choice.pwn	DignitySAMP--SP-RP-source.zip	fefea3d2e806d9c27cc0e26824584ca4aca1b66dc6c3d41b0e8b8cbca3bc0b72
DignitySAMP/SP-RP	3abda1657c0088f837c3e55ee818ebacfe51eb79	.references/pawn/gamemodes/DignitySAMP--SP-RP/gamemodes/anims/header.pwn	DignitySAMP--SP-RP-source.zip	6f914bc7561a8d5f9fe1d56af9cd02e6a4222e48a2825f3e6c7901767f8ff342
DignitySAMP/SP-RP	3abda1657c0088f837c3e55ee818ebacfe51eb79	.references/pawn/gamemodes/DignitySAMP--SP-RP/gamemodes/anims/anim_single.pwn	DignitySAMP--SP-RP-source.zip	56013b57cadb492ca93ecc566589d988fc5800b652727b895a9c80202c56e10d
DignitySAMP/SP-RP	3abda1657c0088f837c3e55ee818ebacfe51eb79	.references/pawn/gamemodes/DignitySAMP--SP-RP/gamemodes/anims/preload.pwn	DignitySAMP--SP-RP-source.zip	e51f75c015384180234fc3d9f9de4c1c54311fb3bbb99d4ac52f650886eb38a4
DignitySAMP/SP-RP	3abda1657c0088f837c3e55ee818ebacfe51eb79	.references/pawn/gamemodes/DignitySAMP--SP-RP/gamemodes/jobs/header.pwn	DignitySAMP--SP-RP-source.zip	7916cf0abd89cfad4d169fc3153520a653430306fbfe5576878d77e238603bb8
DignitySAMP/SP-RP	3abda1657c0088f837c3e55ee818ebacfe51eb79	.references/pawn/gamemodes/DignitySAMP--SP-RP/gamemodes/news/breaking.pwn	DignitySAMP--SP-RP-source.zip	ff514bd62b56310a9427a8279f7d2a3337eb1ad57bd6ced5df865f71b20ec03f
DignitySAMP/SP-RP	3abda1657c0088f837c3e55ee818ebacfe51eb79	.references/pawn/gamemodes/DignitySAMP--SP-RP/gamemodes/news/header.pwn	DignitySAMP--SP-RP-source.zip	3bb341dedc12e694bdaca87455f73957c7a7cc14d28a060d6259bdf821a4d689
DignitySAMP/SP-RP	3abda1657c0088f837c3e55ee818ebacfe51eb79	.references/pawn/gamemodes/DignitySAMP--SP-RP/gamemodes/news/broadcast.pwn	DignitySAMP--SP-RP-source.zip	a0834765404e9ab1e25f49f8b28419f5bf7d9a46c6bb8597ac3999f9512e15fc
DignitySAMP/SP-RP	3abda1657c0088f837c3e55ee818ebacfe51eb79	.references/pawn/gamemodes/DignitySAMP--SP-RP/gamemodes/lowrider/gui.pwn	DignitySAMP--SP-RP-source.zip	9138a3d855f95b4041f4023fe75f1a28f247406e4da4c38e6fd80332518bedba
DignitySAMP/SP-RP	3abda1657c0088f837c3e55ee818ebacfe51eb79	.references/pawn/gamemodes/DignitySAMP--SP-RP/gamemodes/lowrider/utils.pwn	DignitySAMP--SP-RP-source.zip	136017087857d19051c18a6749a1efed03d08fe15bf4b5177f37c862b0e282f5
DignitySAMP/SP-RP	3abda1657c0088f837c3e55ee818ebacfe51eb79	.references/pawn/gamemodes/DignitySAMP--SP-RP/gamemodes/lowrider/game.pwn	DignitySAMP--SP-RP-source.zip	8e94e4b9afff91f96e54607ac9008a8f2dd439945aa21ab38dabbcf7dd3cda2b
DignitySAMP/SP-RP	3abda1657c0088f837c3e55ee818ebacfe51eb79	.references/pawn/gamemodes/DignitySAMP--SP-RP/gamemodes/lowrider/func.pwn	DignitySAMP--SP-RP-source.zip	9399b0e533fa35144d896aee517def65bcf13e0f7ca8faa5e0447089c85ded75
DignitySAMP/SP-RP	3abda1657c0088f837c3e55ee818ebacfe51eb79	.references/pawn/gamemodes/DignitySAMP--SP-RP/gamemodes/lowrider/data.pwn	DignitySAMP--SP-RP-source.zip	77b6a44f02681e32707f02ee4072ffb783753bfa693370d317963857f8c59d56
DignitySAMP/SP-RP	3abda1657c0088f837c3e55ee818ebacfe51eb79	.references/pawn/gamemodes/DignitySAMP--SP-RP/gamemodes/lowrider/header.pwn	DignitySAMP--SP-RP-source.zip	ca6b0b4fb1730ba5d1101080c89a4bab9c12ca6b24520c551fa3b868aec2a56c
DignitySAMP/SP-RP	3abda1657c0088f837c3e55ee818ebacfe51eb79	.references/pawn/gamemodes/DignitySAMP--SP-RP/gamemodes/property/header.pwn	DignitySAMP--SP-RP-source.zip	d4c827ebc7a83bede1f0d8b82be8924b0be08ab37080be98616bdf3d86196561
DignitySAMP/SP-RP	3abda1657c0088f837c3e55ee818ebacfe51eb79	.references/pawn/gamemodes/DignitySAMP--SP-RP/gamemodes/discord/players.pwn	DignitySAMP--SP-RP-source.zip	d0a7bab60e168fc265cc041f4107f3b5d382cfa269700d335a095acb0899d882
DignitySAMP/SP-RP	3abda1657c0088f837c3e55ee818ebacfe51eb79	.references/pawn/gamemodes/DignitySAMP--SP-RP/gamemodes/discord/header.pwn	DignitySAMP--SP-RP-source.zip	fb031477cbec44fe3de31919220cf46c8d677da240f77f367f75979ed3138aee
DignitySAMP/SP-RP	3abda1657c0088f837c3e55ee818ebacfe51eb79	.references/pawn/gamemodes/DignitySAMP--SP-RP/gamemodes/attachments/models.pwn	DignitySAMP--SP-RP-source.zip	9a4b5aa2b4199445da8788d59647e8621dca6314a86e76a1ac896c20fe082540
DignitySAMP/SP-RP	3abda1657c0088f837c3e55ee818ebacfe51eb79	.references/pawn/gamemodes/DignitySAMP--SP-RP/gamemodes/attachments/bones.pwn	DignitySAMP--SP-RP-source.zip	eef85d1643cefa73206bcd4f64bb2a132a05f7417d0da06a6796ac58f90b5c4e
DignitySAMP/SP-RP	3abda1657c0088f837c3e55ee818ebacfe51eb79	.references/pawn/gamemodes/DignitySAMP--SP-RP/gamemodes/attachments/admin.pwn	DignitySAMP--SP-RP-source.zip	8b976456de8677a992fd8bec92bb2e9fcfe8b52b019f13199a392d021981d967
DignitySAMP/SP-RP	3abda1657c0088f837c3e55ee818ebacfe51eb79	.references/pawn/gamemodes/DignitySAMP--SP-RP/gamemodes/attachments/header.pwn	DignitySAMP--SP-RP-source.zip	4bd8c89dcae9d381d849362e58b75a9f0e4c88950e7c558c88dd0b8a2f087c62
DignitySAMP/SP-RP	3abda1657c0088f837c3e55ee818ebacfe51eb79	.references/pawn/gamemodes/DignitySAMP--SP-RP/gamemodes/attachments/player.pwn	DignitySAMP--SP-RP-source.zip	7b836d5a091104f203dfe3a2ba7153add5ca9bfdb2dc43b5b0d8c21400b877b8
DignitySAMP/SP-RP	3abda1657c0088f837c3e55ee818ebacfe51eb79	.references/pawn/gamemodes/DignitySAMP--SP-RP/gamemodes/phone/header.pwn	DignitySAMP--SP-RP-source.zip	d7cd3f2ed317f93b9560b3b598d105412e4280cd5a77e0b54296cc4043058ce8
DignitySAMP/SP-RP	3abda1657c0088f837c3e55ee818ebacfe51eb79	.references/pawn/gamemodes/DignitySAMP--SP-RP/gamemodes/phone/cmds.pwn	DignitySAMP--SP-RP-source.zip	af5c6c162c4f3b8b482dab15960421ad9dc44d6a9494bdce60ce6e27f60b15ea
DignitySAMP/SP-RP	3abda1657c0088f837c3e55ee818ebacfe51eb79	.references/pawn/gamemodes/DignitySAMP--SP-RP/gamemodes/customskins/cache.pwn	DignitySAMP--SP-RP-source.zip	3c758be119907a6e75174333061263708b92a71c481546526b01636eb6adf89e
DignitySAMP/SP-RP	3abda1657c0088f837c3e55ee818ebacfe51eb79	.references/pawn/gamemodes/DignitySAMP--SP-RP/gamemodes/customskins/loading.pwn	DignitySAMP--SP-RP-source.zip	92c2c7377592bab81f681b2d4e5b7604578df9dc12a81cabfe5b4170ac2888f8
DignitySAMP/SP-RP	3abda1657c0088f837c3e55ee818ebacfe51eb79	.references/pawn/gamemodes/DignitySAMP--SP-RP/gamemodes/customskins/header.pwn	DignitySAMP--SP-RP-source.zip	b72176165c7eb202ea8d6d88ff02e339dc6326bc0c3c9271139aadcb799bc772
DignitySAMP/SP-RP	3abda1657c0088f837c3e55ee818ebacfe51eb79	.references/pawn/gamemodes/DignitySAMP--SP-RP/gamemodes/customskins/player.pwn	DignitySAMP--SP-RP-source.zip	d35532937043ad8e66e6be35b1c323da32a0dc7d2d3fe39e2e4f426dc452d061
DignitySAMP/SP-RP	3abda1657c0088f837c3e55ee818ebacfe51eb79	.references/pawn/gamemodes/DignitySAMP--SP-RP/gamemodes/gps/utils.pwn	DignitySAMP--SP-RP-source.zip	d13dac83e90dd312d8f7912c06395401245dc781dae47a16503157c0f6feb8e7
DignitySAMP/SP-RP	3abda1657c0088f837c3e55ee818ebacfe51eb79	.references/pawn/gamemodes/DignitySAMP--SP-RP/gamemodes/gps/func.pwn	DignitySAMP--SP-RP-source.zip	5c73af29b1c24404a471a2d83d279f987e6ebf0ce4bd3ecb09a731feb4b8c500
DignitySAMP/SP-RP	3abda1657c0088f837c3e55ee818ebacfe51eb79	.references/pawn/gamemodes/DignitySAMP--SP-RP/gamemodes/gps/data.pwn	DignitySAMP--SP-RP-source.zip	c2f2061e036f26d518a7afcf7270e0a4ae4669831b801a585d8f1f02f0271c38
DignitySAMP/SP-RP	3abda1657c0088f837c3e55ee818ebacfe51eb79	.references/pawn/gamemodes/DignitySAMP--SP-RP/gamemodes/gps/header.pwn	DignitySAMP--SP-RP-source.zip	719d75a2ad31c857dd6c06e8585ce7292ae96f1a617c061576b570ed593f0764
DignitySAMP/SP-RP	3abda1657c0088f837c3e55ee818ebacfe51eb79	.references/pawn/gamemodes/DignitySAMP--SP-RP/gamemodes/misc/holding.pwn	DignitySAMP--SP-RP-source.zip	da6e9a85f35235c76e15ce50ee88c889d7ec864e8fb05bf587cbb4098d931611
DignitySAMP/SP-RP	3abda1657c0088f837c3e55ee818ebacfe51eb79	.references/pawn/gamemodes/DignitySAMP--SP-RP/gamemodes/misc/toggle.pwn	DignitySAMP--SP-RP-source.zip	379d42b5c64080020f196473b5ca51d02097baf40c73d2376b3ab831aa0cef91
DignitySAMP/SP-RP	3abda1657c0088f837c3e55ee818ebacfe51eb79	.references/pawn/gamemodes/DignitySAMP--SP-RP/gamemodes/misc/voicelines.pwn	DignitySAMP--SP-RP-source.zip	e59156505fa73fce8e365d821591ae0438429d48fc4d933291d9f0c9ea936dde
DignitySAMP/SP-RP	3abda1657c0088f837c3e55ee818ebacfe51eb79	.references/pawn/gamemodes/DignitySAMP--SP-RP/gamemodes/misc/tips.pwn	DignitySAMP--SP-RP-source.zip	45343e750877884b9a121aa2bad96cd851d2cbb9afb2777e07f911262166a1ff
DignitySAMP/SP-RP	3abda1657c0088f837c3e55ee818ebacfe51eb79	.references/pawn/gamemodes/DignitySAMP--SP-RP/gamemodes/misc/spawnables.pwn	DignitySAMP--SP-RP-source.zip	18554b86f0014257361e94772f8efced3caa30c496891935268b4a7372244576
DignitySAMP/SP-RP	3abda1657c0088f837c3e55ee818ebacfe51eb79	.references/pawn/gamemodes/DignitySAMP--SP-RP/gamemodes/misc/atms.pwn	DignitySAMP--SP-RP-source.zip	e3e79f17176330d043aa45f79fc70fa5ac373355453dd034ab67b0789f1959a4
DignitySAMP/SP-RP	3abda1657c0088f837c3e55ee818ebacfe51eb79	.references/pawn/gamemodes/DignitySAMP--SP-RP/gamemodes/misc/header.pwn	DignitySAMP--SP-RP-source.zip	8d247e10c0352159d18fb32ea358e638f8750312915320de2ba6a29b0c713160
DignitySAMP/SP-RP	3abda1657c0088f837c3e55ee818ebacfe51eb79	.references/pawn/gamemodes/DignitySAMP--SP-RP/gamemodes/hitman/contracts.pwn	DignitySAMP--SP-RP-source.zip	6391a1bffb212786a0bb1a911edfd4105b78fe5241e0c0a4398b5136e803f136
DignitySAMP/SP-RP	3abda1657c0088f837c3e55ee818ebacfe51eb79	.references/pawn/gamemodes/DignitySAMP--SP-RP/gamemodes/hitman/roles.pwn	DignitySAMP--SP-RP-source.zip	5c8560dd4b6019a2f72be657552264663754a6906032b203b2a10588a63519f7
DignitySAMP/SP-RP	3abda1657c0088f837c3e55ee818ebacfe51eb79	.references/pawn/gamemodes/DignitySAMP--SP-RP/gamemodes/hitman/header.pwn	DignitySAMP--SP-RP-source.zip	a3a0a2cfb567f20ce6e5c9ba3b0046b356e23c423f6e8d79f03adfc65ad7f86a
DignitySAMP/SP-RP	3abda1657c0088f837c3e55ee818ebacfe51eb79	.references/pawn/gamemodes/DignitySAMP--SP-RP/gamemodes/hitman/cmds.pwn	DignitySAMP--SP-RP-source.zip	c2fde07ebed19da006f0797aecb17d334cb061eac71ffee16de536b419483080
DignitySAMP/SP-RP	3abda1657c0088f837c3e55ee818ebacfe51eb79	.references/pawn/gamemodes/DignitySAMP--SP-RP/gamemodes/message/local.pwn	DignitySAMP--SP-RP-source.zip	7f52fa58d622334f77a5da03087da4081891aba28a35a3752e356c710e3c523c
DignitySAMP/SP-RP	3abda1657c0088f837c3e55ee818ebacfe51eb79	.references/pawn/gamemodes/DignitySAMP--SP-RP/gamemodes/message/ooc.pwn	DignitySAMP--SP-RP-source.zip	aecc156a4f40c58ac7b6a3ce096134a0c128f9c2573abb09974c184a749e22fc
DignitySAMP/SP-RP	3abda1657c0088f837c3e55ee818ebacfe51eb79	.references/pawn/gamemodes/DignitySAMP--SP-RP/gamemodes/message/action.pwn	DignitySAMP--SP-RP-source.zip	bed022f51d81fa7ca0b631f75fdd04597b17c1d2cc48345159f84b781359cfb5
DignitySAMP/SP-RP	3abda1657c0088f837c3e55ee818ebacfe51eb79	.references/pawn/gamemodes/DignitySAMP--SP-RP/gamemodes/message/annonated.pwn	DignitySAMP--SP-RP-source.zip	ff15d7ee1a0f2eecfcf5f67d225d966010aa35932c0db34fa2550bd9dc5d7da0
DignitySAMP/SP-RP	3abda1657c0088f837c3e55ee818ebacfe51eb79	.references/pawn/gamemodes/DignitySAMP--SP-RP/gamemodes/message/header.pwn	DignitySAMP--SP-RP-source.zip	7e6da0b15749d46eba164891e3f2bbfedced23998e668e6082a573e1d1fba667
DignitySAMP/SP-RP	3abda1657c0088f837c3e55ee818ebacfe51eb79	.references/pawn/gamemodes/DignitySAMP--SP-RP/gamemodes/paynspray/natives.pwn	DignitySAMP--SP-RP-source.zip	e8beee5e5f6c808e0a7ddf9414d45c046910ac4cd60af1eb9792dd1fa0d8af30
DignitySAMP/SP-RP	3abda1657c0088f837c3e55ee818ebacfe51eb79	.references/pawn/gamemodes/DignitySAMP--SP-RP/gamemodes/paynspray/header.pwn	DignitySAMP--SP-RP-source.zip	b6a5bf3018cf7bf7a18f41f7d118a4ed7ea82d216031decf529c6c53e66f3c23
DignitySAMP/SP-RP	3abda1657c0088f837c3e55ee818ebacfe51eb79	.references/pawn/gamemodes/DignitySAMP--SP-RP/gamemodes/paynspray/menu.pwn	DignitySAMP--SP-RP-source.zip	1f69dcc11ba9fbd822cdc6f0806e36c5faf6ba7543f7bef4847a01846ad40621
DignitySAMP/SP-RP	3abda1657c0088f837c3e55ee818ebacfe51eb79	.references/pawn/gamemodes/DignitySAMP--SP-RP/gamemodes/paynspray/locations.pwn	DignitySAMP--SP-RP-source.zip	a096f123e682cc99f1f72db129a456157e648f3c5dc8c035a19b4fd1872a9116
DignitySAMP/SP-RP	3abda1657c0088f837c3e55ee818ebacfe51eb79	.references/pawn/gamemodes/DignitySAMP--SP-RP/gamemodes/paynspray/cmds.pwn	DignitySAMP--SP-RP-source.zip	61ec0a77d09575fa784ab9082e62f2596dca19d01bd6d4868586142495a81658
DignitySAMP/SP-RP	3abda1657c0088f837c3e55ee818ebacfe51eb79	.references/pawn/gamemodes/DignitySAMP--SP-RP/gamemodes/spraytag/func.pwn	DignitySAMP--SP-RP-source.zip	4922bff7eb368b62d4c0c50893cf5d3bc52544b894debe1cc423ba997e47ea27
DignitySAMP/SP-RP	3abda1657c0088f837c3e55ee818ebacfe51eb79	.references/pawn/gamemodes/DignitySAMP--SP-RP/gamemodes/spraytag/header.pwn	DignitySAMP--SP-RP-source.zip	4945a40f3bd5b9fe1c3ff7079118db8433f7ad45c295f4ad25d67659e7ed94da
DignitySAMP/SP-RP	3abda1657c0088f837c3e55ee818ebacfe51eb79	.references/pawn/gamemodes/DignitySAMP--SP-RP/gamemodes/boombox/claim.pwn	DignitySAMP--SP-RP-source.zip	b54a1d779207f7222625b296b99d92e74affaf0a478ecbecefec386f98a8404b
DignitySAMP/SP-RP	3abda1657c0088f837c3e55ee818ebacfe51eb79	.references/pawn/gamemodes/DignitySAMP--SP-RP/gamemodes/boombox/channels.pwn	DignitySAMP--SP-RP-source.zip	386da17ed17cb61f80958cf451448563eedba675204cad8b795440891b7087a9
DignitySAMP/SP-RP	3abda1657c0088f837c3e55ee818ebacfe51eb79	.references/pawn/gamemodes/DignitySAMP--SP-RP/gamemodes/boombox/native.pwn	DignitySAMP--SP-RP-source.zip	9fee11c855f1323bdd18f0c7ba2ae2a2a420a5ab9fd52c1ae00c3f9abfe8dbea
DignitySAMP/SP-RP	3abda1657c0088f837c3e55ee818ebacfe51eb79	.references/pawn/gamemodes/DignitySAMP--SP-RP/gamemodes/boombox/data.pwn	DignitySAMP--SP-RP-source.zip	da9c67e92949593f2ea541d83e54c4928f58ea706e8fbaaa21724a56696de428
DignitySAMP/SP-RP	3abda1657c0088f837c3e55ee818ebacfe51eb79	.references/pawn/gamemodes/DignitySAMP--SP-RP/gamemodes/boombox/header.pwn	DignitySAMP--SP-RP-source.zip	30977bbbf13ee548705367e3b58a6416748b32201034aafec1954551ca52985d
DignitySAMP/SP-RP	3abda1657c0088f837c3e55ee818ebacfe51eb79	.references/pawn/gamemodes/DignitySAMP--SP-RP/gamemodes/passpoints/data.pwn	DignitySAMP--SP-RP-source.zip	19cfe6ff647746e4d0cd0c1d9850bf5e3ebb717fcc639c786ec3440d851c268f
DignitySAMP/SP-RP	3abda1657c0088f837c3e55ee818ebacfe51eb79	.references/pawn/gamemodes/DignitySAMP--SP-RP/gamemodes/passpoints/admin.pwn	DignitySAMP--SP-RP-source.zip	6418f7084f48bd18e3000092800bee632c937242b91ede3e8f2f3950074e183e
DignitySAMP/SP-RP	3abda1657c0088f837c3e55ee818ebacfe51eb79	.references/pawn/gamemodes/DignitySAMP--SP-RP/gamemodes/passpoints/header.pwn	DignitySAMP--SP-RP-source.zip	5d9f1e9fe52f9e51a8d717701cd955e0227791a2b859dcb47ca01d304fa4c7ca
DignitySAMP/SP-RP	3abda1657c0088f837c3e55ee818ebacfe51eb79	.references/pawn/gamemodes/DignitySAMP--SP-RP/gamemodes/weapons/driveby.pwn	DignitySAMP--SP-RP-source.zip	75f6aa3879726300c43b16c5276dad881a7e178a14dfa27d72e2293064fe9d93
DignitySAMP/SP-RP	3abda1657c0088f837c3e55ee818ebacfe51eb79	.references/pawn/gamemodes/DignitySAMP--SP-RP/gamemodes/weapons/visible.pwn	DignitySAMP--SP-RP-source.zip	daf399452f9dbd70238974be921a7b05ba7923639d77a44748b5f326224a4178
DignitySAMP/SP-RP	3abda1657c0088f837c3e55ee818ebacfe51eb79	.references/pawn/gamemodes/DignitySAMP--SP-RP/gamemodes/weapons/header.pwn	DignitySAMP--SP-RP-source.zip	81f4088d37c2f838157742f0a50278092265e40547d42b3e7c97e9d2c5eab1ef
DignitySAMP/SP-RP	3abda1657c0088f837c3e55ee818ebacfe51eb79	.references/pawn/gamemodes/DignitySAMP--SP-RP/gamemodes/weapons/player.pwn	DignitySAMP--SP-RP-source.zip	d1ec8ace1858d6c39f1eb756dafba39e2c7834e6f362f31b7e4bf4a5b9975627
DignitySAMP/SP-RP	3abda1657c0088f837c3e55ee818ebacfe51eb79	.references/pawn/gamemodes/DignitySAMP--SP-RP/gamemodes/vehicle/gui.pwn	DignitySAMP--SP-RP-source.zip	e97e976010a55fecdeb1e52ffd03f1b64e5daf04512858880572aca5ee643cee
DignitySAMP/SP-RP	3abda1657c0088f837c3e55ee818ebacfe51eb79	.references/pawn/gamemodes/DignitySAMP--SP-RP/gamemodes/vehicle/blinker.pwn	DignitySAMP--SP-RP-source.zip	95f8a49c0bd281ee095d78fe2a4d681310f2741921e73bed627b93db7089e2ab
DignitySAMP/SP-RP	3abda1657c0088f837c3e55ee818ebacfe51eb79	.references/pawn/gamemodes/DignitySAMP--SP-RP/gamemodes/vehicle/slots.pwn	DignitySAMP--SP-RP-source.zip	991fa6600832c1d8074fc96b4df4830da36097218b15acf68dfb1ccf8d88b4e1
DignitySAMP/SP-RP	3abda1657c0088f837c3e55ee818ebacfe51eb79	.references/pawn/gamemodes/DignitySAMP--SP-RP/gamemodes/vehicle/gui_old.pwn	DignitySAMP--SP-RP-source.zip	066bfa41eb9bc8111c2f7209cab33510da77bfb26cd325af06371738203596fa
DignitySAMP/SP-RP	3abda1657c0088f837c3e55ee818ebacfe51eb79	.references/pawn/gamemodes/DignitySAMP--SP-RP/gamemodes/vehicle/hooked.pwn	DignitySAMP--SP-RP-source.zip	52db4729632e52ecdfa6ebfec1f3de01247840ff68c2a0a17cd6f7db50c282d0
DignitySAMP/SP-RP	3abda1657c0088f837c3e55ee818ebacfe51eb79	.references/pawn/gamemodes/DignitySAMP--SP-RP/gamemodes/vehicle/header.pwn	DignitySAMP--SP-RP-source.zip	7c80d6c533d467b134c83f25a1f4c56f01d3cc2350193b0fd4ba91433dcdafeb
DignitySAMP/SP-RP	3abda1657c0088f837c3e55ee818ebacfe51eb79	.references/pawn/gamemodes/DignitySAMP--SP-RP/gamemodes/tags/proxdetector.pwn	DignitySAMP--SP-RP-source.zip	1c68b68cd6033559ca49e0de617ef7e8ff0ed09c07f781ab38cd7cab0bc62a2d
DignitySAMP/SP-RP	3abda1657c0088f837c3e55ee818ebacfe51eb79	.references/pawn/gamemodes/DignitySAMP--SP-RP/gamemodes/tags/scoreboard.pwn	DignitySAMP--SP-RP-source.zip	36473259b360c62410f31503c466f06af79d3908d979e55d2b77037205be07eb
DignitySAMP/SP-RP	3abda1657c0088f837c3e55ee818ebacfe51eb79	.references/pawn/gamemodes/DignitySAMP--SP-RP/gamemodes/tags/stranger.pwn	DignitySAMP--SP-RP-source.zip	70b3a9b4a7c62c383b166bd9db3d8b9dac2e0209150bbd0dfd7803559a17c614
DignitySAMP/SP-RP	3abda1657c0088f837c3e55ee818ebacfe51eb79	.references/pawn/gamemodes/DignitySAMP--SP-RP/gamemodes/tags/names.pwn	DignitySAMP--SP-RP-source.zip	0d90d6e38515ec1acfe47692b718a27f15b445ea5e9fa647bfd16c33e64a503b
DignitySAMP/SP-RP	3abda1657c0088f837c3e55ee818ebacfe51eb79	.references/pawn/gamemodes/DignitySAMP--SP-RP/gamemodes/tags/sscanf.pwn	DignitySAMP--SP-RP-source.zip	f7866a19f2b2ae674ae584f0a9f07158b6cfb884333ce37252a4b073deb4fb30
DignitySAMP/SP-RP	3abda1657c0088f837c3e55ee818ebacfe51eb79	.references/pawn/gamemodes/DignitySAMP--SP-RP/gamemodes/tags/header.pwn	DignitySAMP--SP-RP-source.zip	67adb72758eb11e751611819641df356c7aa9057dba3f3ed4d7607c877307e58
DignitySAMP/SP-RP	3abda1657c0088f837c3e55ee818ebacfe51eb79	.references/pawn/gamemodes/DignitySAMP--SP-RP/gamemodes/police/interior.pwn	DignitySAMP--SP-RP-source.zip	dc40301d89b11ccd37b9424d835c2e7a92773439bfb3744ab65a662d38d14305
DignitySAMP/SP-RP	3abda1657c0088f837c3e55ee818ebacfe51eb79	.references/pawn/gamemodes/DignitySAMP--SP-RP/gamemodes/police/header.pwn	DignitySAMP--SP-RP-source.zip	753cf8e548410f19c16b0d42d0bad8e1b858adcaa74c659b1511afcbb1fa2fc6
DignitySAMP/SP-RP	3abda1657c0088f837c3e55ee818ebacfe51eb79	.references/pawn/gamemodes/DignitySAMP--SP-RP/gamemodes/gangzones/func.pwn	DignitySAMP--SP-RP-source.zip	01a6a652530c5f75aa705cd2644bf9a8ec6b1a139e62357fc769e74c9f760358
DignitySAMP/SP-RP	3abda1657c0088f837c3e55ee818ebacfe51eb79	.references/pawn/gamemodes/DignitySAMP--SP-RP/gamemodes/gangzones/data.pwn	DignitySAMP--SP-RP-source.zip	a8803def904f198ba747053f7d5f8f8e77abb78b563134bea4375c25bcf15a2b
DignitySAMP/SP-RP	3abda1657c0088f837c3e55ee818ebacfe51eb79	.references/pawn/gamemodes/DignitySAMP--SP-RP/gamemodes/gangzones/admin.pwn	DignitySAMP--SP-RP-source.zip	96ceaeb338e72b0a8b751597d1a718b3b1cb4794fbf08f0a6ccbb82b9a7b85b7
DignitySAMP/SP-RP	3abda1657c0088f837c3e55ee818ebacfe51eb79	.references/pawn/gamemodes/DignitySAMP--SP-RP/gamemodes/gangzones/header.pwn	DignitySAMP--SP-RP-source.zip	6b5f12776bba1e93acf29e9e07a16177856743e415e8744aa5ca613052365cc3
DignitySAMP/SP-RP	3abda1657c0088f837c3e55ee818ebacfe51eb79	.references/pawn/gamemodes/DignitySAMP--SP-RP/gamemodes/faction/squads.pwn	DignitySAMP--SP-RP-source.zip	17f3519c7d88dda4dfb5b7a187462bb5f3494a8115314f6e8e289bade418fa32
DignitySAMP/SP-RP	3abda1657c0088f837c3e55ee818ebacfe51eb79	.references/pawn/gamemodes/DignitySAMP--SP-RP/gamemodes/faction/func.pwn	DignitySAMP--SP-RP-source.zip	1449d8e2b0a2372ec26ee6495e21f2753b01a567fd521186b29d99b9f325d996
DignitySAMP/SP-RP	3abda1657c0088f837c3e55ee818ebacfe51eb79	.references/pawn/gamemodes/DignitySAMP--SP-RP/gamemodes/faction/armory.pwn	DignitySAMP--SP-RP-source.zip	c75ac8b7f02e518179c2ba77d3b3f8e1cefbd784a801bfcad8ccabcfd3ac7b96
DignitySAMP/SP-RP	3abda1657c0088f837c3e55ee818ebacfe51eb79	.references/pawn/gamemodes/DignitySAMP--SP-RP/gamemodes/faction/communication.pwn	DignitySAMP--SP-RP-source.zip	c8c25c7883b015df64767f122fc271401714750622726b5a8a766318624099b6
DignitySAMP/SP-RP	3abda1657c0088f837c3e55ee818ebacfe51eb79	.references/pawn/gamemodes/DignitySAMP--SP-RP/gamemodes/faction/data.pwn	DignitySAMP--SP-RP-source.zip	48db106ae0d831967d677fbd7e55303b7c151782f2f119a0b594fb8e95129ca2
DignitySAMP/SP-RP	3abda1657c0088f837c3e55ee818ebacfe51eb79	.references/pawn/gamemodes/DignitySAMP--SP-RP/gamemodes/faction/spawn.pwn	DignitySAMP--SP-RP-source.zip	795f617e74f191b34e45058b7aca8f753b7fb6adc4dfc506a4f577ffd72dbdea
DignitySAMP/SP-RP	3abda1657c0088f837c3e55ee818ebacfe51eb79	.references/pawn/gamemodes/DignitySAMP--SP-RP/gamemodes/faction/admin.pwn	DignitySAMP--SP-RP-source.zip	d186cad085f5cf36aaf5a37eb9aa2e5f7b081384754cf27dcea8cda9a67f90e1
DignitySAMP/SP-RP	3abda1657c0088f837c3e55ee818ebacfe51eb79	.references/pawn/gamemodes/DignitySAMP--SP-RP/gamemodes/faction/header.pwn	DignitySAMP--SP-RP-source.zip	26888dc199518f37612ec64eef5d9b6455939caae6f7c05c287c04d2472270e8
DignitySAMP/SP-RP	3abda1657c0088f837c3e55ee818ebacfe51eb79	.references/pawn/gamemodes/DignitySAMP--SP-RP/gamemodes/faction/player.pwn	DignitySAMP--SP-RP-source.zip	69f67eb9a2de0bcb557ad12bc9afaee5ccae046436de7d730cfad05db0d8e94e
DignitySAMP/SP-RP	3abda1657c0088f837c3e55ee818ebacfe51eb79	.references/pawn/gamemodes/DignitySAMP--SP-RP/gamemodes/faction/member.pwn	DignitySAMP--SP-RP-source.zip	aecd2a707a61e4db45fb3374f4134ed1843d2e9bfc67b161c89040a2719d6641
DignitySAMP/SP-RP	3abda1657c0088f837c3e55ee818ebacfe51eb79	.references/pawn/gamemodes/DignitySAMP--SP-RP/gamemodes/admin/spectate.pwn	DignitySAMP--SP-RP-source.zip	f0fd3034a6921901b1f5458f340c8726d25d06ac3017c1b371c7156faeb8d06f
DignitySAMP/SP-RP	3abda1657c0088f837c3e55ee818ebacfe51eb79	.references/pawn/gamemodes/DignitySAMP--SP-RP/gamemodes/admin/public.pwn	DignitySAMP--SP-RP-source.zip	d897c614270e568f226a2e637c6ed4cce7e50d69b2b39cb0f390f0bf4d88b5db
DignitySAMP/SP-RP	3abda1657c0088f837c3e55ee818ebacfe51eb79	.references/pawn/gamemodes/DignitySAMP--SP-RP/gamemodes/admin/movement.pwn	DignitySAMP--SP-RP-source.zip	8ab8335ab4db16f489d50dfea9b2a65826d52c61d085ea59c90ae179b622f2a0
DignitySAMP/SP-RP	3abda1657c0088f837c3e55ee818ebacfe51eb79	.references/pawn/gamemodes/DignitySAMP--SP-RP/gamemodes/admin/coc.pwn	DignitySAMP--SP-RP-source.zip	0dd956d2a12115abe057c6f0d79fabff995477d38313846bb6a957d4e77eff81
DignitySAMP/SP-RP	3abda1657c0088f837c3e55ee818ebacfe51eb79	.references/pawn/gamemodes/DignitySAMP--SP-RP/gamemodes/admin/banevade.pwn	DignitySAMP--SP-RP-source.zip	62a5941013202bf4be1d2939c5abebaf35ef8078fa47f25f38fc56e2bb1678bd
DignitySAMP/SP-RP	3abda1657c0088f837c3e55ee818ebacfe51eb79	.references/pawn/gamemodes/DignitySAMP--SP-RP/gamemodes/admin/noclip.pwn	DignitySAMP--SP-RP-source.zip	41f38ac909faf72c1b111f2b85b6ee3fa6cdc8089f73e021fb19089a4f799b88
DignitySAMP/SP-RP	3abda1657c0088f837c3e55ee818ebacfe51eb79	.references/pawn/gamemodes/DignitySAMP--SP-RP/gamemodes/admin/convo.pwn	DignitySAMP--SP-RP-source.zip	8ffbb5558c4987854fbda1e6477b2d9859b6867b9b06da7a5783bd1006796f04
DignitySAMP/SP-RP	3abda1657c0088f837c3e55ee818ebacfe51eb79	.references/pawn/gamemodes/DignitySAMP--SP-RP/gamemodes/admin/jetpack.pwn	DignitySAMP--SP-RP-source.zip	d6ee225b59c8e9a80d5e1ca78ee86e2d3f661c7d3b4432c4324c73d64d14214b
DignitySAMP/SP-RP	3abda1657c0088f837c3e55ee818ebacfe51eb79	.references/pawn/gamemodes/DignitySAMP--SP-RP/gamemodes/admin/true-rp.pwn	DignitySAMP--SP-RP-source.zip	c867276c55ee3b83a822aed8600e2a304b44dbd0c86e407faba7ef03bbf0c1b3
DignitySAMP/SP-RP	3abda1657c0088f837c3e55ee818ebacfe51eb79	.references/pawn/gamemodes/DignitySAMP--SP-RP/gamemodes/admin/refunds.pwn	DignitySAMP--SP-RP-source.zip	58049c565ec27815591bde45d88febd9f04d5bd869a7399e2d4449712dff6955
DignitySAMP/SP-RP	3abda1657c0088f837c3e55ee818ebacfe51eb79	.references/pawn/gamemodes/DignitySAMP--SP-RP/gamemodes/admin/contributor.pwn	DignitySAMP--SP-RP-source.zip	5098f526842e6918eda1d79d862ccce2e17f90e9a448933a2b9b0144afc4ac2d
DignitySAMP/SP-RP	3abda1657c0088f837c3e55ee818ebacfe51eb79	.references/pawn/gamemodes/DignitySAMP--SP-RP/gamemodes/admin/bans.pwn	DignitySAMP--SP-RP-source.zip	7e7ffccb30462c9a059cb489f8e37662cb8100e892227f01f732cf1917a020c3
DignitySAMP/SP-RP	3abda1657c0088f837c3e55ee818ebacfe51eb79	.references/pawn/gamemodes/DignitySAMP--SP-RP/gamemodes/admin/vehicle_func.pwn	DignitySAMP--SP-RP-source.zip	3e12a98c8ecbffd85c442e59b741305d069cf25b800c5f0435f1636680f71951
DignitySAMP/SP-RP	3abda1657c0088f837c3e55ee818ebacfe51eb79	.references/pawn/gamemodes/DignitySAMP--SP-RP/gamemodes/admin/misc.pwn	DignitySAMP--SP-RP-source.zip	82a00a838cfc8303186bf66c3b1e3c9612e968d1d374e02b7c46ee2d7ebf1cba
DignitySAMP/SP-RP	3abda1657c0088f837c3e55ee818ebacfe51eb79	.references/pawn/gamemodes/DignitySAMP--SP-RP/gamemodes/admin/namechanges.pwn	DignitySAMP--SP-RP-source.zip	1013e2c2514a47f31f004fe0638b1b6e493cb4f730b1440928b1b753a2cf6628
DignitySAMP/SP-RP	3abda1657c0088f837c3e55ee818ebacfe51eb79	.references/pawn/gamemodes/DignitySAMP--SP-RP/gamemodes/admin/spectate_gui.pwn	DignitySAMP--SP-RP-source.zip	7c9c9b25e8a0df1553dec89639f0955c0474014f5ab0b90808a7dc2f6b28094a
DignitySAMP/SP-RP	3abda1657c0088f837c3e55ee818ebacfe51eb79	.references/pawn/gamemodes/DignitySAMP--SP-RP/gamemodes/admin/data.pwn	DignitySAMP--SP-RP-source.zip	a28697cdcaae49b3d8ee090a7550a3be8368216426efc1aa3928155a3e022f9b
DignitySAMP/SP-RP	3abda1657c0088f837c3e55ee818ebacfe51eb79	.references/pawn/gamemodes/DignitySAMP--SP-RP/gamemodes/admin/note.pwn	DignitySAMP--SP-RP-source.zip	735595388083622c64224e5c19372fde38c07d31a0d613dd9e34705ce98bf542
DignitySAMP/SP-RP	3abda1657c0088f837c3e55ee818ebacfe51eb79	.references/pawn/gamemodes/DignitySAMP--SP-RP/gamemodes/admin/reports.pwn	DignitySAMP--SP-RP-source.zip	c1c27e55617956d3b462faa7249da737b75cc59f7dc5af6f5ac7889baaafb68d
DignitySAMP/SP-RP	3abda1657c0088f837c3e55ee818ebacfe51eb79	.references/pawn/gamemodes/DignitySAMP--SP-RP/gamemodes/admin/arecord.pwn	DignitySAMP--SP-RP-source.zip	b658772f278906ac18888980776dfee28d2b36c217ea9fb741cc3a0320c24571
DignitySAMP/SP-RP	3abda1657c0088f837c3e55ee818ebacfe51eb79	.references/pawn/gamemodes/DignitySAMP--SP-RP/gamemodes/admin/header.pwn	DignitySAMP--SP-RP-source.zip	640de99eff187e4dbfc9e086f2128666e9d61bb291d7a30d2a1cc358c433eea8
DignitySAMP/SP-RP	3abda1657c0088f837c3e55ee818ebacfe51eb79	.references/pawn/gamemodes/DignitySAMP--SP-RP/gamemodes/admin/ajail.pwn	DignitySAMP--SP-RP-source.zip	155edd9d313ede5fce141bcdfdea84ae470ecbbcd2a8677e41b8b61598eddac6
DignitySAMP/SP-RP	3abda1657c0088f837c3e55ee818ebacfe51eb79	.references/pawn/gamemodes/DignitySAMP--SP-RP/gamemodes/admin/setstat.pwn	DignitySAMP--SP-RP-source.zip	091be8d347d5e87856cecff4e5dbb8a4a7a322efecea7f9d13eb81af9278c246
DignitySAMP/SP-RP	3abda1657c0088f837c3e55ee818ebacfe51eb79	.references/pawn/gamemodes/DignitySAMP--SP-RP/gamemodes/admin/maintenance.pwn	DignitySAMP--SP-RP-source.zip	0f481db4fdc65ecb86428e82bac557df54341e191471d5f520eeb4f0d9b52634
DignitySAMP/SP-RP	3abda1657c0088f837c3e55ee818ebacfe51eb79	.references/pawn/gamemodes/DignitySAMP--SP-RP/gamemodes/admin/vehicle.pwn	DignitySAMP--SP-RP-source.zip	c056be56bda85c91007b268a1337456ca1fa667be64ea138d80c7c2ae23d64ad
DignitySAMP/SP-RP	3abda1657c0088f837c3e55ee818ebacfe51eb79	.references/pawn/gamemodes/DignitySAMP--SP-RP/gamemodes/modshops/gui.pwn	DignitySAMP--SP-RP-source.zip	29ebbac83d36356942baf82fbc2a251a7524a3e03bb4ff5bf1e4aa2f522eab1f
DignitySAMP/SP-RP	3abda1657c0088f837c3e55ee818ebacfe51eb79	.references/pawn/gamemodes/DignitySAMP--SP-RP/gamemodes/modshops/save.pwn	DignitySAMP--SP-RP-source.zip	9559185bf66958e7305cdf4cdb572aae59a14867d933bf8e619ee4288269e03f
DignitySAMP/SP-RP	3abda1657c0088f837c3e55ee818ebacfe51eb79	.references/pawn/gamemodes/DignitySAMP--SP-RP/gamemodes/modshops/data.pwn	DignitySAMP--SP-RP-source.zip	6e8bb0c4a464259adb9861b350d527353df193cc574bffab27c20a67f44a04fd
DignitySAMP/SP-RP	3abda1657c0088f837c3e55ee818ebacfe51eb79	.references/pawn/gamemodes/DignitySAMP--SP-RP/gamemodes/modshops/header.pwn	DignitySAMP--SP-RP-source.zip	713998313aad39a8e8222702d0ffdf8b963ed9ddda20a0da22ec636d5032e30e
DignitySAMP/SP-RP	3abda1657c0088f837c3e55ee818ebacfe51eb79	.references/pawn/gamemodes/DignitySAMP--SP-RP/gamemodes/chopshop/owner.pwn	DignitySAMP--SP-RP-source.zip	6e907a600dde1b9e64911df496e883b8e97c4f1d29bb2a424e43a635b55b5003
DignitySAMP/SP-RP	3abda1657c0088f837c3e55ee818ebacfe51eb79	.references/pawn/gamemodes/DignitySAMP--SP-RP/gamemodes/chopshop/lockpick.pwn	DignitySAMP--SP-RP-source.zip	c66f8f4ca97c95969932ade2f777d2d74153a22f7ed56ad5b0eaed036f07396c
DignitySAMP/SP-RP	3abda1657c0088f837c3e55ee818ebacfe51eb79	.references/pawn/gamemodes/DignitySAMP--SP-RP/gamemodes/chopshop/header.pwn	DignitySAMP--SP-RP-source.zip	aa97941be4ca881b46506f7b716b3ca53a35f2a48f75295041f53999fa8e86f1
DignitySAMP/SP-RP	3abda1657c0088f837c3e55ee818ebacfe51eb79	.references/pawn/gamemodes/DignitySAMP--SP-RP/gamemodes/chopshop/dropoff.pwn	DignitySAMP--SP-RP-source.zip	57679878430bfaf15dae9d71e8dc933ee9d67d43fa105394cd26c4364ada14dd
DignitySAMP/SP-RP	3abda1657c0088f837c3e55ee818ebacfe51eb79	.references/pawn/gamemodes/DignitySAMP--SP-RP/gamemodes/emmet/func.pwn	DignitySAMP--SP-RP-source.zip	57f56c3307c75a81b2bed9b15a00ef8b509493368f54708645f1c2624077e95a
DignitySAMP/SP-RP	3abda1657c0088f837c3e55ee818ebacfe51eb79	.references/pawn/gamemodes/DignitySAMP--SP-RP/gamemodes/emmet/data.pwn	DignitySAMP--SP-RP-source.zip	27532c7f0a2f495c8ea6fff2cbc84dc7a34ac9d6491df0d254451d7194275442
DignitySAMP/SP-RP	3abda1657c0088f837c3e55ee818ebacfe51eb79	.references/pawn/gamemodes/DignitySAMP--SP-RP/gamemodes/emmet/admin.pwn	DignitySAMP--SP-RP-source.zip	73201d383c1c93d020aa3e3be7bf2292123b03401efcff9e1cf4fbd1255fc1aa
DignitySAMP/SP-RP	3abda1657c0088f837c3e55ee818ebacfe51eb79	.references/pawn/gamemodes/DignitySAMP--SP-RP/gamemodes/emmet/crates.pwn	DignitySAMP--SP-RP-source.zip	75dfa8f97dbe6172b076227a3c5956e6bdfa5292b6f4122ccfe671872a1dc16d
DignitySAMP/SP-RP	3abda1657c0088f837c3e55ee818ebacfe51eb79	.references/pawn/gamemodes/DignitySAMP--SP-RP/gamemodes/emmet/header.pwn	DignitySAMP--SP-RP-source.zip	03897e5198667a50037fbdf557c0850753af79fb68ec75655eafc9d76db65062
DignitySAMP/SP-RP	3abda1657c0088f837c3e55ee818ebacfe51eb79	.references/pawn/gamemodes/DignitySAMP--SP-RP/gamemodes/emmet/player.pwn	DignitySAMP--SP-RP-source.zip	0994aa8688e439882fd862669f12560976e6bdc6f9b05f1ea143b5b9b5b5266c
DignitySAMP/SP-RP	3abda1657c0088f837c3e55ee818ebacfe51eb79	.references/pawn/gamemodes/DignitySAMP--SP-RP/gamemodes/hunger/header.pwn	DignitySAMP--SP-RP-source.zip	3f14b8e21219791607347433792f0402088e707f337be0bab40f8baaa73f23fb
DignitySAMP/SP-RP	3abda1657c0088f837c3e55ee818ebacfe51eb79	.references/pawn/gamemodes/DignitySAMP--SP-RP/gamemodes/minigame/shakehands.pwn	DignitySAMP--SP-RP-source.zip	a6b2ce02b424caaf6e299ea7d312f426c3fd7f3d73c6050a252a8a49527b5b05
DignitySAMP/SP-RP	3abda1657c0088f837c3e55ee818ebacfe51eb79	.references/pawn/gamemodes/DignitySAMP--SP-RP/gamemodes/minigame/helpbox.pwn	DignitySAMP--SP-RP-source.zip	61fa1ab7d5d2938a20e55422cff86059ae1ed709fd963907851668baa6b7628f
DignitySAMP/SP-RP	3abda1657c0088f837c3e55ee818ebacfe51eb79	.references/pawn/gamemodes/DignitySAMP--SP-RP/gamemodes/minigame/header.pwn	DignitySAMP--SP-RP-source.zip	f448b631e5195761d88d6acef55a63dac0ad64762f76970258fa5a790d2b0ce0
DignitySAMP/SP-RP	3abda1657c0088f837c3e55ee818ebacfe51eb79	.references/pawn/gamemodes/DignitySAMP--SP-RP/gamemodes/donator/player.pwn	DignitySAMP--SP-RP-source.zip	7ee865ca91ba62fab0298c76e35030cc05af17262e7309049fb6dd63145bd0a7
DignitySAMP/SP-RP	3abda1657c0088f837c3e55ee818ebacfe51eb79	.references/pawn/gamemodes/DignitySAMP--SP-RP/gamemodes/furniture/objects.pwn	DignitySAMP--SP-RP-source.zip	796ba8603c987dcf809b09e592470b8d32e28e82e5cb0a15aff5d008c14b952b
DignitySAMP/SP-RP	3abda1657c0088f837c3e55ee818ebacfe51eb79	.references/pawn/gamemodes/DignitySAMP--SP-RP/gamemodes/furniture/textures.pwn	DignitySAMP--SP-RP-source.zip	8d65aa95d25de0a3b78d52f5bb07dd6e062bced671dd20af10c9092a3aa4d9f0
DignitySAMP/SP-RP	3abda1657c0088f837c3e55ee818ebacfe51eb79	.references/pawn/gamemodes/DignitySAMP--SP-RP/gamemodes/furniture/furni.pwn	DignitySAMP--SP-RP-source.zip	9012f546982f10c3c1a51e987b44df540be95797ae7d91fefb894bbc62e65388
DignitySAMP/SP-RP	3abda1657c0088f837c3e55ee818ebacfe51eb79	.references/pawn/gamemodes/DignitySAMP--SP-RP/gamemodes/furniture/interiors.pwn	DignitySAMP--SP-RP-source.zip	7fcc294ecc60ef123c4d9068b5215969a24fb81136fc03f629f376187468d6ed
DignitySAMP/SP-RP	3abda1657c0088f837c3e55ee818ebacfe51eb79	.references/pawn/gamemodes/DignitySAMP--SP-RP/gamemodes/furniture/html.pwn	DignitySAMP--SP-RP-source.zip	9d84c28d3eae809ee505d53747928ae494d32f0559f0f2ccda339422862d38fd
DignitySAMP/SP-RP	3abda1657c0088f837c3e55ee818ebacfe51eb79	.references/pawn/gamemodes/DignitySAMP--SP-RP/gamemodes/furniture/data.pwn	DignitySAMP--SP-RP-source.zip	430b66bbd40261065a0c2857fe58dacbf26b150023be1febbd1c86a11adda1ab
DignitySAMP/SP-RP	3abda1657c0088f837c3e55ee818ebacfe51eb79	.references/pawn/gamemodes/DignitySAMP--SP-RP/gamemodes/furniture/header.pwn	DignitySAMP--SP-RP-source.zip	787ba332af773f8aff3b11ce813737ad3757dd1cd7c5632b166b73a32ab04451
DignitySAMP/SP-RP	3abda1657c0088f837c3e55ee818ebacfe51eb79	.references/pawn/gamemodes/DignitySAMP--SP-RP/gamemodes/licenses/gui.pwn	DignitySAMP--SP-RP-source.zip	da2dddb73bcb4e77d02621c9a356b1f24a6ab1b9afc1e9b41f71c59a78a47455
DignitySAMP/SP-RP	3abda1657c0088f837c3e55ee818ebacfe51eb79	.references/pawn/gamemodes/DignitySAMP--SP-RP/gamemodes/licenses/native.pwn	DignitySAMP--SP-RP-source.zip	50b55cbe04238f851834403a32320d55f6c26fc1560957d58c9c62fc4d7e18f5
DignitySAMP/SP-RP	3abda1657c0088f837c3e55ee818ebacfe51eb79	.references/pawn/gamemodes/DignitySAMP--SP-RP/gamemodes/licenses/header.pwn	DignitySAMP--SP-RP-source.zip	5312c1466ac47a3cc02e27bcab2ff4efbc3b8302d144876d2bc3ac54554dc2c2
DignitySAMP/SP-RP	3abda1657c0088f837c3e55ee818ebacfe51eb79	.references/pawn/gamemodes/DignitySAMP--SP-RP/gamemodes/player/spawns/func.pwn	DignitySAMP--SP-RP-source.zip	dcb8ae1a2f5d5faf257ca1752554e398c34eae6989c299920acc4677481157a6
DignitySAMP/SP-RP	3abda1657c0088f837c3e55ee818ebacfe51eb79	.references/pawn/gamemodes/DignitySAMP--SP-RP/gamemodes/player/spawns/header.pwn	DignitySAMP--SP-RP-source.zip	dd9e9bd60c9e9c5af307dda09b7d001ad931a3ffb552e1c56837f46c2a820829
DignitySAMP/SP-RP	3abda1657c0088f837c3e55ee818ebacfe51eb79	.references/pawn/gamemodes/DignitySAMP--SP-RP/gamemodes/player/auth/register.pwn	DignitySAMP--SP-RP-source.zip	e5a01146c1dbf2fc1621b93d74a9acc3665a1bdaef599b05da28dee72af0453e
DignitySAMP/SP-RP	3abda1657c0088f837c3e55ee818ebacfe51eb79	.references/pawn/gamemodes/DignitySAMP--SP-RP/gamemodes/player/auth/auth.pwn	DignitySAMP--SP-RP-source.zip	bd0084f9ca6da6586500804b52fe026525712eda428fad98bf619aefbe8a2bb3
DignitySAMP/SP-RP	3abda1657c0088f837c3e55ee818ebacfe51eb79	.references/pawn/gamemodes/DignitySAMP--SP-RP/gamemodes/player/auth/tempselect.pwn	DignitySAMP--SP-RP-source.zip	2589fa35d2cff76a5120ce7a6f31de0edb13cc755835edfabcd8502e542fe44d
DignitySAMP/SP-RP	3abda1657c0088f837c3e55ee818ebacfe51eb79	.references/pawn/gamemodes/DignitySAMP--SP-RP/gamemodes/player/auth/noclass.pwn	DignitySAMP--SP-RP-source.zip	b0838edb6c0fb6e5c656532649030b2f9cd0b85b913cdfcecc44e1e95c253b90
DignitySAMP/SP-RP	3abda1657c0088f837c3e55ee818ebacfe51eb79	.references/pawn/gamemodes/DignitySAMP--SP-RP/gamemodes/player/auth/data.pwn	DignitySAMP--SP-RP-source.zip	f818cf6fd3e8543f10521882b2db9b3cf31a5ae1346e6f759c6313a8e4501e2d
DignitySAMP/SP-RP	3abda1657c0088f837c3e55ee818ebacfe51eb79	.references/pawn/gamemodes/DignitySAMP--SP-RP/gamemodes/player/auth/spawn.pwn	DignitySAMP--SP-RP-source.zip	2c271248220656cf5a2d41352b46f7f984cc290051c6ea2073e88a3267ff4042
DignitySAMP/SP-RP	3abda1657c0088f837c3e55ee818ebacfe51eb79	.references/pawn/gamemodes/DignitySAMP--SP-RP/gamemodes/player/auth/select_menus.pwn	DignitySAMP--SP-RP-source.zip	e194c3b7aecaf1838192a93bbb049682523c259257004b11bde018cd9b08b464
DignitySAMP/SP-RP	3abda1657c0088f837c3e55ee818ebacfe51eb79	.references/pawn/gamemodes/DignitySAMP--SP-RP/gamemodes/player/auth/email.pwn	DignitySAMP--SP-RP-source.zip	1f6b0f4e96867930d7f6634d3a9220d3aa0d223407941a92107966d5daabd4e1
DignitySAMP/SP-RP	3abda1657c0088f837c3e55ee818ebacfe51eb79	.references/pawn/gamemodes/DignitySAMP--SP-RP/gamemodes/player/auth/header.pwn	DignitySAMP--SP-RP-source.zip	57ff26e148898d7bd5c354dc57f0ec7a8e966d44c970d561aefa057b4c059112
DignitySAMP/SP-RP	3abda1657c0088f837c3e55ee818ebacfe51eb79	.references/pawn/gamemodes/DignitySAMP--SP-RP/gamemodes/player/auth/character.pwn	DignitySAMP--SP-RP-source.zip	7495502799e2aaecef3f78ed09efc055c51c6e43e6ce47404e820c511598f771
DignitySAMP/SP-RP	3abda1657c0088f837c3e55ee818ebacfe51eb79	.references/pawn/gamemodes/DignitySAMP--SP-RP/gamemodes/config/utils/funcs.pwn	DignitySAMP--SP-RP-source.zip	d2467404f9f92ec53e8757f1f1f3b30b1ebda2c0d48f233da276b69fea3a8f3a
DignitySAMP/SP-RP	3abda1657c0088f837c3e55ee818ebacfe51eb79	.references/pawn/gamemodes/DignitySAMP--SP-RP/gamemodes/config/utils/colors.pwn	DignitySAMP--SP-RP-source.zip	4bd5ea35c02c49cda30ca1a995976fd4b88f92fe81adffcf8dfe83321b71efa9
DignitySAMP/SP-RP	3abda1657c0088f837c3e55ee818ebacfe51eb79	.references/pawn/gamemodes/DignitySAMP--SP-RP/gamemodes/config/utils/forwards.pwn	DignitySAMP--SP-RP-source.zip	d8860ae81c2ff20fd5b2444d9d4a4147419106978b9a250f5046c19a548b29c6
DignitySAMP/SP-RP	3abda1657c0088f837c3e55ee818ebacfe51eb79	.references/pawn/gamemodes/DignitySAMP--SP-RP/gamemodes/config/utils/macros.pwn	DignitySAMP--SP-RP-source.zip	6803914d39e5858c8128ed8d5a89db9b3c94026a2459a4e94f736a0c9beb2cfb
DignitySAMP/SP-RP	3abda1657c0088f837c3e55ee818ebacfe51eb79	.references/pawn/gamemodes/DignitySAMP--SP-RP/gamemodes/config/utils/header.pwn	DignitySAMP--SP-RP-source.zip	d7061124df43a328f0c1e384164ea71b7f9ae574dac7d5cd7562a2545a936e59
DignitySAMP/SP-RP	3abda1657c0088f837c3e55ee818ebacfe51eb79	.references/pawn/gamemodes/DignitySAMP--SP-RP/gamemodes/config/data/area.pwn	DignitySAMP--SP-RP-source.zip	74fa67a6071cc9db25863df7bdc55c6b39b563409d64d4c7a3521384fb011062
DignitySAMP/SP-RP	3abda1657c0088f837c3e55ee818ebacfe51eb79	.references/pawn/gamemodes/DignitySAMP--SP-RP/gamemodes/config/data/streets.pwn	DignitySAMP--SP-RP-source.zip	bf2ca5dd163de283ba41776f2477870e9e271cf15a6e186de80a494037731ac6
DignitySAMP/SP-RP	3abda1657c0088f837c3e55ee818ebacfe51eb79	.references/pawn/gamemodes/DignitySAMP--SP-RP/gamemodes/config/data/calendar.pwn	DignitySAMP--SP-RP-source.zip	2864b9fad7bbd02a812bf65f4df2b28343b6b5c66e443bdb15dcb164449932c5
DignitySAMP/SP-RP	3abda1657c0088f837c3e55ee818ebacfe51eb79	.references/pawn/gamemodes/DignitySAMP--SP-RP/gamemodes/config/data/zones.pwn	DignitySAMP--SP-RP-source.zip	c242aeafe0373c763dbd5b94e908fc6a8da05bffffd2489c73eb685b13040d36
DignitySAMP/SP-RP	3abda1657c0088f837c3e55ee818ebacfe51eb79	.references/pawn/gamemodes/DignitySAMP--SP-RP/gamemodes/config/data/skins.pwn	DignitySAMP--SP-RP-source.zip	ca439de1680056f6a4729ede51045a8e7e8a09b771d58501a7c90a723074690e
DignitySAMP/SP-RP	3abda1657c0088f837c3e55ee818ebacfe51eb79	.references/pawn/gamemodes/DignitySAMP--SP-RP/gamemodes/config/data/header.pwn	DignitySAMP--SP-RP-source.zip	0bd1a724b185595e56b5f474f0359f124a2c97240a6e950d56e5e6f495cb9d9d
DignitySAMP/SP-RP	3abda1657c0088f837c3e55ee818ebacfe51eb79	.references/pawn/gamemodes/DignitySAMP--SP-RP/gamemodes/config/gui/gui_datetime.pwn	DignitySAMP--SP-RP-source.zip	29c5c43bc0af0fe302fe72b0f7b629981b7e1390c756598fff80299e8c51da58
DignitySAMP/SP-RP	3abda1657c0088f837c3e55ee818ebacfe51eb79	.references/pawn/gamemodes/DignitySAMP--SP-RP/gamemodes/config/gui/direction.pwn	DignitySAMP--SP-RP-source.zip	a7d5d9498a35b41b98a3c14bf11f85e8bfe7d712591a8bfeb4f91a715efccaee
DignitySAMP/SP-RP	3abda1657c0088f837c3e55ee818ebacfe51eb79	.references/pawn/gamemodes/DignitySAMP--SP-RP/gamemodes/config/gui/street.pwn	DignitySAMP--SP-RP-source.zip	bccfc49a9131658f955563d2f841b0cd8f0ee0dffc393ffa8f2cc25b6f06738c
DignitySAMP/SP-RP	3abda1657c0088f837c3e55ee818ebacfe51eb79	.references/pawn/gamemodes/DignitySAMP--SP-RP/gamemodes/config/gui/time.pwn	DignitySAMP--SP-RP-source.zip	aad8e12efbdc3c54293b2172e534e856a17a5f328153314c9a0713f9766698d2
DignitySAMP/SP-RP	3abda1657c0088f837c3e55ee818ebacfe51eb79	.references/pawn/gamemodes/DignitySAMP--SP-RP/gamemodes/config/gui/info_box.pwn	DignitySAMP--SP-RP-source.zip	b714be8bc2fb873ee8fd80af8088d7e9b738263e3144f3942b9b0a2b8756d4bb
DignitySAMP/SP-RP	3abda1657c0088f837c3e55ee818ebacfe51eb79	.references/pawn/gamemodes/DignitySAMP--SP-RP/gamemodes/config/gui/zone.pwn	DignitySAMP--SP-RP-source.zip	a6ba5fff00e710daf7ef2250da8d9fb9248eb7cfd3ef0a677e91bd8af87ed0bb
DignitySAMP/SP-RP	3abda1657c0088f837c3e55ee818ebacfe51eb79	.references/pawn/gamemodes/DignitySAMP--SP-RP/gamemodes/config/gui/header.pwn	DignitySAMP--SP-RP-source.zip	68d9f4e75712dd71d9eff0afeb0a335480249d63b5e142febd6a9966c33586ed
DignitySAMP/SP-RP	3abda1657c0088f837c3e55ee818ebacfe51eb79	.references/pawn/gamemodes/DignitySAMP--SP-RP/gamemodes/config/gui/info_subtitle.pwn	DignitySAMP--SP-RP-source.zip	6798e785fb371d9a18c2f26b72e8acc774df3078035ff7837391f62dfcf879c8
DignitySAMP/SP-RP	3abda1657c0088f837c3e55ee818ebacfe51eb79	.references/pawn/gamemodes/DignitySAMP--SP-RP/gamemodes/config/gui/vehicle.pwn	DignitySAMP--SP-RP-source.zip	2a89f7c7925dd2bfd66980f48d2b33bd03213c92f94005e5342469e691e99872
DignitySAMP/SP-RP	3abda1657c0088f837c3e55ee818ebacfe51eb79	.references/pawn/gamemodes/DignitySAMP--SP-RP/gamemodes/drugs/player/manage.pwn	DignitySAMP--SP-RP-source.zip	857e17ffb394b81d20bb17649513d573b21557c16e0f758431bf28a62ad14b2c
DignitySAMP/SP-RP	3abda1657c0088f837c3e55ee818ebacfe51eb79	.references/pawn/gamemodes/DignitySAMP--SP-RP/gamemodes/drugs/player/data.pwn	DignitySAMP--SP-RP-source.zip	980891f7f253af7788b7b51fc25c876f5416676c22b85f89bf8c46a19f3a2c72
DignitySAMP/SP-RP	3abda1657c0088f837c3e55ee818ebacfe51eb79	.references/pawn/gamemodes/DignitySAMP--SP-RP/gamemodes/drugs/player/use.pwn	DignitySAMP--SP-RP-source.zip	6b6e8fa8a791e3a3af4ddfe4eba62d662459eb8e57979bf6019e22d40d2e20e4
DignitySAMP/SP-RP	3abda1657c0088f837c3e55ee818ebacfe51eb79	.references/pawn/gamemodes/DignitySAMP--SP-RP/gamemodes/drugs/player/header.pwn	DignitySAMP--SP-RP-source.zip	f2d61e36d80516f29425224f1ae914541cc9392ef1609bb7536e3c3727a4aae1
DignitySAMP/SP-RP	3abda1657c0088f837c3e55ee818ebacfe51eb79	.references/pawn/gamemodes/DignitySAMP--SP-RP/gamemodes/drugs/data/coke.pwn	DignitySAMP--SP-RP-source.zip	69784cf83cb718a0bc45fcda27e40787c4fb0a85d2e5e57b31a39f11c562ff4a
DignitySAMP/SP-RP	3abda1657c0088f837c3e55ee818ebacfe51eb79	.references/pawn/gamemodes/DignitySAMP--SP-RP/gamemodes/drugs/data/crack.pwn	DignitySAMP--SP-RP-source.zip	ec397921778c36cffa055b0a44d7ed14b6f3ab003aa369623149c6d258665929
DignitySAMP/SP-RP	3abda1657c0088f837c3e55ee818ebacfe51eb79	.references/pawn/gamemodes/DignitySAMP--SP-RP/gamemodes/drugs/data/meth.pwn	DignitySAMP--SP-RP-source.zip	e3b0c44298fc1c149afbf4c8996fb92427ae41e4649b934ca495991b7852b855
DignitySAMP/SP-RP	3abda1657c0088f837c3e55ee818ebacfe51eb79	.references/pawn/gamemodes/DignitySAMP--SP-RP/gamemodes/drugs/data/weed.pwn	DignitySAMP--SP-RP-source.zip	3c33d36fc2a65d0016406820b39e594404eb234ebfa5fdc950aa8c771fc88c9f
DignitySAMP/SP-RP	3abda1657c0088f837c3e55ee818ebacfe51eb79	.references/pawn/gamemodes/DignitySAMP--SP-RP/gamemodes/drugs/data/header.pwn	DignitySAMP--SP-RP-source.zip	ba14b90b66dc454ae66b70f4cf21e17708ed9ff72098d36b7f2cfac833d2afd8
DignitySAMP/SP-RP	3abda1657c0088f837c3e55ee818ebacfe51eb79	.references/pawn/gamemodes/DignitySAMP--SP-RP/gamemodes/drugs/cartel/data.pwn	DignitySAMP--SP-RP-source.zip	ae38aa17e55da2c571b62103d6c6cd803daf28463ce93157deeb6aea978241e6
DignitySAMP/SP-RP	3abda1657c0088f837c3e55ee818ebacfe51eb79	.references/pawn/gamemodes/DignitySAMP--SP-RP/gamemodes/drugs/cartel/list.pwn	DignitySAMP--SP-RP-source.zip	1676eb7c607923b54c035579b0dfbe6fae4271b3acaea5bbde93b0e2bfea216e
DignitySAMP/SP-RP	3abda1657c0088f837c3e55ee818ebacfe51eb79	.references/pawn/gamemodes/DignitySAMP--SP-RP/gamemodes/drugs/cartel/header.pwn	DignitySAMP--SP-RP-source.zip	9faa4ddc5019a329a75eb1884f53f6383e9e3c7a00c5916f5a1afdfe00832b1c
DignitySAMP/SP-RP	3abda1657c0088f837c3e55ee818ebacfe51eb79	.references/pawn/gamemodes/DignitySAMP--SP-RP/gamemodes/drugs/cartel/player.pwn	DignitySAMP--SP-RP-source.zip	78fb7623ee54b39246eb90ae0aee5946acf8e086d0a9292cd5136ffde66996dc
DignitySAMP/SP-RP	3abda1657c0088f837c3e55ee818ebacfe51eb79	.references/pawn/gamemodes/DignitySAMP--SP-RP/gamemodes/drugs/packages/data.pwn	DignitySAMP--SP-RP-source.zip	ac65de8b0a787bd66cf7696f5ae52b1e71adbead7e6f6f12eb93b790793ac91c
DignitySAMP/SP-RP	3abda1657c0088f837c3e55ee818ebacfe51eb79	.references/pawn/gamemodes/DignitySAMP--SP-RP/gamemodes/drugs/packages/header.pwn	DignitySAMP--SP-RP-source.zip	6c0ffa302065bd9f672bf8444c6290ed2a12fab6757281f3aacc6715d1d90bb7
DignitySAMP/SP-RP	3abda1657c0088f837c3e55ee818ebacfe51eb79	.references/pawn/gamemodes/DignitySAMP--SP-RP/gamemodes/drugs/packages/player.pwn	DignitySAMP--SP-RP-source.zip	6f8804ec0b3423d50987208c92d09b1a6b643bd54c9d7eba7720bba7898ea883
DignitySAMP/SP-RP	3abda1657c0088f837c3e55ee818ebacfe51eb79	.references/pawn/gamemodes/DignitySAMP--SP-RP/gamemodes/visuals/maps/ktb.pwn	DignitySAMP--SP-RP-source.zip	84c1c2918eacc8b4a0512057490cc61c0d843fbb3eaa818d613ade9f3ffce821
DignitySAMP/SP-RP	3abda1657c0088f837c3e55ee818ebacfe51eb79	.references/pawn/gamemodes/DignitySAMP--SP-RP/gamemodes/visuals/maps/lsv.pwn	DignitySAMP--SP-RP-source.zip	86a48e62efd219aaa21cf21761c9b56d216013921c58894ad01a0316e208ff0e
DignitySAMP/SP-RP	3abda1657c0088f837c3e55ee818ebacfe51eb79	.references/pawn/gamemodes/DignitySAMP--SP-RP/gamemodes/visuals/maps/sbf.pwn	DignitySAMP--SP-RP-source.zip	08ae36c46e639f900f7f3fb5849baf0b4e6a81505bbd820f711dba5c95ae1915
DignitySAMP/SP-RP	3abda1657c0088f837c3e55ee818ebacfe51eb79	.references/pawn/gamemodes/DignitySAMP--SP-RP/gamemodes/visuals/maps/vla.pwn	DignitySAMP--SP-RP-source.zip	0e68a2081785b26f02982c979feb1bc3bef6a90b43d6b133c26180002edb512e
DignitySAMP/SP-RP	3abda1657c0088f837c3e55ee818ebacfe51eb79	.references/pawn/gamemodes/DignitySAMP--SP-RP/gamemodes/visuals/maps/tdf.pwn	DignitySAMP--SP-RP-source.zip	da60fca6aeee5920f10d1f45d77be1753d756dba87b5dfe922aa964848f5834f
DignitySAMP/SP-RP	3abda1657c0088f837c3e55ee818ebacfe51eb79	.references/pawn/gamemodes/DignitySAMP--SP-RP/gamemodes/visuals/maps/header.pwn	DignitySAMP--SP-RP-source.zip	5444a510e10d05253e170b1ffcc424f6eb03ff646c3bd41077a67c9f33c5dbb0
DignitySAMP/SP-RP	3abda1657c0088f837c3e55ee818ebacfe51eb79	.references/pawn/gamemodes/DignitySAMP--SP-RP/gamemodes/visuals/maps/fyb.pwn	DignitySAMP--SP-RP-source.zip	24b6198e41bfba028cc9d9dc73ac921def6a2024e1f6c3d67ac71f91b00652ae
DignitySAMP/SP-RP	3abda1657c0088f837c3e55ee818ebacfe51eb79	.references/pawn/gamemodes/DignitySAMP--SP-RP/gamemodes/visuals/maps/rhb.pwn	DignitySAMP--SP-RP-source.zip	31579080a9b3da051958ac7c8c78d6a47d27bae6d6e67817c383a9c9689d3ae6
DignitySAMP/SP-RP	3abda1657c0088f837c3e55ee818ebacfe51eb79	.references/pawn/gamemodes/DignitySAMP--SP-RP/gamemodes/anticheat/modules/money.pwn	DignitySAMP--SP-RP-source.zip	517489dab41c15da2081cf3feba56d6390ee431ee4f00321c39616cb06ffed2c
DignitySAMP/SP-RP	3abda1657c0088f837c3e55ee818ebacfe51eb79	.references/pawn/gamemodes/DignitySAMP--SP-RP/gamemodes/anticheat/modules/spectate.pwn	DignitySAMP--SP-RP-source.zip	6fa246fae9c57a97c7f1a21d6903c86e3b5de9a3eac53a6bca4d9a572a02eae1
DignitySAMP/SP-RP	3abda1657c0088f837c3e55ee818ebacfe51eb79	.references/pawn/gamemodes/DignitySAMP--SP-RP/gamemodes/anticheat/modules/dialogs.pwn	DignitySAMP--SP-RP-source.zip	6d1a624bab52083052c7d3250a1cafa8454f0e91f296ed542f4eb6c0055d1b4f
DignitySAMP/SP-RP	3abda1657c0088f837c3e55ee818ebacfe51eb79	.references/pawn/gamemodes/DignitySAMP--SP-RP/gamemodes/anticheat/modules/car_troll.pwn	DignitySAMP--SP-RP-source.zip	6e9e90db0f33b0559f78cc1129ac9dfa5221049fe540f15e62994d6832dd3e65
DignitySAMP/SP-RP	3abda1657c0088f837c3e55ee818ebacfe51eb79	.references/pawn/gamemodes/DignitySAMP--SP-RP/gamemodes/anticheat/modules/car_particles.pwn	DignitySAMP--SP-RP-source.zip	fab1a2c28d95daa8d019373277eb31103eab05b9622571e5e1456f10edfe00f5
DignitySAMP/SP-RP	3abda1657c0088f837c3e55ee818ebacfe51eb79	.references/pawn/gamemodes/DignitySAMP--SP-RP/gamemodes/anticheat/modules/car_swing.pwn	DignitySAMP--SP-RP-source.zip	709949451b81dd03a6293f3b89df818b8e47e4ab2d8a691b488477039cc980fe
DignitySAMP/SP-RP	3abda1657c0088f837c3e55ee818ebacfe51eb79	.references/pawn/gamemodes/DignitySAMP--SP-RP/gamemodes/anticheat/modules/afking.pwn	DignitySAMP--SP-RP-source.zip	6cb7a531b47cf62758ba052fb5d889fed9a87bf6b3a0680c26dd1c52e5f29aec
DignitySAMP/SP-RP	3abda1657c0088f837c3e55ee818ebacfe51eb79	.references/pawn/gamemodes/DignitySAMP--SP-RP/gamemodes/anticheat/modules/bunnyhop.pwn	DignitySAMP--SP-RP-source.zip	91b2c4ec90493e1c64f1f96c2c5af508f27e826cf5fd28b8b2821dda6484ec9c
DignitySAMP/SP-RP	3abda1657c0088f837c3e55ee818ebacfe51eb79	.references/pawn/gamemodes/DignitySAMP--SP-RP/gamemodes/anticheat/modules/anti_bot.pwn	DignitySAMP--SP-RP-source.zip	b62300be7bac7234a8b09192ffb3ed38584b3677a8c38682e2c4cc5c3bbd4741
DignitySAMP/SP-RP	3abda1657c0088f837c3e55ee818ebacfe51eb79	.references/pawn/gamemodes/DignitySAMP--SP-RP/gamemodes/anticheat/modules/airbreak.pwn	DignitySAMP--SP-RP-source.zip	62b14f73094426b6c209ea01826bec8c8336a70637be179218d197564843b8e8
DignitySAMP/SP-RP	3abda1657c0088f837c3e55ee818ebacfe51eb79	.references/pawn/gamemodes/DignitySAMP--SP-RP/gamemodes/anticheat/modules/scrolldetect.pwn	DignitySAMP--SP-RP-source.zip	2e61f55e4a72988ab600b54ac33028862e630d10e9fa896300dc42fd8fdfedc5
DignitySAMP/SP-RP	3abda1657c0088f837c3e55ee818ebacfe51eb79	.references/pawn/gamemodes/DignitySAMP--SP-RP/gamemodes/anticheat/modules/noreload.pwn	DignitySAMP--SP-RP-source.zip	e071c1cca7791d8f9af0769a76999f3045451ff52ac57de6283817f7f88e161a
DignitySAMP/SP-RP	3abda1657c0088f837c3e55ee818ebacfe51eb79	.references/pawn/gamemodes/DignitySAMP--SP-RP/gamemodes/anticheat/modules/tp_hack.pwn	DignitySAMP--SP-RP-source.zip	4983db0f5f5c0f1b4e46a5354bd60a8c8de72b18b632c57979f52b8991065692
DignitySAMP/SP-RP	3abda1657c0088f837c3e55ee818ebacfe51eb79	.references/pawn/gamemodes/DignitySAMP--SP-RP/gamemodes/anticheat/modules/health_hacks.pwn	DignitySAMP--SP-RP-source.zip	ae06dce5edb95127925662c590c6238af94014cc56e84d80b671cb774772a2c8
DignitySAMP/SP-RP	3abda1657c0088f837c3e55ee818ebacfe51eb79	.references/pawn/gamemodes/DignitySAMP--SP-RP/gamemodes/anticheat/modules/rapidfire.pwn	DignitySAMP--SP-RP-source.zip	5b886cce894f21044b03516a5b84927eb63299380085348d5326d7d5f4584f40
DignitySAMP/SP-RP	3abda1657c0088f837c3e55ee818ebacfe51eb79	.references/pawn/gamemodes/DignitySAMP--SP-RP/gamemodes/anticheat/modules/car_respray.pwn	DignitySAMP--SP-RP-source.zip	3d97734f15ecd2a05b12d151ded8983dda2d6f917fede1c22e0eead654e0df96
DignitySAMP/SP-RP	3abda1657c0088f837c3e55ee818ebacfe51eb79	.references/pawn/gamemodes/DignitySAMP--SP-RP/gamemodes/anticheat/modules/car_warp.pwn	DignitySAMP--SP-RP-source.zip	1db7f40fe34eaa8fb6c02384902e2b1a40a56ccb0d02b86d87009d52ea508a2a
DignitySAMP/SP-RP	3abda1657c0088f837c3e55ee818ebacfe51eb79	.references/pawn/gamemodes/DignitySAMP--SP-RP/gamemodes/anticheat/modules/car_mods.pwn	DignitySAMP--SP-RP-source.zip	e2a495a3703b493368800508f779ea108a952ac54af534f8a708b4022fdb8d51
DignitySAMP/SP-RP	3abda1657c0088f837c3e55ee818ebacfe51eb79	.references/pawn/gamemodes/DignitySAMP--SP-RP/gamemodes/anticheat/modules/fakekill.pwn	DignitySAMP--SP-RP-source.zip	8f47e43890e510b563b4f64774b02b2dae724bde4879169d5382b3a673e4c6ee
DignitySAMP/SP-RP	3abda1657c0088f837c3e55ee818ebacfe51eb79	.references/pawn/gamemodes/DignitySAMP--SP-RP/gamemodes/anticheat/modules/doubleconnect.pwn	DignitySAMP--SP-RP-source.zip	7f25e8d876e9b93cf9915d5562439b1e1d586f26392afdfe3003d6ecf0a0eae9
DignitySAMP/SP-RP	3abda1657c0088f837c3e55ee818ebacfe51eb79	.references/pawn/gamemodes/DignitySAMP--SP-RP/gamemodes/anticheat/modules/car_jack.pwn	DignitySAMP--SP-RP-source.zip	7ce3fc118a429d37e2aafa77a1a59b99cbe9ffb4bf9352d81f9470a19bc5e084
DignitySAMP/SP-RP	3abda1657c0088f837c3e55ee818ebacfe51eb79	.references/pawn/gamemodes/DignitySAMP--SP-RP/gamemodes/carjack/lockpick/gui.pwn	DignitySAMP--SP-RP-source.zip	40630945d0804a25cc80d944108cebcc41cd682c3e4674dba82b300ae84c2a0f
DignitySAMP/SP-RP	3abda1657c0088f837c3e55ee818ebacfe51eb79	.references/pawn/gamemodes/DignitySAMP--SP-RP/gamemodes/carjack/lockpick/utils.pwn	DignitySAMP--SP-RP-source.zip	2c12f5504b5b82b74067b5dfdc138d6228c9e392f3cf3cc7077e4c40a4f5f9d1
DignitySAMP/SP-RP	3abda1657c0088f837c3e55ee818ebacfe51eb79	.references/pawn/gamemodes/DignitySAMP--SP-RP/gamemodes/carjack/lockpick/func.pwn	DignitySAMP--SP-RP-source.zip	ee2e32e09a9b4bdf6e371b4f2a6d9e5849fd72a93949df6e610348fcab5b63c7
DignitySAMP/SP-RP	3abda1657c0088f837c3e55ee818ebacfe51eb79	.references/pawn/gamemodes/DignitySAMP--SP-RP/gamemodes/carjack/lockpick/native.pwn	DignitySAMP--SP-RP-source.zip	04cf664bd81a703bed4eeaccad8a158f0db08864c304e04d80bf75b9e11c1c2b
DignitySAMP/SP-RP	3abda1657c0088f837c3e55ee818ebacfe51eb79	.references/pawn/gamemodes/DignitySAMP--SP-RP/gamemodes/carjack/lockpick/header.pwn	DignitySAMP--SP-RP-source.zip	05d9515a15367fee157036c85cb6374bb60409797c10afebe0802d5055f80c8d
DignitySAMP/SP-RP	3abda1657c0088f837c3e55ee818ebacfe51eb79	.references/pawn/gamemodes/DignitySAMP--SP-RP/gamemodes/carjack/hotwire/gui.pwn	DignitySAMP--SP-RP-source.zip	d3703a4ad870b9d1d580417de16fc2d32dad0f43be406cbfaf2a2ed7defd6ec5
DignitySAMP/SP-RP	3abda1657c0088f837c3e55ee818ebacfe51eb79	.references/pawn/gamemodes/DignitySAMP--SP-RP/gamemodes/carjack/hotwire/func.pwn	DignitySAMP--SP-RP-source.zip	0a30338f13a47344aea5d8c1ab87e10da7397099aa3b58a28863714ba3dd42df
DignitySAMP/SP-RP	3abda1657c0088f837c3e55ee818ebacfe51eb79	.references/pawn/gamemodes/DignitySAMP--SP-RP/gamemodes/carjack/hotwire/native.pwn	DignitySAMP--SP-RP-source.zip	5fd90d2d432c64dbe09d47dab8822ebc650ca53bf3766354b9abd125f2f469a7
DignitySAMP/SP-RP	3abda1657c0088f837c3e55ee818ebacfe51eb79	.references/pawn/gamemodes/DignitySAMP--SP-RP/gamemodes/carjack/hotwire/header.pwn	DignitySAMP--SP-RP-source.zip	2e3e54f5738154a19e6b6751af02378a76c3328a20f758d187c10aea1b63f479
DignitySAMP/SP-RP	3abda1657c0088f837c3e55ee818ebacfe51eb79	.references/pawn/gamemodes/DignitySAMP--SP-RP/gamemodes/jobs/dockworker/data.pwn	DignitySAMP--SP-RP-source.zip	40910df30a467a6d7563c6442c51b92081cd25f668c29c6e5aff83f2f72a5330
DignitySAMP/SP-RP	3abda1657c0088f837c3e55ee818ebacfe51eb79	.references/pawn/gamemodes/DignitySAMP--SP-RP/gamemodes/jobs/dockworker/header.pwn	DignitySAMP--SP-RP-source.zip	d8720d532b87061687baf4cd30e69d49cc97ea7633cb8f15d2ca445c3b2b9819
DignitySAMP/SP-RP	3abda1657c0088f837c3e55ee818ebacfe51eb79	.references/pawn/gamemodes/DignitySAMP--SP-RP/gamemodes/jobs/dockworker/cmds.pwn	DignitySAMP--SP-RP-source.zip	d496e32a03c08f18102217755889b6640b2d770a12eeffe62ce21c71c2582539
DignitySAMP/SP-RP	3abda1657c0088f837c3e55ee818ebacfe51eb79	.references/pawn/gamemodes/DignitySAMP--SP-RP/gamemodes/jobs/garbage/native.pwn	DignitySAMP--SP-RP-source.zip	9b49fdf48d6faa23bfd6b365dd0afde4596067f47002a8901dda9d59228bc5f1
DignitySAMP/SP-RP	3abda1657c0088f837c3e55ee818ebacfe51eb79	.references/pawn/gamemodes/DignitySAMP--SP-RP/gamemodes/jobs/garbage/data.pwn	DignitySAMP--SP-RP-source.zip	30d4dc7aa297ce7a886f6fab9e6b1b6617923f521c8129a77262a02e50979aae
DignitySAMP/SP-RP	3abda1657c0088f837c3e55ee818ebacfe51eb79	.references/pawn/gamemodes/DignitySAMP--SP-RP/gamemodes/jobs/garbage/header.pwn	DignitySAMP--SP-RP-source.zip	9bf255d14c80d5835781cd4776ca704170f0a12d6e83ff10559848ff5741c572
DignitySAMP/SP-RP	3abda1657c0088f837c3e55ee818ebacfe51eb79	.references/pawn/gamemodes/DignitySAMP--SP-RP/gamemodes/jobs/trucker/header.pwn	DignitySAMP--SP-RP-source.zip	5451fde1f20acc2aa61b40755ef5dd9b53bae2a1e86e88a4d9036a70fa722a2e
DignitySAMP/SP-RP	3abda1657c0088f837c3e55ee818ebacfe51eb79	.references/pawn/gamemodes/DignitySAMP--SP-RP/gamemodes/jobs/trucker/data/items.pwn	DignitySAMP--SP-RP-source.zip	f670583944fb64b1dc59c06b1a29e06db8c84c1111cec4189fe797d94adabd52
DignitySAMP/SP-RP	3abda1657c0088f837c3e55ee818ebacfe51eb79	.references/pawn/gamemodes/DignitySAMP--SP-RP/gamemodes/jobs/trucker/data/wholesaler.pwn	DignitySAMP--SP-RP-source.zip	2e3b3adfaf204f0e511468f128bba629e179b5b44ad7e55c71ab197a5dbbaddd
DignitySAMP/SP-RP	3abda1657c0088f837c3e55ee818ebacfe51eb79	.references/pawn/gamemodes/DignitySAMP--SP-RP/gamemodes/jobs/trucker/data/header.pwn	DignitySAMP--SP-RP-source.zip	97a8d02fe09aada0e3c0070d6d3112baa434c56b2de109832fb2de6c590e5d99
DignitySAMP/SP-RP	3abda1657c0088f837c3e55ee818ebacfe51eb79	.references/pawn/gamemodes/DignitySAMP--SP-RP/gamemodes/jobs/trucker/data/stores.pwn	DignitySAMP--SP-RP-source.zip	512ffc5022fcc47dbd0c85ab059609502260551ee84c20664ff3419d3fa5123e
DignitySAMP/SP-RP	3abda1657c0088f837c3e55ee818ebacfe51eb79	.references/pawn/gamemodes/DignitySAMP--SP-RP/gamemodes/jobs/trucker/func/putdown.pwn	DignitySAMP--SP-RP-source.zip	473426ed45ea23568a57d63ff1d1e0bee338b73bb2538da71151ed5c96b7987d
DignitySAMP/SP-RP	3abda1657c0088f837c3e55ee818ebacfe51eb79	.references/pawn/gamemodes/DignitySAMP--SP-RP/gamemodes/jobs/trucker/func/pickup.pwn	DignitySAMP--SP-RP-source.zip	66d4ed3f67c88dd6792d708c752ec8fe4ee1623bc8d2a9d802a52781c68ef903
DignitySAMP/SP-RP	3abda1657c0088f837c3e55ee818ebacfe51eb79	.references/pawn/gamemodes/DignitySAMP--SP-RP/gamemodes/jobs/trucker/func/header.pwn	DignitySAMP--SP-RP-source.zip	291ccfcb51b21ed790284352e2cb07bb4d92828a3e0c1a32119112ea3698513f
DignitySAMP/SP-RP	3abda1657c0088f837c3e55ee818ebacfe51eb79	.references/pawn/gamemodes/DignitySAMP--SP-RP/gamemodes/jobs/trucker/func/player.pwn	DignitySAMP--SP-RP-source.zip	f600611eafab6fac3dbe4d2c8c72ffd848a46e1bef2b8c4fdd2c4b31c45dc22e
DignitySAMP/SP-RP	3abda1657c0088f837c3e55ee818ebacfe51eb79	.references/pawn/gamemodes/DignitySAMP--SP-RP/gamemodes/property/utils/realty.pwn	DignitySAMP--SP-RP-source.zip	1b393a62812837a621313b566d8519ff0ee1143461868a502ad03fe1346f435e
DignitySAMP/SP-RP	3abda1657c0088f837c3e55ee818ebacfe51eb79	.references/pawn/gamemodes/DignitySAMP--SP-RP/gamemodes/property/utils/wardrobe.pwn	DignitySAMP--SP-RP-source.zip	d3b0470344081f29fe0a79ce2ce0b2279cdd8775a04c8ac8d7b559748211dcd1
DignitySAMP/SP-RP	3abda1657c0088f837c3e55ee818ebacfe51eb79	.references/pawn/gamemodes/DignitySAMP--SP-RP/gamemodes/property/utils/gunshots.pwn	DignitySAMP--SP-RP-source.zip	74d4958c98503200ed7b7a2020e150f772daca2690803c58d426b1dbc5422d88
DignitySAMP/SP-RP	3abda1657c0088f837c3e55ee818ebacfe51eb79	.references/pawn/gamemodes/DignitySAMP--SP-RP/gamemodes/property/utils/robbery.pwn	DignitySAMP--SP-RP-source.zip	4705b4902c5a1a65e5062387f54f1b2311c53c3f20f5d3305c1b8ca9e65e1c80
DignitySAMP/SP-RP	3abda1657c0088f837c3e55ee818ebacfe51eb79	.references/pawn/gamemodes/DignitySAMP--SP-RP/gamemodes/property/utils/header.pwn	DignitySAMP--SP-RP-source.zip	f57aa022357113a5c443ff89f3058c7f543bd6d507bb0555c86d7bc7e6bc9fc2
DignitySAMP/SP-RP	3abda1657c0088f837c3e55ee818ebacfe51eb79	.references/pawn/gamemodes/DignitySAMP--SP-RP/gamemodes/property/utils/advert.pwn	DignitySAMP--SP-RP-source.zip	d0b8f1204b72704c0a1cba3df7c1a788fd66d29d3a71a3398273becc5c6fba02
DignitySAMP/SP-RP	3abda1657c0088f837c3e55ee818ebacfe51eb79	.references/pawn/gamemodes/DignitySAMP--SP-RP/gamemodes/property/utils/actions.pwn	DignitySAMP--SP-RP-source.zip	309d3e4f148502dc3fe71e9c9b1ddb308170e098cc0b1debe581ccfaa08a6b15
DignitySAMP/SP-RP	3abda1657c0088f837c3e55ee818ebacfe51eb79	.references/pawn/gamemodes/DignitySAMP--SP-RP/gamemodes/property/utils/bank.pwn	DignitySAMP--SP-RP-source.zip	b1adde6141dd29043dad6d07b085e8e3e624939c21ee15cd0cf3bc2e01e557e1
DignitySAMP/SP-RP	3abda1657c0088f837c3e55ee818ebacfe51eb79	.references/pawn/gamemodes/DignitySAMP--SP-RP/gamemodes/property/data/user.pwn	DignitySAMP--SP-RP-source.zip	c254e544a4675e12e05ad84f78ef0c59178025617af925506664dcd383345914
DignitySAMP/SP-RP	3abda1657c0088f837c3e55ee818ebacfe51eb79	.references/pawn/gamemodes/DignitySAMP--SP-RP/gamemodes/property/data/data.pwn	DignitySAMP--SP-RP-source.zip	701ffe592f3823875e672e66de7e2df1ff051cda3d037ecd2c7244cc05a42715
DignitySAMP/SP-RP	3abda1657c0088f837c3e55ee818ebacfe51eb79	.references/pawn/gamemodes/DignitySAMP--SP-RP/gamemodes/property/data/admin.pwn	DignitySAMP--SP-RP-source.zip	8af847436138542bb8a1a17e9b7a891d8058eeec5ae07f61809b444513543b25
DignitySAMP/SP-RP	3abda1657c0088f837c3e55ee818ebacfe51eb79	.references/pawn/gamemodes/DignitySAMP--SP-RP/gamemodes/property/data/header.pwn	DignitySAMP--SP-RP-source.zip	f34d4f51930da98e93649e033d8a113170bbcfa60071bb21bf71413fb7401c71
DignitySAMP/SP-RP	3abda1657c0088f837c3e55ee818ebacfe51eb79	.references/pawn/gamemodes/DignitySAMP--SP-RP/gamemodes/property/func/gui.pwn	DignitySAMP--SP-RP-source.zip	886f97e947ec9ebf2bfbb3522b4268c9f252bb35e052cf86223187abb3cf965f
DignitySAMP/SP-RP	3abda1657c0088f837c3e55ee818ebacfe51eb79	.references/pawn/gamemodes/DignitySAMP--SP-RP/gamemodes/property/func/buy.pwn	DignitySAMP--SP-RP-source.zip	ee8ec9c244a95f0f19fb22eb796d40f5e334cdc82998336a19efe21c725dc5fd
DignitySAMP/SP-RP	3abda1657c0088f837c3e55ee818ebacfe51eb79	.references/pawn/gamemodes/DignitySAMP--SP-RP/gamemodes/property/func/inactivity.pwn	DignitySAMP--SP-RP-source.zip	79a70a8f0cca23c2c599bd98eb0027f76a6ca1f379f4920df5d0508ae7d54b94
DignitySAMP/SP-RP	3abda1657c0088f837c3e55ee818ebacfe51eb79	.references/pawn/gamemodes/DignitySAMP--SP-RP/gamemodes/property/func/enter.pwn	DignitySAMP--SP-RP-source.zip	ef6349b90ed1a115b3c007f5fe7f5486a0d9a0084ef007966d582c06b9ff2d7d
DignitySAMP/SP-RP	3abda1657c0088f837c3e55ee818ebacfe51eb79	.references/pawn/gamemodes/DignitySAMP--SP-RP/gamemodes/property/func/header.pwn	DignitySAMP--SP-RP-source.zip	ee30ced8cac456dcffcccc17b8cec92f819d1c723135434803c91f9d2b3179fb
DignitySAMP/SP-RP	3abda1657c0088f837c3e55ee818ebacfe51eb79	.references/pawn/gamemodes/DignitySAMP--SP-RP/gamemodes/property/data/storage/store_gun.pwn	DignitySAMP--SP-RP-source.zip	1941a7394ce35d5e5ca39a811faf83ad83526019f1bca01de2bf8acf0b2e72d9
DignitySAMP/SP-RP	3abda1657c0088f837c3e55ee818ebacfe51eb79	.references/pawn/gamemodes/DignitySAMP--SP-RP/gamemodes/property/data/storage/store_drugs.pwn	DignitySAMP--SP-RP-source.zip	d592878205985d3a0c7023832c02b96bc2988d804465810da66c72e1c6a2c210
DignitySAMP/SP-RP	3abda1657c0088f837c3e55ee818ebacfe51eb79	.references/pawn/gamemodes/DignitySAMP--SP-RP/gamemodes/property/data/storage/header.pwn	DignitySAMP--SP-RP-source.zip	88cbc46e4ced1fbc631317691b3ea47feed8c0bfbc4d8557767e944878e63e31
DignitySAMP/SP-RP	3abda1657c0088f837c3e55ee818ebacfe51eb79	.references/pawn/gamemodes/DignitySAMP--SP-RP/gamemodes/property/data/defines/static.pwn	DignitySAMP--SP-RP-source.zip	9a02e13888a554ee34a2c1b4ebf52848eb9ae940a167a68e1e4387fdd6c0951d
DignitySAMP/SP-RP	3abda1657c0088f837c3e55ee818ebacfe51eb79	.references/pawn/gamemodes/DignitySAMP--SP-RP/gamemodes/property/data/defines/types.pwn	DignitySAMP--SP-RP-source.zip	5d3b1cb6e4a3054c7821b5436d703a604d8a1d99012bed7113aba984291deaec
DignitySAMP/SP-RP	3abda1657c0088f837c3e55ee818ebacfe51eb79	.references/pawn/gamemodes/DignitySAMP--SP-RP/gamemodes/property/data/defines/interiors.pwn	DignitySAMP--SP-RP-source.zip	bf302e0a77200331c81af31b1cbfe0b6969c6d2e879146bd9a5d86a955384cbd
DignitySAMP/SP-RP	3abda1657c0088f837c3e55ee818ebacfe51eb79	.references/pawn/gamemodes/DignitySAMP--SP-RP/gamemodes/property/data/defines/header.pwn	DignitySAMP--SP-RP-source.zip	886d3edfb37fb4d71b7fc7bb926ff6ab2d618e47edfd8d3bf4c6368e8faa95ed
DignitySAMP/SP-RP	3abda1657c0088f837c3e55ee818ebacfe51eb79	.references/pawn/gamemodes/DignitySAMP--SP-RP/gamemodes/attachments/store/clothing.pwn	DignitySAMP--SP-RP-source.zip	4ef6b817ad7b8b5a92d5387b0959cd8998c1e549d16fa4a0feee05dba5c719fc
DignitySAMP/SP-RP	3abda1657c0088f837c3e55ee818ebacfe51eb79	.references/pawn/gamemodes/DignitySAMP--SP-RP/gamemodes/attachments/store/jewelry.pwn	DignitySAMP--SP-RP-source.zip	88ee872ab47c46f4031a230d6ab2bab7c30a0109e5920a0a920991d3a31fe4e0
DignitySAMP/SP-RP	3abda1657c0088f837c3e55ee818ebacfe51eb79	.references/pawn/gamemodes/DignitySAMP--SP-RP/gamemodes/attachments/store/browser.pwn	DignitySAMP--SP-RP-source.zip	dd6af985a9fd6b19568e23c295548990821f2e31779e8c7e3b779a87f11b616e
DignitySAMP/SP-RP	3abda1657c0088f837c3e55ee818ebacfe51eb79	.references/pawn/gamemodes/DignitySAMP--SP-RP/gamemodes/attachments/store/func.pwn	DignitySAMP--SP-RP-source.zip	638914b1f4af66efacbcd8c2c70357d3d9ef1fdf4e8d684e4ecc450bf267c3dc
DignitySAMP/SP-RP	3abda1657c0088f837c3e55ee818ebacfe51eb79	.references/pawn/gamemodes/DignitySAMP--SP-RP/gamemodes/attachments/store/data.pwn	DignitySAMP--SP-RP-source.zip	48cdf10ccc1b9764a6054d49d765f64ea2ebb62786c72d73cfc4f1ae076d6211
DignitySAMP/SP-RP	3abda1657c0088f837c3e55ee818ebacfe51eb79	.references/pawn/gamemodes/DignitySAMP--SP-RP/gamemodes/attachments/store/header.pwn	DignitySAMP--SP-RP-source.zip	bc3e67f3c98a5a753f52e3428f4d6bc4f2ccc0e400fe8706c3fe83c9fc300822
DignitySAMP/SP-RP	3abda1657c0088f837c3e55ee818ebacfe51eb79	.references/pawn/gamemodes/DignitySAMP--SP-RP/gamemodes/attachments/store/barber.pwn	DignitySAMP--SP-RP-source.zip	3f05c4b86d7d107585ea9785bad327a6bf15b35aa96d856212e940a08495b2b7
DignitySAMP/SP-RP	3abda1657c0088f837c3e55ee818ebacfe51eb79	.references/pawn/gamemodes/DignitySAMP--SP-RP/gamemodes/phone/func/phonebook.pwn	DignitySAMP--SP-RP-source.zip	fd872123b79bcab548f7dde9e6ee85521e4d6e08083bda8488de50becb704cd7
DignitySAMP/SP-RP	3abda1657c0088f837c3e55ee818ebacfe51eb79	.references/pawn/gamemodes/DignitySAMP--SP-RP/gamemodes/phone/func/dialing.pwn	DignitySAMP--SP-RP-source.zip	866d052b4c32689fa28a3e458eea2f85a14618244a7695c7dcdbaa0725feb4a5
DignitySAMP/SP-RP	3abda1657c0088f837c3e55ee818ebacfe51eb79	.references/pawn/gamemodes/DignitySAMP--SP-RP/gamemodes/phone/func/texting.pwn	DignitySAMP--SP-RP-source.zip	0dd95956cca02e2e6a5e0d4288ff74cfec3132b8d86376a3d358d72e2d44b8e9
DignitySAMP/SP-RP	3abda1657c0088f837c3e55ee818ebacfe51eb79	.references/pawn/gamemodes/DignitySAMP--SP-RP/gamemodes/phone/func/header.pwn	DignitySAMP--SP-RP-source.zip	32dd77e9869757836a50e549cbb8cda36965571ed794af5e7e1cdc01b197bb48
DignitySAMP/SP-RP	3abda1657c0088f837c3e55ee818ebacfe51eb79	.references/pawn/gamemodes/DignitySAMP--SP-RP/gamemodes/phone/func/calling.pwn	DignitySAMP--SP-RP-source.zip	a1996114d8dd1db50c5fd210e4401d7554b3c1a6eb0dcc9f1f01bae5d465406c
DignitySAMP/SP-RP	3abda1657c0088f837c3e55ee818ebacfe51eb79	.references/pawn/gamemodes/DignitySAMP--SP-RP/gamemodes/phone/gui/gui_cmds.pwn	DignitySAMP--SP-RP-source.zip	dbe102dfb1cd67e416f7d79b2579b767f6d5abdb33644e675ed88c54bd090d4a
DignitySAMP/SP-RP	3abda1657c0088f837c3e55ee818ebacfe51eb79	.references/pawn/gamemodes/DignitySAMP--SP-RP/gamemodes/phone/gui/background.pwn	DignitySAMP--SP-RP-source.zip	ffa924a74f46aeac157f5b46bab019ecf9d1ceb77bf82c033f224e62217eb8eb
DignitySAMP/SP-RP	3abda1657c0088f837c3e55ee818ebacfe51eb79	.references/pawn/gamemodes/DignitySAMP--SP-RP/gamemodes/phone/gui/alerts.pwn	DignitySAMP--SP-RP-source.zip	00a74df4eff8872b8844061261233c1f336cc38c4a15edc5c5411dc488e6867c
DignitySAMP/SP-RP	3abda1657c0088f837c3e55ee818ebacfe51eb79	.references/pawn/gamemodes/DignitySAMP--SP-RP/gamemodes/phone/gui/header.pwn	DignitySAMP--SP-RP-source.zip	01eee1c59c4972907449cf9a64ab3e8aac47323839fae4684f2b583a26fb5c0c
DignitySAMP/SP-RP	3abda1657c0088f837c3e55ee818ebacfe51eb79	.references/pawn/gamemodes/DignitySAMP--SP-RP/gamemodes/phone/gui/textdraws.pwn	DignitySAMP--SP-RP-source.zip	d50c72952f9e2875c07c05945212d7825d6cec95c00c26dc5e785d03d87e374d
DignitySAMP/SP-RP	3abda1657c0088f837c3e55ee818ebacfe51eb79	.references/pawn/gamemodes/DignitySAMP--SP-RP/gamemodes/spraytag/dynamic/func.pwn	DignitySAMP--SP-RP-source.zip	dffbc150037afae846384213ed7a8100b3293792f0ea4d51fa3fb5b861542bee
DignitySAMP/SP-RP	3abda1657c0088f837c3e55ee818ebacfe51eb79	.references/pawn/gamemodes/DignitySAMP--SP-RP/gamemodes/spraytag/dynamic/colors.pwn	DignitySAMP--SP-RP-source.zip	5fd7960296550ba5c5d19b19def278388094b3636806c52697b110960e8fdbbc
DignitySAMP/SP-RP	3abda1657c0088f837c3e55ee818ebacfe51eb79	.references/pawn/gamemodes/DignitySAMP--SP-RP/gamemodes/spraytag/dynamic/text.pwn	DignitySAMP--SP-RP-source.zip	4c94dafef28d37d74249800990df85504b9d44252b94b751a8b38ad733177805
DignitySAMP/SP-RP	3abda1657c0088f837c3e55ee818ebacfe51eb79	.references/pawn/gamemodes/DignitySAMP--SP-RP/gamemodes/spraytag/dynamic/header.pwn	DignitySAMP--SP-RP-source.zip	059c2eae0453a927617449f2f23903999b38bb07edb1c4e91ba474ccaf7cfd3c
DignitySAMP/SP-RP	3abda1657c0088f837c3e55ee818ebacfe51eb79	.references/pawn/gamemodes/DignitySAMP--SP-RP/gamemodes/spraytag/dynamic/player.pwn	DignitySAMP--SP-RP-source.zip	967883203ae653641cea68e842d15e7d806ef1dd68b281ef7d6d4cd7d71992eb
DignitySAMP/SP-RP	3abda1657c0088f837c3e55ee818ebacfe51eb79	.references/pawn/gamemodes/DignitySAMP--SP-RP/gamemodes/spraytag/static/func.pwn	DignitySAMP--SP-RP-source.zip	c2d36007e1a2b20f3fd68b35f84e0cdf0d96c8fb007b0f398a08ccd01d24c657
DignitySAMP/SP-RP	3abda1657c0088f837c3e55ee818ebacfe51eb79	.references/pawn/gamemodes/DignitySAMP--SP-RP/gamemodes/spraytag/static/data.pwn	DignitySAMP--SP-RP-source.zip	809999082aa766e466f6b784bae1cf12667aa36a165cd2d9dde359b2b2d524a7
DignitySAMP/SP-RP	3abda1657c0088f837c3e55ee818ebacfe51eb79	.references/pawn/gamemodes/DignitySAMP--SP-RP/gamemodes/spraytag/static/header.pwn	DignitySAMP--SP-RP-source.zip	aa31650473698d873239847818236e7dd0f3fad0f843d6cdf4f7573cba1b77d6
DignitySAMP/SP-RP	3abda1657c0088f837c3e55ee818ebacfe51eb79	.references/pawn/gamemodes/DignitySAMP--SP-RP/gamemodes/weapons/data/weapon_data.pwn	DignitySAMP--SP-RP-source.zip	e9c5e20d203fe814902cfb70341564fdfa4afeba98dd456d5e95dcd72b137f90
DignitySAMP/SP-RP	3abda1657c0088f837c3e55ee818ebacfe51eb79	.references/pawn/gamemodes/DignitySAMP--SP-RP/gamemodes/weapons/data/old_weapons.txt	DignitySAMP--SP-RP-source.zip	67a6856307fcf03ee631e5e3f39dfaaeab9261598b598ad7090d513873c397eb
DignitySAMP/SP-RP	3abda1657c0088f837c3e55ee818ebacfe51eb79	.references/pawn/gamemodes/DignitySAMP--SP-RP/gamemodes/weapons/data/header.pwn	DignitySAMP--SP-RP-source.zip	a36f7c53cbaada425199c1eb1d13746dd826509fd5ee8ab401efc5971781df2a
DignitySAMP/SP-RP	3abda1657c0088f837c3e55ee818ebacfe51eb79	.references/pawn/gamemodes/DignitySAMP--SP-RP/gamemodes/vehicle/data/v2_datalist.pwn	DignitySAMP--SP-RP-source.zip	4e6024be10318916516e4dea292526826c6ad478ca51c29e0bfc58ff48df15ea
DignitySAMP/SP-RP	3abda1657c0088f837c3e55ee818ebacfe51eb79	.references/pawn/gamemodes/DignitySAMP--SP-RP/gamemodes/vehicle/data/data_type.pwn	DignitySAMP--SP-RP-source.zip	aedc96d5ff0a59c7949fb39545afece1b000d796baa7f8fb975dc97217409e5d
DignitySAMP/SP-RP	3abda1657c0088f837c3e55ee818ebacfe51eb79	.references/pawn/gamemodes/DignitySAMP--SP-RP/gamemodes/vehicle/data/func.pwn	DignitySAMP--SP-RP-source.zip	e1c39ef76d0fa7c2777c06436fecc74f2f8156f087483544522ea255b103c191
DignitySAMP/SP-RP	3abda1657c0088f837c3e55ee818ebacfe51eb79	.references/pawn/gamemodes/DignitySAMP--SP-RP/gamemodes/vehicle/data/native.pwn	DignitySAMP--SP-RP-source.zip	c180a7582420ad0528449f3115392056a4c1a2ef1b283fa5f6b61da9b6417e5c
DignitySAMP/SP-RP	3abda1657c0088f837c3e55ee818ebacfe51eb79	.references/pawn/gamemodes/DignitySAMP--SP-RP/gamemodes/vehicle/data/hooks.pwn	DignitySAMP--SP-RP-source.zip	743239c686dbcde62600e63b34a23deb80d8e3b016b5e8e8f7eeb360c277b462
DignitySAMP/SP-RP	3abda1657c0088f837c3e55ee818ebacfe51eb79	.references/pawn/gamemodes/DignitySAMP--SP-RP/gamemodes/vehicle/data/data.pwn	DignitySAMP--SP-RP-source.zip	8b1fda0d6503c5c20930a727b4f832b2fa972d767895442d7af918aca2fc18a9
DignitySAMP/SP-RP	3abda1657c0088f837c3e55ee818ebacfe51eb79	.references/pawn/gamemodes/DignitySAMP--SP-RP/gamemodes/vehicle/data/header.pwn	DignitySAMP--SP-RP-source.zip	e4a647c92d42a13ecd84751db51735cff7952cab00809481f47dbd8f76b65801
DignitySAMP/SP-RP	3abda1657c0088f837c3e55ee818ebacfe51eb79	.references/pawn/gamemodes/DignitySAMP--SP-RP/gamemodes/vehicle/data/staticveh.pwn	DignitySAMP--SP-RP-source.zip	eddc49f2de01db5803bdae678cd84f7680aee0f7d8d1f2ce3d1f81bfe1fa12f7
DignitySAMP/SP-RP	3abda1657c0088f837c3e55ee818ebacfe51eb79	.references/pawn/gamemodes/DignitySAMP--SP-RP/gamemodes/vehicle/modules/repairrefuel.pwn	DignitySAMP--SP-RP-source.zip	807daacaeb587ff82abbb1ddbcdce76c65d137aa93a25d021e85fde5492d445a
DignitySAMP/SP-RP	3abda1657c0088f837c3e55ee818ebacfe51eb79	.references/pawn/gamemodes/DignitySAMP--SP-RP/gamemodes/vehicle/modules/recolour.pwn	DignitySAMP--SP-RP-source.zip	aca8294d87c0c346c72200d3db83f02d57656374464051af3e3e601b749929ee
DignitySAMP/SP-RP	3abda1657c0088f837c3e55ee818ebacfe51eb79	.references/pawn/gamemodes/DignitySAMP--SP-RP/gamemodes/vehicle/modules/impounding.pwn	DignitySAMP--SP-RP-source.zip	3f2f41fbd2351f0781e7e0dabac1e8ccd2eb8e6216e4dfd4c0ea31be6cc811db
DignitySAMP/SP-RP	3abda1657c0088f837c3e55ee818ebacfe51eb79	.references/pawn/gamemodes/DignitySAMP--SP-RP/gamemodes/vehicle/modules/dmv.pwn	DignitySAMP--SP-RP-source.zip	b305c48be0af18f3dc88ee03e8c4d284f09d805ed545c5b7fad24348f2a35041
DignitySAMP/SP-RP	3abda1657c0088f837c3e55ee818ebacfe51eb79	.references/pawn/gamemodes/DignitySAMP--SP-RP/gamemodes/vehicle/modules/airtrafficcontrol.pwn	DignitySAMP--SP-RP-source.zip	6faa50a820070cc570d7ac406b7a43783ee3d9789573af06ff9995cd4ab03895
DignitySAMP/SP-RP	3abda1657c0088f837c3e55ee818ebacfe51eb79	.references/pawn/gamemodes/DignitySAMP--SP-RP/gamemodes/vehicle/modules/rentals.pwn	DignitySAMP--SP-RP-source.zip	b7d60d4513a54b5cb89fd993ff5409ec3f14864b1d1e1f539c32e1a71ecfe6d9
DignitySAMP/SP-RP	3abda1657c0088f837c3e55ee818ebacfe51eb79	.references/pawn/gamemodes/DignitySAMP--SP-RP/gamemodes/vehicle/modules/carscrap.pwn	DignitySAMP--SP-RP-source.zip	03bcc71745bdd4f42d2d5d865a9f7a1143dde8505c14baf816d6c03901e865ff
DignitySAMP/SP-RP	3abda1657c0088f837c3e55ee818ebacfe51eb79	.references/pawn/gamemodes/DignitySAMP--SP-RP/gamemodes/vehicle/modules/dealer.pwn	DignitySAMP--SP-RP-source.zip	b41bef48f7b6eb2184a0f1d4d35322ade020facc489c1c81cbfcc878175d0703
DignitySAMP/SP-RP	3abda1657c0088f837c3e55ee818ebacfe51eb79	.references/pawn/gamemodes/DignitySAMP--SP-RP/gamemodes/vehicle/modules/respawns.pwn	DignitySAMP--SP-RP-source.zip	7d229524428ada9f409d595b2c4756c1649afa0165b663f32a15e7ee85daa397
DignitySAMP/SP-RP	3abda1657c0088f837c3e55ee818ebacfe51eb79	.references/pawn/gamemodes/DignitySAMP--SP-RP/gamemodes/vehicle/modules/factions.pwn	DignitySAMP--SP-RP-source.zip	e46c82687ea2b82edbae2665828460798684c9b9aeb8f9f5fec6fb7e22ea3904
DignitySAMP/SP-RP	3abda1657c0088f837c3e55ee818ebacfe51eb79	.references/pawn/gamemodes/DignitySAMP--SP-RP/gamemodes/vehicle/modules/header.pwn	DignitySAMP--SP-RP-source.zip	e56c8ec9500573543627462a546fdf0ef2991af4f84d95a0b4787671d96ce846
DignitySAMP/SP-RP	3abda1657c0088f837c3e55ee818ebacfe51eb79	.references/pawn/gamemodes/DignitySAMP--SP-RP/gamemodes/vehicle/modules/damage.pwn	DignitySAMP--SP-RP-source.zip	b63223a08bcbddf6e51ebbb8192d91d9aaff469aa54322e0658d8bc41c70edd9
DignitySAMP/SP-RP	3abda1657c0088f837c3e55ee818ebacfe51eb79	.references/pawn/gamemodes/DignitySAMP--SP-RP/gamemodes/vehicle/fuel/gui.pwn	DignitySAMP--SP-RP-source.zip	5e5accc571913db345ee70e08324dcca884db76db47ee56bcf96f8e2f8a37908
DignitySAMP/SP-RP	3abda1657c0088f837c3e55ee818ebacfe51eb79	.references/pawn/gamemodes/DignitySAMP--SP-RP/gamemodes/vehicle/fuel/cmds_owner.pwn	DignitySAMP--SP-RP-source.zip	b13314711a63dbb3095e48ac0bdd9495dbebe020cf17c27c666951f943e24e10
DignitySAMP/SP-RP	3abda1657c0088f837c3e55ee818ebacfe51eb79	.references/pawn/gamemodes/DignitySAMP--SP-RP/gamemodes/vehicle/fuel/gui_extra.pwn	DignitySAMP--SP-RP-source.zip	17955df6b1b0ebbaccac7be08ae7bb307062ec5de50fb1b69da86659fd68299f
DignitySAMP/SP-RP	3abda1657c0088f837c3e55ee818ebacfe51eb79	.references/pawn/gamemodes/DignitySAMP--SP-RP/gamemodes/vehicle/fuel/func.pwn	DignitySAMP--SP-RP-source.zip	38ecc83a769cd06dc6c5eabc707197add9bf3bc36554dcd5a95ce318da5ca5fe
DignitySAMP/SP-RP	3abda1657c0088f837c3e55ee818ebacfe51eb79	.references/pawn/gamemodes/DignitySAMP--SP-RP/gamemodes/vehicle/fuel/native.pwn	DignitySAMP--SP-RP-source.zip	fbaac553b8eec73045cee222952fc560896b721bdebf9f4a697a87df14ae849c
DignitySAMP/SP-RP	3abda1657c0088f837c3e55ee818ebacfe51eb79	.references/pawn/gamemodes/DignitySAMP--SP-RP/gamemodes/vehicle/fuel/cmds_pump.pwn	DignitySAMP--SP-RP-source.zip	316f056a760b7ff0b7ec679502819efc68c952ab3a3d4bcfb385d9d8f127342c
DignitySAMP/SP-RP	3abda1657c0088f837c3e55ee818ebacfe51eb79	.references/pawn/gamemodes/DignitySAMP--SP-RP/gamemodes/vehicle/fuel/data_pump.pwn	DignitySAMP--SP-RP-source.zip	8904b610f189796b58679e96eae0208c2d72db6cc0c879d394ff1c301f177907
DignitySAMP/SP-RP	3abda1657c0088f837c3e55ee818ebacfe51eb79	.references/pawn/gamemodes/DignitySAMP--SP-RP/gamemodes/vehicle/fuel/header.pwn	DignitySAMP--SP-RP-source.zip	414f4a6cbd7cc91e8805ba152abd3e1a88e5b19013801ee68517d9771c73f52c
DignitySAMP/SP-RP	3abda1657c0088f837c3e55ee818ebacfe51eb79	.references/pawn/gamemodes/DignitySAMP--SP-RP/gamemodes/vehicle/fuel/data_owner.pwn	DignitySAMP--SP-RP-source.zip	6c09a323b5093530547b6417447d6bd57a79d13a644862bc46bf9e4ea5bc056c
DignitySAMP/SP-RP	3abda1657c0088f837c3e55ee818ebacfe51eb79	.references/pawn/gamemodes/DignitySAMP--SP-RP/gamemodes/vehicle/data/cmds/default.pwn	DignitySAMP--SP-RP-source.zip	82cc14f23237ed34e8e19b842dd62f6ab6e54607afa3345b137c03da5d13726d
DignitySAMP/SP-RP	3abda1657c0088f837c3e55ee818ebacfe51eb79	.references/pawn/gamemodes/DignitySAMP--SP-RP/gamemodes/vehicle/data/cmds/owner.pwn	DignitySAMP--SP-RP-source.zip	76c5b56f09da5739635f550577bbe0b249681c5d2163a7cbd5ae17c207c99234
DignitySAMP/SP-RP	3abda1657c0088f837c3e55ee818ebacfe51eb79	.references/pawn/gamemodes/DignitySAMP--SP-RP/gamemodes/vehicle/data/cmds/storage.pwn	DignitySAMP--SP-RP-source.zip	e04dde0c5b3243799f6cb3934b883ba7bdd54e7023803b4f3c890b5ed553e1e6
DignitySAMP/SP-RP	3abda1657c0088f837c3e55ee818ebacfe51eb79	.references/pawn/gamemodes/DignitySAMP--SP-RP/gamemodes/vehicle/data/cmds/admin.pwn	DignitySAMP--SP-RP-source.zip	ae238d1d17439f4145e63ce971b044ef73d04eeaf7beee1ab1b51329c06b5619
DignitySAMP/SP-RP	3abda1657c0088f837c3e55ee818ebacfe51eb79	.references/pawn/gamemodes/DignitySAMP--SP-RP/gamemodes/vehicle/data/cmds/header.pwn	DignitySAMP--SP-RP-source.zip	f01720ade29a4488f708988368c51073949b0a2a966dded72f7ad2f45c298d46
DignitySAMP/SP-RP	3abda1657c0088f837c3e55ee818ebacfe51eb79	.references/pawn/gamemodes/DignitySAMP--SP-RP/gamemodes/police/detaining/frisk.pwn	DignitySAMP--SP-RP-source.zip	3c81dbb51ae65f891fe72de9d0cf013585e76fa3a9323c9e064290d427924233
DignitySAMP/SP-RP	3abda1657c0088f837c3e55ee818ebacfe51eb79	.references/pawn/gamemodes/DignitySAMP--SP-RP/gamemodes/police/detaining/detain.pwn	DignitySAMP--SP-RP-source.zip	5532a015a7baee6448acf2665bf6d969a3fcd7d77bd552fa003c0ed22af70721
DignitySAMP/SP-RP	3abda1657c0088f837c3e55ee818ebacfe51eb79	.references/pawn/gamemodes/DignitySAMP--SP-RP/gamemodes/police/detaining/crimes.pwn	DignitySAMP--SP-RP-source.zip	6b835f99dca02c8138b6a5f649f81fa21519ef0d81660d92be7fc71c7ae23af7
DignitySAMP/SP-RP	3abda1657c0088f837c3e55ee818ebacfe51eb79	.references/pawn/gamemodes/DignitySAMP--SP-RP/gamemodes/police/detaining/header.pwn	DignitySAMP--SP-RP-source.zip	1e9e84889ac82906883d76dc667b494f577a717eba2fcba5434bf191a6d40517
DignitySAMP/SP-RP	3abda1657c0088f837c3e55ee818ebacfe51eb79	.references/pawn/gamemodes/DignitySAMP--SP-RP/gamemodes/police/detaining/license.pwn	DignitySAMP--SP-RP-source.zip	b3de5e6cf8c679535916cf841ef8b31121acf1cfba19d57ec221f526ffe70adf
DignitySAMP/SP-RP	3abda1657c0088f837c3e55ee818ebacfe51eb79	.references/pawn/gamemodes/DignitySAMP--SP-RP/gamemodes/police/detaining/cuffs.pwn	DignitySAMP--SP-RP-source.zip	74122edee09418518881a2797011405583e9bf0db107fdb1a204a96b0018c990
DignitySAMP/SP-RP	3abda1657c0088f837c3e55ee818ebacfe51eb79	.references/pawn/gamemodes/DignitySAMP--SP-RP/gamemodes/police/detaining/arrest.pwn	DignitySAMP--SP-RP-source.zip	dc1f5279c777394fc57dcc20b010356159cf3bbe0529a36367d33e985e84a6f9
DignitySAMP/SP-RP	3abda1657c0088f837c3e55ee818ebacfe51eb79	.references/pawn/gamemodes/DignitySAMP--SP-RP/gamemodes/police/stun/tazer.pwn	DignitySAMP--SP-RP-source.zip	8e15c18d0e1b6ed42196b5aa491071a63124ce3ae914b093fd24959ed602c932
DignitySAMP/SP-RP	3abda1657c0088f837c3e55ee818ebacfe51eb79	.references/pawn/gamemodes/DignitySAMP--SP-RP/gamemodes/police/stun/disarm.pwn	DignitySAMP--SP-RP-source.zip	c7a3bbcdc23792ad3c4c52c78cdec241d529c76695bae990d61552dab67ad3fa
DignitySAMP/SP-RP	3abda1657c0088f837c3e55ee818ebacfe51eb79	.references/pawn/gamemodes/DignitySAMP--SP-RP/gamemodes/police/stun/tackle.pwn	DignitySAMP--SP-RP-source.zip	70b9b00a649e7e4fc6093d20c53e342e6a332106b7304594ab46c0d04a772d0d
DignitySAMP/SP-RP	3abda1657c0088f837c3e55ee818ebacfe51eb79	.references/pawn/gamemodes/DignitySAMP--SP-RP/gamemodes/police/stun/beanbag.pwn	DignitySAMP--SP-RP-source.zip	f504f5334e6e22437714e96127a2a32ed77733e2bd410fd5199b35ad82d2707d
DignitySAMP/SP-RP	3abda1657c0088f837c3e55ee818ebacfe51eb79	.references/pawn/gamemodes/DignitySAMP--SP-RP/gamemodes/police/stun/header.pwn	DignitySAMP--SP-RP-source.zip	fb328a60674b52a9e8a87c29c9c23fc51aceb447c559ecd7f7c3638d6a638d9b
DignitySAMP/SP-RP	3abda1657c0088f837c3e55ee818ebacfe51eb79	.references/pawn/gamemodes/DignitySAMP--SP-RP/gamemodes/police/systems/911.pwn	DignitySAMP--SP-RP-source.zip	ffcf55a7817b470372584452e29861541236717381e11dadcd90d887af8b51b9
DignitySAMP/SP-RP	3abda1657c0088f837c3e55ee818ebacfe51eb79	.references/pawn/gamemodes/DignitySAMP--SP-RP/gamemodes/police/systems/carsign.pwn	DignitySAMP--SP-RP-source.zip	4053f93434dc15d18e6664467362f1aad483f1472fb29e4333253a4371c95129
DignitySAMP/SP-RP	3abda1657c0088f837c3e55ee818ebacfe51eb79	.references/pawn/gamemodes/DignitySAMP--SP-RP/gamemodes/police/systems/moles.pwn	DignitySAMP--SP-RP-source.zip	68b129b73cd4b409a3925b5c30690d25884a1a82fbd42ab4714eac3bde417fc6
DignitySAMP/SP-RP	3abda1657c0088f837c3e55ee818ebacfe51eb79	.references/pawn/gamemodes/DignitySAMP--SP-RP/gamemodes/police/systems/siren.pwn	DignitySAMP--SP-RP-source.zip	bf2eec5877d9e6ce1439d5c7aa09d58a9104c6399e54f48798e97e0f132be575
DignitySAMP/SP-RP	3abda1657c0088f837c3e55ee818ebacfe51eb79	.references/pawn/gamemodes/DignitySAMP--SP-RP/gamemodes/police/systems/gunrack.pwn	DignitySAMP--SP-RP-source.zip	997630fb2eff1f0e5fdd1306892b79453575ba42c8b5e3aa3bc12b6ec4840821
DignitySAMP/SP-RP	3abda1657c0088f837c3e55ee818ebacfe51eb79	.references/pawn/gamemodes/DignitySAMP--SP-RP/gamemodes/police/systems/03dlsirens.pwn	DignitySAMP--SP-RP-source.zip	20499fce917aa32771f06ad6ca048c6eb8b5a3fff88b08e53456038d8210f5ad
DignitySAMP/SP-RP	3abda1657c0088f837c3e55ee818ebacfe51eb79	.references/pawn/gamemodes/DignitySAMP--SP-RP/gamemodes/police/systems/backup.pwn	DignitySAMP--SP-RP-source.zip	3f5c7976687b9d3897edf1ec41fe9322cfa35890cf592cbe401eea41e5a551c0
DignitySAMP/SP-RP	3abda1657c0088f837c3e55ee818ebacfe51eb79	.references/pawn/gamemodes/DignitySAMP--SP-RP/gamemodes/police/systems/data.pwn	DignitySAMP--SP-RP-source.zip	d152f6ddbbc0d7afb1d335461d00b22a7fb7f2b3f6e1f79678658da8c3726107
DignitySAMP/SP-RP	3abda1657c0088f837c3e55ee818ebacfe51eb79	.references/pawn/gamemodes/DignitySAMP--SP-RP/gamemodes/police/systems/soundproof.pwn	DignitySAMP--SP-RP-source.zip	6ae3f68e8fee5b459699cdfcd11aaee020181a25682c78a31fce9bbbd70813d3
DignitySAMP/SP-RP	3abda1657c0088f837c3e55ee818ebacfe51eb79	.references/pawn/gamemodes/DignitySAMP--SP-RP/gamemodes/police/systems/spikes.pwn	DignitySAMP--SP-RP-source.zip	ade808952cb71dadf4c67b8d97613aee34098514c0335c12f318331894f6b736
DignitySAMP/SP-RP	3abda1657c0088f837c3e55ee818ebacfe51eb79	.references/pawn/gamemodes/DignitySAMP--SP-RP/gamemodes/police/systems/header.pwn	DignitySAMP--SP-RP-source.zip	9908af1d9da95f30eba1a89099c080baa3f32abfbd0d435a2550f0eff524c95c
DignitySAMP/SP-RP	3abda1657c0088f837c3e55ee818ebacfe51eb79	.references/pawn/gamemodes/DignitySAMP--SP-RP/gamemodes/police/systems/radio.pwn	DignitySAMP--SP-RP-source.zip	d7993a4d9887defb18396019f265ca678ba6fad69b04b591f36ad7eab20ceb9f
DignitySAMP/SP-RP	3abda1657c0088f837c3e55ee818ebacfe51eb79	.references/pawn/gamemodes/DignitySAMP--SP-RP/gamemodes/faction/bank/header.pwn	DignitySAMP--SP-RP-source.zip	ac4b528905fde006900e7d75c522a8cbaf6f0593edc66191ed417304cd782d89
DignitySAMP/SP-RP	3abda1657c0088f837c3e55ee818ebacfe51eb79	.references/pawn/gamemodes/DignitySAMP--SP-RP/gamemodes/faction/skins/header.pwn	DignitySAMP--SP-RP-source.zip	48b3a9ae7eb29f7b477311a5b18f18d5b65bdc6d98a6fcc703db1ef2a68c4fcf
DignitySAMP/SP-RP	3abda1657c0088f837c3e55ee818ebacfe51eb79	.references/pawn/gamemodes/DignitySAMP--SP-RP/gamemodes/hunger/food/func.pwn	DignitySAMP--SP-RP-source.zip	2bb7aca70b3fc0cb707c00bbec9f1f08502d634e43338f06c755445b49b08d1b
DignitySAMP/SP-RP	3abda1657c0088f837c3e55ee818ebacfe51eb79	.references/pawn/gamemodes/DignitySAMP--SP-RP/gamemodes/hunger/food/data.pwn	DignitySAMP--SP-RP-source.zip	7cfdca4aa26533a99e5a3c9b27cfc99991dfec36a6984f73b74b7a9af502b7ef
DignitySAMP/SP-RP	3abda1657c0088f837c3e55ee818ebacfe51eb79	.references/pawn/gamemodes/DignitySAMP--SP-RP/gamemodes/hunger/food/header.pwn	DignitySAMP--SP-RP-source.zip	bc2ddb2d02e9341af268ef098b9aa79f0a0d3863f216a6c491709b72e1c88ba3
DignitySAMP/SP-RP	3abda1657c0088f837c3e55ee818ebacfe51eb79	.references/pawn/gamemodes/DignitySAMP--SP-RP/gamemodes/hunger/vending/setup.pwn	DignitySAMP--SP-RP-source.zip	8ba0b6f5661ea36f3e033888137e1fa4327fe47820af14ad1260571602520dca
DignitySAMP/SP-RP	3abda1657c0088f837c3e55ee818ebacfe51eb79	.references/pawn/gamemodes/DignitySAMP--SP-RP/gamemodes/hunger/vending/func.pwn	DignitySAMP--SP-RP-source.zip	890c3a600052ac359e395e4c306a76762f1acc3f909dbdc9ff5a5c8ae4f1c2d1
DignitySAMP/SP-RP	3abda1657c0088f837c3e55ee818ebacfe51eb79	.references/pawn/gamemodes/DignitySAMP--SP-RP/gamemodes/hunger/vending/data.pwn	DignitySAMP--SP-RP-source.zip	beb86d4deb889aada57b4c3aaf78d005bc5f3d4f6ea6bdf0b83f22ae328e6cf0
DignitySAMP/SP-RP	3abda1657c0088f837c3e55ee818ebacfe51eb79	.references/pawn/gamemodes/DignitySAMP--SP-RP/gamemodes/hunger/vending/header.pwn	DignitySAMP--SP-RP-source.zip	19920efd96dedb5fda2b48c74796126374ef26eeb74ea21c9f4556a44c0feb6d
DignitySAMP/SP-RP	3abda1657c0088f837c3e55ee818ebacfe51eb79	.references/pawn/gamemodes/DignitySAMP--SP-RP/gamemodes/minigame/poker/poker.pwn	DignitySAMP--SP-RP-source.zip	2ae4594d155ba80f887979652661933d750b77594084a2768233ac303f14ec7b
DignitySAMP/SP-RP	3abda1657c0088f837c3e55ee818ebacfe51eb79	.references/pawn/gamemodes/DignitySAMP--SP-RP/gamemodes/minigame/poker/header.pwn	DignitySAMP--SP-RP-source.zip	5b8ae2eccbdf67add60fefb23fa965920dd52b1aa8d5d5f64e79b2d86c64c544
DignitySAMP/SP-RP	3abda1657c0088f837c3e55ee818ebacfe51eb79	.references/pawn/gamemodes/DignitySAMP--SP-RP/gamemodes/minigame/basketball/func.pwn	DignitySAMP--SP-RP-source.zip	cdc5298b7aed2cfd6bd7abf504f6885ab76554e2fb5cca0f3f8f65a09f600880
DignitySAMP/SP-RP	3abda1657c0088f837c3e55ee818ebacfe51eb79	.references/pawn/gamemodes/DignitySAMP--SP-RP/gamemodes/minigame/basketball/timers.pwn	DignitySAMP--SP-RP-source.zip	374316605eb0ec7b129f36ab3bf8937cc1efa8ebc77f17f80ef97fff4c23af77
DignitySAMP/SP-RP	3abda1657c0088f837c3e55ee818ebacfe51eb79	.references/pawn/gamemodes/DignitySAMP--SP-RP/gamemodes/minigame/basketball/misc.pwn	DignitySAMP--SP-RP-source.zip	00080251366d21692e02ebca1d011583ccc45a8391b8316abd4d2a2695ce5116
DignitySAMP/SP-RP	3abda1657c0088f837c3e55ee818ebacfe51eb79	.references/pawn/gamemodes/DignitySAMP--SP-RP/gamemodes/minigame/basketball/data.pwn	DignitySAMP--SP-RP-source.zip	81eb49163fc9aba65c35e4074fd7d9307278b585dc563ba5dd31ca1d83376140
DignitySAMP/SP-RP	3abda1657c0088f837c3e55ee818ebacfe51eb79	.references/pawn/gamemodes/DignitySAMP--SP-RP/gamemodes/minigame/basketball/header.pwn	DignitySAMP--SP-RP-source.zip	6c59870de00ecdaffde110154911c4d2a9a9963fcd393f2c97cc0d315ba71633
DignitySAMP/SP-RP	3abda1657c0088f837c3e55ee818ebacfe51eb79	.references/pawn/gamemodes/DignitySAMP--SP-RP/gamemodes/minigame/basketball/player.pwn	DignitySAMP--SP-RP-source.zip	2e8fa054aa50a2c51612e14a8c280df77d1135b5291c3f6d157eb7d8c32ba5f2
DignitySAMP/SP-RP	3abda1657c0088f837c3e55ee818ebacfe51eb79	.references/pawn/gamemodes/DignitySAMP--SP-RP/gamemodes/minigame/pool/pool.pwn	DignitySAMP--SP-RP-source.zip	daf73cf5a3a1ce440253eafc317fd8b00c354c9acfed7517416af0c94df2651a
DignitySAMP/SP-RP	3abda1657c0088f837c3e55ee818ebacfe51eb79	.references/pawn/gamemodes/DignitySAMP--SP-RP/gamemodes/minigame/pool/physics.pwn	DignitySAMP--SP-RP-source.zip	1f2c9e4f3ec35bde00266e15fbf9c3745cb1f9755eb5091550580f2387910677
DignitySAMP/SP-RP	3abda1657c0088f837c3e55ee818ebacfe51eb79	.references/pawn/gamemodes/DignitySAMP--SP-RP/gamemodes/minigame/pool/header.pwn	DignitySAMP--SP-RP-source.zip	ce9b745cc99a3b762881b937f45d70d46fb9a92c3d3ac7048d515a52ff148ae5
DignitySAMP/SP-RP	3abda1657c0088f837c3e55ee818ebacfe51eb79	.references/pawn/gamemodes/DignitySAMP--SP-RP/models/attachments/index.html	DignitySAMP--SP-RP-source.zip	36a9e7f1c95b82ffb99743e0c5c4ce95d83c9a430aac59f84ef3cbfab6145068
DignitySAMP/SP-RP	3abda1657c0088f837c3e55ee818ebacfe51eb79	.references/pawn/gamemodes/DignitySAMP--SP-RP/models/trucker/index.html	DignitySAMP--SP-RP-source.zip	36a9e7f1c95b82ffb99743e0c5c4ce95d83c9a430aac59f84ef3cbfab6145068
DignitySAMP/SP-RP	3abda1657c0088f837c3e55ee818ebacfe51eb79	.references/pawn/gamemodes/DignitySAMP--SP-RP/models/attachments/Aztecas/index.html	DignitySAMP--SP-RP-source.zip	36a9e7f1c95b82ffb99743e0c5c4ce95d83c9a430aac59f84ef3cbfab6145068
DignitySAMP/SP-RP	3abda1657c0088f837c3e55ee818ebacfe51eb79	.references/pawn/gamemodes/DignitySAMP--SP-RP/models/attachments/GSF/index.html	DignitySAMP--SP-RP-source.zip	36a9e7f1c95b82ffb99743e0c5c4ce95d83c9a430aac59f84ef3cbfab6145068
DignitySAMP/SP-RP	3abda1657c0088f837c3e55ee818ebacfe51eb79	.references/pawn/gamemodes/DignitySAMP--SP-RP/models/attachments/TDF/index.html	DignitySAMP--SP-RP-source.zip	36a9e7f1c95b82ffb99743e0c5c4ce95d83c9a430aac59f84ef3cbfab6145068
DignitySAMP/SP-RP	3abda1657c0088f837c3e55ee818ebacfe51eb79	.references/pawn/gamemodes/DignitySAMP--SP-RP/models/attachments/BrownPride/index.html	DignitySAMP--SP-RP-source.zip	36a9e7f1c95b82ffb99743e0c5c4ce95d83c9a430aac59f84ef3cbfab6145068
DignitySAMP/SP-RP	3abda1657c0088f837c3e55ee818ebacfe51eb79	.references/pawn/gamemodes/DignitySAMP--SP-RP/models/attachments/Ballas/index.html	DignitySAMP--SP-RP-source.zip	36a9e7f1c95b82ffb99743e0c5c4ce95d83c9a430aac59f84ef3cbfab6145068
DignitySAMP/SP-RP	3abda1657c0088f837c3e55ee818ebacfe51eb79	.references/pawn/gamemodes/DignitySAMP--SP-RP/models/attachments/SBF/index.html	DignitySAMP--SP-RP-source.zip	36a9e7f1c95b82ffb99743e0c5c4ce95d83c9a430aac59f84ef3cbfab6145068
DignitySAMP/SP-RP	3abda1657c0088f837c3e55ee818ebacfe51eb79	.references/pawn/gamemodes/DignitySAMP--SP-RP/models/attachments/Vagos/index.html	DignitySAMP--SP-RP-source.zip	36a9e7f1c95b82ffb99743e0c5c4ce95d83c9a430aac59f84ef3cbfab6145068
DignitySAMP/SP-RP	3abda1657c0088f837c3e55ee818ebacfe51eb79	.references/pawn/gamemodes/DignitySAMP--SP-RP/scriptfiles/Courts/10.ini	DignitySAMP--SP-RP-source.zip	be716a5325785cf1d6e7861a6c48227c5d51b4b2afda6ffba34993b3a1236a5d
DignitySAMP/SP-RP	3abda1657c0088f837c3e55ee818ebacfe51eb79	.references/pawn/gamemodes/DignitySAMP--SP-RP/scriptfiles/Courts/14.ini	DignitySAMP--SP-RP-source.zip	a21d6953d3902e47b7dab262930ee62b736332898439d4c9d9c3d3c3fa86c14e
DignitySAMP/SP-RP	3abda1657c0088f837c3e55ee818ebacfe51eb79	.references/pawn/gamemodes/DignitySAMP--SP-RP/scriptfiles/Courts/9.ini	DignitySAMP--SP-RP-source.zip	fc3d62c7ce3dc5c7fea7e540832d9d514da3eae2e7df47260506e7ad0eea91ad
DignitySAMP/SP-RP	3abda1657c0088f837c3e55ee818ebacfe51eb79	.references/pawn/gamemodes/DignitySAMP--SP-RP/scriptfiles/Courts/8.ini	DignitySAMP--SP-RP-source.zip	15175121b17bc84e70fa3a0c30ca819403d36949f948e9f66673234c57543a1f
DignitySAMP/SP-RP	3abda1657c0088f837c3e55ee818ebacfe51eb79	.references/pawn/gamemodes/DignitySAMP--SP-RP/scriptfiles/Courts/1.ini	DignitySAMP--SP-RP-source.zip	bcff55c3b6d8757abfac0d2c89b39a50efb897d95ce939c219fdb389db8b7692
DignitySAMP/SP-RP	3abda1657c0088f837c3e55ee818ebacfe51eb79	.references/pawn/gamemodes/DignitySAMP--SP-RP/scriptfiles/Courts/0.ini	DignitySAMP--SP-RP-source.zip	ae5ac9f205859d3e7e3b21fec7618d15da454b211d742c6f808857bafc771c3c
DignitySAMP/SP-RP	3abda1657c0088f837c3e55ee818ebacfe51eb79	.references/pawn/gamemodes/DignitySAMP--SP-RP/scriptfiles/Courts/13.ini	DignitySAMP--SP-RP-source.zip	8739a1cb76603536e0e0e91ae5b8df15476c33a5103f49e2fc8896d195c09a23
DignitySAMP/SP-RP	3abda1657c0088f837c3e55ee818ebacfe51eb79	.references/pawn/gamemodes/DignitySAMP--SP-RP/scriptfiles/Courts/6.ini	DignitySAMP--SP-RP-source.zip	21298b124dcf321f7e2000cce9605907f93ece1c22d34ac3ef0efde82b5b4095
DignitySAMP/SP-RP	3abda1657c0088f837c3e55ee818ebacfe51eb79	.references/pawn/gamemodes/DignitySAMP--SP-RP/scriptfiles/Courts/2.ini	DignitySAMP--SP-RP-source.zip	ea4ebc64beac7d5d77fa5bbda13e64002e0273275a22a8521c778d485560332a
DignitySAMP/SP-RP	3abda1657c0088f837c3e55ee818ebacfe51eb79	.references/pawn/gamemodes/DignitySAMP--SP-RP/scriptfiles/Courts/12.ini	DignitySAMP--SP-RP-source.zip	0c891a371bcf007ffa203fa5793b52c8511b97047f47da99178579916ad1fc25
DignitySAMP/SP-RP	3abda1657c0088f837c3e55ee818ebacfe51eb79	.references/pawn/gamemodes/DignitySAMP--SP-RP/scriptfiles/Courts/3.ini	DignitySAMP--SP-RP-source.zip	72294d80c79874a031e00763978d6b79404a201dade7a92a4119a66bb5fd7dd6
DignitySAMP/SP-RP	3abda1657c0088f837c3e55ee818ebacfe51eb79	.references/pawn/gamemodes/DignitySAMP--SP-RP/scriptfiles/Courts/5.ini	DignitySAMP--SP-RP-source.zip	90491aade8bdc32d10d511d74e2eb3a77b98aef7ec4d46aa3f19bb2527fb1b92
DignitySAMP/SP-RP	3abda1657c0088f837c3e55ee818ebacfe51eb79	.references/pawn/gamemodes/DignitySAMP--SP-RP/scriptfiles/Courts/11.ini	DignitySAMP--SP-RP-source.zip	e763c934ff533fe3770acb5237f9a89e4bb433917e66340290cb4191790accc0
DignitySAMP/SP-RP	3abda1657c0088f837c3e55ee818ebacfe51eb79	.references/pawn/gamemodes/DignitySAMP--SP-RP/scriptfiles/Courts/7.ini	DignitySAMP--SP-RP-source.zip	47dd445a1020aac8a4ca3ce255f7a5bff72a21e3c94c8b4ea24510b39ca9ac07
DignitySAMP/SP-RP	3abda1657c0088f837c3e55ee818ebacfe51eb79	.references/pawn/gamemodes/DignitySAMP--SP-RP/scriptfiles/Courts/4.ini	DignitySAMP--SP-RP-source.zip	9dba66d8937d380aa25247e00e04eb139cda19ecc9cf07fbc7820810d3e956de
DignitySAMP/Wild-West-Roleplay	a361bfe07dfb0657037f5de3cc4c0f543a993f36	.references/pawn/gamemodes/DignitySAMP--Wild-West-Roleplay/.gitignore	DignitySAMP--Wild-West-Roleplay-source.zip	ccc55c7b70392171939d00587d13fa55266026d51e72d1ccd32b04986d79aee0
DignitySAMP/Wild-West-Roleplay	a361bfe07dfb0657037f5de3cc4c0f543a993f36	.references/pawn/gamemodes/DignitySAMP--Wild-West-Roleplay/LICENSE	DignitySAMP--Wild-West-Roleplay-source.zip	4e9d62007af6d27862c87bdc95dd8ddbdbcc1159ce05c8510c682638f04233be
DignitySAMP/Wild-West-Roleplay	a361bfe07dfb0657037f5de3cc4c0f543a993f36	.references/pawn/gamemodes/DignitySAMP--Wild-West-Roleplay/server.cfg	DignitySAMP--Wild-West-Roleplay-source.zip	2efca5e0bf07cbf3a56ed791cc00cc3a270226a648c94e1d91d166004adced26
DignitySAMP/Wild-West-Roleplay	a361bfe07dfb0657037f5de3cc4c0f543a993f36	.references/pawn/gamemodes/DignitySAMP--Wild-West-Roleplay/README.md	DignitySAMP--Wild-West-Roleplay-source.zip	b3bf05567c8a46b2a837c6b80ef6843906897cf5c1cb14153b31942cc9995280
DignitySAMP/Wild-West-Roleplay	a361bfe07dfb0657037f5de3cc4c0f543a993f36	.references/pawn/gamemodes/DignitySAMP--Wild-West-Roleplay/plugins/YSF.cfg	DignitySAMP--Wild-West-Roleplay-source.zip	928db7ace805f9bcda52b9ee417a80498c959d90480add20d211f67d99abe3c0
DignitySAMP/Wild-West-Roleplay	a361bfe07dfb0657037f5de3cc4c0f543a993f36	.references/pawn/gamemodes/DignitySAMP--Wild-West-Roleplay/gamemodes/readme.md	DignitySAMP--Wild-West-Roleplay-source.zip	63517ff07ef1f008b3001f14d0a8f68db4bfc7c395a59667199bfd2d0bd6b64a
DignitySAMP/Wild-West-Roleplay	a361bfe07dfb0657037f5de3cc4c0f543a993f36	.references/pawn/gamemodes/DignitySAMP--Wild-West-Roleplay/gamemodes/main_dev.pwn	DignitySAMP--Wild-West-Roleplay-source.zip	5c271fe847d15f7d03e5a48dd92311dfc6ce7e9bcc6fcc5f90979605d50e8e69
DignitySAMP/Wild-West-Roleplay	a361bfe07dfb0657037f5de3cc4c0f543a993f36	.references/pawn/gamemodes/DignitySAMP--Wild-West-Roleplay/gamemodes/test.pwn	DignitySAMP--Wild-West-Roleplay-source.zip	ee6ee29bc455c988bbd2a72ea690f4e493a51e5d621d89c543191dc3c1f63d7f
DignitySAMP/Wild-West-Roleplay	a361bfe07dfb0657037f5de3cc4c0f543a993f36	.references/pawn/gamemodes/DignitySAMP--Wild-West-Roleplay/models/artconfig.txt	DignitySAMP--Wild-West-Roleplay-source.zip	54db8104678a1f61b279e9462869e15e0e954c4255d86c59fb5abe4e5db054ee
DignitySAMP/Wild-West-Roleplay	a361bfe07dfb0657037f5de3cc4c0f543a993f36	.references/pawn/gamemodes/DignitySAMP--Wild-West-Roleplay/models/index.html	DignitySAMP--Wild-West-Roleplay-source.zip	36a9e7f1c95b82ffb99743e0c5c4ce95d83c9a430aac59f84ef3cbfab6145068
DignitySAMP/Wild-West-Roleplay	a361bfe07dfb0657037f5de3cc4c0f543a993f36	.references/pawn/gamemodes/DignitySAMP--Wild-West-Roleplay/filterscripts/native_fire.pwn	DignitySAMP--Wild-West-Roleplay-source.zip	ec5b40403864b6b2f07ca5a87d148c05c4bb671c0fa43c62f7b95f83d5115f73
DignitySAMP/Wild-West-Roleplay	a361bfe07dfb0657037f5de3cc4c0f543a993f36	.references/pawn/gamemodes/DignitySAMP--Wild-West-Roleplay/include/y_va.inc	DignitySAMP--Wild-West-Roleplay-source.zip	bc55fc6e3b639ef5802d19f57a83e73060e591a9083f94384de27fc9aaeec304
DignitySAMP/Wild-West-Roleplay	a361bfe07dfb0657037f5de3cc4c0f543a993f36	.references/pawn/gamemodes/DignitySAMP--Wild-West-Roleplay/include/sort.inc	DignitySAMP--Wild-West-Roleplay-source.zip	aa6da470305027ec268431fe6572a30f6dc9cf1dd5fc23062282e04266d85dea
DignitySAMP/Wild-West-Roleplay	a361bfe07dfb0657037f5de3cc4c0f543a993f36	.references/pawn/gamemodes/DignitySAMP--Wild-West-Roleplay/include/callbacks.inc	DignitySAMP--Wild-West-Roleplay-source.zip	0f3b72c86943c765ac73042ba466d038f3818431945744123974e50d08f6b555
DignitySAMP/Wild-West-Roleplay	a361bfe07dfb0657037f5de3cc4c0f543a993f36	.references/pawn/gamemodes/DignitySAMP--Wild-West-Roleplay/include/zmessage.inc	DignitySAMP--Wild-West-Roleplay-source.zip	bdd86b3d40c23c4116071de24a961038eb60d93ac244599ca7a3329e242da563
DignitySAMP/Wild-West-Roleplay	a361bfe07dfb0657037f5de3cc4c0f543a993f36	.references/pawn/gamemodes/DignitySAMP--Wild-West-Roleplay/include/a_objects.inc	DignitySAMP--Wild-West-Roleplay-source.zip	dbec4c90242e42a9cd963ac9b65d4e176d3d55c8ba9bb01e3a94014c390eb949
DignitySAMP/Wild-West-Roleplay	a361bfe07dfb0657037f5de3cc4c0f543a993f36	.references/pawn/gamemodes/DignitySAMP--Wild-West-Roleplay/include/dialogs.inc	DignitySAMP--Wild-West-Roleplay-source.zip	e542fa5199df12cf62667dca906e8f12bbedb0697e105d84c0f22bca36351b3e
DignitySAMP/Wild-West-Roleplay	a361bfe07dfb0657037f5de3cc4c0f543a993f36	.references/pawn/gamemodes/DignitySAMP--Wild-West-Roleplay/include/file.inc	DignitySAMP--Wild-West-Roleplay-source.zip	272ed31ef7e2567fe12298cfa1083aa9b9a3ba11c9ba870a628181cd301a32af
DignitySAMP/Wild-West-Roleplay	a361bfe07dfb0657037f5de3cc4c0f543a993f36	.references/pawn/gamemodes/DignitySAMP--Wild-West-Roleplay/include/a_vehicles.inc	DignitySAMP--Wild-West-Roleplay-source.zip	6654a2aa910b78d1292f6ab2a30deeb0e0b235d97f1beccd68802fa0b12c44ec
DignitySAMP/Wild-West-Roleplay	a361bfe07dfb0657037f5de3cc4c0f543a993f36	.references/pawn/gamemodes/DignitySAMP--Wild-West-Roleplay/include/ww_angles.inc	DignitySAMP--Wild-West-Roleplay-source.zip	7214b0f5da68d517256e5c86c7a3b9fb5258c326c85b7bca19bb4887fa247cc4
DignitySAMP/Wild-West-Roleplay	a361bfe07dfb0657037f5de3cc4c0f543a993f36	.references/pawn/gamemodes/DignitySAMP--Wild-West-Roleplay/include/a_actor.inc	DignitySAMP--Wild-West-Roleplay-source.zip	436c3a5a9ddbad72d414340066b4f64f0df8deabe958fae9f258c0a40d185f9f
DignitySAMP/Wild-West-Roleplay	a361bfe07dfb0657037f5de3cc4c0f543a993f36	.references/pawn/gamemodes/DignitySAMP--Wild-West-Roleplay/include/ww_arraynames.inc	DignitySAMP--Wild-West-Roleplay-source.zip	56e45ce44b82ddc4646eb580a3689dc4f7d68e15ac50a672816f9f16e3caec20
DignitySAMP/Wild-West-Roleplay	a361bfe07dfb0657037f5de3cc4c0f543a993f36	.references/pawn/gamemodes/DignitySAMP--Wild-West-Roleplay/include/memory.inc	DignitySAMP--Wild-West-Roleplay-source.zip	7bdd50c13eea904e69ab053f13c9e23aa1770b40fdcd66699ae6dc951d09cce6
DignitySAMP/Wild-West-Roleplay	a361bfe07dfb0657037f5de3cc4c0f543a993f36	.references/pawn/gamemodes/DignitySAMP--Wild-West-Roleplay/include/virtualcanvas.inc	DignitySAMP--Wild-West-Roleplay-source.zip	af2dcf5d2883c165f479fea329933dfa5e344721af651f23224f90dce3695065
DignitySAMP/Wild-West-Roleplay	a361bfe07dfb0657037f5de3cc4c0f543a993f36	.references/pawn/gamemodes/DignitySAMP--Wild-West-Roleplay/include/y_inline_timers.inc	DignitySAMP--Wild-West-Roleplay-source.zip	91273516bdb4a0d2f02734173aedcdec6b7f286b891ba124cacc7007bcbfe311
DignitySAMP/Wild-West-Roleplay	a361bfe07dfb0657037f5de3cc4c0f543a993f36	.references/pawn/gamemodes/DignitySAMP--Wild-West-Roleplay/include/safeDialogs.inc	DignitySAMP--Wild-West-Roleplay-source.zip	0ed119fdbb2f13c5b3aac521386a42f36a8f1d22cf8b315a0cb749786f2cc1f1
DignitySAMP/Wild-West-Roleplay	a361bfe07dfb0657037f5de3cc4c0f543a993f36	.references/pawn/gamemodes/DignitySAMP--Wild-West-Roleplay/include/3DTryg.inc	DignitySAMP--Wild-West-Roleplay-source.zip	b7e59ec4bd06b06b39866594a937d666f573dd1e6b3089328d38225f4a5bd9f1
DignitySAMP/Wild-West-Roleplay	a361bfe07dfb0657037f5de3cc4c0f543a993f36	.references/pawn/gamemodes/DignitySAMP--Wild-West-Roleplay/include/cuffs.inc	DignitySAMP--Wild-West-Roleplay-source.zip	853e747109aa77f6185b679b044c82fc33fbfe8f45f4f1c5acf6d88bb40a4476
DignitySAMP/Wild-West-Roleplay	a361bfe07dfb0657037f5de3cc4c0f543a993f36	.references/pawn/gamemodes/DignitySAMP--Wild-West-Roleplay/include/a_mysql.inc	DignitySAMP--Wild-West-Roleplay-source.zip	1fd84f835d4d6b1fdfa532f938773b5dffaadb64021767c64ff57765e34ed77c
DignitySAMP/Wild-West-Roleplay	a361bfe07dfb0657037f5de3cc4c0f543a993f36	.references/pawn/gamemodes/DignitySAMP--Wild-West-Roleplay/include/ww_timestamp.inc	DignitySAMP--Wild-West-Roleplay-source.zip	bb389742b419a037529aec666beee298976c41a1d4cab73640790f0d7c13e49b
DignitySAMP/Wild-West-Roleplay	a361bfe07dfb0657037f5de3cc4c0f543a993f36	.references/pawn/gamemodes/DignitySAMP--Wild-West-Roleplay/include/YSF.inc	DignitySAMP--Wild-West-Roleplay-source.zip	cc09fa44db8b12827ebabf8005dff05b49aac68cc3529255d232ecec2d0db668
DignitySAMP/Wild-West-Roleplay	a361bfe07dfb0657037f5de3cc4c0f543a993f36	.references/pawn/gamemodes/DignitySAMP--Wild-West-Roleplay/include/a_players.inc	DignitySAMP--Wild-West-Roleplay-source.zip	3b96d91173dbe65fafea7ce2ffb21eeb6d9403d62507d8c8f1e8508d4bc7cc04
DignitySAMP/Wild-West-Roleplay	a361bfe07dfb0657037f5de3cc4c0f543a993f36	.references/pawn/gamemodes/DignitySAMP--Wild-West-Roleplay/include/progress2.inc	DignitySAMP--Wild-West-Roleplay-source.zip	5352ab4db98efe8fe928fca13095cb7b74c3765faad5ca35fb219525af8a65ac
DignitySAMP/Wild-West-Roleplay	a361bfe07dfb0657037f5de3cc4c0f543a993f36	.references/pawn/gamemodes/DignitySAMP--Wild-West-Roleplay/include/filemanager.inc	DignitySAMP--Wild-West-Roleplay-source.zip	44eea252ff22eaff2c32d02df5602a4bd4b802ac0a7c1100139092e6c23addfb
DignitySAMP/Wild-West-Roleplay	a361bfe07dfb0657037f5de3cc4c0f543a993f36	.references/pawn/gamemodes/DignitySAMP--Wild-West-Roleplay/include/fixes.inc	DignitySAMP--Wild-West-Roleplay-source.zip	f6e09eba856b9638d5fb2d44ff8aa543a4d1c980faeef852af1704d8b8f70af5
DignitySAMP/Wild-West-Roleplay	a361bfe07dfb0657037f5de3cc4c0f543a993f36	.references/pawn/gamemodes/DignitySAMP--Wild-West-Roleplay/include/a_angles.inc	DignitySAMP--Wild-West-Roleplay-source.zip	c5798a6f7c16ac582d350a0c5bea7d94ec4ae9f6886028cda22e7870e6df8b94
DignitySAMP/Wild-West-Roleplay	a361bfe07dfb0657037f5de3cc4c0f543a993f36	.references/pawn/gamemodes/DignitySAMP--Wild-West-Roleplay/include/time.inc	DignitySAMP--Wild-West-Roleplay-source.zip	2b45200810ae38c4d9517e0a748de53838697ee0f1bb8cb457216c54cced6432
DignitySAMP/Wild-West-Roleplay	a361bfe07dfb0657037f5de3cc4c0f543a993f36	.references/pawn/gamemodes/DignitySAMP--Wild-West-Roleplay/include/ww_mysql.inc	DignitySAMP--Wild-West-Roleplay-source.zip	0e11e1ac6b751f8aa29ae43cfd7d6097799430fa0b2853bbb96327a8fb562570
DignitySAMP/Wild-West-Roleplay	a361bfe07dfb0657037f5de3cc4c0f543a993f36	.references/pawn/gamemodes/DignitySAMP--Wild-West-Roleplay/include/foreach.inc	DignitySAMP--Wild-West-Roleplay-source.zip	22d8ddee2fd0f7157d173dd1fa1268585361f238be0ed6d3f8bd5f7a79ad3356
DignitySAMP/Wild-West-Roleplay	a361bfe07dfb0657037f5de3cc4c0f543a993f36	.references/pawn/gamemodes/DignitySAMP--Wild-West-Roleplay/include/float.inc	DignitySAMP--Wild-West-Roleplay-source.zip	4884346ed93ac32f16c541901c6350c6d1e3140777b046f03914273c672df279
DignitySAMP/Wild-West-Roleplay	a361bfe07dfb0657037f5de3cc4c0f543a993f36	.references/pawn/gamemodes/DignitySAMP--Wild-West-Roleplay/include/a_npc.inc	DignitySAMP--Wild-West-Roleplay-source.zip	c1ef3b98fc3524bc0b8eb9b5df0f418c163f2f4d7ecd507de187bf71b28ec73f
DignitySAMP/Wild-West-Roleplay	a361bfe07dfb0657037f5de3cc4c0f543a993f36	.references/pawn/gamemodes/DignitySAMP--Wild-West-Roleplay/include/TimeStampToDate.inc	DignitySAMP--Wild-West-Roleplay-source.zip	53db34fb8d38770a1efca80a2a39de67e8987f029d1c7a471d5479e1fda5749e
DignitySAMP/Wild-West-Roleplay	a361bfe07dfb0657037f5de3cc4c0f543a993f36	.references/pawn/gamemodes/DignitySAMP--Wild-West-Roleplay/include/streamer.inc	DignitySAMP--Wild-West-Roleplay-source.zip	94fb423ce575f198ad041db2bd4576970912ff008e5fab0ea09955683f701b0b
DignitySAMP/Wild-West-Roleplay	a361bfe07dfb0657037f5de3cc4c0f543a993f36	.references/pawn/gamemodes/DignitySAMP--Wild-West-Roleplay/include/a_http.inc	DignitySAMP--Wild-West-Roleplay-source.zip	986dd9281b31b3910966bfeeb9ff71c33593d079827c9623067aa02d5a46e407
DignitySAMP/Wild-West-Roleplay	a361bfe07dfb0657037f5de3cc4c0f543a993f36	.references/pawn/gamemodes/DignitySAMP--Wild-West-Roleplay/include/ColAndreas.inc	DignitySAMP--Wild-West-Roleplay-source.zip	87ab8bc80d85156e9129fd4a9d3fa8ae9cb6e698cf0bbe55d53c1baca16c312a
DignitySAMP/Wild-West-Roleplay	a361bfe07dfb0657037f5de3cc4c0f543a993f36	.references/pawn/gamemodes/DignitySAMP--Wild-West-Roleplay/include/mrp_dialogs.inc	DignitySAMP--Wild-West-Roleplay-source.zip	ea4c6c82f23398d935f346dc19ab82a3a524009e0a89ab66321d0a8af25d26e8
DignitySAMP/Wild-West-Roleplay	a361bfe07dfb0657037f5de3cc4c0f543a993f36	.references/pawn/gamemodes/DignitySAMP--Wild-West-Roleplay/include/string.inc	DignitySAMP--Wild-West-Roleplay-source.zip	72515fd1ca961c28192d0607bb615c5b9949f5558dfd560848fc655cf76fe62e
DignitySAMP/Wild-West-Roleplay	a361bfe07dfb0657037f5de3cc4c0f543a993f36	.references/pawn/gamemodes/DignitySAMP--Wild-West-Roleplay/include/strlib.inc	DignitySAMP--Wild-West-Roleplay-source.zip	5a9c393f019b6f656c8c1a6525d8f249f5d1a1cafa4283efaefeb93883e0086d
DignitySAMP/Wild-West-Roleplay	a361bfe07dfb0657037f5de3cc4c0f543a993f36	.references/pawn/gamemodes/DignitySAMP--Wild-West-Roleplay/include/PreviewModelDialog.inc	DignitySAMP--Wild-West-Roleplay-source.zip	bc4d753f049b0ee41f7ebc9cc25b0c88b9be2b9eaa6cc15e613816fb618772b9
DignitySAMP/Wild-West-Roleplay	a361bfe07dfb0657037f5de3cc4c0f543a993f36	.references/pawn/gamemodes/DignitySAMP--Wild-West-Roleplay/include/discord-connector.inc	DignitySAMP--Wild-West-Roleplay-source.zip	a736e674b3adfdb5ef51a30e5258dd2b4b6a088c2ca3b5ae315780d7137ef657
DignitySAMP/Wild-West-Roleplay	a361bfe07dfb0657037f5de3cc4c0f543a993f36	.references/pawn/gamemodes/DignitySAMP--Wild-West-Roleplay/include/core.inc	DignitySAMP--Wild-West-Roleplay-source.zip	0a2a2363a4130e250422bbf54652c544a45913f729b2c401dbeebd3a564ed585
DignitySAMP/Wild-West-Roleplay	a361bfe07dfb0657037f5de3cc4c0f543a993f36	.references/pawn/gamemodes/DignitySAMP--Wild-West-Roleplay/include/YSI.inc	DignitySAMP--Wild-West-Roleplay-source.zip	932aa00df255ed31afa99509d34e9acc4cea91be903ed5f3c63827be7e3f30e3
DignitySAMP/Wild-West-Roleplay	a361bfe07dfb0657037f5de3cc4c0f543a993f36	.references/pawn/gamemodes/DignitySAMP--Wild-West-Roleplay/include/iptrace.inc	DignitySAMP--Wild-West-Roleplay-source.zip	3637ef298cae0dc7b4967395f17e6de399842bd9b16fddf9c9d9b616957904c6
DignitySAMP/Wild-West-Roleplay	a361bfe07dfb0657037f5de3cc4c0f543a993f36	.references/pawn/gamemodes/DignitySAMP--Wild-West-Roleplay/include/a_sampdb.inc	DignitySAMP--Wild-West-Roleplay-source.zip	83ceb7574a02933ca0fa252470479697b202f6e008a511aa509cd5a35f251201
DignitySAMP/Wild-West-Roleplay	a361bfe07dfb0657037f5de3cc4c0f543a993f36	.references/pawn/gamemodes/DignitySAMP--Wild-West-Roleplay/include/a_zones.inc	DignitySAMP--Wild-West-Roleplay-source.zip	8d3b4081436ad394e78f105450fb1b412e75e3ac3fabe6d9742450a11c61552d
DignitySAMP/Wild-West-Roleplay	a361bfe07dfb0657037f5de3cc4c0f543a993f36	.references/pawn/gamemodes/DignitySAMP--Wild-West-Roleplay/include/datagram.inc	DignitySAMP--Wild-West-Roleplay-source.zip	1ad61ddf42e6ed3734e7aee457d2ec323f45066d2250f119c264201e62a5c5e5
DignitySAMP/Wild-West-Roleplay	a361bfe07dfb0657037f5de3cc4c0f543a993f36	.references/pawn/gamemodes/DignitySAMP--Wild-West-Roleplay/include/a_samp.inc	DignitySAMP--Wild-West-Roleplay-source.zip	e090ff2099c58a218d2c45b647674ca35da90228a222e4b7cda4b389aba50def
DignitySAMP/Wild-West-Roleplay	a361bfe07dfb0657037f5de3cc4c0f543a993f36	.references/pawn/gamemodes/DignitySAMP--Wild-West-Roleplay/include/easybmp.inc	DignitySAMP--Wild-West-Roleplay-source.zip	66f6b080ab4e1112a19c683ea318f73db4288c939ef4d2736d6b6f335a53da74
DignitySAMP/Wild-West-Roleplay	a361bfe07dfb0657037f5de3cc4c0f543a993f36	.references/pawn/gamemodes/DignitySAMP--Wild-West-Roleplay/include/zcmd.inc	DignitySAMP--Wild-West-Roleplay-source.zip	830ef1d30b08a056960672eee8fd433871b4a40366205282ab89b8926e007b18
DignitySAMP/Wild-West-Roleplay	a361bfe07dfb0657037f5de3cc4c0f543a993f36	.references/pawn/gamemodes/DignitySAMP--Wild-West-Roleplay/include/sscanf2.inc	DignitySAMP--Wild-West-Roleplay-source.zip	e1250cc659242791b504f9c720cb62f431eb3e441679df3e3c2a86adc0407ad9
DignitySAMP/Wild-West-Roleplay	a361bfe07dfb0657037f5de3cc4c0f543a993f36	.references/pawn/gamemodes/DignitySAMP--Wild-West-Roleplay/include/Pawn.RakNet.inc	DignitySAMP--Wild-West-Roleplay-source.zip	8451c5a9070abf93c7f60e47386e0dc88b91eb17bdfe37bb32e6b0622ad5a2b1
DignitySAMP/Wild-West-Roleplay	a361bfe07dfb0657037f5de3cc4c0f543a993f36	.references/pawn/gamemodes/DignitySAMP--Wild-West-Roleplay/gamemodes/utils/sessions.pwn	DignitySAMP--Wild-West-Roleplay-source.zip	9821710959f996c0702bf5faea0484c001eeb709c4f3590b2ce3e1f5e52becb9
DignitySAMP/Wild-West-Roleplay	a361bfe07dfb0657037f5de3cc4c0f543a993f36	.references/pawn/gamemodes/DignitySAMP--Wild-West-Roleplay/gamemodes/utils/transport.pwn	DignitySAMP--Wild-West-Roleplay-source.zip	00ef6b882bf652e6479e9b1fd5b98ceb177b6814326b424ebf3e190ef14209d0
DignitySAMP/Wild-West-Roleplay	a361bfe07dfb0657037f5de3cc4c0f543a993f36	.references/pawn/gamemodes/DignitySAMP--Wild-West-Roleplay/gamemodes/games/poker.pwn	DignitySAMP--Wild-West-Roleplay-source.zip	6d19939e923e1920dcaf6989df19978d1ef7a99ae0d1bb736b20dab1a2d4204e
DignitySAMP/Wild-West-Roleplay	a361bfe07dfb0657037f5de3cc4c0f543a993f36	.references/pawn/gamemodes/DignitySAMP--Wild-West-Roleplay/gamemodes/games/blackjack.pwn	DignitySAMP--Wild-West-Roleplay-source.zip	0f521a9daf5df388a13e5096a50b87331dc83ce2d6ce190b7d55764d716d4c03
DignitySAMP/Wild-West-Roleplay	a361bfe07dfb0657037f5de3cc4c0f543a993f36	.references/pawn/gamemodes/DignitySAMP--Wild-West-Roleplay/gamemodes/games/blackjack	DignitySAMP--Wild-West-Roleplay-source.zip	ac6ab82f4118535e228f859b5321b8d8613092dae6e581cdea551d36fbd2ec57
DignitySAMP/Wild-West-Roleplay	a361bfe07dfb0657037f5de3cc4c0f543a993f36	.references/pawn/gamemodes/DignitySAMP--Wild-West-Roleplay/gamemodes/aris/data.pwn	DignitySAMP--Wild-West-Roleplay-source.zip	3091f3c6e0d974c7d8c344b0cd1147ecda328055ba24d8024eaf820e8dff805e
DignitySAMP/Wild-West-Roleplay	a361bfe07dfb0657037f5de3cc4c0f543a993f36	.references/pawn/gamemodes/DignitySAMP--Wild-West-Roleplay/gamemodes/aris/main.pwn	DignitySAMP--Wild-West-Roleplay-source.zip	0f1755676c5f5e7a0a9f5f4eb5478b9c7f2ba465fd8374815bb8716c1d5c6045
DignitySAMP/Wild-West-Roleplay	a361bfe07dfb0657037f5de3cc4c0f543a993f36	.references/pawn/gamemodes/DignitySAMP--Wild-West-Roleplay/gamemodes/assets/data.pwn	DignitySAMP--Wild-West-Roleplay-source.zip	2345321ea089fc0e53a2f8963524433bc248b51dfc7824a4de2c4647236226ee
DignitySAMP/Wild-West-Roleplay	a361bfe07dfb0657037f5de3cc4c0f543a993f36	.references/pawn/gamemodes/DignitySAMP--Wild-West-Roleplay/gamemodes/assets/header.pwn	DignitySAMP--Wild-West-Roleplay-source.zip	c295ec0d63e8b566e709d2beb17359a1e3203c411d89d648026d52dad22895f8
DignitySAMP/Wild-West-Roleplay	a361bfe07dfb0657037f5de3cc4c0f543a993f36	.references/pawn/gamemodes/DignitySAMP--Wild-West-Roleplay/gamemodes/data/money.pwn	DignitySAMP--Wild-West-Roleplay-source.zip	80a52bfbde245b1643b9fc1a02e449bc31288eca368c6dcff9f5c1c6e8629b26
DignitySAMP/Wild-West-Roleplay	a361bfe07dfb0657037f5de3cc4c0f543a993f36	.references/pawn/gamemodes/DignitySAMP--Wild-West-Roleplay/gamemodes/data/weapon_new.pwn	DignitySAMP--Wild-West-Roleplay-source.zip	d85d2950ab08de4c7c2f43069819893bb0f8b878dd928848bba82d15ff127951
DignitySAMP/Wild-West-Roleplay	a361bfe07dfb0657037f5de3cc4c0f543a993f36	.references/pawn/gamemodes/DignitySAMP--Wild-West-Roleplay/gamemodes/func/roleplay_chat.pwn	DignitySAMP--Wild-West-Roleplay-source.zip	fb57b5b15d688596ef5b880200e69158f12f39b7391ed3651e83458bbee026f5
DignitySAMP/Wild-West-Roleplay	a361bfe07dfb0657037f5de3cc4c0f543a993f36	.references/pawn/gamemodes/DignitySAMP--Wild-West-Roleplay/gamemodes/func/action_panel.pwn	DignitySAMP--Wild-West-Roleplay-source.zip	3291719d0cb8b29a6eb56f9b65a5d97d66b33ae0d5a6642a4dcbd166ab97d81f
DignitySAMP/Wild-West-Roleplay	a361bfe07dfb0657037f5de3cc4c0f543a993f36	.references/pawn/gamemodes/DignitySAMP--Wild-West-Roleplay/gamemodes/dignity/update.pwn	DignitySAMP--Wild-West-Roleplay-source.zip	ae2d4078a584ae3b8aeffd2d9a744ef6f65fa86456d13527ee32b945d9970101
DignitySAMP/Wild-West-Roleplay	a361bfe07dfb0657037f5de3cc4c0f543a993f36	.references/pawn/gamemodes/DignitySAMP--Wild-West-Roleplay/gamemodes/dignity/main.pwn	DignitySAMP--Wild-West-Roleplay-source.zip	39249968a62a87ed3d73e4035797bfb1ed0d2fa5dfc7c77eca25032c8a960876
DignitySAMP/Wild-West-Roleplay	a361bfe07dfb0657037f5de3cc4c0f543a993f36	.references/pawn/gamemodes/DignitySAMP--Wild-West-Roleplay/gamemodes/utils/zones/core.pwn	DignitySAMP--Wild-West-Roleplay-source.zip	6d33c49a636e7181562cf29f1905d31ee77fcc7882fa7a98ce86df5eb1e66813
DignitySAMP/Wild-West-Roleplay	a361bfe07dfb0657037f5de3cc4c0f543a993f36	.references/pawn/gamemodes/DignitySAMP--Wild-West-Roleplay/gamemodes/utils/inv/core.pwn	DignitySAMP--Wild-West-Roleplay-source.zip	5175b748082940de3dc97aee6a21d93f85df6950de010fa332781b7f632e3741
DignitySAMP/Wild-West-Roleplay	a361bfe07dfb0657037f5de3cc4c0f543a993f36	.references/pawn/gamemodes/DignitySAMP--Wild-West-Roleplay/gamemodes/utils/misc/core.pwn	DignitySAMP--Wild-West-Roleplay-source.zip	6c6d0e5c1f29073d5e013e6f1a9c1eb58b5c079ca654f39a49969316daedf982
DignitySAMP/Wild-West-Roleplay	a361bfe07dfb0657037f5de3cc4c0f543a993f36	.references/pawn/gamemodes/DignitySAMP--Wild-West-Roleplay/gamemodes/utils/msgs/core.pwn	DignitySAMP--Wild-West-Roleplay-source.zip	cab3f89d24a44b659f218a016531aa33e51cebbdfc964b5aec022035fff23a93
DignitySAMP/Wild-West-Roleplay	a361bfe07dfb0657037f5de3cc4c0f543a993f36	.references/pawn/gamemodes/DignitySAMP--Wild-West-Roleplay/gamemodes/utils/gui/core.pwn	DignitySAMP--Wild-West-Roleplay-source.zip	f1d4ce5567d30d4509355b5142c19df070493c195553c6bb179a77fb57a16c15
DignitySAMP/Wild-West-Roleplay	a361bfe07dfb0657037f5de3cc4c0f543a993f36	.references/pawn/gamemodes/DignitySAMP--Wild-West-Roleplay/gamemodes/utils/horse/base.pwn	DignitySAMP--Wild-West-Roleplay-source.zip	d9fed059412ab338dcbcfe6481cead3d620fee2b8da1298a2ea8398fac282a47
DignitySAMP/Wild-West-Roleplay	a361bfe07dfb0657037f5de3cc4c0f543a993f36	.references/pawn/gamemodes/DignitySAMP--Wild-West-Roleplay/gamemodes/utils/horse/header.pwn	DignitySAMP--Wild-West-Roleplay-source.zip	b0c5518253c35ac783d1fde1ad10f43d8acb99f8fe90dc0f48e2e1b72055bf96
DignitySAMP/Wild-West-Roleplay	a361bfe07dfb0657037f5de3cc4c0f543a993f36	.references/pawn/gamemodes/DignitySAMP--Wild-West-Roleplay/gamemodes/utils/zones/temperature/utils.pwn	DignitySAMP--Wild-West-Roleplay-source.zip	359e9d230f624df4a896489171dd98db89c4f771b548a66d4828bbb385e4712a
DignitySAMP/Wild-West-Roleplay	a361bfe07dfb0657037f5de3cc4c0f543a993f36	.references/pawn/gamemodes/DignitySAMP--Wild-West-Roleplay/gamemodes/utils/zones/temperature/func.pwn	DignitySAMP--Wild-West-Roleplay-source.zip	6b2f94a516455e9ce4b212466d861410a685191e4cced7f2d858512ce4f116d1
DignitySAMP/Wild-West-Roleplay	a361bfe07dfb0657037f5de3cc4c0f543a993f36	.references/pawn/gamemodes/DignitySAMP--Wild-West-Roleplay/gamemodes/utils/zones/temperature/data.pwn	DignitySAMP--Wild-West-Roleplay-source.zip	69f2fda523581fd74e1607263314d11d22b2e5846e36ba9bf60bf8fb9688b39c
DignitySAMP/Wild-West-Roleplay	a361bfe07dfb0657037f5de3cc4c0f543a993f36	.references/pawn/gamemodes/DignitySAMP--Wild-West-Roleplay/gamemodes/utils/zones/deer/anim.pwn	DignitySAMP--Wild-West-Roleplay-source.zip	29886f564c6a1738901591f3edd71ff2cfa57d142e4631d960945dff0d65d62f
DignitySAMP/Wild-West-Roleplay	a361bfe07dfb0657037f5de3cc4c0f543a993f36	.references/pawn/gamemodes/DignitySAMP--Wild-West-Roleplay/gamemodes/utils/zones/deer/deers.pwn	DignitySAMP--Wild-West-Roleplay-source.zip	c504dd6ff7f6a5785150184876894ac03fecdcda3c3f31211dee503448c530e0
DignitySAMP/Wild-West-Roleplay	a361bfe07dfb0657037f5de3cc4c0f543a993f36	.references/pawn/gamemodes/DignitySAMP--Wild-West-Roleplay/gamemodes/utils/inv/func/dynamite.pwn	DignitySAMP--Wild-West-Roleplay-source.zip	d09a2adabd8bf4ca1a1492669411f78966e9924e2ec1929614d75097423c8b11
DignitySAMP/Wild-West-Roleplay	a361bfe07dfb0657037f5de3cc4c0f543a993f36	.references/pawn/gamemodes/DignitySAMP--Wild-West-Roleplay/gamemodes/utils/misc/files/fire.pwn	DignitySAMP--Wild-West-Roleplay-source.zip	2eced8093b932c28c56ace8d5a0b7c9f4ed96f3941ca42a98e8719d5fc141a8d
DignitySAMP/Wild-West-Roleplay	a361bfe07dfb0657037f5de3cc4c0f543a993f36	.references/pawn/gamemodes/DignitySAMP--Wild-West-Roleplay/gamemodes/utils/msgs/files/client.pwn	DignitySAMP--Wild-West-Roleplay-source.zip	aacb9fbee5e253ad7104877a8dec50f80fe74632047e26027a4ddf4e8ab30ac9
DignitySAMP/Wild-West-Roleplay	a361bfe07dfb0657037f5de3cc4c0f543a993f36	.references/pawn/gamemodes/DignitySAMP--Wild-West-Roleplay/gamemodes/utils/horse/func/moving.pwn	DignitySAMP--Wild-West-Roleplay-source.zip	7e537e4c68c0c8f114bdf192518e607075555c2a313f9165f518a06f021bd524
DignitySAMP/Wild-West-Roleplay	a361bfe07dfb0657037f5de3cc4c0f543a993f36	.references/pawn/gamemodes/DignitySAMP--Wild-West-Roleplay/gamemodes/utils/horse/func/anims.pwn	DignitySAMP--Wild-West-Roleplay-source.zip	6687825a2bb2760699cfbfa9e9eb3ac50686d0cbdbff2bc1f812be9a5d512e9f
DignitySAMP/Wild-West-Roleplay	a361bfe07dfb0657037f5de3cc4c0f543a993f36	.references/pawn/gamemodes/DignitySAMP--Wild-West-Roleplay/gamemodes/utils/horse/func/data.pwn	DignitySAMP--Wild-West-Roleplay-source.zip	948ff0056cb9571dd00f207ec8723dd4af4d68c6a33f857ac90a3e28f6a351b5
DignitySAMP/Wild-West-Roleplay	a361bfe07dfb0657037f5de3cc4c0f543a993f36	.references/pawn/gamemodes/DignitySAMP--Wild-West-Roleplay/gamemodes/utils/horse/func/mount.pwn	DignitySAMP--Wild-West-Roleplay-source.zip	94c0d6c336558c6e44e32b2c28ace260ba3d50a77a0342d2709e26163edfdec0
DignitySAMP/Wild-West-Roleplay	a361bfe07dfb0657037f5de3cc4c0f543a993f36	.references/pawn/gamemodes/DignitySAMP--Wild-West-Roleplay/gamemodes/utils/horse/func/dmg.pwn	DignitySAMP--Wild-West-Roleplay-source.zip	abe58a49991823703527eceedf86f938eb5714d107370a423aa3f489a8d66cf3
DignitySAMP/Wild-West-Roleplay	a361bfe07dfb0657037f5de3cc4c0f543a993f36	.references/pawn/gamemodes/DignitySAMP--Wild-West-Roleplay/gamemodes/games/poker/poker.pwn	DignitySAMP--Wild-West-Roleplay-source.zip	64f6361c8cdcee7f03e4fcdb31055fb1c3c146b89fa85b38ce0796d13fe66fdc
DignitySAMP/Wild-West-Roleplay	a361bfe07dfb0657037f5de3cc4c0f543a993f36	.references/pawn/gamemodes/DignitySAMP--Wild-West-Roleplay/gamemodes/aris/lasso/core.pwn	DignitySAMP--Wild-West-Roleplay-source.zip	88e7f53dc3c826ca2a0f737a0984c9770d722b36924cd390dfd1cf62bad586bf
DignitySAMP/Wild-West-Roleplay	a361bfe07dfb0657037f5de3cc4c0f543a993f36	.references/pawn/gamemodes/DignitySAMP--Wild-West-Roleplay/gamemodes/aris/beards/core.pwn	DignitySAMP--Wild-West-Roleplay-source.zip	d1b6d15e74da863bdd9f6d956b2c9ad50865538198aa731001c90c2c470f47bc
DignitySAMP/Wild-West-Roleplay	a361bfe07dfb0657037f5de3cc4c0f543a993f36	.references/pawn/gamemodes/DignitySAMP--Wild-West-Roleplay/gamemodes/aris/traps/utils.pwn	DignitySAMP--Wild-West-Roleplay-source.zip	97b6d0fcadecab2807b3a78f1333e754ad4ea7050e38cb19351beaeb92ef7077
DignitySAMP/Wild-West-Roleplay	a361bfe07dfb0657037f5de3cc4c0f543a993f36	.references/pawn/gamemodes/DignitySAMP--Wild-West-Roleplay/gamemodes/aris/traps/func.pwn	DignitySAMP--Wild-West-Roleplay-source.zip	60b037b1908056996807e1b8e707c2b042256e4163ba4f7ecbb6bffc3f201c0a
DignitySAMP/Wild-West-Roleplay	a361bfe07dfb0657037f5de3cc4c0f543a993f36	.references/pawn/gamemodes/DignitySAMP--Wild-West-Roleplay/gamemodes/aris/traps/data.pwn	DignitySAMP--Wild-West-Roleplay-source.zip	63c248340e4c0e11408ce3f2552cd70d9ca4e03acf97472d1f8ec5d133fe42bc
DignitySAMP/Wild-West-Roleplay	a361bfe07dfb0657037f5de3cc4c0f543a993f36	.references/pawn/gamemodes/DignitySAMP--Wild-West-Roleplay/gamemodes/aris/traps/main.pwn	DignitySAMP--Wild-West-Roleplay-source.zip	7addcf8d8c601ccd31e1593e5cff63f293737d302560263f5d3136ba64020ecb
DignitySAMP/Wild-West-Roleplay	a361bfe07dfb0657037f5de3cc4c0f543a993f36	.references/pawn/gamemodes/DignitySAMP--Wild-West-Roleplay/gamemodes/data/weps/core.pwn	DignitySAMP--Wild-West-Roleplay-source.zip	bfba7c9df1ae536ba75cfd3c9c857ec798351407024ae6251d93687e739e7c66
DignitySAMP/Wild-West-Roleplay	a361bfe07dfb0657037f5de3cc4c0f543a993f36	.references/pawn/gamemodes/DignitySAMP--Wild-West-Roleplay/gamemodes/data/weps/illegal.pwn	DignitySAMP--Wild-West-Roleplay-source.zip	05f239503a7c5415476410438bb0cdbc711fc087f34abced40ca4d2ffc4b5f49
DignitySAMP/Wild-West-Roleplay	a361bfe07dfb0657037f5de3cc4c0f543a993f36	.references/pawn/gamemodes/DignitySAMP--Wild-West-Roleplay/gamemodes/data/inv/core.pwn	DignitySAMP--Wild-West-Roleplay-source.zip	eed38a2431f7163a9188e337df47847336c835bdbd57393f9dd02a6fe896888f
DignitySAMP/Wild-West-Roleplay	a361bfe07dfb0657037f5de3cc4c0f543a993f36	.references/pawn/gamemodes/DignitySAMP--Wild-West-Roleplay/gamemodes/data/account/core.pwn	DignitySAMP--Wild-West-Roleplay-source.zip	23c8bdfb3a36ed2de54bea2740f588d69fff824db7876fb42c893461b378138f
DignitySAMP/Wild-West-Roleplay	a361bfe07dfb0657037f5de3cc4c0f543a993f36	.references/pawn/gamemodes/DignitySAMP--Wild-West-Roleplay/gamemodes/data/points/core.pwn	DignitySAMP--Wild-West-Roleplay-source.zip	f34823755d553362a37781cfdb0234ba4a065960450c069de8881c5dc10a9b7d
DignitySAMP/Wild-West-Roleplay	a361bfe07dfb0657037f5de3cc4c0f543a993f36	.references/pawn/gamemodes/DignitySAMP--Wild-West-Roleplay/gamemodes/data/skills/core.pwn	DignitySAMP--Wild-West-Roleplay-source.zip	15b2579bacf9eaaac0703fdf890e14a13549571f8eb613310b437c97eb622ac2
DignitySAMP/Wild-West-Roleplay	a361bfe07dfb0657037f5de3cc4c0f543a993f36	.references/pawn/gamemodes/DignitySAMP--Wild-West-Roleplay/gamemodes/data/posse/core.pwn	DignitySAMP--Wild-West-Roleplay-source.zip	f3dc6d0c1ef7f2928fb7bc99785506a82362badbb21c1516d3e3140b707ba920
DignitySAMP/Wild-West-Roleplay	a361bfe07dfb0657037f5de3cc4c0f543a993f36	.references/pawn/gamemodes/DignitySAMP--Wild-West-Roleplay/gamemodes/data/staff/core.pwn	DignitySAMP--Wild-West-Roleplay-source.zip	1a6279f6f5e5b1edd661f0b24d7448cd143f7bca5e3b6f8c6189b803dbf89125
DignitySAMP/Wild-West-Roleplay	a361bfe07dfb0657037f5de3cc4c0f543a993f36	.references/pawn/gamemodes/DignitySAMP--Wild-West-Roleplay/gamemodes/data/staff/coc.pwn	DignitySAMP--Wild-West-Roleplay-source.zip	863dddb76cee320ff1e0df3138157775c111d5f404e6e7ab3e0ae6629a57b949
DignitySAMP/Wild-West-Roleplay	a361bfe07dfb0657037f5de3cc4c0f543a993f36	.references/pawn/gamemodes/DignitySAMP--Wild-West-Roleplay/gamemodes/data/staff/arecord.pwn	DignitySAMP--Wild-West-Roleplay-source.zip	6fac8168db8c8f55074ef4f7648c96b082100728255a035899d82cbcbb9e023a
DignitySAMP/Wild-West-Roleplay	a361bfe07dfb0657037f5de3cc4c0f543a993f36	.references/pawn/gamemodes/DignitySAMP--Wild-West-Roleplay/gamemodes/data/farm/core.pwn	DignitySAMP--Wild-West-Roleplay-source.zip	8e93286a4aadd8394c964343743766c999ed3e84391d8a68f4448dfd90399432
DignitySAMP/Wild-West-Roleplay	a361bfe07dfb0657037f5de3cc4c0f543a993f36	.references/pawn/gamemodes/DignitySAMP--Wild-West-Roleplay/gamemodes/data/actors/core.pwn	DignitySAMP--Wild-West-Roleplay-source.zip	2d5eaaa2fa30156bd26b8db186cea664baba5a0c181905b92b314f3286878df3
DignitySAMP/Wild-West-Roleplay	a361bfe07dfb0657037f5de3cc4c0f543a993f36	.references/pawn/gamemodes/DignitySAMP--Wild-West-Roleplay/gamemodes/data/weps/func/drop.pwn	DignitySAMP--Wild-West-Roleplay-source.zip	19ee14899459f1cf69d4e339d1a61a163435767dbad2bd29d1ac48b03f5c5b4f
DignitySAMP/Wild-West-Roleplay	a361bfe07dfb0657037f5de3cc4c0f543a993f36	.references/pawn/gamemodes/DignitySAMP--Wild-West-Roleplay/gamemodes/data/weps/func/ammo.pwn	DignitySAMP--Wild-West-Roleplay-source.zip	a73d89ac3d2f377aac0cce9a6bc7a6c091b4b821cbcf28f3eaf23195ad232da2
DignitySAMP/Wild-West-Roleplay	a361bfe07dfb0657037f5de3cc4c0f543a993f36	.references/pawn/gamemodes/DignitySAMP--Wild-West-Roleplay/gamemodes/data/weps/func/attach.pwn	DignitySAMP--Wild-West-Roleplay-source.zip	5ebbf3be1d901940a5aea4928682360be4a1295bdcc83a74cb1cbdc7ac7bca4c
DignitySAMP/Wild-West-Roleplay	a361bfe07dfb0657037f5de3cc4c0f543a993f36	.references/pawn/gamemodes/DignitySAMP--Wild-West-Roleplay/gamemodes/data/weps/func/natives.pwn	DignitySAMP--Wild-West-Roleplay-source.zip	79c749fa613132f93e4196b4f9c3381db885c32a71665730ed254b9ea867ea07
DignitySAMP/Wild-West-Roleplay	a361bfe07dfb0657037f5de3cc4c0f543a993f36	.references/pawn/gamemodes/DignitySAMP--Wild-West-Roleplay/gamemodes/data/weps/func/cmds.pwn	DignitySAMP--Wild-West-Roleplay-source.zip	8aba9582960c55dc3a76affcc3fa7ec6b1d64882e305757ddcf72da3b73fd018
DignitySAMP/Wild-West-Roleplay	a361bfe07dfb0657037f5de3cc4c0f543a993f36	.references/pawn/gamemodes/DignitySAMP--Wild-West-Roleplay/gamemodes/data/inv/data/desktop.ini	DignitySAMP--Wild-West-Roleplay-source.zip	79b671e572ede9311c8f8e43441cd51e0b5329dd178f28c566eaf95b25d3efe1
DignitySAMP/Wild-West-Roleplay	a361bfe07dfb0657037f5de3cc4c0f543a993f36	.references/pawn/gamemodes/DignitySAMP--Wild-West-Roleplay/gamemodes/data/inv/data/header.pwn	DignitySAMP--Wild-West-Roleplay-source.zip	41bc428333f979a26d9be6c97aaba5842238372bac2bb050431b7f842672d8f8
DignitySAMP/Wild-West-Roleplay	a361bfe07dfb0657037f5de3cc4c0f543a993f36	.references/pawn/gamemodes/DignitySAMP--Wild-West-Roleplay/gamemodes/data/inv/func/inv_pgui_xfer.pwn	DignitySAMP--Wild-West-Roleplay-source.zip	83db0da2bb6ef9d813915ece6cde3cac96b9a2e9631ab644dfda0cb13da7adf5
DignitySAMP/Wild-West-Roleplay	a361bfe07dfb0657037f5de3cc4c0f543a993f36	.references/pawn/gamemodes/DignitySAMP--Wild-West-Roleplay/gamemodes/data/inv/func/drop.pwn	DignitySAMP--Wild-West-Roleplay-source.zip	4d5f7b3ce952978539e452c015c7c7534929a767eb14955e74d4df9bd83ad97e
DignitySAMP/Wild-West-Roleplay	a361bfe07dfb0657037f5de3cc4c0f543a993f36	.references/pawn/gamemodes/DignitySAMP--Wild-West-Roleplay/gamemodes/data/inv/func/desktop.ini	DignitySAMP--Wild-West-Roleplay-source.zip	79b671e572ede9311c8f8e43441cd51e0b5329dd178f28c566eaf95b25d3efe1
DignitySAMP/Wild-West-Roleplay	a361bfe07dfb0657037f5de3cc4c0f543a993f36	.references/pawn/gamemodes/DignitySAMP--Wild-West-Roleplay/gamemodes/data/inv/gui/desktop.ini	DignitySAMP--Wild-West-Roleplay-source.zip	79b671e572ede9311c8f8e43441cd51e0b5329dd178f28c566eaf95b25d3efe1
DignitySAMP/Wild-West-Roleplay	a361bfe07dfb0657037f5de3cc4c0f543a993f36	.references/pawn/gamemodes/DignitySAMP--Wild-West-Roleplay/gamemodes/data/inv/data/player/desktop.ini	DignitySAMP--Wild-West-Roleplay-source.zip	79b671e572ede9311c8f8e43441cd51e0b5329dd178f28c566eaf95b25d3efe1
DignitySAMP/Wild-West-Roleplay	a361bfe07dfb0657037f5de3cc4c0f543a993f36	.references/pawn/gamemodes/DignitySAMP--Wild-West-Roleplay/gamemodes/data/inv/data/player/utils.pwn	DignitySAMP--Wild-West-Roleplay-source.zip	e7789eef61012f32f1676f4f8564038c0892a08c0351eccec1480f0560d8f78a
DignitySAMP/Wild-West-Roleplay	a361bfe07dfb0657037f5de3cc4c0f543a993f36	.references/pawn/gamemodes/DignitySAMP--Wild-West-Roleplay/gamemodes/data/inv/data/player/func.pwn	DignitySAMP--Wild-West-Roleplay-source.zip	4429528d6853212274885afba4910818f0853a7f8587d99f6d9c977be623c860
DignitySAMP/Wild-West-Roleplay	a361bfe07dfb0657037f5de3cc4c0f543a993f36	.references/pawn/gamemodes/DignitySAMP--Wild-West-Roleplay/gamemodes/data/inv/data/player/data.pwn	DignitySAMP--Wild-West-Roleplay-source.zip	aa7d74674efeec712b99a2778dd70817d4c8071c7f129a484eeb56a7b83c7b42
DignitySAMP/Wild-West-Roleplay	a361bfe07dfb0657037f5de3cc4c0f543a993f36	.references/pawn/gamemodes/DignitySAMP--Wild-West-Roleplay/gamemodes/data/inv/data/items/desktop.ini	DignitySAMP--Wild-West-Roleplay-source.zip	79b671e572ede9311c8f8e43441cd51e0b5329dd178f28c566eaf95b25d3efe1
DignitySAMP/Wild-West-Roleplay	a361bfe07dfb0657037f5de3cc4c0f543a993f36	.references/pawn/gamemodes/DignitySAMP--Wild-West-Roleplay/gamemodes/data/inv/data/items/utils.pwn	DignitySAMP--Wild-West-Roleplay-source.zip	e6e6647b288cbb9df3e38d642f7b4a751a38b7ebf4e36741dac7df66b3dc6f43
DignitySAMP/Wild-West-Roleplay	a361bfe07dfb0657037f5de3cc4c0f543a993f36	.references/pawn/gamemodes/DignitySAMP--Wild-West-Roleplay/gamemodes/data/inv/data/items/data.pwn	DignitySAMP--Wild-West-Roleplay-source.zip	6e985d107f1e74c2d69002fb700b3dedc3875a1988ec17b2f2e422b63d67ccf5
DignitySAMP/Wild-West-Roleplay	a361bfe07dfb0657037f5de3cc4c0f543a993f36	.references/pawn/gamemodes/DignitySAMP--Wild-West-Roleplay/gamemodes/data/inv/gui/inv/desktop.ini	DignitySAMP--Wild-West-Roleplay-source.zip	79b671e572ede9311c8f8e43441cd51e0b5329dd178f28c566eaf95b25d3efe1
DignitySAMP/Wild-West-Roleplay	a361bfe07dfb0657037f5de3cc4c0f543a993f36	.references/pawn/gamemodes/DignitySAMP--Wild-West-Roleplay/gamemodes/data/inv/gui/inv/func.pwn	DignitySAMP--Wild-West-Roleplay-source.zip	8d30c00ad0e9febf6b0a804f1c1404e9b9d301ec6da8ee5a8c8f240ed26e1606
DignitySAMP/Wild-West-Roleplay	a361bfe07dfb0657037f5de3cc4c0f543a993f36	.references/pawn/gamemodes/DignitySAMP--Wild-West-Roleplay/gamemodes/data/inv/gui/inv/data.pwn	DignitySAMP--Wild-West-Roleplay-source.zip	6ed3415dae0aecf50d965767da695be87099a190aa8ea2651c8f0ec882fee01d
DignitySAMP/Wild-West-Roleplay	a361bfe07dfb0657037f5de3cc4c0f543a993f36	.references/pawn/gamemodes/DignitySAMP--Wild-West-Roleplay/gamemodes/data/inv/gui/examine/desktop.ini	DignitySAMP--Wild-West-Roleplay-source.zip	79b671e572ede9311c8f8e43441cd51e0b5329dd178f28c566eaf95b25d3efe1
DignitySAMP/Wild-West-Roleplay	a361bfe07dfb0657037f5de3cc4c0f543a993f36	.references/pawn/gamemodes/DignitySAMP--Wild-West-Roleplay/gamemodes/data/inv/gui/examine/func.pwn	DignitySAMP--Wild-West-Roleplay-source.zip	198d23bba08abae18f96bc2149e8e1b73d7f678d731fd9dbab7c8d7a6776aa8e
DignitySAMP/Wild-West-Roleplay	a361bfe07dfb0657037f5de3cc4c0f543a993f36	.references/pawn/gamemodes/DignitySAMP--Wild-West-Roleplay/gamemodes/data/inv/gui/examine/data.pwn	DignitySAMP--Wild-West-Roleplay-source.zip	9f8fb5e31fede8d7f709e93f3b3ef2c5334bceab2bcbbd05d5ae1d075aa40faf
DignitySAMP/Wild-West-Roleplay	a361bfe07dfb0657037f5de3cc4c0f543a993f36	.references/pawn/gamemodes/DignitySAMP--Wild-West-Roleplay/gamemodes/data/account/utils/account.pwn	DignitySAMP--Wild-West-Roleplay-source.zip	e8ae7d2485e02f667236cf9a9cc956ab56d398b3f3706491197bad921a3fcc6d
DignitySAMP/Wild-West-Roleplay	a361bfe07dfb0657037f5de3cc4c0f543a993f36	.references/pawn/gamemodes/DignitySAMP--Wild-West-Roleplay/gamemodes/data/account/utils/levels.pwn	DignitySAMP--Wild-West-Roleplay-source.zip	20b9537e1b5f6f4c9214a67a448a367d88f224a7623f2d11fce6dd1beaf7781a
DignitySAMP/Wild-West-Roleplay	a361bfe07dfb0657037f5de3cc4c0f543a993f36	.references/pawn/gamemodes/DignitySAMP--Wild-West-Roleplay/gamemodes/data/account/utils/tasks.pwn	DignitySAMP--Wild-West-Roleplay-source.zip	b7366b6b06c8c97af25dc4dc60781083a2bd004f9b98b8c811240f270b4e7cc4
DignitySAMP/Wild-West-Roleplay	a361bfe07dfb0657037f5de3cc4c0f543a993f36	.references/pawn/gamemodes/DignitySAMP--Wild-West-Roleplay/gamemodes/data/account/utils/character.pwn	DignitySAMP--Wild-West-Roleplay-source.zip	a0421e67baa8aacca25a60b3305fafdf111abe8757dcd08f07afaacd6740abd3
DignitySAMP/Wild-West-Roleplay	a361bfe07dfb0657037f5de3cc4c0f543a993f36	.references/pawn/gamemodes/DignitySAMP--Wild-West-Roleplay/gamemodes/data/account/ext/intro.pwn	DignitySAMP--Wild-West-Roleplay-source.zip	8b7ed36d6096db36ef868243bcbe7b4d45a758e7df7b29a2848d98630d88883e
DignitySAMP/Wild-West-Roleplay	a361bfe07dfb0657037f5de3cc4c0f543a993f36	.references/pawn/gamemodes/DignitySAMP--Wild-West-Roleplay/gamemodes/data/account/ext/tutorial.pwn	DignitySAMP--Wild-West-Roleplay-source.zip	7424ad909f37c2a2b3107e83b2bae90e7c53a3ac5c8e863de19f49b800be90b5
DignitySAMP/Wild-West-Roleplay	a361bfe07dfb0657037f5de3cc4c0f543a993f36	.references/pawn/gamemodes/DignitySAMP--Wild-West-Roleplay/gamemodes/data/account/ext/quiz.pwn	DignitySAMP--Wild-West-Roleplay-source.zip	958b3b784c1516cea382235ab3222bcfd08c1872fa64d5f1bd7a1722069e630c
DignitySAMP/Wild-West-Roleplay	a361bfe07dfb0657037f5de3cc4c0f543a993f36	.references/pawn/gamemodes/DignitySAMP--Wild-West-Roleplay/gamemodes/data/account/func/register.pwn	DignitySAMP--Wild-West-Roleplay-source.zip	ca96ba84b143f41419aaa58c2cde949f3c1742abfd0bfd67dc87304e17924122
DignitySAMP/Wild-West-Roleplay	a361bfe07dfb0657037f5de3cc4c0f543a993f36	.references/pawn/gamemodes/DignitySAMP--Wild-West-Roleplay/gamemodes/data/account/func/data.pwn	DignitySAMP--Wild-West-Roleplay-source.zip	5ef9975d270764f978a52a9db14ce7b3477a48feb7d48346f5c3ae3bc60d7bbf
DignitySAMP/Wild-West-Roleplay	a361bfe07dfb0657037f5de3cc4c0f543a993f36	.references/pawn/gamemodes/DignitySAMP--Wild-West-Roleplay/gamemodes/data/account/func/spawn.pwn	DignitySAMP--Wild-West-Roleplay-source.zip	b463b067d248b6bc7b3a568b40e2648080d864659600b02e8fb469ae0b3a2a75
DignitySAMP/Wild-West-Roleplay	a361bfe07dfb0657037f5de3cc4c0f543a993f36	.references/pawn/gamemodes/DignitySAMP--Wild-West-Roleplay/gamemodes/data/account/gui/select.pwn	DignitySAMP--Wild-West-Roleplay-source.zip	e6258122e2a3e79cd26372e5799b0bce9159f198089b71f9e39a173f1890068b
DignitySAMP/Wild-West-Roleplay	a361bfe07dfb0657037f5de3cc4c0f543a993f36	.references/pawn/gamemodes/DignitySAMP--Wild-West-Roleplay/gamemodes/data/account/donator/core.pwn	DignitySAMP--Wild-West-Roleplay-source.zip	85360ebba1975571d907f046f2653feca73492cfb406747d7cc59a9fc08bd2f6
DignitySAMP/Wild-West-Roleplay	a361bfe07dfb0657037f5de3cc4c0f543a993f36	.references/pawn/gamemodes/DignitySAMP--Wild-West-Roleplay/gamemodes/data/account/donator/desktop.ini	DignitySAMP--Wild-West-Roleplay-source.zip	c719c3bbc463d1722e94bedaf1479d628fe7fe26d63f97657bb7a4d5c0dfe1c1
DignitySAMP/Wild-West-Roleplay	a361bfe07dfb0657037f5de3cc4c0f543a993f36	.references/pawn/gamemodes/DignitySAMP--Wild-West-Roleplay/gamemodes/data/account/func/cr/func.pwn	DignitySAMP--Wild-West-Roleplay-source.zip	2c6d2f2beca7a24b21acaa15c121bacf38a8ff11692383e512ae757b87fbfc51
DignitySAMP/Wild-West-Roleplay	a361bfe07dfb0657037f5de3cc4c0f543a993f36	.references/pawn/gamemodes/DignitySAMP--Wild-West-Roleplay/gamemodes/data/account/func/cr/tds.pwn	DignitySAMP--Wild-West-Roleplay-source.zip	5196e8ccbd6aa70b7e9e4ead894c743cc0084c08edcc15644af5a6209bed5eb8
DignitySAMP/Wild-West-Roleplay	a361bfe07dfb0657037f5de3cc4c0f543a993f36	.references/pawn/gamemodes/DignitySAMP--Wild-West-Roleplay/gamemodes/data/account/func/cr/td_func.pwn	DignitySAMP--Wild-West-Roleplay-source.zip	63d12b41fe8a8e7ed5127ff0e706efbd026a4cd7e1cb46792a253f284c658ade
DignitySAMP/Wild-West-Roleplay	a361bfe07dfb0657037f5de3cc4c0f543a993f36	.references/pawn/gamemodes/DignitySAMP--Wild-West-Roleplay/gamemodes/data/points/telegram/desktop.ini	DignitySAMP--Wild-West-Roleplay-source.zip	c719c3bbc463d1722e94bedaf1479d628fe7fe26d63f97657bb7a4d5c0dfe1c1
DignitySAMP/Wild-West-Roleplay	a361bfe07dfb0657037f5de3cc4c0f543a993f36	.references/pawn/gamemodes/DignitySAMP--Wild-West-Roleplay/gamemodes/data/points/func/man.pwn	DignitySAMP--Wild-West-Roleplay-source.zip	d9e655710d4c742556b983450d2cf1c37aec5856acc72ea45afd756caa841a21
DignitySAMP/Wild-West-Roleplay	a361bfe07dfb0657037f5de3cc4c0f543a993f36	.references/pawn/gamemodes/DignitySAMP--Wild-West-Roleplay/gamemodes/data/points/func/misc.pwn	DignitySAMP--Wild-West-Roleplay-source.zip	2beaf021eed29a03d7181c531566c788e50bdab74c9a7387360b0b805f3a62ab
DignitySAMP/Wild-West-Roleplay	a361bfe07dfb0657037f5de3cc4c0f543a993f36	.references/pawn/gamemodes/DignitySAMP--Wild-West-Roleplay/gamemodes/data/points/func/data.pwn	DignitySAMP--Wild-West-Roleplay-source.zip	3412306eb597d58af6160c05647de5070cef661447d596c8bec32c669d56ea7f
DignitySAMP/Wild-West-Roleplay	a361bfe07dfb0657037f5de3cc4c0f543a993f36	.references/pawn/gamemodes/DignitySAMP--Wild-West-Roleplay/gamemodes/data/points/func/motel.pwn	DignitySAMP--Wild-West-Roleplay-source.zip	fe72b3c0fbcf1f10da132f634b4b8f233d4965ed7c17c84bdb8990ed2cfc79cc
DignitySAMP/Wild-West-Roleplay	a361bfe07dfb0657037f5de3cc4c0f543a993f36	.references/pawn/gamemodes/DignitySAMP--Wild-West-Roleplay/gamemodes/data/points/furniture/gui.pwn	DignitySAMP--Wild-West-Roleplay-source.zip	c3446cca614a8dfc0a212399cc20487d9665531af53fd91c623e68b0bbc8d250
DignitySAMP/Wild-West-Roleplay	a361bfe07dfb0657037f5de3cc4c0f543a993f36	.references/pawn/gamemodes/DignitySAMP--Wild-West-Roleplay/gamemodes/data/points/furniture/utils.pwn	DignitySAMP--Wild-West-Roleplay-source.zip	fcd37f2e4103975d19203ee73e7626571bb39b0b789a9be8bc273a2cd19323b6
DignitySAMP/Wild-West-Roleplay	a361bfe07dfb0657037f5de3cc4c0f543a993f36	.references/pawn/gamemodes/DignitySAMP--Wild-West-Roleplay/gamemodes/data/points/furniture/func.pwn	DignitySAMP--Wild-West-Roleplay-source.zip	8e844ce1d661f35cc3e56b79d7e50e195ef7e2ed1247459d5cde1916b92009c6
DignitySAMP/Wild-West-Roleplay	a361bfe07dfb0657037f5de3cc4c0f543a993f36	.references/pawn/gamemodes/DignitySAMP--Wild-West-Roleplay/gamemodes/data/points/furniture/data.pwn	DignitySAMP--Wild-West-Roleplay-source.zip	1617ad532d38df843ca1aad93444e1b3a6348ed46ad405fa6535de3c5faffc98
DignitySAMP/Wild-West-Roleplay	a361bfe07dfb0657037f5de3cc4c0f543a993f36	.references/pawn/gamemodes/DignitySAMP--Wild-West-Roleplay/gamemodes/data/points/telegram/func/desktop.ini	DignitySAMP--Wild-West-Roleplay-source.zip	c719c3bbc463d1722e94bedaf1479d628fe7fe26d63f97657bb7a4d5c0dfe1c1
DignitySAMP/Wild-West-Roleplay	a361bfe07dfb0657037f5de3cc4c0f543a993f36	.references/pawn/gamemodes/DignitySAMP--Wild-West-Roleplay/gamemodes/data/points/telegram/func/data.pwn	DignitySAMP--Wild-West-Roleplay-source.zip	bd64ddafb4372e9f2f12b6ffa6e8fb7f78d7b103f6f1da5b553fe5e15e30a352
DignitySAMP/Wild-West-Roleplay	a361bfe07dfb0657037f5de3cc4c0f543a993f36	.references/pawn/gamemodes/DignitySAMP--Wild-West-Roleplay/gamemodes/data/points/func/buy/skins.pwn	DignitySAMP--Wild-West-Roleplay-source.zip	92de732722e1d99377a83d151700cce8efa80e4819956db6e38cc88970a407d3
DignitySAMP/Wild-West-Roleplay	a361bfe07dfb0657037f5de3cc4c0f543a993f36	.references/pawn/gamemodes/DignitySAMP--Wild-West-Roleplay/gamemodes/data/skills/func/swimming.pwn	DignitySAMP--Wild-West-Roleplay-source.zip	a099461eaa492edb5720921da1d6f54853c16ebb5fc56eaf5141b0300181929f
DignitySAMP/Wild-West-Roleplay	a361bfe07dfb0657037f5de3cc4c0f543a993f36	.references/pawn/gamemodes/DignitySAMP--Wild-West-Roleplay/gamemodes/data/skills/func/weapon.pwn	DignitySAMP--Wild-West-Roleplay-source.zip	0b76b43d8112233f42eccd1330134415689098ede984073a7f0559036cafe504
DignitySAMP/Wild-West-Roleplay	a361bfe07dfb0657037f5de3cc4c0f543a993f36	.references/pawn/gamemodes/DignitySAMP--Wild-West-Roleplay/gamemodes/data/skills/func/data.pwn	DignitySAMP--Wild-West-Roleplay-source.zip	f5df7eea96d22d948d7ee80cf6cea482fae0ed5edd3812b46b2bb12baa9b7f59
DignitySAMP/Wild-West-Roleplay	a361bfe07dfb0657037f5de3cc4c0f543a993f36	.references/pawn/gamemodes/DignitySAMP--Wild-West-Roleplay/gamemodes/data/posse/core/cmds.pwn	DignitySAMP--Wild-West-Roleplay-source.zip	185f24f3337cd4fab938330d8cba5103c575917948cc175a65b9a3eb1c1506de
DignitySAMP/Wild-West-Roleplay	a361bfe07dfb0657037f5de3cc4c0f543a993f36	.references/pawn/gamemodes/DignitySAMP--Wild-West-Roleplay/gamemodes/data/posse/func/data.pwn	DignitySAMP--Wild-West-Roleplay-source.zip	785c1cd6a3d3009e1d249624583e72c39d0432f0575b14d60bd487e15b7f38f2
DignitySAMP/Wild-West-Roleplay	a361bfe07dfb0657037f5de3cc4c0f543a993f36	.references/pawn/gamemodes/DignitySAMP--Wild-West-Roleplay/gamemodes/data/posse/posse/poster.pwn	DignitySAMP--Wild-West-Roleplay-source.zip	32e56a5f6431ab30cfdaa1ad5783ae11034c285b78328aa27e6ee262cb5526f8
DignitySAMP/Wild-West-Roleplay	a361bfe07dfb0657037f5de3cc4c0f543a993f36	.references/pawn/gamemodes/DignitySAMP--Wild-West-Roleplay/gamemodes/data/posse/kiosk/desktop.ini	DignitySAMP--Wild-West-Roleplay-source.zip	c719c3bbc463d1722e94bedaf1479d628fe7fe26d63f97657bb7a4d5c0dfe1c1
DignitySAMP/Wild-West-Roleplay	a361bfe07dfb0657037f5de3cc4c0f543a993f36	.references/pawn/gamemodes/DignitySAMP--Wild-West-Roleplay/gamemodes/data/posse/posse/poster/core.pwn	DignitySAMP--Wild-West-Roleplay-source.zip	6b2678fb2a102a43cd0fc420effe08e443dc1d815f28ed6f30427f68b6535960
DignitySAMP/Wild-West-Roleplay	a361bfe07dfb0657037f5de3cc4c0f543a993f36	.references/pawn/gamemodes/DignitySAMP--Wild-West-Roleplay/gamemodes/data/posse/posse/poster/gui.pwn	DignitySAMP--Wild-West-Roleplay-source.zip	18195fa81c079675c568746b63a4d12aa483fe9d5748011300ee3e3ec0a61350
DignitySAMP/Wild-West-Roleplay	a361bfe07dfb0657037f5de3cc4c0f543a993f36	.references/pawn/gamemodes/DignitySAMP--Wild-West-Roleplay/gamemodes/data/posse/posse/cop/core.pwn	DignitySAMP--Wild-West-Roleplay-source.zip	dbfe89cbe1ea9eabe5e06419a8a2acd2c678fa6f94a199139279665ffcbb2e5b
DignitySAMP/Wild-West-Roleplay	a361bfe07dfb0657037f5de3cc4c0f543a993f36	.references/pawn/gamemodes/DignitySAMP--Wild-West-Roleplay/gamemodes/data/posse/posse/cop/charges.pwn	DignitySAMP--Wild-West-Roleplay-source.zip	ebe7c8b7632a73baf2401b1c997c88c301ba0d6539559bf4ecda419e23bf88c9
DignitySAMP/Wild-West-Roleplay	a361bfe07dfb0657037f5de3cc4c0f543a993f36	.references/pawn/gamemodes/DignitySAMP--Wild-West-Roleplay/gamemodes/data/posse/posse/cop/prison.pwn	DignitySAMP--Wild-West-Roleplay-source.zip	fb3a30128aa50de4e5640c984c47ed7a7411c7c6e2580586e93ac8c2062d4123
DignitySAMP/Wild-West-Roleplay	a361bfe07dfb0657037f5de3cc4c0f543a993f36	.references/pawn/gamemodes/DignitySAMP--Wild-West-Roleplay/gamemodes/data/posse/posse/cop/transmittor.pwn	DignitySAMP--Wild-West-Roleplay-source.zip	dcc3c7be6f93d386478328c230ac54360aeed238ce3639006b5702765a8b9c7f
DignitySAMP/Wild-West-Roleplay	a361bfe07dfb0657037f5de3cc4c0f543a993f36	.references/pawn/gamemodes/DignitySAMP--Wild-West-Roleplay/gamemodes/data/posse/kiosk/core/desktop.ini	DignitySAMP--Wild-West-Roleplay-source.zip	c719c3bbc463d1722e94bedaf1479d628fe7fe26d63f97657bb7a4d5c0dfe1c1
DignitySAMP/Wild-West-Roleplay	a361bfe07dfb0657037f5de3cc4c0f543a993f36	.references/pawn/gamemodes/DignitySAMP--Wild-West-Roleplay/gamemodes/data/posse/kiosk/core/cmds.pwn	DignitySAMP--Wild-West-Roleplay-source.zip	49c81b71894fe015b2de33e3935f884b9df0a8adfa3100bf0cc7a7d777150a7e
DignitySAMP/Wild-West-Roleplay	a361bfe07dfb0657037f5de3cc4c0f543a993f36	.references/pawn/gamemodes/DignitySAMP--Wild-West-Roleplay/gamemodes/data/posse/kiosk/func/desktop.ini	DignitySAMP--Wild-West-Roleplay-source.zip	c719c3bbc463d1722e94bedaf1479d628fe7fe26d63f97657bb7a4d5c0dfe1c1
DignitySAMP/Wild-West-Roleplay	a361bfe07dfb0657037f5de3cc4c0f543a993f36	.references/pawn/gamemodes/DignitySAMP--Wild-West-Roleplay/gamemodes/data/posse/kiosk/func/data.pwn	DignitySAMP--Wild-West-Roleplay-source.zip	ce071d0517aa6803b9cc7186bc993a911dcfd9f1240d67dd6bf9b16cdc2a4701
DignitySAMP/Wild-West-Roleplay	a361bfe07dfb0657037f5de3cc4c0f543a993f36	.references/pawn/gamemodes/DignitySAMP--Wild-West-Roleplay/gamemodes/data/staff/mods/core.pwn	DignitySAMP--Wild-West-Roleplay-source.zip	8c66fbf4f72ff6a4d0ef1ec05b07128f32691f0fe683c746e2f59178764caf1d
DignitySAMP/Wild-West-Roleplay	a361bfe07dfb0657037f5de3cc4c0f543a993f36	.references/pawn/gamemodes/DignitySAMP--Wild-West-Roleplay/gamemodes/data/staff/man/core.pwn	DignitySAMP--Wild-West-Roleplay-source.zip	82ad39318bf482a925bfc9d4e2ace2a482c51fae8ae903cc7dd8cbfbb733e337
DignitySAMP/Wild-West-Roleplay	a361bfe07dfb0657037f5de3cc4c0f543a993f36	.references/pawn/gamemodes/DignitySAMP--Wild-West-Roleplay/gamemodes/data/staff/supp/core.pwn	DignitySAMP--Wild-West-Roleplay-source.zip	51e820e5341ed578bb570a93f5402adfb628695ba11864fbbaf3e389579a67ca
DignitySAMP/Wild-West-Roleplay	a361bfe07dfb0657037f5de3cc4c0f543a993f36	.references/pawn/gamemodes/DignitySAMP--Wild-West-Roleplay/gamemodes/data/staff/mods/func/banevading.pwn	DignitySAMP--Wild-West-Roleplay-source.zip	5e4217f2174263f199af0440f7bcaceef46c1485e887d00cc32494d33f348187
DignitySAMP/Wild-West-Roleplay	a361bfe07dfb0657037f5de3cc4c0f543a993f36	.references/pawn/gamemodes/DignitySAMP--Wild-West-Roleplay/gamemodes/data/staff/mods/groups/general.pwn	DignitySAMP--Wild-West-Roleplay-source.zip	b8efe47a74a2f6810e143f9004a99f3e43c67d9a0ab2e3bc3d5c421ebcbe460b
DignitySAMP/Wild-West-Roleplay	a361bfe07dfb0657037f5de3cc4c0f543a993f36	.references/pawn/gamemodes/DignitySAMP--Wild-West-Roleplay/gamemodes/data/staff/mods/groups/trial.pwn	DignitySAMP--Wild-West-Roleplay-source.zip	36147938587e7a7fc76e782db45334d63e749d580c4997a2f7cab1a62d2419be
DignitySAMP/Wild-West-Roleplay	a361bfe07dfb0657037f5de3cc4c0f543a993f36	.references/pawn/gamemodes/DignitySAMP--Wild-West-Roleplay/gamemodes/data/staff/mods/groups/advanced.pwn	DignitySAMP--Wild-West-Roleplay-source.zip	582b473bd728caff16a7036b46efaa187204823f6b969f6f63af0c5306474a42
DignitySAMP/Wild-West-Roleplay	a361bfe07dfb0657037f5de3cc4c0f543a993f36	.references/pawn/gamemodes/DignitySAMP--Wild-West-Roleplay/gamemodes/data/staff/mods/groups/basic.pwn	DignitySAMP--Wild-West-Roleplay-source.zip	468f73319ada824ee3b4db1de788e3499280b5e0bcd318614998749235e88aef
DignitySAMP/Wild-West-Roleplay	a361bfe07dfb0657037f5de3cc4c0f543a993f36	.references/pawn/gamemodes/DignitySAMP--Wild-West-Roleplay/gamemodes/data/staff/supp/groups/faction.pwn	DignitySAMP--Wild-West-Roleplay-source.zip	e3b0c44298fc1c149afbf4c8996fb92427ae41e4649b934ca495991b7852b855
DignitySAMP/Wild-West-Roleplay	a361bfe07dfb0657037f5de3cc4c0f543a993f36	.references/pawn/gamemodes/DignitySAMP--Wild-West-Roleplay/gamemodes/data/staff/supp/groups/devs.pwn	DignitySAMP--Wild-West-Roleplay-source.zip	e3b0c44298fc1c149afbf4c8996fb92427ae41e4649b934ca495991b7852b855
DignitySAMP/Wild-West-Roleplay	a361bfe07dfb0657037f5de3cc4c0f543a993f36	.references/pawn/gamemodes/DignitySAMP--Wild-West-Roleplay/gamemodes/data/staff/supp/groups/mappers.pwn	DignitySAMP--Wild-West-Roleplay-source.zip	e3b0c44298fc1c149afbf4c8996fb92427ae41e4649b934ca495991b7852b855
DignitySAMP/Wild-West-Roleplay	a361bfe07dfb0657037f5de3cc4c0f543a993f36	.references/pawn/gamemodes/DignitySAMP--Wild-West-Roleplay/gamemodes/data/staff/supp/groups/event.pwn	DignitySAMP--Wild-West-Roleplay-source.zip	e3b0c44298fc1c149afbf4c8996fb92427ae41e4649b934ca495991b7852b855
DignitySAMP/Wild-West-Roleplay	a361bfe07dfb0657037f5de3cc4c0f543a993f36	.references/pawn/gamemodes/DignitySAMP--Wild-West-Roleplay/gamemodes/data/actors/core/cmds.pwn	DignitySAMP--Wild-West-Roleplay-source.zip	0b26855f7481f6542f82deeb2cf10a5cf7ccde76672258600dded1e8141dcdeb
DignitySAMP/Wild-West-Roleplay	a361bfe07dfb0657037f5de3cc4c0f543a993f36	.references/pawn/gamemodes/DignitySAMP--Wild-West-Roleplay/gamemodes/func/anticheat/core.pwn	DignitySAMP--Wild-West-Roleplay-source.zip	5f7211f0b83d47b162067e39b5847f2d90ee810a5b6fe3a2471fc66f9d6a0602
DignitySAMP/Wild-West-Roleplay	a361bfe07dfb0657037f5de3cc4c0f543a993f36	.references/pawn/gamemodes/DignitySAMP--Wild-West-Roleplay/gamemodes/func/anticheat/core[Conflict].pwn	DignitySAMP--Wild-West-Roleplay-source.zip	4eb287fc749b46e4d8bf4b897c2a1e058e56c95338abad4dc62cb7cbceddc615
DignitySAMP/Wild-West-Roleplay	a361bfe07dfb0657037f5de3cc4c0f543a993f36	.references/pawn/gamemodes/DignitySAMP--Wild-West-Roleplay/gamemodes/func/injury/splats.pwn	DignitySAMP--Wild-West-Roleplay-source.zip	82b1c63aefb75f585145d6d3843b7c0faabfead08903f46b982707aea30d90c3
DignitySAMP/Wild-West-Roleplay	a361bfe07dfb0657037f5de3cc4c0f543a993f36	.references/pawn/gamemodes/DignitySAMP--Wild-West-Roleplay/gamemodes/func/injury/core.pwn	DignitySAMP--Wild-West-Roleplay-source.zip	5dc32b300062788f8b7600785b7c887d7456fa179bda84c54810bc179727061d
DignitySAMP/Wild-West-Roleplay	a361bfe07dfb0657037f5de3cc4c0f543a993f36	.references/pawn/gamemodes/DignitySAMP--Wild-West-Roleplay/gamemodes/func/injury/showinjury.pwn	DignitySAMP--Wild-West-Roleplay-source.zip	5c92510b418aa0180820a75ef19199c8efac3a79622dafb1edb3dad11ab7a71e
DignitySAMP/Wild-West-Roleplay	a361bfe07dfb0657037f5de3cc4c0f543a993f36	.references/pawn/gamemodes/DignitySAMP--Wild-West-Roleplay/gamemodes/func/anims/core.pwn	DignitySAMP--Wild-West-Roleplay-source.zip	a77da98972b897531cbf1e69b95d44ee429cb8f1eb39aeca4c804b2c6e6b14f3
DignitySAMP/Wild-West-Roleplay	a361bfe07dfb0657037f5de3cc4c0f543a993f36	.references/pawn/gamemodes/DignitySAMP--Wild-West-Roleplay/gamemodes/func/campfires/utils.pwn	DignitySAMP--Wild-West-Roleplay-source.zip	fe47bc582dce9ce3e317b1e15ce5c7e60a823f322c202822c119f8538e23d6ac
DignitySAMP/Wild-West-Roleplay	a361bfe07dfb0657037f5de3cc4c0f543a993f36	.references/pawn/gamemodes/DignitySAMP--Wild-West-Roleplay/gamemodes/func/campfires/func.pwn	DignitySAMP--Wild-West-Roleplay-source.zip	bd23be7ab53101a5af3f09a2c6ac88d056593c505f788b75f1d79d5bc822db5a
DignitySAMP/Wild-West-Roleplay	a361bfe07dfb0657037f5de3cc4c0f543a993f36	.references/pawn/gamemodes/DignitySAMP--Wild-West-Roleplay/gamemodes/func/campfires/data.pwn	DignitySAMP--Wild-West-Roleplay-source.zip	6b224b0d21a7c1b1ace1842298eda84e081cbbfa88667953958781c8fef88c6b
DignitySAMP/Wild-West-Roleplay	a361bfe07dfb0657037f5de3cc4c0f543a993f36	.references/pawn/gamemodes/DignitySAMP--Wild-West-Roleplay/gamemodes/func/campfires/header.pwn	DignitySAMP--Wild-West-Roleplay-source.zip	27ec09f8eceffc795ba256def00b374e6088e294d851d0a611ad04aa5dbfff46
DignitySAMP/Wild-West-Roleplay	a361bfe07dfb0657037f5de3cc4c0f543a993f36	.references/pawn/gamemodes/DignitySAMP--Wild-West-Roleplay/gamemodes/func/jobs/core.pwn	DignitySAMP--Wild-West-Roleplay-source.zip	eda08a4285cac48e6d6d93f602993b7dfd3197a03d42e51e7d9a38ae1d88bc11
DignitySAMP/Wild-West-Roleplay	a361bfe07dfb0657037f5de3cc4c0f543a993f36	.references/pawn/gamemodes/DignitySAMP--Wild-West-Roleplay/gamemodes/func/attachments/core.pwn	DignitySAMP--Wild-West-Roleplay-source.zip	2d551034ca8ae3c1c9be8431e1be38ca676020a8178e61bdc6ee9c4265c6ad79
DignitySAMP/Wild-West-Roleplay	a361bfe07dfb0657037f5de3cc4c0f543a993f36	.references/pawn/gamemodes/DignitySAMP--Wild-West-Roleplay/gamemodes/func/attachments/desktop.ini	DignitySAMP--Wild-West-Roleplay-source.zip	c719c3bbc463d1722e94bedaf1479d628fe7fe26d63f97657bb7a4d5c0dfe1c1
DignitySAMP/Wild-West-Roleplay	a361bfe07dfb0657037f5de3cc4c0f543a993f36	.references/pawn/gamemodes/DignitySAMP--Wild-West-Roleplay/gamemodes/func/attachments/func.pwn	DignitySAMP--Wild-West-Roleplay-source.zip	dad1eaf7b95ff63fd78f8fd43499c43eeee848ce37755d87acd350cba8afa22e
DignitySAMP/Wild-West-Roleplay	a361bfe07dfb0657037f5de3cc4c0f543a993f36	.references/pawn/gamemodes/DignitySAMP--Wild-West-Roleplay/gamemodes/func/attachments/store.pwn	DignitySAMP--Wild-West-Roleplay-source.zip	471e036a381e084f3907c463253ff58f6ab81dfb7e555aeded7afac0f5c3bd26
DignitySAMP/Wild-West-Roleplay	a361bfe07dfb0657037f5de3cc4c0f543a993f36	.references/pawn/gamemodes/DignitySAMP--Wild-West-Roleplay/gamemodes/func/attachments/data.pwn	DignitySAMP--Wild-West-Roleplay-source.zip	591cc9e19f5afacf4ee1d9ea8f59e90ac27d4cc77158f631a8f98b5c14ed84bc
DignitySAMP/Wild-West-Roleplay	a361bfe07dfb0657037f5de3cc4c0f543a993f36	.references/pawn/gamemodes/DignitySAMP--Wild-West-Roleplay/gamemodes/func/lottery/core.pwn	DignitySAMP--Wild-West-Roleplay-source.zip	64fa7b981a4993e14c86c2f716be1824aeed6a92a6e84405b5eb3bf8c661235e
DignitySAMP/Wild-West-Roleplay	a361bfe07dfb0657037f5de3cc4c0f543a993f36	.references/pawn/gamemodes/DignitySAMP--Wild-West-Roleplay/gamemodes/func/lottery/desktop.ini	DignitySAMP--Wild-West-Roleplay-source.zip	c719c3bbc463d1722e94bedaf1479d628fe7fe26d63f97657bb7a4d5c0dfe1c1
DignitySAMP/Wild-West-Roleplay	a361bfe07dfb0657037f5de3cc4c0f543a993f36	.references/pawn/gamemodes/DignitySAMP--Wild-West-Roleplay/gamemodes/func/misc/core.pwn	DignitySAMP--Wild-West-Roleplay-source.zip	a82e273af06abf967fe73e5329d85d5c4977071a05a8f77be2bf99ba2f6c389b
DignitySAMP/Wild-West-Roleplay	a361bfe07dfb0657037f5de3cc4c0f543a993f36	.references/pawn/gamemodes/DignitySAMP--Wild-West-Roleplay/gamemodes/func/labels/utils.pwn	DignitySAMP--Wild-West-Roleplay-source.zip	2e01fe4f93b2f7d8a0ce933015662c259378bdd3d49c22225e9c81d3b8706efe
DignitySAMP/Wild-West-Roleplay	a361bfe07dfb0657037f5de3cc4c0f543a993f36	.references/pawn/gamemodes/DignitySAMP--Wild-West-Roleplay/gamemodes/func/labels/func.pwn	DignitySAMP--Wild-West-Roleplay-source.zip	a0b914947914c8049f8dcb607d12298b3ee4cc5d492fd9eeef8c88e9490706b7
DignitySAMP/Wild-West-Roleplay	a361bfe07dfb0657037f5de3cc4c0f543a993f36	.references/pawn/gamemodes/DignitySAMP--Wild-West-Roleplay/gamemodes/func/labels/data.pwn	DignitySAMP--Wild-West-Roleplay-source.zip	e768479ebb89e35ba23b37a395ee15bfc20238e05a26b054f808c597ae119013
DignitySAMP/Wild-West-Roleplay	a361bfe07dfb0657037f5de3cc4c0f543a993f36	.references/pawn/gamemodes/DignitySAMP--Wild-West-Roleplay/gamemodes/func/labels/header.pwn	DignitySAMP--Wild-West-Roleplay-source.zip	3e302b67ede3b340fc05a5e8e83402d6dc7c960345005cf80c99a69608d0b93a
DignitySAMP/Wild-West-Roleplay	a361bfe07dfb0657037f5de3cc4c0f543a993f36	.references/pawn/gamemodes/DignitySAMP--Wild-West-Roleplay/gamemodes/func/nametags/core.pwn	DignitySAMP--Wild-West-Roleplay-source.zip	bb07e759d9f0e72309afb1a3ab28f45e35558ed22eb8e7bcc867a3cbeb1295ac
DignitySAMP/Wild-West-Roleplay	a361bfe07dfb0657037f5de3cc4c0f543a993f36	.references/pawn/gamemodes/DignitySAMP--Wild-West-Roleplay/gamemodes/func/object/core.pwn	DignitySAMP--Wild-West-Roleplay-source.zip	79cbec2c69b34c88d862998ce8cfdb0e5f42c91bbb862d6f225b089ca98940ab
DignitySAMP/Wild-West-Roleplay	a361bfe07dfb0657037f5de3cc4c0f543a993f36	.references/pawn/gamemodes/DignitySAMP--Wild-West-Roleplay/gamemodes/func/anticheat/utils/airbreak	DignitySAMP--Wild-West-Roleplay-source.zip	e3cc3791af9f742292030dc4f100650cf6abe6d83635262e92b226652b60d257
DignitySAMP/Wild-West-Roleplay	a361bfe07dfb0657037f5de3cc4c0f543a993f36	.references/pawn/gamemodes/DignitySAMP--Wild-West-Roleplay/gamemodes/func/anticheat/utils/airbreak.pwn	DignitySAMP--Wild-West-Roleplay-source.zip	aa8dc7ca854f03dde7d768b20fa6286f55e3cc39c6d6623773020a1be21d6e11
DignitySAMP/Wild-West-Roleplay	a361bfe07dfb0657037f5de3cc4c0f543a993f36	.references/pawn/gamemodes/DignitySAMP--Wild-West-Roleplay/gamemodes/func/injury/blood/trail.pwn	DignitySAMP--Wild-West-Roleplay-source.zip	f9cd134fe12faed303d0894c56cb71404d72a5013b35b924e7f5d2a7689784e2
DignitySAMP/Wild-West-Roleplay	a361bfe07dfb0657037f5de3cc4c0f543a993f36	.references/pawn/gamemodes/DignitySAMP--Wild-West-Roleplay/gamemodes/func/injury/blood/splatter.pwn	DignitySAMP--Wild-West-Roleplay-source.zip	9d3bd68ea8e31621f55ea6035d06d9ae2338a5418ee946ed083af08355a3c5aa
DignitySAMP/Wild-West-Roleplay	a361bfe07dfb0657037f5de3cc4c0f543a993f36	.references/pawn/gamemodes/DignitySAMP--Wild-West-Roleplay/gamemodes/func/injury/health/health.pwn	DignitySAMP--Wild-West-Roleplay-source.zip	6dd35462227f0639dface7cf1c2972b8d4d1621710a622d1b2c553d31ae502f6
DignitySAMP/Wild-West-Roleplay	a361bfe07dfb0657037f5de3cc4c0f543a993f36	.references/pawn/gamemodes/DignitySAMP--Wild-West-Roleplay/gamemodes/func/injury/health/fire.pwn	DignitySAMP--Wild-West-Roleplay-source.zip	f65e91bb0dc23db4e0b9a8ddec83c225627013aa753789e9dbf03780526d18e3
DignitySAMP/Wild-West-Roleplay	a361bfe07dfb0657037f5de3cc4c0f543a993f36	.references/pawn/gamemodes/DignitySAMP--Wild-West-Roleplay/gamemodes/func/injury/damage/injuries.pwn	DignitySAMP--Wild-West-Roleplay-source.zip	344f372567b95bf323e641fe421b36263194f5c24b2fd3e21cdef8e209049f4e
DignitySAMP/Wild-West-Roleplay	a361bfe07dfb0657037f5de3cc4c0f543a993f36	.references/pawn/gamemodes/DignitySAMP--Wild-West-Roleplay/gamemodes/func/injury/death/corpse.pwn	DignitySAMP--Wild-West-Roleplay-source.zip	c9b9cac34243e60dbf1ea17310d92d43a8f3cb16444b2dd89b548f3b4eb10363
DignitySAMP/Wild-West-Roleplay	a361bfe07dfb0657037f5de3cc4c0f543a993f36	.references/pawn/gamemodes/DignitySAMP--Wild-West-Roleplay/gamemodes/func/anims/func/anims.pwn	DignitySAMP--Wild-West-Roleplay-source.zip	dbccfb3840972c8df1ff143a78f2b806f1ac86639f4784f3d367d7f970a50f03
DignitySAMP/Wild-West-Roleplay	a361bfe07dfb0657037f5de3cc4c0f543a993f36	.references/pawn/gamemodes/DignitySAMP--Wild-West-Roleplay/gamemodes/func/anims/func/handler.pwn	DignitySAMP--Wild-West-Roleplay-source.zip	fc166fd8ef8fc5e9bd032fa175f747c61e1cb76e6207a92d6e0288b255b500cf
DignitySAMP/Wild-West-Roleplay	a361bfe07dfb0657037f5de3cc4c0f543a993f36	.references/pawn/gamemodes/DignitySAMP--Wild-West-Roleplay/gamemodes/func/anims/func/preload.pwn	DignitySAMP--Wild-West-Roleplay-source.zip	5544e663c82a18c7fe8ed62c3d085d9a4774824587a948fc6f0aa9f92c39a659
DignitySAMP/Wild-West-Roleplay	a361bfe07dfb0657037f5de3cc4c0f543a993f36	.references/pawn/gamemodes/DignitySAMP--Wild-West-Roleplay/gamemodes/func/jobs/lumber/core.pwn	DignitySAMP--Wild-West-Roleplay-source.zip	a76298afc37f0e4a96edf6967e26c2eb8fb61e61b589261c45bf9ac7c80e3af5
DignitySAMP/Wild-West-Roleplay	a361bfe07dfb0657037f5de3cc4c0f543a993f36	.references/pawn/gamemodes/DignitySAMP--Wild-West-Roleplay/gamemodes/func/jobs/fishing/core.pwn	DignitySAMP--Wild-West-Roleplay-source.zip	085211aa3af687643fdc9cb477153d898e91366b717077369eb8063078d08472
DignitySAMP/Wild-West-Roleplay	a361bfe07dfb0657037f5de3cc4c0f543a993f36	.references/pawn/gamemodes/DignitySAMP--Wild-West-Roleplay/gamemodes/func/jobs/mining/core.pwn	DignitySAMP--Wild-West-Roleplay-source.zip	03f2f38af4188973cae8db31d4fb79537816bbe73d6d414b7598e743059e6dc6
DignitySAMP/Wild-West-Roleplay	a361bfe07dfb0657037f5de3cc4c0f543a993f36	.references/pawn/gamemodes/DignitySAMP--Wild-West-Roleplay/gamemodes/func/lottery/func/desktop.ini	DignitySAMP--Wild-West-Roleplay-source.zip	c719c3bbc463d1722e94bedaf1479d628fe7fe26d63f97657bb7a4d5c0dfe1c1
DignitySAMP/Wild-West-Roleplay	a361bfe07dfb0657037f5de3cc4c0f543a993f36	.references/pawn/gamemodes/DignitySAMP--Wild-West-Roleplay/gamemodes/func/lottery/func/data.pwn	DignitySAMP--Wild-West-Roleplay-source.zip	2e931eb924231ee672f327e88011f29ad1bd7a118efffcd9394206aee622899d
DignitySAMP/Wild-West-Roleplay	a361bfe07dfb0657037f5de3cc4c0f543a993f36	.references/pawn/gamemodes/DignitySAMP--Wild-West-Roleplay/gamemodes/func/misc/func/attributes.pwn	DignitySAMP--Wild-West-Roleplay-source.zip	9564e0581fbcc60b08be1a92efc32a1f7e416234da5b9cb4456192e1844a5b41
DignitySAMP/Wild-West-Roleplay	a361bfe07dfb0657037f5de3cc4c0f543a993f36	.references/pawn/gamemodes/DignitySAMP--Wild-West-Roleplay/gamemodes/func/misc/func/motds.pwn	DignitySAMP--Wild-West-Roleplay-source.zip	8a67c7dd441b643f4c040b4a22b99d4b8c224e6c279d1ab30ba0f9b4cba174f3
DignitySAMP/Wild-West-Roleplay	a361bfe07dfb0657037f5de3cc4c0f543a993f36	.references/pawn/gamemodes/DignitySAMP--Wild-West-Roleplay/gamemodes/func/misc/func/antispam.pwn	DignitySAMP--Wild-West-Roleplay-source.zip	38a3a67e41fa3696a077199021c35e57e546f571ffa90f3c4c62bbc17199c346
DignitySAMP/Wild-West-Roleplay	a361bfe07dfb0657037f5de3cc4c0f543a993f36	.references/pawn/gamemodes/DignitySAMP--Wild-West-Roleplay/gamemodes/func/misc/func/gunshells.pwn	DignitySAMP--Wild-West-Roleplay-source.zip	03545d80ced22b5d747f6013353912a947211feaac1c0ad38bd3a086835307cb
DignitySAMP/Wild-West-Roleplay	a361bfe07dfb0657037f5de3cc4c0f543a993f36	.references/pawn/gamemodes/DignitySAMP--Wild-West-Roleplay/gamemodes/func/misc/func/time.pwn	DignitySAMP--Wild-West-Roleplay-source.zip	a682f0f9dd55b1a15eb2dbe9701e7a71574d2389e9b92ace9289d3f086ad9e7e
DignitySAMP/Wild-West-Roleplay	a361bfe07dfb0657037f5de3cc4c0f543a993f36	.references/pawn/gamemodes/DignitySAMP--Wild-West-Roleplay/gamemodes/func/misc/func/shakehands.pwn	DignitySAMP--Wild-West-Roleplay-source.zip	08ff397458496a3a7939ffe67b51ef5da51b09309c7c2b89bee181c91ad358e0
DignitySAMP/Wild-West-Roleplay	a361bfe07dfb0657037f5de3cc4c0f543a993f36	.references/pawn/gamemodes/DignitySAMP--Wild-West-Roleplay/gamemodes/func/misc/func/pause.pwn	DignitySAMP--Wild-West-Roleplay-source.zip	f913e04fd2aceccbf8b5f225c1b537c34e88b573779d0f1b0b4b523111e83492
DignitySAMP/Wild-West-Roleplay	a361bfe07dfb0657037f5de3cc4c0f543a993f36	.references/pawn/gamemodes/DignitySAMP--Wild-West-Roleplay/gamemodes/func/misc/func/mask.pwn	DignitySAMP--Wild-West-Roleplay-source.zip	634343bfc23c134ff7176f9e24db78bbfa454178598aa7559fcd062d606bd24f
DignitySAMP/Wild-West-Roleplay	a361bfe07dfb0657037f5de3cc4c0f543a993f36	.references/pawn/gamemodes/DignitySAMP--Wild-West-Roleplay/gamemodes/func/misc/func/fader.pwn	DignitySAMP--Wild-West-Roleplay-source.zip	2ff5e4ba9f68bdcfd233528be74c895124fc2ea24a211a2a83bb37896ec66c83
DignitySAMP/Wild-West-Roleplay	a361bfe07dfb0657037f5de3cc4c0f543a993f36	.references/pawn/gamemodes/DignitySAMP--Wild-West-Roleplay/gamemodes/func/object/dynamic/maploader.pwn	DignitySAMP--Wild-West-Roleplay-source.zip	77e53fdc31c1bfa36f0b32adc86e0d57ac05107441b6dc9715d79b6d404ca0c3
DignitySAMP/Wild-West-Roleplay	a361bfe07dfb0657037f5de3cc4c0f543a993f36	.references/pawn/gamemodes/DignitySAMP--Wild-West-Roleplay/gamemodes/func/object/dynamic/foilage.pwn	DignitySAMP--Wild-West-Roleplay-source.zip	4f678f23a779bb5bb6669fea1c7368e30562ca4f71e170b1627ec7d4cb50a05c
DignitySAMP/Wild-West-Roleplay	a361bfe07dfb0657037f5de3cc4c0f543a993f36	.references/pawn/gamemodes/DignitySAMP--Wild-West-Roleplay/gamemodes/func/object/dynamic/gate.pwn	DignitySAMP--Wild-West-Roleplay-source.zip	56956c75335878152b1f65ec6a7c282055dd25e4e15d6e36f99ae477b4ea2fec
DignitySAMP/Wild-West-Roleplay	a361bfe07dfb0657037f5de3cc4c0f543a993f36	.references/pawn/gamemodes/DignitySAMP--Wild-West-Roleplay/gamemodes/func/object/static/roads - kopie.pwn	DignitySAMP--Wild-West-Roleplay-source.zip	df83e0c48fc4816099c6aa7599435431441d170a2f22e8d6ad15b41d82e96c91
DignitySAMP/Wild-West-Roleplay	a361bfe07dfb0657037f5de3cc4c0f543a993f36	.references/pawn/gamemodes/DignitySAMP--Wild-West-Roleplay/gamemodes/func/object/static/roads.pwn	DignitySAMP--Wild-West-Roleplay-source.zip	e8b10f90077e1a2e2924d6e4b49952a6ba7277e5b34b14cd3a0fe65f7c4c91ae
DignitySAMP/Wild-West-Roleplay	a361bfe07dfb0657037f5de3cc4c0f543a993f36	.references/pawn/gamemodes/DignitySAMP--Wild-West-Roleplay/gamemodes/func/object/static/noprops.pwn	DignitySAMP--Wild-West-Roleplay-source.zip	28488ec303779acacd821996cbfa63815b239807db8acdff3a56ef9423060fc6
DignitySAMP/Wild-West-Roleplay	a361bfe07dfb0657037f5de3cc4c0f543a993f36	.references/pawn/gamemodes/DignitySAMP--Wild-West-Roleplay/models/mbexports/index.html	DignitySAMP--Wild-West-Roleplay-source.zip	36a9e7f1c95b82ffb99743e0c5c4ce95d83c9a430aac59f84ef3cbfab6145068
DignitySAMP/Wild-West-Roleplay	a361bfe07dfb0657037f5de3cc4c0f543a993f36	.references/pawn/gamemodes/DignitySAMP--Wild-West-Roleplay/models/banners/index.html	DignitySAMP--Wild-West-Roleplay-source.zip	36a9e7f1c95b82ffb99743e0c5c4ce95d83c9a430aac59f84ef3cbfab6145068
DignitySAMP/Wild-West-Roleplay	a361bfe07dfb0657037f5de3cc4c0f543a993f36	.references/pawn/gamemodes/DignitySAMP--Wild-West-Roleplay/models/weps/index.html	DignitySAMP--Wild-West-Roleplay-source.zip	36a9e7f1c95b82ffb99743e0c5c4ce95d83c9a430aac59f84ef3cbfab6145068
DignitySAMP/Wild-West-Roleplay	a361bfe07dfb0657037f5de3cc4c0f543a993f36	.references/pawn/gamemodes/DignitySAMP--Wild-West-Roleplay/models/cups/index.html	DignitySAMP--Wild-West-Roleplay-source.zip	36a9e7f1c95b82ffb99743e0c5c4ce95d83c9a430aac59f84ef3cbfab6145068
DignitySAMP/Wild-West-Roleplay	a361bfe07dfb0657037f5de3cc4c0f543a993f36	.references/pawn/gamemodes/DignitySAMP--Wild-West-Roleplay/models/lsrpk/desktop.ini	DignitySAMP--Wild-West-Roleplay-source.zip	79b671e572ede9311c8f8e43441cd51e0b5329dd178f28c566eaf95b25d3efe1
DignitySAMP/Wild-West-Roleplay	a361bfe07dfb0657037f5de3cc4c0f543a993f36	.references/pawn/gamemodes/DignitySAMP--Wild-West-Roleplay/models/guns/dismantled_revolver.mtl	DignitySAMP--Wild-West-Roleplay-source.zip	8340603e718ca8728320193dc4a87a91513584892b641f9a0707749a3803b634
DignitySAMP/Wild-West-Roleplay	a361bfe07dfb0657037f5de3cc4c0f543a993f36	.references/pawn/gamemodes/DignitySAMP--Wild-West-Roleplay/models/guns/dismantled_revolver.obj	DignitySAMP--Wild-West-Roleplay-source.zip	d53d83f4d9438b21d7579b3d855ff42d4b807c11b10cd4a8f7c366ed7a330275
DignitySAMP/Wild-West-Roleplay	a361bfe07dfb0657037f5de3cc4c0f543a993f36	.references/pawn/gamemodes/DignitySAMP--Wild-West-Roleplay/models/horses/index.html	DignitySAMP--Wild-West-Roleplay-source.zip	36a9e7f1c95b82ffb99743e0c5c4ce95d83c9a430aac59f84ef3cbfab6145068
DignitySAMP/Wild-West-Roleplay	a361bfe07dfb0657037f5de3cc4c0f543a993f36	.references/pawn/gamemodes/DignitySAMP--Wild-West-Roleplay/models/mbexports2/index.html	DignitySAMP--Wild-West-Roleplay-source.zip	36a9e7f1c95b82ffb99743e0c5c4ce95d83c9a430aac59f84ef3cbfab6145068
DignitySAMP/Wild-West-Roleplay	a361bfe07dfb0657037f5de3cc4c0f543a993f36	.references/pawn/gamemodes/DignitySAMP--Wild-West-Roleplay/models/wep/index.html	DignitySAMP--Wild-West-Roleplay-source.zip	36a9e7f1c95b82ffb99743e0c5c4ce95d83c9a430aac59f84ef3cbfab6145068
DignitySAMP/Wild-West-Roleplay	a361bfe07dfb0657037f5de3cc4c0f543a993f36	.references/pawn/gamemodes/DignitySAMP--Wild-West-Roleplay/models/castles/index.html	DignitySAMP--Wild-West-Roleplay-source.zip	36a9e7f1c95b82ffb99743e0c5c4ce95d83c9a430aac59f84ef3cbfab6145068
DignitySAMP/Wild-West-Roleplay	a361bfe07dfb0657037f5de3cc4c0f543a993f36	.references/pawn/gamemodes/DignitySAMP--Wild-West-Roleplay/models/weapons/index.html	DignitySAMP--Wild-West-Roleplay-source.zip	36a9e7f1c95b82ffb99743e0c5c4ce95d83c9a430aac59f84ef3cbfab6145068
DignitySAMP/Wild-West-Roleplay	a361bfe07dfb0657037f5de3cc4c0f543a993f36	.references/pawn/gamemodes/DignitySAMP--Wild-West-Roleplay/models/char_customs/faces.txt	DignitySAMP--Wild-West-Roleplay-source.zip	8e61b66ac00ef1e8e3cc1cc4ac6d9bc1a1764c1788c2e766fceb1592c29d14d3
DignitySAMP/Wild-West-Roleplay	a361bfe07dfb0657037f5de3cc4c0f543a993f36	.references/pawn/gamemodes/DignitySAMP--Wild-West-Roleplay/models/houses/index.html	DignitySAMP--Wild-West-Roleplay-source.zip	36a9e7f1c95b82ffb99743e0c5c4ce95d83c9a430aac59f84ef3cbfab6145068
DignitySAMP/Wild-West-Roleplay	a361bfe07dfb0657037f5de3cc4c0f543a993f36	.references/pawn/gamemodes/DignitySAMP--Wild-West-Roleplay/models/skins/index.html	DignitySAMP--Wild-West-Roleplay-source.zip	36a9e7f1c95b82ffb99743e0c5c4ce95d83c9a430aac59f84ef3cbfab6145068
DignitySAMP/Wild-West-Roleplay	a361bfe07dfb0657037f5de3cc4c0f543a993f36	.references/pawn/gamemodes/DignitySAMP--Wild-West-Roleplay/models/mbexports3/index.html	DignitySAMP--Wild-West-Roleplay-source.zip	36a9e7f1c95b82ffb99743e0c5c4ce95d83c9a430aac59f84ef3cbfab6145068
DignitySAMP/Wild-West-Roleplay	a361bfe07dfb0657037f5de3cc4c0f543a993f36	.references/pawn/gamemodes/DignitySAMP--Wild-West-Roleplay/models/mounts/horses/index.html	DignitySAMP--Wild-West-Roleplay-source.zip	36a9e7f1c95b82ffb99743e0c5c4ce95d83c9a430aac59f84ef3cbfab6145068
DignitySAMP/Wild-West-Roleplay	a361bfe07dfb0657037f5de3cc4c0f543a993f36	.references/pawn/gamemodes/DignitySAMP--Wild-West-Roleplay/models/mounts/horses/walk/index.html	DignitySAMP--Wild-West-Roleplay-source.zip	36a9e7f1c95b82ffb99743e0c5c4ce95d83c9a430aac59f84ef3cbfab6145068
DignitySAMP/Wild-West-Roleplay	a361bfe07dfb0657037f5de3cc4c0f543a993f36	.references/pawn/gamemodes/DignitySAMP--Wild-West-Roleplay/models/mounts/horses/gallop/index.html	DignitySAMP--Wild-West-Roleplay-source.zip	36a9e7f1c95b82ffb99743e0c5c4ce95d83c9a430aac59f84ef3cbfab6145068
DignitySAMP/Wild-West-Roleplay	a361bfe07dfb0657037f5de3cc4c0f543a993f36	.references/pawn/gamemodes/DignitySAMP--Wild-West-Roleplay/models/mounts/horses/m&b/index.html	DignitySAMP--Wild-West-Roleplay-source.zip	36a9e7f1c95b82ffb99743e0c5c4ce95d83c9a430aac59f84ef3cbfab6145068
DignitySAMP/Wild-West-Roleplay	a361bfe07dfb0657037f5de3cc4c0f543a993f36	.references/pawn/gamemodes/DignitySAMP--Wild-West-Roleplay/models/mounts/horses/idle/index.html	DignitySAMP--Wild-West-Roleplay-source.zip	36a9e7f1c95b82ffb99743e0c5c4ce95d83c9a430aac59f84ef3cbfab6145068
DignitySAMP/Wild-West-Roleplay	a361bfe07dfb0657037f5de3cc4c0f543a993f36	.references/pawn/gamemodes/DignitySAMP--Wild-West-Roleplay/models/mounts/horses/sprint/index.html	DignitySAMP--Wild-West-Roleplay-source.zip	36a9e7f1c95b82ffb99743e0c5c4ce95d83c9a430aac59f84ef3cbfab6145068
DignitySAMP/Wild-West-Roleplay	a361bfe07dfb0657037f5de3cc4c0f543a993f36	.references/pawn/gamemodes/DignitySAMP--Wild-West-Roleplay/models/mounts/horses/walk/walk_old/index.html	DignitySAMP--Wild-West-Roleplay-source.zip	36a9e7f1c95b82ffb99743e0c5c4ce95d83c9a430aac59f84ef3cbfab6145068
DignitySAMP/Wild-West-Roleplay	a361bfe07dfb0657037f5de3cc4c0f543a993f36	.references/pawn/gamemodes/DignitySAMP--Wild-West-Roleplay/models/weps/bow/index.html	DignitySAMP--Wild-West-Roleplay-source.zip	36a9e7f1c95b82ffb99743e0c5c4ce95d83c9a430aac59f84ef3cbfab6145068
DignitySAMP/Wild-West-Roleplay	a361bfe07dfb0657037f5de3cc4c0f543a993f36	.references/pawn/gamemodes/DignitySAMP--Wild-West-Roleplay/models/weps/blunt/index.html	DignitySAMP--Wild-West-Roleplay-source.zip	36a9e7f1c95b82ffb99743e0c5c4ce95d83c9a430aac59f84ef3cbfab6145068
DignitySAMP/Wild-West-Roleplay	a361bfe07dfb0657037f5de3cc4c0f543a993f36	.references/pawn/gamemodes/DignitySAMP--Wild-West-Roleplay/models/weps/axes/index.html	DignitySAMP--Wild-West-Roleplay-source.zip	36a9e7f1c95b82ffb99743e0c5c4ce95d83c9a430aac59f84ef3cbfab6145068
DignitySAMP/Wild-West-Roleplay	a361bfe07dfb0657037f5de3cc4c0f543a993f36	.references/pawn/gamemodes/DignitySAMP--Wild-West-Roleplay/models/weps/longswords/index.html	DignitySAMP--Wild-West-Roleplay-source.zip	36a9e7f1c95b82ffb99743e0c5c4ce95d83c9a430aac59f84ef3cbfab6145068
DignitySAMP/Wild-West-Roleplay	a361bfe07dfb0657037f5de3cc4c0f543a993f36	.references/pawn/gamemodes/DignitySAMP--Wild-West-Roleplay/models/weps/shortswords/index.html	DignitySAMP--Wild-West-Roleplay-source.zip	36a9e7f1c95b82ffb99743e0c5c4ce95d83c9a430aac59f84ef3cbfab6145068
DignitySAMP/Wild-West-Roleplay	a361bfe07dfb0657037f5de3cc4c0f543a993f36	.references/pawn/gamemodes/DignitySAMP--Wild-West-Roleplay/models/lsrpk/props/desktop.ini	DignitySAMP--Wild-West-Roleplay-source.zip	79b671e572ede9311c8f8e43441cd51e0b5329dd178f28c566eaf95b25d3efe1
DignitySAMP/Wild-West-Roleplay	a361bfe07dfb0657037f5de3cc4c0f543a993f36	.references/pawn/gamemodes/DignitySAMP--Wild-West-Roleplay/models/horses/m&b/index.html	DignitySAMP--Wild-West-Roleplay-source.zip	36a9e7f1c95b82ffb99743e0c5c4ce95d83c9a430aac59f84ef3cbfab6145068
DignitySAMP/Wild-West-Roleplay	a361bfe07dfb0657037f5de3cc4c0f543a993f36	.references/pawn/gamemodes/DignitySAMP--Wild-West-Roleplay/models/wep/bow/index.html	DignitySAMP--Wild-West-Roleplay-source.zip	36a9e7f1c95b82ffb99743e0c5c4ce95d83c9a430aac59f84ef3cbfab6145068
DignitySAMP/Wild-West-Roleplay	a361bfe07dfb0657037f5de3cc4c0f543a993f36	.references/pawn/gamemodes/DignitySAMP--Wild-West-Roleplay/models/wep/blunt/index.html	DignitySAMP--Wild-West-Roleplay-source.zip	36a9e7f1c95b82ffb99743e0c5c4ce95d83c9a430aac59f84ef3cbfab6145068
DignitySAMP/Wild-West-Roleplay	a361bfe07dfb0657037f5de3cc4c0f543a993f36	.references/pawn/gamemodes/DignitySAMP--Wild-West-Roleplay/models/wep/spear/index.html	DignitySAMP--Wild-West-Roleplay-source.zip	36a9e7f1c95b82ffb99743e0c5c4ce95d83c9a430aac59f84ef3cbfab6145068
DignitySAMP/Wild-West-Roleplay	a361bfe07dfb0657037f5de3cc4c0f543a993f36	.references/pawn/gamemodes/DignitySAMP--Wild-West-Roleplay/models/wep/axe/index.html	DignitySAMP--Wild-West-Roleplay-source.zip	36a9e7f1c95b82ffb99743e0c5c4ce95d83c9a430aac59f84ef3cbfab6145068
DignitySAMP/Wild-West-Roleplay	a361bfe07dfb0657037f5de3cc4c0f543a993f36	.references/pawn/gamemodes/DignitySAMP--Wild-West-Roleplay/models/wep/shortsword/index.html	DignitySAMP--Wild-West-Roleplay-source.zip	36a9e7f1c95b82ffb99743e0c5c4ce95d83c9a430aac59f84ef3cbfab6145068
DignitySAMP/Wild-West-Roleplay	a361bfe07dfb0657037f5de3cc4c0f543a993f36	.references/pawn/gamemodes/DignitySAMP--Wild-West-Roleplay/models/wep/longsword/index.html	DignitySAMP--Wild-West-Roleplay-source.zip	36a9e7f1c95b82ffb99743e0c5c4ce95d83c9a430aac59f84ef3cbfab6145068
DignitySAMP/Wild-West-Roleplay	a361bfe07dfb0657037f5de3cc4c0f543a993f36	.references/pawn/gamemodes/DignitySAMP--Wild-West-Roleplay/models/wep/shields/index.html	DignitySAMP--Wild-West-Roleplay-source.zip	36a9e7f1c95b82ffb99743e0c5c4ce95d83c9a430aac59f84ef3cbfab6145068
DignitySAMP/Wild-West-Roleplay	a361bfe07dfb0657037f5de3cc4c0f543a993f36	.references/pawn/gamemodes/DignitySAMP--Wild-West-Roleplay/models/wep/knive/index.html	DignitySAMP--Wild-West-Roleplay-source.zip	36a9e7f1c95b82ffb99743e0c5c4ce95d83c9a430aac59f84ef3cbfab6145068
DignitySAMP/Wild-West-Roleplay	a361bfe07dfb0657037f5de3cc4c0f543a993f36	.references/pawn/gamemodes/DignitySAMP--Wild-West-Roleplay/models/wep/greataxe/index.html	DignitySAMP--Wild-West-Roleplay-source.zip	36a9e7f1c95b82ffb99743e0c5c4ce95d83c9a430aac59f84ef3cbfab6145068
DignitySAMP/Wild-West-Roleplay	a361bfe07dfb0657037f5de3cc4c0f543a993f36	.references/pawn/gamemodes/DignitySAMP--Wild-West-Roleplay/models/wep/shields/prev/index.html	DignitySAMP--Wild-West-Roleplay-source.zip	36a9e7f1c95b82ffb99743e0c5c4ce95d83c9a430aac59f84ef3cbfab6145068
DignitySAMP/Wild-West-Roleplay	a361bfe07dfb0657037f5de3cc4c0f543a993f36	.references/pawn/gamemodes/DignitySAMP--Wild-West-Roleplay/models/castles/a/index.html	DignitySAMP--Wild-West-Roleplay-source.zip	36a9e7f1c95b82ffb99743e0c5c4ce95d83c9a430aac59f84ef3cbfab6145068
DignitySAMP/Wild-West-Roleplay	a361bfe07dfb0657037f5de3cc4c0f543a993f36	.references/pawn/gamemodes/DignitySAMP--Wild-West-Roleplay/scriptfiles/colandreas/ColAndreas.cadb	DignitySAMP--Wild-West-Roleplay-source.zip	3212ab2ef2e0d5de554b5eeac7fbd46c9d50d32b72545656e74d28750bcbdfdd
DignitySAMP/Wild-West-Roleplay	a361bfe07dfb0657037f5de3cc4c0f543a993f36	.references/pawn/gamemodes/DignitySAMP--Wild-West-Roleplay/scriptfiles/maps/el_quebrados.map	DignitySAMP--Wild-West-Roleplay-source.zip	b9728c31e23bbdce0d5e775a1a769f4f6936e147340c5b42458dd99538787347
DignitySAMP/Wild-West-Roleplay	a361bfe07dfb0657037f5de3cc4c0f543a993f36	.references/pawn/gamemodes/DignitySAMP--Wild-West-Roleplay/scriptfiles/maps/LongcreekPost.pwn	DignitySAMP--Wild-West-Roleplay-source.zip	34f6dec2e8252c15302ed1971c64541b12a0dac2103f15da224f07baeccbbbcf
DignitySAMP/Wild-West-Roleplay	a361bfe07dfb0657037f5de3cc4c0f543a993f36	.references/pawn/gamemodes/DignitySAMP--Wild-West-Roleplay/scriptfiles/maps/LongcreekChurch.pwn	DignitySAMP--Wild-West-Roleplay-source.zip	def48f671dcb1a62c04e555065b155aed5ce3aeef8faceae46e71f4ed5f54666
DignitySAMP/Wild-West-Roleplay	a361bfe07dfb0657037f5de3cc4c0f543a993f36	.references/pawn/gamemodes/DignitySAMP--Wild-West-Roleplay/scriptfiles/maps/lg_addition.map	DignitySAMP--Wild-West-Roleplay-source.zip	695cadc693ace1ddafcf0f0cc94f39444f33b2e66aa63652dce9adac69f4dbfd
DignitySAMP/Wild-West-Roleplay	a361bfe07dfb0657037f5de3cc4c0f543a993f36	.references/pawn/gamemodes/DignitySAMP--Wild-West-Roleplay/scriptfiles/maps/LongcreekRestaurant.pwn	DignitySAMP--Wild-West-Roleplay-source.zip	22f2b098e7bceab78054eac3b109f667976fec096197ed67c5f04d080bfbb2c0
DignitySAMP/Wild-West-Roleplay	a361bfe07dfb0657037f5de3cc4c0f543a993f36	.references/pawn/gamemodes/DignitySAMP--Wild-West-Roleplay/scriptfiles/maps/LongcreekCantina.pwn	DignitySAMP--Wild-West-Roleplay-source.zip	152d2937edb8c3a5550c64faa243c4e1f292d6fe2e120d8f2b3d3d21a54088d9
DignitySAMP/Wild-West-Roleplay	a361bfe07dfb0657037f5de3cc4c0f543a993f36	.references/pawn/gamemodes/DignitySAMP--Wild-West-Roleplay/scriptfiles/maps/LongcreekDrug.pwn	DignitySAMP--Wild-West-Roleplay-source.zip	a6dcbb344751ff9ca62c9c1df22fa899d4a97d11f2926bfcdc0f3dee03de4c84
DignitySAMP/Wild-West-Roleplay	a361bfe07dfb0657037f5de3cc4c0f543a993f36	.references/pawn/gamemodes/DignitySAMP--Wild-West-Roleplay/scriptfiles/maps/LongcreekOffice.pwn	DignitySAMP--Wild-West-Roleplay-source.zip	71590c5c48c81a09d6a88db27da9785d901cc427dd6ca8491dab18512e054b37
DignitySAMP/Wild-West-Roleplay	a361bfe07dfb0657037f5de3cc4c0f543a993f36	.references/pawn/gamemodes/DignitySAMP--Wild-West-Roleplay/scriptfiles/maps/LongcreekBarber.pwn	DignitySAMP--Wild-West-Roleplay-source.zip	07e8d5ef02271ffe72b6ad00aed80d5075898d8e16d3471d72ddef17411c9c5f
DignitySAMP/Wild-West-Roleplay	a361bfe07dfb0657037f5de3cc4c0f543a993f36	.references/pawn/gamemodes/DignitySAMP--Wild-West-Roleplay/scriptfiles/maps/HouseInteriors.pwn	DignitySAMP--Wild-West-Roleplay-source.zip	f64360f2affda0e204dae289624a8bd4bb792bc6afc20b2232b3a1d6b8af1abd
DignitySAMP/Wild-West-Roleplay	a361bfe07dfb0657037f5de3cc4c0f543a993f36	.references/pawn/gamemodes/DignitySAMP--Wild-West-Roleplay/scriptfiles/maps/LongcreekBank.pwn	DignitySAMP--Wild-West-Roleplay-source.zip	b83cf84c8c276d2848763a838401be012186698058fe643883d9df76ecf80d8f
DignitySAMP/Wild-West-Roleplay	a361bfe07dfb0657037f5de3cc4c0f543a993f36	.references/pawn/gamemodes/DignitySAMP--Wild-West-Roleplay/scriptfiles/maps/LongcreekSheriff.pwn	DignitySAMP--Wild-West-Roleplay-source.zip	26639052c46415fb066463d5c922767507709649b7efef917533469985783e76
DignitySAMP/Wild-West-Roleplay	a361bfe07dfb0657037f5de3cc4c0f543a993f36	.references/pawn/gamemodes/DignitySAMP--Wild-West-Roleplay/scriptfiles/maps/wwrp_prison2.map	DignitySAMP--Wild-West-Roleplay-source.zip	79f4aeba395a0f62867ede300f80dd9463e9f87761e7b67fff3d49154143d098
DignitySAMP/Wild-West-Roleplay	a361bfe07dfb0657037f5de3cc4c0f543a993f36	.references/pawn/gamemodes/DignitySAMP--Wild-West-Roleplay/scriptfiles/maps/ww_prison2.map	DignitySAMP--Wild-West-Roleplay-source.zip	79f4aeba395a0f62867ede300f80dd9463e9f87761e7b67fff3d49154143d098
DignitySAMP/Wild-West-Roleplay	a361bfe07dfb0657037f5de3cc4c0f543a993f36	.references/pawn/gamemodes/DignitySAMP--Wild-West-Roleplay/scriptfiles/maps/LongcreekGHotel.pwn	DignitySAMP--Wild-West-Roleplay-source.zip	d5186822124e8aa9d04144d887f62c35e75d2ba59b9a37a39b019f8bb8b78e83
DignitySAMP/Wild-West-Roleplay	a361bfe07dfb0657037f5de3cc4c0f543a993f36	.references/pawn/gamemodes/DignitySAMP--Wild-West-Roleplay/scriptfiles/maps/depr/Wells.pwn	DignitySAMP--Wild-West-Roleplay-source.zip	b83cf84c8c276d2848763a838401be012186698058fe643883d9df76ecf80d8f
DignitySAMP/Wild-West-Roleplay	a361bfe07dfb0657037f5de3cc4c0f543a993f36	.references/pawn/gamemodes/DignitySAMP--Wild-West-Roleplay/scriptfiles/maps/depr/Landscape.pwn	DignitySAMP--Wild-West-Roleplay-source.zip	5f56d1db857e83b25e98cfb8a84a647fb7b34204f0cefb5e97b4084209ea4a94
DignitySAMP/Wild-West-Roleplay	a361bfe07dfb0657037f5de3cc4c0f543a993f36	.references/pawn/gamemodes/DignitySAMP--Wild-West-Roleplay/scriptfiles/maps/depr/Details2.pwn	DignitySAMP--Wild-West-Roleplay-source.zip	991055bc2c351a77c291a0af2f6cf97ef05f63c5ee757a5e8673cc3cd558ca7c
DignitySAMP/Wild-West-Roleplay	a361bfe07dfb0657037f5de3cc4c0f543a993f36	.references/pawn/gamemodes/DignitySAMP--Wild-West-Roleplay/scriptfiles/maps/depr/Effects.pwn	DignitySAMP--Wild-West-Roleplay-source.zip	d667084cb90f8d2e120edb2afab8d186d22a446f81ca2b0aa95edf0cc25a1950
DignitySAMP/Wild-West-Roleplay	a361bfe07dfb0657037f5de3cc4c0f543a993f36	.references/pawn/gamemodes/DignitySAMP--Wild-West-Roleplay/scriptfiles/maps/depr/Landscape2.pwn	DignitySAMP--Wild-West-Roleplay-source.zip	778ac4790936b0a8269a57b93b00ada7806d8443ac47c1a95a69b944b93cb06b
DignitySAMP/Wild-West-Roleplay	a361bfe07dfb0657037f5de3cc4c0f543a993f36	.references/pawn/gamemodes/DignitySAMP--Wild-West-Roleplay/scriptfiles/maps/depr/Town.pwn	DignitySAMP--Wild-West-Roleplay-source.zip	855cdf836007e845a3f00a56d2e0c644b1d97d6b16cf72ededf77f195b84ea9d
DignitySAMP/Wild-West-Roleplay	a361bfe07dfb0657037f5de3cc4c0f543a993f36	.references/pawn/gamemodes/DignitySAMP--Wild-West-Roleplay/scriptfiles/maps/depr/Plants.pwn	DignitySAMP--Wild-West-Roleplay-source.zip	cdd3232a66a8e543ad9d52bcf9662803b02346175c1b2a813e7f5f5566081a54
DignitySAMP/Wild-West-Roleplay	a361bfe07dfb0657037f5de3cc4c0f543a993f36	.references/pawn/gamemodes/DignitySAMP--Wild-West-Roleplay/scriptfiles/maps/depr/Buildings2.pwn	DignitySAMP--Wild-West-Roleplay-source.zip	8bb768165a8d614bdec4d48fe76ebea7246f0a2e86f8b8bca68274c53720e099
DignitySAMP/Wild-West-Roleplay	a361bfe07dfb0657037f5de3cc4c0f543a993f36	.references/pawn/gamemodes/DignitySAMP--Wild-West-Roleplay/scriptfiles/maps/depr/Farms.pwn	DignitySAMP--Wild-West-Roleplay-source.zip	e6eaa382f41b12b9c397559f460192b33ce12cb2ea79c646f0fe65d6ea0d7947
DignitySAMP/Wild-West-Roleplay	a361bfe07dfb0657037f5de3cc4c0f543a993f36	.references/pawn/gamemodes/DignitySAMP--Wild-West-Roleplay/scriptfiles/maps/depr/Details.pwn	DignitySAMP--Wild-West-Roleplay-source.zip	0c47d6d539557f0c39ccbfe4598e0a5c60edc0969ad9247694762bb041251a40
DignitySAMP/Wild-West-Roleplay	a361bfe07dfb0657037f5de3cc4c0f543a993f36	.references/pawn/gamemodes/DignitySAMP--Wild-West-Roleplay/scriptfiles/maps/depr/Boat.pwn	DignitySAMP--Wild-West-Roleplay-source.zip	298b4869852165ad0a4cc234305a6d0580065e3b31a62528dd5670b21f11e409
DignitySAMP/Wild-West-Roleplay	a361bfe07dfb0657037f5de3cc4c0f543a993f36	.references/pawn/gamemodes/DignitySAMP--Wild-West-Roleplay/scriptfiles/maps/depr/Ports.pwn	DignitySAMP--Wild-West-Roleplay-source.zip	35033db81d774619555736924b110629006346fc202cd72377418331b9bf0a3d
DignitySAMP/Wild-West-Roleplay	a361bfe07dfb0657037f5de3cc4c0f543a993f36	.references/pawn/gamemodes/DignitySAMP--Wild-West-Roleplay/scriptfiles/maps/depr/Buildings.pwn	DignitySAMP--Wild-West-Roleplay-source.zip	aa597329447b7a04e92ee742650424fffb2731214a6c65e3f4c9230109977473
DignitySAMP/Wild-West-Roleplay	a361bfe07dfb0657037f5de3cc4c0f543a993f36	.references/pawn/gamemodes/DignitySAMP--Wild-West-Roleplay/scriptfiles/maps/depr/Animals.pwn	DignitySAMP--Wild-West-Roleplay-source.zip	1211253bd60ab4970dbd74d585f12ee1a33d7157a223ce44ce1047f2b6e2cf73
DignitySAMP/Wild-West-Roleplay	a361bfe07dfb0657037f5de3cc4c0f543a993f36	.references/pawn/gamemodes/DignitySAMP--Wild-West-Roleplay/scriptfiles/maps/depr/Trees.pwn	DignitySAMP--Wild-West-Roleplay-source.zip	e5b589938591492358db23a04359f1caaecb856b9e9a9024ac36d81128ebc6b2
DignitySAMP/Wild-West-Roleplay	a361bfe07dfb0657037f5de3cc4c0f543a993f36	.references/pawn/gamemodes/DignitySAMP--Wild-West-Roleplay/scriptfiles/maps/depr/Landscape3.pwn	DignitySAMP--Wild-West-Roleplay-source.zip	fd804092fb286123ec2320455b5426ab3619e4f0dcb1c32c7d615a6f8189a5ff
DignitySAMP/Wild-West-Roleplay	a361bfe07dfb0657037f5de3cc4c0f543a993f36	.references/pawn/gamemodes/DignitySAMP--Wild-West-Roleplay/scriptfiles/maps/depr/SpawnPoint.pwn	DignitySAMP--Wild-West-Roleplay-source.zip	c8bbd7c1c4d46d6b170918f412494d8aec712e3a50a3fc16572785f77381e758
DignitySAMP/Wild-West-Roleplay	a361bfe07dfb0657037f5de3cc4c0f543a993f36	.references/pawn/gamemodes/DignitySAMP--Wild-West-Roleplay/scriptfiles/maps/depr/Rocks.pwn	DignitySAMP--Wild-West-Roleplay-source.zip	89118d07168cafdf0905c40ec0bd9928d18e499507eba152e72f6568625c0c55
DignitySAMP/Wild-West-Roleplay	a361bfe07dfb0657037f5de3cc4c0f543a993f36	.references/pawn/gamemodes/DignitySAMP--Wild-West-Roleplay/scriptfiles/maps/depr/Details3.pwn	DignitySAMP--Wild-West-Roleplay-source.zip	566edbd2cfbd69697f7f3b79742f58ef4af01b2039fa78766c3f5780ef1cd1b3
DignitySAMP/Wild-West-Roleplay	a361bfe07dfb0657037f5de3cc4c0f543a993f36	.references/pawn/gamemodes/DignitySAMP--Wild-West-Roleplay/include/YSI_Players/y_users.inc	DignitySAMP--Wild-West-Roleplay-source.zip	ca06b3fbac5d805fb3d5cafc37265fa7e29b1a833dfad4743ebdd4a88e386e3f
DignitySAMP/Wild-West-Roleplay	a361bfe07dfb0657037f5de3cc4c0f543a993f36	.references/pawn/gamemodes/DignitySAMP--Wild-West-Roleplay/include/YSI_Players/y_text.inc	DignitySAMP--Wild-West-Roleplay-source.zip	b65769c0bbc1fb42a8cb2c9b0f025f6e27622ad129951e458d0f8a59fdbf4659
DignitySAMP/Wild-West-Roleplay	a361bfe07dfb0657037f5de3cc4c0f543a993f36	.references/pawn/gamemodes/DignitySAMP--Wild-West-Roleplay/include/YSI_Players/y_groups.inc	DignitySAMP--Wild-West-Roleplay-source.zip	e7731c74ed6512d2fc6fbe180dbe9e06e07bd477f40883f2436338e4c14a3088
DignitySAMP/Wild-West-Roleplay	a361bfe07dfb0657037f5de3cc4c0f543a993f36	.references/pawn/gamemodes/DignitySAMP--Wild-West-Roleplay/include/YSI_Players/y_languages.inc	DignitySAMP--Wild-West-Roleplay-source.zip	4dab6e04e238b41b93ef78b4295689dc448dc1b5bf52cb1e2491805e88fa76cd
DignitySAMP/Wild-West-Roleplay	a361bfe07dfb0657037f5de3cc4c0f543a993f36	.references/pawn/gamemodes/DignitySAMP--Wild-West-Roleplay/include/YSI_Core/y_debug.inc	DignitySAMP--Wild-West-Roleplay-source.zip	dfbd3263177c6ba87fdd61b42c842b4151dc52a703b518bd3cc062747fd3f0af
DignitySAMP/Wild-West-Roleplay	a361bfe07dfb0657037f5de3cc4c0f543a993f36	.references/pawn/gamemodes/DignitySAMP--Wild-West-Roleplay/include/YSI_Core/y_master.inc	DignitySAMP--Wild-West-Roleplay-source.zip	4a6b2304622eb91d1e228accaf888f0880fff64aa0b677bd47d8bdfe1438659d
DignitySAMP/Wild-West-Roleplay	a361bfe07dfb0657037f5de3cc4c0f543a993f36	.references/pawn/gamemodes/DignitySAMP--Wild-West-Roleplay/include/YSI_Core/y_cell.inc	DignitySAMP--Wild-West-Roleplay-source.zip	5a2494c27cb75348adc07ef13e6e33b30eb53b98d38d839b8fa908a60667962d
DignitySAMP/Wild-West-Roleplay	a361bfe07dfb0657037f5de3cc4c0f543a993f36	.references/pawn/gamemodes/DignitySAMP--Wild-West-Roleplay/include/YSI_Core/y_utils.inc	DignitySAMP--Wild-West-Roleplay-source.zip	fc2258ddaedb40e5e4a1d414cffc88ab51fb34831b2373a7ea5ece637d31a7ee
DignitySAMP/Wild-West-Roleplay	a361bfe07dfb0657037f5de3cc4c0f543a993f36	.references/pawn/gamemodes/DignitySAMP--Wild-West-Roleplay/include/YSI_Core/y_als.inc	DignitySAMP--Wild-West-Roleplay-source.zip	322779bd7ead3410d7ad23209d9ec5b092aa84ca290a4db988d98d9cbebdec04
DignitySAMP/Wild-West-Roleplay	a361bfe07dfb0657037f5de3cc4c0f543a993f36	.references/pawn/gamemodes/DignitySAMP--Wild-West-Roleplay/include/YSI_Core/y_functional.inc	DignitySAMP--Wild-West-Roleplay-source.zip	7d67c2e75d807c6c3f99b18e1b2ac1ff4e7cd96df1ecd3a75f29661416e8c2ce
DignitySAMP/Wild-West-Roleplay	a361bfe07dfb0657037f5de3cc4c0f543a993f36	.references/pawn/gamemodes/DignitySAMP--Wild-West-Roleplay/include/YSI_Core/y_testing.inc	DignitySAMP--Wild-West-Roleplay-source.zip	ee633b923fdd0294ef6942ffbcc28970106e1e5eee7033076407681d83d902c1
DignitySAMP/Wild-West-Roleplay	a361bfe07dfb0657037f5de3cc4c0f543a993f36	.references/pawn/gamemodes/DignitySAMP--Wild-West-Roleplay/include/YSI_Game/y_vehicledata.inc	DignitySAMP--Wild-West-Roleplay-source.zip	2cb0bf26b6c65aadbeca94dbc90d2d53b0d528cfc912c544852cf92d59dcffb0
DignitySAMP/Wild-West-Roleplay	a361bfe07dfb0657037f5de3cc4c0f543a993f36	.references/pawn/gamemodes/DignitySAMP--Wild-West-Roleplay/include/YSI_Game/y_vehicledata.txt	DignitySAMP--Wild-West-Roleplay-source.zip	d8cd3911e66a31d67e4b42de76f3bf1b545b6ab0bd6bbfadf45da51187cbf280
DignitySAMP/Wild-West-Roleplay	a361bfe07dfb0657037f5de3cc4c0f543a993f36	.references/pawn/gamemodes/DignitySAMP--Wild-West-Roleplay/include/YSI_Data/y_foreach.inc	DignitySAMP--Wild-West-Roleplay-source.zip	2c86301c431c1b144b42f85d14460d881bf1370de7ba2a03d959ed5b94625410
DignitySAMP/Wild-West-Roleplay	a361bfe07dfb0657037f5de3cc4c0f543a993f36	.references/pawn/gamemodes/DignitySAMP--Wild-West-Roleplay/include/YSI_Data/y_iterate_3b.inc	DignitySAMP--Wild-West-Roleplay-source.zip	62b2e22e9767b745d6beb03fe5fd09686d6ae8916ce63d047d41a70fabda4214
DignitySAMP/Wild-West-Roleplay	a361bfe07dfb0657037f5de3cc4c0f543a993f36	.references/pawn/gamemodes/DignitySAMP--Wild-West-Roleplay/include/YSI_Data/y_playerarray.inc	DignitySAMP--Wild-West-Roleplay-source.zip	0aabee11ebe1741e1f548def51e9961726e433a839c3810a9017741079074866
DignitySAMP/Wild-West-Roleplay	a361bfe07dfb0657037f5de3cc4c0f543a993f36	.references/pawn/gamemodes/DignitySAMP--Wild-West-Roleplay/include/YSI_Data/y_bintree.inc	DignitySAMP--Wild-West-Roleplay-source.zip	d2724e34f14543f883493840a41f3b62da30cbbb148f139f942c1c70fff46231
DignitySAMP/Wild-West-Roleplay	a361bfe07dfb0657037f5de3cc4c0f543a993f36	.references/pawn/gamemodes/DignitySAMP--Wild-West-Roleplay/include/YSI_Data/y_iterate.inc	DignitySAMP--Wild-West-Roleplay-source.zip	beef871a8d755075a7c9709e1451afc2e213e2ab9fb64e2eab9e5faa3cc96719
DignitySAMP/Wild-West-Roleplay	a361bfe07dfb0657037f5de3cc4c0f543a993f36	.references/pawn/gamemodes/DignitySAMP--Wild-West-Roleplay/include/YSI_Data/y_bit.inc	DignitySAMP--Wild-West-Roleplay-source.zip	216d9d9512c32d78af23e4909fcba886c8bd63d21ed0dba029e11f63d1b9100b
DignitySAMP/Wild-West-Roleplay	a361bfe07dfb0657037f5de3cc4c0f543a993f36	.references/pawn/gamemodes/DignitySAMP--Wild-West-Roleplay/include/YSI_Data/y_playerset.inc	DignitySAMP--Wild-West-Roleplay-source.zip	f0d6e059fc9d131230b61205bc53f5a3ab2d39ed9501c84fd973880be4a160d5
DignitySAMP/Wild-West-Roleplay	a361bfe07dfb0657037f5de3cc4c0f543a993f36	.references/pawn/gamemodes/DignitySAMP--Wild-West-Roleplay/include/YSI_Data/y_simpletree.inc	DignitySAMP--Wild-West-Roleplay-source.zip	a366b4f85b2082615747f9115b0409ccda4aa63299cfd7a5c64def3e1e5602a4
DignitySAMP/Wild-West-Roleplay	a361bfe07dfb0657037f5de3cc4c0f543a993f36	.references/pawn/gamemodes/DignitySAMP--Wild-West-Roleplay/include/YSI_Data/y_jaggedarray.inc	DignitySAMP--Wild-West-Roleplay-source.zip	5dfbbf8395839ce114d821a4242e9571a920832f1dab9ca79d30086da6e5b48e
DignitySAMP/Wild-West-Roleplay	a361bfe07dfb0657037f5de3cc4c0f543a993f36	.references/pawn/gamemodes/DignitySAMP--Wild-West-Roleplay/include/YSI_Data/y_hashmap.inc	DignitySAMP--Wild-West-Roleplay-source.zip	5430e4bb7f5bdd124df46c92f20504a3bf7c0786b8f0b20f101524e4fc4404c4
DignitySAMP/Wild-West-Roleplay	a361bfe07dfb0657037f5de3cc4c0f543a993f36	.references/pawn/gamemodes/DignitySAMP--Wild-West-Roleplay/include/YSI_Storage/y_php.inc	DignitySAMP--Wild-West-Roleplay-source.zip	e628f839b6f752c541402f0f6922c167e0e007cd92125373a27b820a11f506fd
DignitySAMP/Wild-West-Roleplay	a361bfe07dfb0657037f5de3cc4c0f543a993f36	.references/pawn/gamemodes/DignitySAMP--Wild-West-Roleplay/include/YSI_Storage/y_ini.inc	DignitySAMP--Wild-West-Roleplay-source.zip	32d2aaa43e8b01be714c335a7cff9fd42d3ea04d0eb82a8be1638a995459d187
DignitySAMP/Wild-West-Roleplay	a361bfe07dfb0657037f5de3cc4c0f543a993f36	.references/pawn/gamemodes/DignitySAMP--Wild-West-Roleplay/include/YSI_Storage/y_uvar.inc	DignitySAMP--Wild-West-Roleplay-source.zip	7afbebae0abcfeaba9d8e0643eba7076f34b1a18cde4aa82214af52358d42a17
DignitySAMP/Wild-West-Roleplay	a361bfe07dfb0657037f5de3cc4c0f543a993f36	.references/pawn/gamemodes/DignitySAMP--Wild-West-Roleplay/include/YSI_Storage/y_xml.inc	DignitySAMP--Wild-West-Roleplay-source.zip	e0ee69d4eb4d6b0cd323ce23b105536dc36332094391da52da9ee3c730801a02
DignitySAMP/Wild-West-Roleplay	a361bfe07dfb0657037f5de3cc4c0f543a993f36	.references/pawn/gamemodes/DignitySAMP--Wild-West-Roleplay/include/YSI_Storage/y_bitmap.inc	DignitySAMP--Wild-West-Roleplay-source.zip	82626c22844841153b09d55597b228de2cde0632f78dfb51417febe020453027
DignitySAMP/Wild-West-Roleplay	a361bfe07dfb0657037f5de3cc4c0f543a993f36	.references/pawn/gamemodes/DignitySAMP--Wild-West-Roleplay/include/YSI_Storage/y_svar.inc	DignitySAMP--Wild-West-Roleplay-source.zip	735553f62c4a8817b083fa3b132f42990a58f266ec7e9a5aec504677f8da6627
DignitySAMP/Wild-West-Roleplay	a361bfe07dfb0657037f5de3cc4c0f543a993f36	.references/pawn/gamemodes/DignitySAMP--Wild-West-Roleplay/include/YSI_Storage/y_bini.inc	DignitySAMP--Wild-West-Roleplay-source.zip	678730f4b64f124cafc6df5a3c9b3141c1c4ae4914d41caa4d7ecf1fc91e9ef2
DignitySAMP/Wild-West-Roleplay	a361bfe07dfb0657037f5de3cc4c0f543a993f36	.references/pawn/gamemodes/DignitySAMP--Wild-West-Roleplay/include/YSI_Storage/y_amx.inc	DignitySAMP--Wild-West-Roleplay-source.zip	02c5cbd704336b0389f42c8d45e9946a36f56b4a818ccabfa6a03ab49faf5c6a
DignitySAMP/Wild-West-Roleplay	a361bfe07dfb0657037f5de3cc4c0f543a993f36	.references/pawn/gamemodes/DignitySAMP--Wild-West-Roleplay/include/YSI_Extra/y_extra_users.inc	DignitySAMP--Wild-West-Roleplay-source.zip	55322dc6ca1b8cf7e43ebd214ec8dcf6bb270b3de6dcb2fc1a7fda9b96b78d04
DignitySAMP/Wild-West-Roleplay	a361bfe07dfb0657037f5de3cc4c0f543a993f36	.references/pawn/gamemodes/DignitySAMP--Wild-West-Roleplay/include/YSI_Extra/y_extra_languages.inc	DignitySAMP--Wild-West-Roleplay-source.zip	b023b91e6f65c0596686721fb49e3019c56561aa62a95a69f9d1b177c8e0afec
DignitySAMP/Wild-West-Roleplay	a361bfe07dfb0657037f5de3cc4c0f543a993f36	.references/pawn/gamemodes/DignitySAMP--Wild-West-Roleplay/include/YSI_Extra/y_extra.inc	DignitySAMP--Wild-West-Roleplay-source.zip	bdeb256ced8634021b9ea688ec488c7e17eeea03366133f6f5945c72a6e3f1ea
DignitySAMP/Wild-West-Roleplay	a361bfe07dfb0657037f5de3cc4c0f543a993f36	.references/pawn/gamemodes/DignitySAMP--Wild-West-Roleplay/include/YSI_Extra/y_files.inc	DignitySAMP--Wild-West-Roleplay-source.zip	eb7b2fe0055a1339955b2f883582a6438e403de82983f768a16d1e59dd0855ee
DignitySAMP/Wild-West-Roleplay	a361bfe07dfb0657037f5de3cc4c0f543a993f36	.references/pawn/gamemodes/DignitySAMP--Wild-West-Roleplay/include/YSI_Extra/y_extra_other.inc	DignitySAMP--Wild-West-Roleplay-source.zip	5e57542f1ee0750a9a214acebfb814a035e3fbc55927462868ecf2fe34e8f8aa
DignitySAMP/Wild-West-Roleplay	a361bfe07dfb0657037f5de3cc4c0f543a993f36	.references/pawn/gamemodes/DignitySAMP--Wild-West-Roleplay/include/YSI_AC/y_ac.inc	DignitySAMP--Wild-West-Roleplay-source.zip	c3634656b33a0f7691e5f6192df0c60292e99099d2b011f46c03a136e719fb5f
DignitySAMP/Wild-West-Roleplay	a361bfe07dfb0657037f5de3cc4c0f543a993f36	.references/pawn/gamemodes/DignitySAMP--Wild-West-Roleplay/include/YSI_AC/.gitignore	DignitySAMP--Wild-West-Roleplay-source.zip	0ae3b33ff6cd2773c6a27d57a5ebe2903f7999d32c500ca99f9e5007af45e2a6
DignitySAMP/Wild-West-Roleplay	a361bfe07dfb0657037f5de3cc4c0f543a993f36	.references/pawn/gamemodes/DignitySAMP--Wild-West-Roleplay/include/YSI_AC/LICENSE	DignitySAMP--Wild-West-Roleplay-source.zip	dedc595cc191eff591560e03be84db68590bec2e2fe6310edaa38c93859b7282
DignitySAMP/Wild-West-Roleplay	a361bfe07dfb0657037f5de3cc4c0f543a993f36	.references/pawn/gamemodes/DignitySAMP--Wild-West-Roleplay/include/YSI_AC/README.md	DignitySAMP--Wild-West-Roleplay-source.zip	b4d7a7ec2b0fadeb71fba623eff4ac950ba0cdc726c19d3bc3201c21f2c93a40
DignitySAMP/Wild-West-Roleplay	a361bfe07dfb0657037f5de3cc4c0f543a993f36	.references/pawn/gamemodes/DignitySAMP--Wild-West-Roleplay/include/YSI_AC/NOTES.md	DignitySAMP--Wild-West-Roleplay-source.zip	6bd58c97123df1249d199e6b0052ca52d57f427b2049deca16f56e5551d686d1
DignitySAMP/Wild-West-Roleplay	a361bfe07dfb0657037f5de3cc4c0f543a993f36	.references/pawn/gamemodes/DignitySAMP--Wild-West-Roleplay/include/amx_assembly/.gitignore	DignitySAMP--Wild-West-Roleplay-source.zip	a6ea363f4f01177e3bad610d3449a14d4c691d052dc7afc29513beebe3a48008
DignitySAMP/Wild-West-Roleplay	a361bfe07dfb0657037f5de3cc4c0f543a993f36	.references/pawn/gamemodes/DignitySAMP--Wild-West-Roleplay/include/amx_assembly/opcode.inc	DignitySAMP--Wild-West-Roleplay-source.zip	a449bc15842c5b49abbe98c6a310b9a35ac1f3df76d4cf0dd410741f39c3ded0
DignitySAMP/Wild-West-Roleplay	a361bfe07dfb0657037f5de3cc4c0f543a993f36	.references/pawn/gamemodes/DignitySAMP--Wild-West-Roleplay/include/amx_assembly/phys_memory.inc	DignitySAMP--Wild-West-Roleplay-source.zip	cb2c789f15f40e85ce4dcca98b7d919f119af0a9679a9a7445ab3291110c2aa6
DignitySAMP/Wild-West-Roleplay	a361bfe07dfb0657037f5de3cc4c0f543a993f36	.references/pawn/gamemodes/DignitySAMP--Wild-West-Roleplay/include/amx_assembly/disasm.inc	DignitySAMP--Wild-West-Roleplay-source.zip	6f4f6ebd1891b6f81ed7ad219c34135a5281e591f8f13e8b0ab9de3380c656c1
DignitySAMP/Wild-West-Roleplay	a361bfe07dfb0657037f5de3cc4c0f543a993f36	.references/pawn/gamemodes/DignitySAMP--Wild-West-Roleplay/include/amx_assembly/stack_trace.inc	DignitySAMP--Wild-West-Roleplay-source.zip	8403338753d9a669ec60bf0c57a45a47a868fbfb1d32bf2e64b7116d96b2f737
DignitySAMP/Wild-West-Roleplay	a361bfe07dfb0657037f5de3cc4c0f543a993f36	.references/pawn/gamemodes/DignitySAMP--Wild-West-Roleplay/include/amx_assembly/amx_header.inc	DignitySAMP--Wild-West-Roleplay-source.zip	c028de222e8c50f5f12ec8b96deef008f17aa304f93b771f94b31b27f15beadb
DignitySAMP/Wild-West-Roleplay	a361bfe07dfb0657037f5de3cc4c0f543a993f36	.references/pawn/gamemodes/DignitySAMP--Wild-West-Roleplay/include/amx_assembly/os.inc	DignitySAMP--Wild-West-Roleplay-source.zip	c41e12fa4a52fb94c1042c4faa3b38a35cba5f6e5e6770c28d774aad9a6eb855
DignitySAMP/Wild-West-Roleplay	a361bfe07dfb0657037f5de3cc4c0f543a993f36	.references/pawn/gamemodes/DignitySAMP--Wild-West-Roleplay/include/amx_assembly/amx.inc	DignitySAMP--Wild-West-Roleplay-source.zip	2d7f361cb3d946b83165b75d21134044711c982f4bfa54cd9b95c2bdeeba3937
DignitySAMP/Wild-West-Roleplay	a361bfe07dfb0657037f5de3cc4c0f543a993f36	.references/pawn/gamemodes/DignitySAMP--Wild-West-Roleplay/include/amx_assembly/codescan.inc	DignitySAMP--Wild-West-Roleplay-source.zip	10dff54cdfe8d2f332146c8b07b59da555a80ab5a73f563de3ffee424ab4d7a4
DignitySAMP/Wild-West-Roleplay	a361bfe07dfb0657037f5de3cc4c0f543a993f36	.references/pawn/gamemodes/DignitySAMP--Wild-West-Roleplay/include/amx_assembly/amx_jit.inc	DignitySAMP--Wild-West-Roleplay-source.zip	b76c5005ea682cf43b449eb99bee4fb9c41bb26871946548b01d1c025d660810
DignitySAMP/Wild-West-Roleplay	a361bfe07dfb0657037f5de3cc4c0f543a993f36	.references/pawn/gamemodes/DignitySAMP--Wild-West-Roleplay/include/amx_assembly/addressof.inc	DignitySAMP--Wild-West-Roleplay-source.zip	de6649f1f111f119eadaeae87cc6a230f5565745b44e32bd5d7c06432407fb92
DignitySAMP/Wild-West-Roleplay	a361bfe07dfb0657037f5de3cc4c0f543a993f36	.references/pawn/gamemodes/DignitySAMP--Wild-West-Roleplay/include/amx_assembly/README.md	DignitySAMP--Wild-West-Roleplay-source.zip	5c10c9599672dd5c73bd269d4bf1d6d6e0d422338d3f86c4a9199a0a42b7bc42
DignitySAMP/Wild-West-Roleplay	a361bfe07dfb0657037f5de3cc4c0f543a993f36	.references/pawn/gamemodes/DignitySAMP--Wild-West-Roleplay/include/amx_assembly/stack_dump.inc	DignitySAMP--Wild-West-Roleplay-source.zip	4a2e1be31ead7dd580acb363bb8145c51d2442e5275172a06e1ffa01f83eccdc
DignitySAMP/Wild-West-Roleplay	a361bfe07dfb0657037f5de3cc4c0f543a993f36	.references/pawn/gamemodes/DignitySAMP--Wild-West-Roleplay/include/amx_assembly/shellcode.inc	DignitySAMP--Wild-West-Roleplay-source.zip	0f3ded8a7f1e2dd176621fd032f4e18d2ff183e4ef1e1cb5f015d10bec78c7d0
DignitySAMP/Wild-West-Roleplay	a361bfe07dfb0657037f5de3cc4c0f543a993f36	.references/pawn/gamemodes/DignitySAMP--Wild-West-Roleplay/include/amx_assembly/frame_info.inc	DignitySAMP--Wild-West-Roleplay-source.zip	36f7bc58fcaafac54328a50a1eadd6ea615bfcb02e04a19e779448bca35f656f
DignitySAMP/Wild-West-Roleplay	a361bfe07dfb0657037f5de3cc4c0f543a993f36	.references/pawn/gamemodes/DignitySAMP--Wild-West-Roleplay/include/amx_assembly/addressof_jit.inc	DignitySAMP--Wild-West-Roleplay-source.zip	96b8a1f1a1b0364588904fe128b188ff67c85a41a561626257aaed18daa8a619
DignitySAMP/Wild-West-Roleplay	a361bfe07dfb0657037f5de3cc4c0f543a993f36	.references/pawn/gamemodes/DignitySAMP--Wild-West-Roleplay/include/amx_assembly/amx_base.inc	DignitySAMP--Wild-West-Roleplay-source.zip	bea4f7a23bbf240067c1208ccb4068c24de9261c85f173dbcc7d69d9455e6ad6
DignitySAMP/Wild-West-Roleplay	a361bfe07dfb0657037f5de3cc4c0f543a993f36	.references/pawn/gamemodes/DignitySAMP--Wild-West-Roleplay/include/amx_assembly/heap_alloc.inc	DignitySAMP--Wild-West-Roleplay-source.zip	a5e74ddb1c7df443ec733f7974151145ba97b49cacd169268e68e29e213e317d
DignitySAMP/Wild-West-Roleplay	a361bfe07dfb0657037f5de3cc4c0f543a993f36	.references/pawn/gamemodes/DignitySAMP--Wild-West-Roleplay/include/amx_assembly/amx_memory.inc	DignitySAMP--Wild-West-Roleplay-source.zip	641b99c7c12ff6cdc70b5c0875efdc8e53bcea2fc6c6f594d746c819662f06d8
DignitySAMP/Wild-West-Roleplay	a361bfe07dfb0657037f5de3cc4c0f543a993f36	.references/pawn/gamemodes/DignitySAMP--Wild-West-Roleplay/include/amx_assembly/asm_macros.inc	DignitySAMP--Wild-West-Roleplay-source.zip	3239c9f46fb83ba9b901349874cdc9ab14891a8dfbc527ff9602f4106e5382bf
DignitySAMP/Wild-West-Roleplay	a361bfe07dfb0657037f5de3cc4c0f543a993f36	.references/pawn/gamemodes/DignitySAMP--Wild-West-Roleplay/include/amx_assembly/dynamic_call.inc	DignitySAMP--Wild-West-Roleplay-source.zip	20edbc91a58ed8ce9dcb7a71fd1ec461778d273e93c809b2320ffdd61c67abfb
DignitySAMP/Wild-West-Roleplay	a361bfe07dfb0657037f5de3cc4c0f543a993f36	.references/pawn/gamemodes/DignitySAMP--Wild-West-Roleplay/include/amx_assembly/profiler.inc	DignitySAMP--Wild-West-Roleplay-source.zip	2423a98aa6c40fa579e8c4019f2f8115ebc39d142356d5766c142975e7c90a2f
DignitySAMP/Wild-West-Roleplay	a361bfe07dfb0657037f5de3cc4c0f543a993f36	.references/pawn/gamemodes/DignitySAMP--Wild-West-Roleplay/include/amx_assembly/pawn.json	DignitySAMP--Wild-West-Roleplay-source.zip	3e7150bbf8cda53b245ccba5a82bd69673cf9a8bce5430d7cbd81f8cbec0c0cf
DignitySAMP/Wild-West-Roleplay	a361bfe07dfb0657037f5de3cc4c0f543a993f36	.references/pawn/gamemodes/DignitySAMP--Wild-West-Roleplay/include/amx_assembly/jit.inc	DignitySAMP--Wild-West-Roleplay-source.zip	27f76d69cb62731df1fe0985322a0054a8c08e6a44c270cda0b80a3e1fb2b6f0
DignitySAMP/Wild-West-Roleplay	a361bfe07dfb0657037f5de3cc4c0f543a993f36	.references/pawn/gamemodes/DignitySAMP--Wild-West-Roleplay/include/amx_assembly/asm.inc	DignitySAMP--Wild-West-Roleplay-source.zip	6b801b5d30c991e5694dca4c0de8e74d2de6d6bf7aebf39caeb7d0f91a1b63b7
DignitySAMP/Wild-West-Roleplay	a361bfe07dfb0657037f5de3cc4c0f543a993f36	.references/pawn/gamemodes/DignitySAMP--Wild-West-Roleplay/include/YSI_Server/y_td.inc	DignitySAMP--Wild-West-Roleplay-source.zip	131cfbfb233e8547f2b8cf18a6829afd1cdbe56869a442df095d1869a7bfebdc
DignitySAMP/Wild-West-Roleplay	a361bfe07dfb0657037f5de3cc4c0f543a993f36	.references/pawn/gamemodes/DignitySAMP--Wild-West-Roleplay/include/YSI_Server/y_colours - Copy.inc	DignitySAMP--Wild-West-Roleplay-source.zip	53bdb75a9183823445a1f1a4177f2edba1db7e98f295b098587de870f5c59a55
DignitySAMP/Wild-West-Roleplay	a361bfe07dfb0657037f5de3cc4c0f543a993f36	.references/pawn/gamemodes/DignitySAMP--Wild-West-Roleplay/include/YSI_Server/y_colours.inc	DignitySAMP--Wild-West-Roleplay-source.zip	4c29952d71ac61999743b0aa827f925f1d30b6ebf9c0a8d57d810317c35b86a1
DignitySAMP/Wild-West-Roleplay	a361bfe07dfb0657037f5de3cc4c0f543a993f36	.references/pawn/gamemodes/DignitySAMP--Wild-West-Roleplay/include/YSI_Server/y_flooding.inc	DignitySAMP--Wild-West-Roleplay-source.zip	4fa0891c74ba5b302738673bb44cb1dcdc53256013523167bb966dfb2f4155c0
DignitySAMP/Wild-West-Roleplay	a361bfe07dfb0657037f5de3cc4c0f543a993f36	.references/pawn/gamemodes/DignitySAMP--Wild-West-Roleplay/include/YSI_Server/y_lock.inc	DignitySAMP--Wild-West-Roleplay-source.zip	eb0cbd37d898ba798f26c74060a1844ec0d4381702711b198ca36c0af89d188e
DignitySAMP/Wild-West-Roleplay	a361bfe07dfb0657037f5de3cc4c0f543a993f36	.references/pawn/gamemodes/DignitySAMP--Wild-West-Roleplay/include/YSI_Server/y_colors.inc	DignitySAMP--Wild-West-Roleplay-source.zip	8835ae3612556bef133ff9060cfa908898ce7d0c4413be8f1237f7acb53d58e7
DignitySAMP/Wild-West-Roleplay	a361bfe07dfb0657037f5de3cc4c0f543a993f36	.references/pawn/gamemodes/DignitySAMP--Wild-West-Roleplay/include/YSI_Server/y_scriptinit.inc	DignitySAMP--Wild-West-Roleplay-source.zip	84007acd9ac70bd8204bab1c021e66dec18f4d3cd81032291ecc36b672ebf9e7
DignitySAMP/Wild-West-Roleplay	a361bfe07dfb0657037f5de3cc4c0f543a993f36	.references/pawn/gamemodes/DignitySAMP--Wild-West-Roleplay/include/YSI_Server/y_punycode.inc	DignitySAMP--Wild-West-Roleplay-source.zip	2199a1b94356c02b5df5de48428ffe6eeedf8313b28d1bcc6d08246c7be1eecd
DignitySAMP/Wild-West-Roleplay	a361bfe07dfb0657037f5de3cc4c0f543a993f36	.references/pawn/gamemodes/DignitySAMP--Wild-West-Roleplay/include/YSI_Internal/y_writemem.inc	DignitySAMP--Wild-West-Roleplay-source.zip	182432bdbbe95167b28e0b0132f660e814955e36eb6ebf4fbbc6a01ad73aa32c
DignitySAMP/Wild-West-Roleplay	a361bfe07dfb0657037f5de3cc4c0f543a993f36	.references/pawn/gamemodes/DignitySAMP--Wild-West-Roleplay/include/YSI_Internal/y_natives.inc	DignitySAMP--Wild-West-Roleplay-source.zip	846ad95188b60dab4acf50be0312f1517daf2bccb31484d7d10d117fb898e2a7
DignitySAMP/Wild-West-Roleplay	a361bfe07dfb0657037f5de3cc4c0f543a993f36	.references/pawn/gamemodes/DignitySAMP--Wild-West-Roleplay/include/YSI_Internal/y_funcinc.inc	DignitySAMP--Wild-West-Roleplay-source.zip	53a7e48634556d8ef3d4ce63c2b980cfe91d2e12bc20c7cb70d971349d88b072
DignitySAMP/Wild-West-Roleplay	a361bfe07dfb0657037f5de3cc4c0f543a993f36	.references/pawn/gamemodes/DignitySAMP--Wild-West-Roleplay/include/YSI_Internal/y_mock.inc	DignitySAMP--Wild-West-Roleplay-source.zip	d908e3917d89011b9074b6717bd16a6d108d169b605c7a0c96c9e50963a405a3
DignitySAMP/Wild-West-Roleplay	a361bfe07dfb0657037f5de3cc4c0f543a993f36	.references/pawn/gamemodes/DignitySAMP--Wild-West-Roleplay/include/YSI_Internal/amx_assembly.inc	DignitySAMP--Wild-West-Roleplay-source.zip	44985344f951819716deb0b67119600f97e978cde9896637b4633b1af042838d
DignitySAMP/Wild-West-Roleplay	a361bfe07dfb0657037f5de3cc4c0f543a993f36	.references/pawn/gamemodes/DignitySAMP--Wild-West-Roleplay/include/YSI_Internal/y_cgen.inc	DignitySAMP--Wild-West-Roleplay-source.zip	fc0906cd7673b34501a171ee53a3e0ddddd5ec7a197133243ff5009d388fe4fd
DignitySAMP/Wild-West-Roleplay	a361bfe07dfb0657037f5de3cc4c0f543a993f36	.references/pawn/gamemodes/DignitySAMP--Wild-West-Roleplay/include/YSI_Internal/y_unqid.inc	DignitySAMP--Wild-West-Roleplay-source.zip	149569624d9039d79113902a05a5ea4125ae1f4c5d4bc737947ab9473593ce9c
DignitySAMP/Wild-West-Roleplay	a361bfe07dfb0657037f5de3cc4c0f543a993f36	.references/pawn/gamemodes/DignitySAMP--Wild-West-Roleplay/include/YSI_Internal/y_globaltags.inc	DignitySAMP--Wild-West-Roleplay-source.zip	94b63a8a40b72f2c720da1ae16f7f69773abdbd8f5dc054460c4b6b4ca7ef664
DignitySAMP/Wild-West-Roleplay	a361bfe07dfb0657037f5de3cc4c0f543a993f36	.references/pawn/gamemodes/DignitySAMP--Wild-West-Roleplay/include/YSI_Internal/y_pp.inc	DignitySAMP--Wild-West-Roleplay-source.zip	088bc5eae88d6d4ca2fe61784f40daecd0295be5697c20a73224bc7e6e3888dc
DignitySAMP/Wild-West-Roleplay	a361bfe07dfb0657037f5de3cc4c0f543a993f36	.references/pawn/gamemodes/DignitySAMP--Wild-West-Roleplay/include/YSI_Internal/y_distribute.inc	DignitySAMP--Wild-West-Roleplay-source.zip	500d37ed5f07ce0f26fc28f5eb3124682b1efb7e001215a5f158dffd9ce55ce9
DignitySAMP/Wild-West-Roleplay	a361bfe07dfb0657037f5de3cc4c0f543a993f36	.references/pawn/gamemodes/DignitySAMP--Wild-West-Roleplay/include/YSI_Internal/y_stripnumbers.inc	DignitySAMP--Wild-West-Roleplay-source.zip	ef64cb8e37bdffd044c4c857db88f528ffacbf6df15edd1bd10e2869286692b6
DignitySAMP/Wild-West-Roleplay	a361bfe07dfb0657037f5de3cc4c0f543a993f36	.references/pawn/gamemodes/DignitySAMP--Wild-West-Roleplay/include/YSI_Internal/y_version.inc	DignitySAMP--Wild-West-Roleplay-source.zip	4b5dab68301a8b9fe082a74472931a842263a4aa11663cd77f8f8ed463176b8f
DignitySAMP/Wild-West-Roleplay	a361bfe07dfb0657037f5de3cc4c0f543a993f36	.references/pawn/gamemodes/DignitySAMP--Wild-West-Roleplay/include/YSI_Internal/y_incognitostreamer.inc	DignitySAMP--Wild-West-Roleplay-source.zip	f71bf62ca2a85f9f7dc608db84356fab3b1fd73ce9a8048460cbd4ee233a0957
DignitySAMP/Wild-West-Roleplay	a361bfe07dfb0657037f5de3cc4c0f543a993f36	.references/pawn/gamemodes/DignitySAMP--Wild-West-Roleplay/include/YSI_Internal/y_compilerpass.inc	DignitySAMP--Wild-West-Roleplay-source.zip	8c617bc58a736a6b01606214850fb570a6a0bb5a0d53bf9358b2c9a94a3c302e
DignitySAMP/Wild-West-Roleplay	a361bfe07dfb0657037f5de3cc4c0f543a993f36	.references/pawn/gamemodes/DignitySAMP--Wild-West-Roleplay/include/YSI_Internal/y_unique.inc	DignitySAMP--Wild-West-Roleplay-source.zip	e9976676191b192635c2c9a38d303489099b16fbdcc49fb93b662a529c6db273
DignitySAMP/Wild-West-Roleplay	a361bfe07dfb0657037f5de3cc4c0f543a993f36	.references/pawn/gamemodes/DignitySAMP--Wild-West-Roleplay/include/YSI_Internal/y_renative.inc	DignitySAMP--Wild-West-Roleplay-source.zip	16eab53ffe2f060db5a3066943d8aae1ee634000e8d34755a3cd09eef625cc45
DignitySAMP/Wild-West-Roleplay	a361bfe07dfb0657037f5de3cc4c0f543a993f36	.references/pawn/gamemodes/DignitySAMP--Wild-West-Roleplay/include/YSI_Internal/y_shortfunc.inc	DignitySAMP--Wild-West-Roleplay-source.zip	8ba474de11788f874a8d8b6459000e5779cd620df89975e8066493b8d8573530
DignitySAMP/Wild-West-Roleplay	a361bfe07dfb0657037f5de3cc4c0f543a993f36	.references/pawn/gamemodes/DignitySAMP--Wild-West-Roleplay/include/YSI_Internal/y_classgroups.inc	DignitySAMP--Wild-West-Roleplay-source.zip	a6b9a0c082a860a61a98a2d6c2413e02c58816a15f8b169baf50fe19eb8afa18
DignitySAMP/Wild-West-Roleplay	a361bfe07dfb0657037f5de3cc4c0f543a993f36	.references/pawn/gamemodes/DignitySAMP--Wild-West-Roleplay/include/YSI_Internal/y_gamerzps.inc	DignitySAMP--Wild-West-Roleplay-source.zip	bd61c957cc54035c0748e3d1f89090129a8955a3289720e5d71b52eb8b0f1163
DignitySAMP/Wild-West-Roleplay	a361bfe07dfb0657037f5de3cc4c0f543a993f36	.references/pawn/gamemodes/DignitySAMP--Wild-West-Roleplay/include/YSI_Internal/y_plugins.inc	DignitySAMP--Wild-West-Roleplay-source.zip	eb662f2920ce452fdb8b4bd9041acd5ee4df8513a1ee5f4b4728d833ecd2dacd
DignitySAMP/Wild-West-Roleplay	a361bfe07dfb0657037f5de3cc4c0f543a993f36	.references/pawn/gamemodes/DignitySAMP--Wild-West-Roleplay/include/YSI/y_writemem.inc	DignitySAMP--Wild-West-Roleplay-source.zip	511d7248c0b4d6596877dcdd33d5da61e39bfd0191718199370b584ce4714ce3
DignitySAMP/Wild-West-Roleplay	a361bfe07dfb0657037f5de3cc4c0f543a993f36	.references/pawn/gamemodes/DignitySAMP--Wild-West-Roleplay/include/YSI/y_debug.inc	DignitySAMP--Wild-West-Roleplay-source.zip	e94dec639576e869ef5e5a00b5af12345f6d829efadf224358c5ec3bd17b2596
DignitySAMP/Wild-West-Roleplay	a361bfe07dfb0657037f5de3cc4c0f543a993f36	.references/pawn/gamemodes/DignitySAMP--Wild-West-Roleplay/include/YSI/y_users.inc	DignitySAMP--Wild-West-Roleplay-source.zip	fe49dc51fd328689c061965274d1572f052ae7e709e2332511df136c644812eb
DignitySAMP/Wild-West-Roleplay	a361bfe07dfb0657037f5de3cc4c0f543a993f36	.references/pawn/gamemodes/DignitySAMP--Wild-West-Roleplay/include/YSI/y_inline.inc	DignitySAMP--Wild-West-Roleplay-source.zip	0f860b2293bd62864ae954690db9cc69e5ef71826a71b281c5d9f953164c758c
DignitySAMP/Wild-West-Roleplay	a361bfe07dfb0657037f5de3cc4c0f543a993f36	.references/pawn/gamemodes/DignitySAMP--Wild-West-Roleplay/include/YSI/y_td.inc	DignitySAMP--Wild-West-Roleplay-source.zip	3bde189c1c2ec5d00d840520bc24a0b14ec573e136af7bec3cbb72b5b65307d0
DignitySAMP/Wild-West-Roleplay	a361bfe07dfb0657037f5de3cc4c0f543a993f36	.references/pawn/gamemodes/DignitySAMP--Wild-West-Roleplay/include/YSI/y_php.inc	DignitySAMP--Wild-West-Roleplay-source.zip	01bf19826405e0acaeaf4d71efadc9ca925361db2f5f7d09c225278d52c39e65
DignitySAMP/Wild-West-Roleplay	a361bfe07dfb0657037f5de3cc4c0f543a993f36	.references/pawn/gamemodes/DignitySAMP--Wild-West-Roleplay/include/YSI/y_stringhash.inc	DignitySAMP--Wild-West-Roleplay-source.zip	39fca6292bd5dcb773df6dae4129d8ce3472fd5ece86a5292e22c40003f2a835
DignitySAMP/Wild-West-Roleplay	a361bfe07dfb0657037f5de3cc4c0f543a993f36	.references/pawn/gamemodes/DignitySAMP--Wild-West-Roleplay/include/YSI/y_malloc.inc	DignitySAMP--Wild-West-Roleplay-source.zip	c2f1a926b7ecba1d8c7197b68caff1fa8e1cc6b2b64bfdf91e8fc91a327f60ab
DignitySAMP/Wild-West-Roleplay	a361bfe07dfb0657037f5de3cc4c0f543a993f36	.references/pawn/gamemodes/DignitySAMP--Wild-West-Roleplay/include/YSI/y_master.inc	DignitySAMP--Wild-West-Roleplay-source.zip	24d3269988c8c767f8d900a692e6c38dc6daf604a84657bfbc131aebec137101
DignitySAMP/Wild-West-Roleplay	a361bfe07dfb0657037f5de3cc4c0f543a993f36	.references/pawn/gamemodes/DignitySAMP--Wild-West-Roleplay/include/YSI/y_text.inc	DignitySAMP--Wild-West-Roleplay-source.zip	76bcd17ad4d6b8f3e996097e6c498869387b525eb16cd5fc5404f3f8cb403b01
DignitySAMP/Wild-West-Roleplay	a361bfe07dfb0657037f5de3cc4c0f543a993f36	.references/pawn/gamemodes/DignitySAMP--Wild-West-Roleplay/include/YSI/y_va.inc	DignitySAMP--Wild-West-Roleplay-source.zip	9da0f5ebd005cff4553379a43c1c35e0a9721fce316731e74a2470b4857871a6
DignitySAMP/Wild-West-Roleplay	a361bfe07dfb0657037f5de3cc4c0f543a993f36	.references/pawn/gamemodes/DignitySAMP--Wild-West-Roleplay/include/YSI/y_cell.inc	DignitySAMP--Wild-West-Roleplay-source.zip	12d7310f363d18d51f946153618eea2196d57524403a7bf46839cbd4a48eea8e
DignitySAMP/Wild-West-Roleplay	a361bfe07dfb0657037f5de3cc4c0f543a993f36	.references/pawn/gamemodes/DignitySAMP--Wild-West-Roleplay/include/YSI/y_utils.inc	DignitySAMP--Wild-West-Roleplay-source.zip	b35c58b6e35a4955cc6a41eda60581a8ada073784aa7fe44d0a78533813254e8
DignitySAMP/Wild-West-Roleplay	a361bfe07dfb0657037f5de3cc4c0f543a993f36	.references/pawn/gamemodes/DignitySAMP--Wild-West-Roleplay/include/YSI/y_colours.inc	DignitySAMP--Wild-West-Roleplay-source.zip	f9350f076edb5dc8ea60bc4131a8db91d64fd0d290742c19bfcba23794f4e93f
DignitySAMP/Wild-West-Roleplay	a361bfe07dfb0657037f5de3cc4c0f543a993f36	.references/pawn/gamemodes/DignitySAMP--Wild-West-Roleplay/include/YSI/y_remote.inc	DignitySAMP--Wild-West-Roleplay-source.zip	ece2297107ffbc67afd89101cae291b8896bdeceeea8d5fb147c942da027c206
DignitySAMP/Wild-West-Roleplay	a361bfe07dfb0657037f5de3cc4c0f543a993f36	.references/pawn/gamemodes/DignitySAMP--Wild-West-Roleplay/include/YSI/y_ini.inc	DignitySAMP--Wild-West-Roleplay-source.zip	29021e4a04c2e4b85c77f1188c85f95d2a7b5dd98f20de1c97bf9943c4eaac72
DignitySAMP/Wild-West-Roleplay	a361bfe07dfb0657037f5de3cc4c0f543a993f36	.references/pawn/gamemodes/DignitySAMP--Wild-West-Roleplay/include/YSI/y_playerarray.inc	DignitySAMP--Wild-West-Roleplay-source.zip	009e005c442a15266e12617239421299d1d524ee9d5e05472ca486a8f00d020b
DignitySAMP/Wild-West-Roleplay	a361bfe07dfb0657037f5de3cc4c0f543a993f36	.references/pawn/gamemodes/DignitySAMP--Wild-West-Roleplay/include/YSI/y_uvar.inc	DignitySAMP--Wild-West-Roleplay-source.zip	0c905fcbc93e038dee10c88fa7cff7b7533169c19b140255a90782e3b1f1d4e4
DignitySAMP/Wild-West-Roleplay	a361bfe07dfb0657037f5de3cc4c0f543a993f36	.references/pawn/gamemodes/DignitySAMP--Wild-West-Roleplay/include/YSI/y_hooks.inc	DignitySAMP--Wild-West-Roleplay-source.zip	36d2a6982ab3c876f08ce76aefefc64ca005c3ab6c99dc80e834f6431f32fe12
DignitySAMP/Wild-West-Roleplay	a361bfe07dfb0657037f5de3cc4c0f543a993f36	.references/pawn/gamemodes/DignitySAMP--Wild-West-Roleplay/include/YSI/y_flooding.inc	DignitySAMP--Wild-West-Roleplay-source.zip	0ff000f9d61a20e55867f207bc017b87dc98cd26049946cf772d883f28896056
DignitySAMP/Wild-West-Roleplay	a361bfe07dfb0657037f5de3cc4c0f543a993f36	.references/pawn/gamemodes/DignitySAMP--Wild-West-Roleplay/include/YSI/y_groups.inc	DignitySAMP--Wild-West-Roleplay-source.zip	140901cd2ca6b7ee868f1589432c43c22b594a52aa626993a9ac0c1320a8ab86
DignitySAMP/Wild-West-Roleplay	a361bfe07dfb0657037f5de3cc4c0f543a993f36	.references/pawn/gamemodes/DignitySAMP--Wild-West-Roleplay/include/YSI/y_lock.inc	DignitySAMP--Wild-West-Roleplay-source.zip	80395c4202efb7aca86eced231275a7c2b42e3886d073a2867bffaf8cabc7264
DignitySAMP/Wild-West-Roleplay	a361bfe07dfb0657037f5de3cc4c0f543a993f36	.references/pawn/gamemodes/DignitySAMP--Wild-West-Roleplay/include/YSI/y_colors.inc	DignitySAMP--Wild-West-Roleplay-source.zip	028bfe3c34047e3df4c85aa6bc505f4e7f837bc6af4f04f32673e029399514da
DignitySAMP/Wild-West-Roleplay	a361bfe07dfb0657037f5de3cc4c0f543a993f36	.references/pawn/gamemodes/DignitySAMP--Wild-West-Roleplay/include/YSI/y_xml.inc	DignitySAMP--Wild-West-Roleplay-source.zip	bac8e71ee1e2d326955983f6a0e2e80bfdcc912ee6d268d62a95729c6bebf11c
DignitySAMP/Wild-West-Roleplay	a361bfe07dfb0657037f5de3cc4c0f543a993f36	.references/pawn/gamemodes/DignitySAMP--Wild-West-Roleplay/include/YSI/y_scriptinit.inc	DignitySAMP--Wild-West-Roleplay-source.zip	79cf58c427a44400a8ad730490d7509b6e9932e7e4efeb5b5c4e5270568257db
DignitySAMP/Wild-West-Roleplay	a361bfe07dfb0657037f5de3cc4c0f543a993f36	.references/pawn/gamemodes/DignitySAMP--Wild-West-Roleplay/include/YSI/y_languages.inc	DignitySAMP--Wild-West-Roleplay-source.zip	aee1664553f1a1c8e55d86d3803033cd745a37778cd31a1b61df3d5250ce8d4c
DignitySAMP/Wild-West-Roleplay	a361bfe07dfb0657037f5de3cc4c0f543a993f36	.references/pawn/gamemodes/DignitySAMP--Wild-West-Roleplay/include/YSI/y_als.inc	DignitySAMP--Wild-West-Roleplay-source.zip	8a254eaf9e21e3d2b290bc56b31cf9979fb6a4c5097be7373768afd246aca8f2
DignitySAMP/Wild-West-Roleplay	a361bfe07dfb0657037f5de3cc4c0f543a993f36	.references/pawn/gamemodes/DignitySAMP--Wild-West-Roleplay/include/YSI/y_races.inc	DignitySAMP--Wild-West-Roleplay-source.zip	c6affb0e0d1f939ac31c99f0f986b74c81d69a831044630c934de75d00b9b3f2
DignitySAMP/Wild-West-Roleplay	a361bfe07dfb0657037f5de3cc4c0f543a993f36	.references/pawn/gamemodes/DignitySAMP--Wild-West-Roleplay/include/YSI/y_vehicledata.inc	DignitySAMP--Wild-West-Roleplay-source.zip	fd5c7242cdd9f514ba805f649daa62f182ae9fd31430415f36cb810f261cb559
DignitySAMP/Wild-West-Roleplay	a361bfe07dfb0657037f5de3cc4c0f543a993f36	.references/pawn/gamemodes/DignitySAMP--Wild-West-Roleplay/include/YSI/y_zonepulse.inc	DignitySAMP--Wild-West-Roleplay-source.zip	24781bbe3ac86c332bf4d1275fa8dfc8f7bbb3ab3a9bef06646f8120d59a1281
DignitySAMP/Wild-West-Roleplay	a361bfe07dfb0657037f5de3cc4c0f543a993f36	.references/pawn/gamemodes/DignitySAMP--Wild-West-Roleplay/include/YSI/y_bintree.inc	DignitySAMP--Wild-West-Roleplay-source.zip	905d5e7f1082551c1aa4535189dc51f53fe531926f4731553fc7f529cc3bc342
DignitySAMP/Wild-West-Roleplay	a361bfe07dfb0657037f5de3cc4c0f543a993f36	.references/pawn/gamemodes/DignitySAMP--Wild-West-Roleplay/include/YSI/y_properties.inc	DignitySAMP--Wild-West-Roleplay-source.zip	043f1fcef097bfbb9cf5d25b971b6327bac4459c3d2253b0665599fa9874962c
DignitySAMP/Wild-West-Roleplay	a361bfe07dfb0657037f5de3cc4c0f543a993f36	.references/pawn/gamemodes/DignitySAMP--Wild-West-Roleplay/include/YSI/y_iterate.inc	DignitySAMP--Wild-West-Roleplay-source.zip	bed90d4185234b497ab461ed02485a1391fb243c8992ad3cdf81994c3837812f
DignitySAMP/Wild-West-Roleplay	a361bfe07dfb0657037f5de3cc4c0f543a993f36	.references/pawn/gamemodes/DignitySAMP--Wild-West-Roleplay/include/YSI/y_areas.inc	DignitySAMP--Wild-West-Roleplay-source.zip	0b487393ab8a0e22a9b481ba75ce7236f9adbce909b785e03a2a7387d6183955
DignitySAMP/Wild-West-Roleplay	a361bfe07dfb0657037f5de3cc4c0f543a993f36	.references/pawn/gamemodes/DignitySAMP--Wild-West-Roleplay/include/YSI/y_zonenames.inc	DignitySAMP--Wild-West-Roleplay-source.zip	65ff5f968219747cf82243c039893be64c3360c533c0c67795875f068e1907f4
DignitySAMP/Wild-West-Roleplay	a361bfe07dfb0657037f5de3cc4c0f543a993f36	.references/pawn/gamemodes/DignitySAMP--Wild-West-Roleplay/include/YSI/y_bit.inc	DignitySAMP--Wild-West-Roleplay-source.zip	d4499691b2638c74fd4e47815d1f59325904d5c3981f8423c2c994a9f347a495
DignitySAMP/Wild-West-Roleplay	a361bfe07dfb0657037f5de3cc4c0f543a993f36	.references/pawn/gamemodes/DignitySAMP--Wild-West-Roleplay/include/YSI/y_bitmap.inc	DignitySAMP--Wild-West-Roleplay-source.zip	2c209348387dc5ade287627fda6b230fcb78cd4314137bd255ecc15495a219d7
DignitySAMP/Wild-West-Roleplay	a361bfe07dfb0657037f5de3cc4c0f543a993f36	.references/pawn/gamemodes/DignitySAMP--Wild-West-Roleplay/include/YSI/y_dialog.inc	DignitySAMP--Wild-West-Roleplay-source.zip	47b8f552b44960ffdc591c13bb573460272fbcf78bbf6773140cb32acd718a09
DignitySAMP/Wild-West-Roleplay	a361bfe07dfb0657037f5de3cc4c0f543a993f36	.references/pawn/gamemodes/DignitySAMP--Wild-West-Roleplay/include/YSI/y_playerset.inc	DignitySAMP--Wild-West-Roleplay-source.zip	c06b45f373856782747774671e9d8ec2e58fec003e3b02b46b2303a58c18ac23
DignitySAMP/Wild-West-Roleplay	a361bfe07dfb0657037f5de3cc4c0f543a993f36	.references/pawn/gamemodes/DignitySAMP--Wild-West-Roleplay/include/YSI/y_timers.inc	DignitySAMP--Wild-West-Roleplay-source.zip	ee9d94f8290dc154f71aaa42bbd1744b4d73e45def198ff6ba45739f2de453b3
DignitySAMP/Wild-West-Roleplay	a361bfe07dfb0657037f5de3cc4c0f543a993f36	.references/pawn/gamemodes/DignitySAMP--Wild-West-Roleplay/include/YSI/y_punycode.inc	DignitySAMP--Wild-West-Roleplay-source.zip	e45106869f2c0e97f90eb51435e069cffe2ac0819d967aa16e83e20b34f85e6a
DignitySAMP/Wild-West-Roleplay	a361bfe07dfb0657037f5de3cc4c0f543a993f36	.references/pawn/gamemodes/DignitySAMP--Wild-West-Roleplay/include/YSI/y_testing.inc	DignitySAMP--Wild-West-Roleplay-source.zip	0a2907391ce729472a1c51c5e5fcf665e66dfe3276292d16cc7c60e1ccb15048
DignitySAMP/Wild-West-Roleplay	a361bfe07dfb0657037f5de3cc4c0f543a993f36	.references/pawn/gamemodes/DignitySAMP--Wild-West-Roleplay/include/YSI/y_svar.inc	DignitySAMP--Wild-West-Roleplay-source.zip	b133b2a22f1633a863b7d89923534eadee09eaa0fbfde758bf780d821e43d890
DignitySAMP/Wild-West-Roleplay	a361bfe07dfb0657037f5de3cc4c0f543a993f36	.references/pawn/gamemodes/DignitySAMP--Wild-West-Roleplay/include/YSI/y_jaggedarray.inc	DignitySAMP--Wild-West-Roleplay-source.zip	71acbb80b4aced679dd346accfb7feedbba4f6aeedab61fa4b25c7824dccf49f
DignitySAMP/Wild-West-Roleplay	a361bfe07dfb0657037f5de3cc4c0f543a993f36	.references/pawn/gamemodes/DignitySAMP--Wild-West-Roleplay/include/YSI/y_extra.inc	DignitySAMP--Wild-West-Roleplay-source.zip	491ec9ac54ebe07844f533751f87de279872a473ac2075cdeec61fddf280243c
DignitySAMP/Wild-West-Roleplay	a361bfe07dfb0657037f5de3cc4c0f543a993f36	.references/pawn/gamemodes/DignitySAMP--Wild-West-Roleplay/include/YSI/y_commands.inc	DignitySAMP--Wild-West-Roleplay-source.zip	6827704aad455539491abc7d374a88dacde4ef170c292473e2e52c6321c594fb
DignitySAMP/Wild-West-Roleplay	a361bfe07dfb0657037f5de3cc4c0f543a993f36	.references/pawn/gamemodes/DignitySAMP--Wild-West-Roleplay/include/YSI/y_files.inc	DignitySAMP--Wild-West-Roleplay-source.zip	a4d0aab0c0654703d578f7866715e69b3a089377007bc9d14a76e9a8d3715506
DignitySAMP/Wild-West-Roleplay	a361bfe07dfb0657037f5de3cc4c0f543a993f36	.references/pawn/gamemodes/DignitySAMP--Wild-West-Roleplay/include/YSI/y_classes.inc	DignitySAMP--Wild-West-Roleplay-source.zip	5d538832a6e33643b45880e1f1fc678cbf8385742ceeeadc431477f275a9ff8d
DignitySAMP/Wild-West-Roleplay	a361bfe07dfb0657037f5de3cc4c0f543a993f36	.references/pawn/gamemodes/DignitySAMP--Wild-West-Roleplay/include/YSI/y_amx.inc	DignitySAMP--Wild-West-Roleplay-source.zip	8df45c6c3d751121ae7eb98bfb34f37c60b805c7a0f26ba9de5f5ac845b3a0a3
DignitySAMP/Wild-West-Roleplay	a361bfe07dfb0657037f5de3cc4c0f543a993f36	.references/pawn/gamemodes/DignitySAMP--Wild-West-Roleplay/include/YSI_Coding/y_inline.inc	DignitySAMP--Wild-West-Roleplay-source.zip	192e8f5ab8aeb42bb20682bc3aa519a51f322a98f3242836dcca1fdc5b035d86
DignitySAMP/Wild-West-Roleplay	a361bfe07dfb0657037f5de3cc4c0f543a993f36	.references/pawn/gamemodes/DignitySAMP--Wild-West-Roleplay/include/YSI_Coding/y_stringhash.inc	DignitySAMP--Wild-West-Roleplay-source.zip	d9d51c38f02ae860678222e33022e81709e617b5cb94185689f1a01e1fdfa297
DignitySAMP/Wild-West-Roleplay	a361bfe07dfb0657037f5de3cc4c0f543a993f36	.references/pawn/gamemodes/DignitySAMP--Wild-West-Roleplay/include/YSI_Coding/y_malloc.inc	DignitySAMP--Wild-West-Roleplay-source.zip	e9b7b0da918936d1413254e0fe977f98e2069bae037b0f4c3e8850f65e9a378f
DignitySAMP/Wild-West-Roleplay	a361bfe07dfb0657037f5de3cc4c0f543a993f36	.references/pawn/gamemodes/DignitySAMP--Wild-West-Roleplay/include/YSI_Coding/y_va.inc	DignitySAMP--Wild-West-Roleplay-source.zip	208fbcfdf23070a59b583a5d584f264e314cdd4a0ae3fba9f007125d5a50be02
DignitySAMP/Wild-West-Roleplay	a361bfe07dfb0657037f5de3cc4c0f543a993f36	.references/pawn/gamemodes/DignitySAMP--Wild-West-Roleplay/include/YSI_Coding/y_remote.inc	DignitySAMP--Wild-West-Roleplay-source.zip	79ddc0ba164edb609b0e792202fa0740cf3c551c7acc8c7d1e27295b409add4a
DignitySAMP/Wild-West-Roleplay	a361bfe07dfb0657037f5de3cc4c0f543a993f36	.references/pawn/gamemodes/DignitySAMP--Wild-West-Roleplay/include/YSI_Coding/y_hooks.inc	DignitySAMP--Wild-West-Roleplay-source.zip	a033bde82516677d3b0a358dd8036f0e1878794fa34fe4bf036f79eebdb8895e
DignitySAMP/Wild-West-Roleplay	a361bfe07dfb0657037f5de3cc4c0f543a993f36	.references/pawn/gamemodes/DignitySAMP--Wild-West-Roleplay/include/YSI_Coding/y_timers.inc	DignitySAMP--Wild-West-Roleplay-source.zip	0e50f5fda3351c87d6e3c5ba18bded91bd7823241fc1abc29f5adc0dbe7a38ac
DignitySAMP/Wild-West-Roleplay	a361bfe07dfb0657037f5de3cc4c0f543a993f36	.references/pawn/gamemodes/DignitySAMP--Wild-West-Roleplay/include/YSI_Visual/y_races.inc	DignitySAMP--Wild-West-Roleplay-source.zip	91eb35d1236b966c3b8a8b56b1e5eba64b50e417edde858448fc08d222084c34
DignitySAMP/Wild-West-Roleplay	a361bfe07dfb0657037f5de3cc4c0f543a993f36	.references/pawn/gamemodes/DignitySAMP--Wild-West-Roleplay/include/YSI_Visual/y_zonepulse.inc	DignitySAMP--Wild-West-Roleplay-source.zip	06758aa8a50abbb41374766b5fb0723ba72875415575556b58ab9815d8d0c813
DignitySAMP/Wild-West-Roleplay	a361bfe07dfb0657037f5de3cc4c0f543a993f36	.references/pawn/gamemodes/DignitySAMP--Wild-West-Roleplay/include/YSI_Visual/y_loader.inc	DignitySAMP--Wild-West-Roleplay-source.zip	31db13602fa32cf6e711d763cf42965ae51f1b1b2a8ac70ad32ce527df4ab24b
DignitySAMP/Wild-West-Roleplay	a361bfe07dfb0657037f5de3cc4c0f543a993f36	.references/pawn/gamemodes/DignitySAMP--Wild-West-Roleplay/include/YSI_Visual/y_properties.inc	DignitySAMP--Wild-West-Roleplay-source.zip	dfdd623876ab7700dfaf578aeeaf8921d6ade91f526e59ed767618e32d542834
DignitySAMP/Wild-West-Roleplay	a361bfe07dfb0657037f5de3cc4c0f543a993f36	.references/pawn/gamemodes/DignitySAMP--Wild-West-Roleplay/include/YSI_Visual/y_areas.inc	DignitySAMP--Wild-West-Roleplay-source.zip	88432377b75698133cd97dca70b56eb207aebe930b5614b8fdae0148ad99db3a
DignitySAMP/Wild-West-Roleplay	a361bfe07dfb0657037f5de3cc4c0f543a993f36	.references/pawn/gamemodes/DignitySAMP--Wild-West-Roleplay/include/YSI_Visual/y_zonenames.inc	DignitySAMP--Wild-West-Roleplay-source.zip	5dd05817133cf38a2ff775dfda4178a31a8fc861b1ca71c531a21bd603788173
DignitySAMP/Wild-West-Roleplay	a361bfe07dfb0657037f5de3cc4c0f543a993f36	.references/pawn/gamemodes/DignitySAMP--Wild-West-Roleplay/include/YSI_Visual/y_dialog.inc	DignitySAMP--Wild-West-Roleplay-source.zip	96531afe756bced0d0c8e9105e01b05f7bda8dfb379568141a48d0567dfe5453
DignitySAMP/Wild-West-Roleplay	a361bfe07dfb0657037f5de3cc4c0f543a993f36	.references/pawn/gamemodes/DignitySAMP--Wild-West-Roleplay/include/YSI_Visual/y_objects.inc	DignitySAMP--Wild-West-Roleplay-source.zip	57bae62a029d8c4b986ee99744387b83f961fa69a9d8f8584d43e4d61a147a49
DignitySAMP/Wild-West-Roleplay	a361bfe07dfb0657037f5de3cc4c0f543a993f36	.references/pawn/gamemodes/DignitySAMP--Wild-West-Roleplay/include/YSI_Visual/y_commands.inc	DignitySAMP--Wild-West-Roleplay-source.zip	e222d4a454bfcd944d346869511bbbcfe9507e6c7eed2ccd61b72fa4cee2ac67
DignitySAMP/Wild-West-Roleplay	a361bfe07dfb0657037f5de3cc4c0f543a993f36	.references/pawn/gamemodes/DignitySAMP--Wild-West-Roleplay/include/YSI_Visual/y_classes.inc	DignitySAMP--Wild-West-Roleplay-source.zip	8aa7d6d9573772186fa0cbdd01a28fb6ce8893b379aabc1c3f6670c65dc8ffe8
DignitySAMP/Wild-West-Roleplay	a361bfe07dfb0657037f5de3cc4c0f543a993f36	.references/pawn/gamemodes/DignitySAMP--Wild-West-Roleplay/include/YSI_Players/y_users/ini.inc	DignitySAMP--Wild-West-Roleplay-source.zip	26a7fa5a37c85df190f8ade7e58e4b6b8c05f0d6efddc3931b63dfb05f470434
DignitySAMP/Wild-West-Roleplay	a361bfe07dfb0657037f5de3cc4c0f543a993f36	.references/pawn/gamemodes/DignitySAMP--Wild-West-Roleplay/include/YSI_Players/y_users/tests.inc	DignitySAMP--Wild-West-Roleplay-source.zip	61c7052b1cce13bc73efb43a2c762699133ebdc774960cc85a049a136e0f5549
DignitySAMP/Wild-West-Roleplay	a361bfe07dfb0657037f5de3cc4c0f543a993f36	.references/pawn/gamemodes/DignitySAMP--Wild-West-Roleplay/include/YSI_Players/y_users/Dan10.inc	DignitySAMP--Wild-West-Roleplay-source.zip	ae8ae9d11bd20887faeac57d0687d32d6eb9d2019e72885a82f8e31e0606205a
DignitySAMP/Wild-West-Roleplay	a361bfe07dfb0657037f5de3cc4c0f543a993f36	.references/pawn/gamemodes/DignitySAMP--Wild-West-Roleplay/include/YSI_Players/y_users/blueg7.inc	DignitySAMP--Wild-West-Roleplay-source.zip	e2f400cdec4ebb3ca1cc5b63924d150bea0ca0ed9c063985846db342e53f2422
DignitySAMP/Wild-West-Roleplay	a361bfe07dfb0657037f5de3cc4c0f543a993f36	.references/pawn/gamemodes/DignitySAMP--Wild-West-Roleplay/include/YSI_Players/y_groups/_funcs.inc	DignitySAMP--Wild-West-Roleplay-source.zip	cd62f79c83651b6aa509b38839ae4302da751cfcfaccb189e5c6801feffbd4f0
DignitySAMP/Wild-West-Roleplay	a361bfe07dfb0657037f5de3cc4c0f543a993f36	.references/pawn/gamemodes/DignitySAMP--Wild-West-Roleplay/include/YSI_Players/y_groups/tests.inc	DignitySAMP--Wild-West-Roleplay-source.zip	343782d376d453428a7d2f0b1b5bf5358c3a57704a3e3c702ecc62332fd0aa65
DignitySAMP/Wild-West-Roleplay	a361bfe07dfb0657037f5de3cc4c0f543a993f36	.references/pawn/gamemodes/DignitySAMP--Wild-West-Roleplay/include/YSI_Players/y_groups/setup.inc	DignitySAMP--Wild-West-Roleplay-source.zip	8ae3373f521c4c3c7978e2ac43c2441973289f0cf344e60f1c2626003a26445c
DignitySAMP/Wild-West-Roleplay	a361bfe07dfb0657037f5de3cc4c0f543a993f36	.references/pawn/gamemodes/DignitySAMP--Wild-West-Roleplay/include/YSI_Players/y_groups/_unique.inc	DignitySAMP--Wild-West-Roleplay-source.zip	f25c481200d6f5999f32b182fe17f872d086997f8b49d230e96c9936e269b9e1
DignitySAMP/Wild-West-Roleplay	a361bfe07dfb0657037f5de3cc4c0f543a993f36	.references/pawn/gamemodes/DignitySAMP--Wild-West-Roleplay/include/YSI_Players/y_groups/impl.inc	DignitySAMP--Wild-West-Roleplay-source.zip	3823a00b374de6d52e2340e16db2064e9ef4cf935ab352345b5d6ee943c9a5b7
DignitySAMP/Wild-West-Roleplay	a361bfe07dfb0657037f5de3cc4c0f543a993f36	.references/pawn/gamemodes/DignitySAMP--Wild-West-Roleplay/include/YSI_Players/y_text/renderer2.inc	DignitySAMP--Wild-West-Roleplay-source.zip	81f92c70c876857538ba994eec87a9589f10682aba5413f950a94937ae67ee84
DignitySAMP/Wild-West-Roleplay	a361bfe07dfb0657037f5de3cc4c0f543a993f36	.references/pawn/gamemodes/DignitySAMP--Wild-West-Roleplay/include/YSI_Players/y_text/textid.inc	DignitySAMP--Wild-West-Roleplay-source.zip	a3db8daea5e89a793d3e0c85c495abbc78405b4f469e9bc3edc62bd231cf09cc
DignitySAMP/Wild-West-Roleplay	a361bfe07dfb0657037f5de3cc4c0f543a993f36	.references/pawn/gamemodes/DignitySAMP--Wild-West-Roleplay/include/YSI_Players/y_text/tests.inc	DignitySAMP--Wild-West-Roleplay-source.zip	9a38d5e95fd865d806a0964c0a3008c88f8986ba138e4dbc44ca267ddaa01e02
DignitySAMP/Wild-West-Roleplay	a361bfe07dfb0657037f5de3cc4c0f543a993f36	.references/pawn/gamemodes/DignitySAMP--Wild-West-Roleplay/include/YSI_Players/y_text/load.inc	DignitySAMP--Wild-West-Roleplay-source.zip	824a67c6d9e316b586fe5459f12f5c3f947b071bbd0dcad931bcfab2f70a55d0
DignitySAMP/Wild-West-Roleplay	a361bfe07dfb0657037f5de3cc4c0f543a993f36	.references/pawn/gamemodes/DignitySAMP--Wild-West-Roleplay/include/YSI_Players/y_text/styles.inc	DignitySAMP--Wild-West-Roleplay-source.zip	6dbd788bb68874d77dd5d4c4ed83ebac87a9ef19e1ade0a38ec3885fbfe2a1b8
DignitySAMP/Wild-West-Roleplay	a361bfe07dfb0657037f5de3cc4c0f543a993f36	.references/pawn/gamemodes/DignitySAMP--Wild-West-Roleplay/include/YSI_Players/y_text/renderer.txt	DignitySAMP--Wild-West-Roleplay-source.zip	1fe781f8a4a6b703e97b611859ac3c3f0a332fcfb6984408e737789ddfdc7be7
DignitySAMP/Wild-West-Roleplay	a361bfe07dfb0657037f5de3cc4c0f543a993f36	.references/pawn/gamemodes/DignitySAMP--Wild-West-Roleplay/include/YSI_Players/y_text/renderer.inc	DignitySAMP--Wild-West-Roleplay-source.zip	1c42a1cac22270fb854a8392689021229ec1b67b026185e276214efc9a24a58b
DignitySAMP/Wild-West-Roleplay	a361bfe07dfb0657037f5de3cc4c0f543a993f36	.references/pawn/gamemodes/DignitySAMP--Wild-West-Roleplay/include/YSI_Players/y_text/renderColours.inc	DignitySAMP--Wild-West-Roleplay-source.zip	b652f0e00a01e35127ca44ce8ee7e6b4a5f997b781ab23b994e92e9bdb29eb18
DignitySAMP/Wild-West-Roleplay	a361bfe07dfb0657037f5de3cc4c0f543a993f36	.references/pawn/gamemodes/DignitySAMP--Wild-West-Roleplay/include/YSI_Players/y_text/renderer3.inc	DignitySAMP--Wild-West-Roleplay-source.zip	db0248dbf22701d32baedf354ec01abaccba712cf6f7ca2f67d48eb1e30544b9
DignitySAMP/Wild-West-Roleplay	a361bfe07dfb0657037f5de3cc4c0f543a993f36	.references/pawn/gamemodes/DignitySAMP--Wild-West-Roleplay/include/YSI_Players/y_text/textid.txt	DignitySAMP--Wild-West-Roleplay-source.zip	fb6dc96ef2c0a46611f7896754f07bb2479aeef1dac8566a14d356159f46766d
DignitySAMP/Wild-West-Roleplay	a361bfe07dfb0657037f5de3cc4c0f543a993f36	.references/pawn/gamemodes/DignitySAMP--Wild-West-Roleplay/include/YSI_Players/y_text/render.inc	DignitySAMP--Wild-West-Roleplay-source.zip	debb829b6e4643eb4177559a9f37088293525fd87235327aa37620eed80df8d9
DignitySAMP/Wild-West-Roleplay	a361bfe07dfb0657037f5de3cc4c0f543a993f36	.references/pawn/gamemodes/DignitySAMP--Wild-West-Roleplay/include/YSI_Players/y_text/impl.inc	DignitySAMP--Wild-West-Roleplay-source.zip	9da74eca693cbeec4a9002af6233271faee7ff0667daa6bf4a3e607783440555
DignitySAMP/Wild-West-Roleplay	a361bfe07dfb0657037f5de3cc4c0f543a993f36	.references/pawn/gamemodes/DignitySAMP--Wild-West-Roleplay/include/YSI_Core/y_master/_cleanup.inc	DignitySAMP--Wild-West-Roleplay-source.zip	1fa66431a4c430c3c73144d353119b749142442e37c0c1c108799dd218db0f21
DignitySAMP/Wild-West-Roleplay	a361bfe07dfb0657037f5de3cc4c0f543a993f36	.references/pawn/gamemodes/DignitySAMP--Wild-West-Roleplay/include/YSI_Core/y_master/_resolve.inc	DignitySAMP--Wild-West-Roleplay-source.zip	3982050249e3479691dbe14eac144d02e7d44618e0cbf14654f0f01cad02cd6c
DignitySAMP/Wild-West-Roleplay	a361bfe07dfb0657037f5de3cc4c0f543a993f36	.references/pawn/gamemodes/DignitySAMP--Wild-West-Roleplay/include/YSI_Core/y_master/_pop_master.inc	DignitySAMP--Wild-West-Roleplay-source.zip	1d00fce8d7d41041fa90ecb43c81c505f0201d68bc7268d59caed936ad7bed86
DignitySAMP/Wild-West-Roleplay	a361bfe07dfb0657037f5de3cc4c0f543a993f36	.references/pawn/gamemodes/DignitySAMP--Wild-West-Roleplay/include/YSI_Core/y_master/tests.inc	DignitySAMP--Wild-West-Roleplay-source.zip	e3b0c44298fc1c149afbf4c8996fb92427ae41e4649b934ca495991b7852b855
DignitySAMP/Wild-West-Roleplay	a361bfe07dfb0657037f5de3cc4c0f543a993f36	.references/pawn/gamemodes/DignitySAMP--Wild-West-Roleplay/include/YSI_Core/y_master/_push_master.inc	DignitySAMP--Wild-West-Roleplay-source.zip	8363db38ffb577dc2c2d359c6c6efc1227fe4cbbaf5ea0be2b472cd87201392a
DignitySAMP/Wild-West-Roleplay	a361bfe07dfb0657037f5de3cc4c0f543a993f36	.references/pawn/gamemodes/DignitySAMP--Wild-West-Roleplay/include/YSI_Core/y_master/_impl.inc	DignitySAMP--Wild-West-Roleplay-source.zip	2fdc7375ea88010919524c01bf7fba9d1893ea96eb819adddd7ecf8b3ad650ae
DignitySAMP/Wild-West-Roleplay	a361bfe07dfb0657037f5de3cc4c0f543a993f36	.references/pawn/gamemodes/DignitySAMP--Wild-West-Roleplay/include/YSI_Core/y_master/_setup_master_D.inc	DignitySAMP--Wild-West-Roleplay-source.zip	2a06f40c1efc461bc0ed61b50b849d978e48c3ffa92266e5ccfe68dab95b7b21
DignitySAMP/Wild-West-Roleplay	a361bfe07dfb0657037f5de3cc4c0f543a993f36	.references/pawn/gamemodes/DignitySAMP--Wild-West-Roleplay/include/YSI_Core/y_master/_setup_master_A.inc	DignitySAMP--Wild-West-Roleplay-source.zip	5623119a55cbe4e922cdec06d3881a5a5ec089f8ec06939b82940cf17b466c5f
DignitySAMP/Wild-West-Roleplay	a361bfe07dfb0657037f5de3cc4c0f543a993f36	.references/pawn/gamemodes/DignitySAMP--Wild-West-Roleplay/include/YSI_Core/y_master/once.inc	DignitySAMP--Wild-West-Roleplay-source.zip	cfdc3f220e371d529219c6cc36a7e2dbf4928f7c4d14678fbf381ac6d0cd7172
DignitySAMP/Wild-West-Roleplay	a361bfe07dfb0657037f5de3cc4c0f543a993f36	.references/pawn/gamemodes/DignitySAMP--Wild-West-Roleplay/include/YSI_Core/y_master/_setup_master_B.inc	DignitySAMP--Wild-West-Roleplay-source.zip	0ab35d20d5f12ba04c13ad57ba1653432681c6a9b138750fecd0f057fc9bcb53
DignitySAMP/Wild-West-Roleplay	a361bfe07dfb0657037f5de3cc4c0f543a993f36	.references/pawn/gamemodes/DignitySAMP--Wild-West-Roleplay/include/YSI_Core/y_master/_setup_master_C.inc	DignitySAMP--Wild-West-Roleplay-source.zip	8c100a13a473e115fc4f15d341386d6465eb4f532ed113635fc768202eb78e8e
DignitySAMP/Wild-West-Roleplay	a361bfe07dfb0657037f5de3cc4c0f543a993f36	.references/pawn/gamemodes/DignitySAMP--Wild-West-Roleplay/include/YSI_Core/y_functional/rewrite.inc	DignitySAMP--Wild-West-Roleplay-source.zip	ef809a7e21aa9a45d488fbc79469a98a4f182ab05a8741e353c407a43673f128
DignitySAMP/Wild-West-Roleplay	a361bfe07dfb0657037f5de3cc4c0f543a993f36	.references/pawn/gamemodes/DignitySAMP--Wild-West-Roleplay/include/YSI_Core/y_functional/tests.inc	DignitySAMP--Wild-West-Roleplay-source.zip	5d4d85b3388e520405a90c32049c1990497857494bdd3ebdbe7ba0b7884d0783
DignitySAMP/Wild-West-Roleplay	a361bfe07dfb0657037f5de3cc4c0f543a993f36	.references/pawn/gamemodes/DignitySAMP--Wild-West-Roleplay/include/YSI_Core/y_functional/functional.txt	DignitySAMP--Wild-West-Roleplay-source.zip	f79af9e7a3b9698d1856002e35be47409a8b4df6e2f60c0a1054eb3abdea9467
DignitySAMP/Wild-West-Roleplay	a361bfe07dfb0657037f5de3cc4c0f543a993f36	.references/pawn/gamemodes/DignitySAMP--Wild-West-Roleplay/include/YSI_Core/y_functional/writeup.txt	DignitySAMP--Wild-West-Roleplay-source.zip	41f2b6f5ebbc9d5b9a37781ba688b8fec5d28159037d43d7035408aaf345069b
DignitySAMP/Wild-West-Roleplay	a361bfe07dfb0657037f5de3cc4c0f543a993f36	.references/pawn/gamemodes/DignitySAMP--Wild-West-Roleplay/include/YSI_Core/y_functional/impl.inc	DignitySAMP--Wild-West-Roleplay-source.zip	217294fe7fe59b659d827b24cd8e11b7fb943a711c0057a9198249545cf3ad9b
DignitySAMP/Wild-West-Roleplay	a361bfe07dfb0657037f5de3cc4c0f543a993f36	.references/pawn/gamemodes/DignitySAMP--Wild-West-Roleplay/include/YSI_Core/y_als/tests.inc	DignitySAMP--Wild-West-Roleplay-source.zip	da99b10e2bced349db7b5543fd387879e8291af98209d78e092fe4016ad63b0e
DignitySAMP/Wild-West-Roleplay	a361bfe07dfb0657037f5de3cc4c0f543a993f36	.references/pawn/gamemodes/DignitySAMP--Wild-West-Roleplay/include/YSI_Core/y_als/impl.inc	DignitySAMP--Wild-West-Roleplay-source.zip	f2112406c1da692f1b9ad16495f7a011195614cac8797e19099f70b5ee99517b
DignitySAMP/Wild-West-Roleplay	a361bfe07dfb0657037f5de3cc4c0f543a993f36	.references/pawn/gamemodes/DignitySAMP--Wild-West-Roleplay/include/YSI_Core/y_cell/tests.inc	DignitySAMP--Wild-West-Roleplay-source.zip	6536fde825d4e5f45b1c4f5a5e5be0c8c558821f916bd0f104f49d860e81b0e6
DignitySAMP/Wild-West-Roleplay	a361bfe07dfb0657037f5de3cc4c0f543a993f36	.references/pawn/gamemodes/DignitySAMP--Wild-West-Roleplay/include/YSI_Core/y_master/stack/_stack_push_000.inc	DignitySAMP--Wild-West-Roleplay-source.zip	6f340e0107d50610758ddb8e5ddb429360d95272fc83d37cae9aaaa338d5c9f5
DignitySAMP/Wild-West-Roleplay	a361bfe07dfb0657037f5de3cc4c0f543a993f36	.references/pawn/gamemodes/DignitySAMP--Wild-West-Roleplay/include/YSI_Core/y_master/stack/_stack_push_004.inc	DignitySAMP--Wild-West-Roleplay-source.zip	6da93b030ef4995912fb77840e6f5c410eb82cc0f24989f4f7b6519812f8707d
DignitySAMP/Wild-West-Roleplay	a361bfe07dfb0657037f5de3cc4c0f543a993f36	.references/pawn/gamemodes/DignitySAMP--Wild-West-Roleplay/include/YSI_Core/y_master/stack/_stack_push_014.inc	DignitySAMP--Wild-West-Roleplay-source.zip	6d4529d99ab06784d564e81d3c5279bbf9ee7995a7c63013b40a3d591ec9d431
DignitySAMP/Wild-West-Roleplay	a361bfe07dfb0657037f5de3cc4c0f543a993f36	.references/pawn/gamemodes/DignitySAMP--Wild-West-Roleplay/include/YSI_Core/y_master/stack/_stack_push_008.inc	DignitySAMP--Wild-West-Roleplay-source.zip	c0bbc8a06d042f36ce8d6f73c2926151bbf39e52872dea0fa7174b24259a3a55
DignitySAMP/Wild-West-Roleplay	a361bfe07dfb0657037f5de3cc4c0f543a993f36	.references/pawn/gamemodes/DignitySAMP--Wild-West-Roleplay/include/YSI_Core/y_master/stack/_stack_push_011.inc	DignitySAMP--Wild-West-Roleplay-source.zip	da676d6fc92e5257b51feca6f71fc05a8fe420463036d1e9b0a6ba8b3ab5c346
DignitySAMP/Wild-West-Roleplay	a361bfe07dfb0657037f5de3cc4c0f543a993f36	.references/pawn/gamemodes/DignitySAMP--Wild-West-Roleplay/include/YSI_Core/y_master/stack/_stack_push_001.inc	DignitySAMP--Wild-West-Roleplay-source.zip	924a9db637db3600ba2f114c49dbdbb5d2a1a26a901307de358042197d234abb
DignitySAMP/Wild-West-Roleplay	a361bfe07dfb0657037f5de3cc4c0f543a993f36	.references/pawn/gamemodes/DignitySAMP--Wild-West-Roleplay/include/YSI_Core/y_master/stack/_stack_push_013.inc	DignitySAMP--Wild-West-Roleplay-source.zip	c7318eb6b50ed7c45e9a9c52c9396262e49fd9b9d45d76cf5955020e6d964bd8
DignitySAMP/Wild-West-Roleplay	a361bfe07dfb0657037f5de3cc4c0f543a993f36	.references/pawn/gamemodes/DignitySAMP--Wild-West-Roleplay/include/YSI_Core/y_master/stack/_stack_push_010.inc	DignitySAMP--Wild-West-Roleplay-source.zip	385fc338459fec4dbae1001f348734f02e9f0efe25b19e5aa806263890381108
DignitySAMP/Wild-West-Roleplay	a361bfe07dfb0657037f5de3cc4c0f543a993f36	.references/pawn/gamemodes/DignitySAMP--Wild-West-Roleplay/include/YSI_Core/y_master/stack/_stack_push_002.inc	DignitySAMP--Wild-West-Roleplay-source.zip	57f7cd63f5f6e41869db818551fb65fddfd6bb0a4df8296125b5d957f94e5d6a
DignitySAMP/Wild-West-Roleplay	a361bfe07dfb0657037f5de3cc4c0f543a993f36	.references/pawn/gamemodes/DignitySAMP--Wild-West-Roleplay/include/YSI_Core/y_master/stack/_stack_push_015.inc	DignitySAMP--Wild-West-Roleplay-source.zip	eba82e57a2d879b51563a0534a282a9a1448afe2857dfdff1616dadeaad410eb
DignitySAMP/Wild-West-Roleplay	a361bfe07dfb0657037f5de3cc4c0f543a993f36	.references/pawn/gamemodes/DignitySAMP--Wild-West-Roleplay/include/YSI_Core/y_master/stack/_stack_push_007.inc	DignitySAMP--Wild-West-Roleplay-source.zip	83227219078277de6a12e91b14ca7617bc76d7d450173034e4aaddcaad8c15db
DignitySAMP/Wild-West-Roleplay	a361bfe07dfb0657037f5de3cc4c0f543a993f36	.references/pawn/gamemodes/DignitySAMP--Wild-West-Roleplay/include/YSI_Core/y_master/stack/_stack_push_003.inc	DignitySAMP--Wild-West-Roleplay-source.zip	5db6920a87a6776692c94d8d3adcff4bc8d88fc574fbf8eaf992ad3baf519ab7
DignitySAMP/Wild-West-Roleplay	a361bfe07dfb0657037f5de3cc4c0f543a993f36	.references/pawn/gamemodes/DignitySAMP--Wild-West-Roleplay/include/YSI_Core/y_master/stack/_stack_push_005.inc	DignitySAMP--Wild-West-Roleplay-source.zip	b0ee65f677bdc1a0cbb385d169be492d4d88e2591c6f1d4bb25c893b41243d9e
DignitySAMP/Wild-West-Roleplay	a361bfe07dfb0657037f5de3cc4c0f543a993f36	.references/pawn/gamemodes/DignitySAMP--Wild-West-Roleplay/include/YSI_Core/y_master/stack/_stack_push_009.inc	DignitySAMP--Wild-West-Roleplay-source.zip	1009c0bbe74fc69f37a93c7cdfa4fdf8ecf027e7ba0ee06793ac6e944ea928a6
DignitySAMP/Wild-West-Roleplay	a361bfe07dfb0657037f5de3cc4c0f543a993f36	.references/pawn/gamemodes/DignitySAMP--Wild-West-Roleplay/include/YSI_Core/y_master/stack/_stack_push_006.inc	DignitySAMP--Wild-West-Roleplay-source.zip	f1c918ef96463900591d177b60a01ec60bcbb5913138f364dcd8313040ac45ba
DignitySAMP/Wild-West-Roleplay	a361bfe07dfb0657037f5de3cc4c0f543a993f36	.references/pawn/gamemodes/DignitySAMP--Wild-West-Roleplay/include/YSI_Core/y_master/stack/_stack_push_012.inc	DignitySAMP--Wild-West-Roleplay-source.zip	86a6bc2ebf4f9b619d9ceba2eaff0c6c4fe621a1eb55efe0587d0fa511884201
DignitySAMP/Wild-West-Roleplay	a361bfe07dfb0657037f5de3cc4c0f543a993f36	.references/pawn/gamemodes/DignitySAMP--Wild-West-Roleplay/include/YSI_Game/y_vehicledata/tests.inc	DignitySAMP--Wild-West-Roleplay-source.zip	0a6636acce410bd46fc602b6ecc80edb4a5b2f85861b66a0f09584a5bcc70dda
DignitySAMP/Wild-West-Roleplay	a361bfe07dfb0657037f5de3cc4c0f543a993f36	.references/pawn/gamemodes/DignitySAMP--Wild-West-Roleplay/include/YSI_Data/y_bintree/tests.inc	DignitySAMP--Wild-West-Roleplay-source.zip	7a0c89f48d3fb121b6f9aa1ead23b7b34f640d5549b4106a88ef0e3a77290712
DignitySAMP/Wild-West-Roleplay	a361bfe07dfb0657037f5de3cc4c0f543a993f36	.references/pawn/gamemodes/DignitySAMP--Wild-West-Roleplay/include/YSI_Data/y_foreach/tests.inc	DignitySAMP--Wild-West-Roleplay-source.zip	36a799c7a4c697f47af161009d2378a9a56d0b4748b7b0323bae5d0b593f78b5
DignitySAMP/Wild-West-Roleplay	a361bfe07dfb0657037f5de3cc4c0f543a993f36	.references/pawn/gamemodes/DignitySAMP--Wild-West-Roleplay/include/YSI_Data/y_foreach/warning.inc	DignitySAMP--Wild-West-Roleplay-source.zip	49d97d7067cc4062d3998e7e285afca6968cf8f133962796d8baeae7bb28620b
DignitySAMP/Wild-West-Roleplay	a361bfe07dfb0657037f5de3cc4c0f543a993f36	.references/pawn/gamemodes/DignitySAMP--Wild-West-Roleplay/include/YSI_Data/y_foreach/impl.inc	DignitySAMP--Wild-West-Roleplay-source.zip	12fea9d84656d7b05d2d35acb0a4ec61dec67f880a23dc380855e121ee0f57cc
DignitySAMP/Wild-West-Roleplay	a361bfe07dfb0657037f5de3cc4c0f543a993f36	.references/pawn/gamemodes/DignitySAMP--Wild-West-Roleplay/include/YSI_Data/y_foreach/iterators.inc	DignitySAMP--Wild-West-Roleplay-source.zip	0fccbdfe41f3097eb8f65d761aa67338a712d2dadb56c7119eeba803df4d198a
DignitySAMP/Wild-West-Roleplay	a361bfe07dfb0657037f5de3cc4c0f543a993f36	.references/pawn/gamemodes/DignitySAMP--Wild-West-Roleplay/include/YSI_Data/y_hashmap/tests.inc	DignitySAMP--Wild-West-Roleplay-source.zip	102d78f0fc63ee49589f155605771cdb4f4fd1c623079849dd4e2bcfe4efe7dc
DignitySAMP/Wild-West-Roleplay	a361bfe07dfb0657037f5de3cc4c0f543a993f36	.references/pawn/gamemodes/DignitySAMP--Wild-West-Roleplay/include/YSI_Data/y_hashmap/impl.inc	DignitySAMP--Wild-West-Roleplay-source.zip	950dbdc99c618aec91c6400afe704bd24e628c8650decf0d467f2b3a49f4d99a
DignitySAMP/Wild-West-Roleplay	a361bfe07dfb0657037f5de3cc4c0f543a993f36	.references/pawn/gamemodes/DignitySAMP--Wild-West-Roleplay/include/YSI_Data/y_simpletree/impl.inc	DignitySAMP--Wild-West-Roleplay-source.zip	af0d4b805a89bec1854127c2c5193419e0c19307c08d1d7089f061c55cddd688
DignitySAMP/Wild-West-Roleplay	a361bfe07dfb0657037f5de3cc4c0f543a993f36	.references/pawn/gamemodes/DignitySAMP--Wild-West-Roleplay/include/YSI_Storage/y_bitmap/fonts.inc	DignitySAMP--Wild-West-Roleplay-source.zip	3c6904993ee2a4c2e21166eca5d2f0346e80933f4c1c14d78644531f82d8ad2b
DignitySAMP/Wild-West-Roleplay	a361bfe07dfb0657037f5de3cc4c0f543a993f36	.references/pawn/gamemodes/DignitySAMP--Wild-West-Roleplay/include/YSI_Storage/y_bitmap/write.inc	DignitySAMP--Wild-West-Roleplay-source.zip	04ab0422686e0c38de895cc4a68fc473e4371474652dfccacc6347f288a12132
DignitySAMP/Wild-West-Roleplay	a361bfe07dfb0657037f5de3cc4c0f543a993f36	.references/pawn/gamemodes/DignitySAMP--Wild-West-Roleplay/include/YSI_Storage/y_bitmap/tests.inc	DignitySAMP--Wild-West-Roleplay-source.zip	5373860517f2b7d69329b72d638786ffabb149ef4d7545ca6d48ba278393bb4d
DignitySAMP/Wild-West-Roleplay	a361bfe07dfb0657037f5de3cc4c0f543a993f36	.references/pawn/gamemodes/DignitySAMP--Wild-West-Roleplay/include/YSI_Storage/y_bitmap/subpixel.inc	DignitySAMP--Wild-West-Roleplay-source.zip	de537af08ab0a25c11bbdf7be426146b9e7cd9d7a4e6b0ace43bb89dd5be2ec0
DignitySAMP/Wild-West-Roleplay	a361bfe07dfb0657037f5de3cc4c0f543a993f36	.references/pawn/gamemodes/DignitySAMP--Wild-West-Roleplay/include/YSI_Storage/y_bitmap/load.inc	DignitySAMP--Wild-West-Roleplay-source.zip	e3b0c44298fc1c149afbf4c8996fb92427ae41e4649b934ca495991b7852b855
DignitySAMP/Wild-West-Roleplay	a361bfe07dfb0657037f5de3cc4c0f543a993f36	.references/pawn/gamemodes/DignitySAMP--Wild-West-Roleplay/include/YSI_Storage/y_bitmap/shapes.inc	DignitySAMP--Wild-West-Roleplay-source.zip	c5626bffa27ffbd4cb93b9e930e451ac19d238b7bceed21e925e532eaaa0e100
DignitySAMP/Wild-West-Roleplay	a361bfe07dfb0657037f5de3cc4c0f543a993f36	.references/pawn/gamemodes/DignitySAMP--Wild-West-Roleplay/include/YSI_Storage/y_bitmap/patterns.inc	DignitySAMP--Wild-West-Roleplay-source.zip	69641ff7c03ec9183d9f589a9940cb5c3888a32f93d21b13bd18b970338392de
DignitySAMP/Wild-West-Roleplay	a361bfe07dfb0657037f5de3cc4c0f543a993f36	.references/pawn/gamemodes/DignitySAMP--Wild-West-Roleplay/include/YSI_Storage/y_bitmap/blending.inc	DignitySAMP--Wild-West-Roleplay-source.zip	65b2ae7df59765823b600593713a985e698f51d3afbcfa90d58c79ab0e9d3441
DignitySAMP/Wild-West-Roleplay	a361bfe07dfb0657037f5de3cc4c0f543a993f36	.references/pawn/gamemodes/DignitySAMP--Wild-West-Roleplay/include/YSI_Storage/y_bitmap/impl.inc	DignitySAMP--Wild-West-Roleplay-source.zip	2773ba54e08af60738039fb92fa47eb6498ce0baf6f2377a744fd8f793b1ba7b
DignitySAMP/Wild-West-Roleplay	a361bfe07dfb0657037f5de3cc4c0f543a993f36	.references/pawn/gamemodes/DignitySAMP--Wild-West-Roleplay/include/YSI_Storage/y_svar/ini.inc	DignitySAMP--Wild-West-Roleplay-source.zip	7c5d2d57a8f64d6e258811846481843316723a5b12790b92c8ca5ec26b394ca7
DignitySAMP/Wild-West-Roleplay	a361bfe07dfb0657037f5de3cc4c0f543a993f36	.references/pawn/gamemodes/DignitySAMP--Wild-West-Roleplay/include/YSI_Storage/y_svar/tests.inc	DignitySAMP--Wild-West-Roleplay-source.zip	34a4bff15027150f2459defefb7a946789bdced2c38f6c67ccda74275bba7bb9
DignitySAMP/Wild-West-Roleplay	a361bfe07dfb0657037f5de3cc4c0f543a993f36	.references/pawn/gamemodes/DignitySAMP--Wild-West-Roleplay/include/YSI_Storage/y_ini/reading.inc	DignitySAMP--Wild-West-Roleplay-source.zip	12946b8ee317a1a101cafafadfbe5a03dd156bb9e6051c1ce81dc43343877296
DignitySAMP/Wild-West-Roleplay	a361bfe07dfb0657037f5de3cc4c0f543a993f36	.references/pawn/gamemodes/DignitySAMP--Wild-West-Roleplay/include/YSI_Storage/y_ini/writing.inc	DignitySAMP--Wild-West-Roleplay-source.zip	5e565444827fe06f0432e05148d6a7782ada01a38e3f8cad6f6cee56a4e3f961
DignitySAMP/Wild-West-Roleplay	a361bfe07dfb0657037f5de3cc4c0f543a993f36	.references/pawn/gamemodes/DignitySAMP--Wild-West-Roleplay/include/YSI_Storage/y_ini/tests.inc	DignitySAMP--Wild-West-Roleplay-source.zip	68f72b02fbfc88f4989fd349deb61b2189d6b5bb89a0fc87da86be009774b0ee
DignitySAMP/Wild-West-Roleplay	a361bfe07dfb0657037f5de3cc4c0f543a993f36	.references/pawn/gamemodes/DignitySAMP--Wild-West-Roleplay/include/YSI_Storage/y_ini/impl.inc	DignitySAMP--Wild-West-Roleplay-source.zip	8f05d593d0825c8d74f456ae704ff2a7a4369bd674570a7027411044f659a2cb
DignitySAMP/Wild-West-Roleplay	a361bfe07dfb0657037f5de3cc4c0f543a993f36	.references/pawn/gamemodes/DignitySAMP--Wild-West-Roleplay/include/YSI_AC/y_ac@do_compiler_long_fix/variables.pwn	DignitySAMP--Wild-West-Roleplay-source.zip	47a1c0de335a5856b25bbf875e8e924d18df2b7ff4b98b0787b43d6688b7af45
DignitySAMP/Wild-West-Roleplay	a361bfe07dfb0657037f5de3cc4c0f543a993f36	.references/pawn/gamemodes/DignitySAMP--Wild-West-Roleplay/include/YSI_AC/y_ac@do_compiler_long_fix/utils/GetSpeed.pwn	DignitySAMP--Wild-West-Roleplay-source.zip	1ffd6007178ebc10789f05f3fe87eaf64df679b7576d783d9bd9c2af15ae5ce9
DignitySAMP/Wild-West-Roleplay	a361bfe07dfb0657037f5de3cc4c0f543a993f36	.references/pawn/gamemodes/DignitySAMP--Wild-West-Roleplay/include/YSI_AC/y_ac@do_compiler_long_fix/utils/CheatDetected.pwn	DignitySAMP--Wild-West-Roleplay-source.zip	1228abd33bde0e684a087c04150d7aacfda493f66cadaabeeb2f467b9df942dc
DignitySAMP/Wild-West-Roleplay	a361bfe07dfb0657037f5de3cc4c0f543a993f36	.references/pawn/gamemodes/DignitySAMP--Wild-West-Roleplay/include/YSI_AC/y_ac@do_compiler_long_fix/utils/IsPlayerAFK.pwn	DignitySAMP--Wild-West-Roleplay-source.zip	441a9f4a00d00b0992d11d8459eeb0f49e53ab901a3e1e152ea39e232109d155
DignitySAMP/Wild-West-Roleplay	a361bfe07dfb0657037f5de3cc4c0f543a993f36	.references/pawn/gamemodes/DignitySAMP--Wild-West-Roleplay/include/YSI_AC/y_ac@do_compiler_long_fix/utils/IsPlayerAtVendingMachine.pwn	DignitySAMP--Wild-West-Roleplay-source.zip	779a49c8ad4e5adbceb7eb93b9910fb9d514d607a6be10f500563e421a8ee090
DignitySAMP/Wild-West-Roleplay	a361bfe07dfb0657037f5de3cc4c0f543a993f36	.references/pawn/gamemodes/DignitySAMP--Wild-West-Roleplay/include/YSI_AC/y_ac@do_compiler_long_fix/utils/IsPlayerSpawned.pwn	DignitySAMP--Wild-West-Roleplay-source.zip	967ecdf4a045d02e739b4cc14e730e37fa562354accf1a15e43dbcd73f561a2b
DignitySAMP/Wild-West-Roleplay	a361bfe07dfb0657037f5de3cc4c0f543a993f36	.references/pawn/gamemodes/DignitySAMP--Wild-West-Roleplay/include/YSI_AC/y_ac@do_compiler_long_fix/constants/game.pwn	DignitySAMP--Wild-West-Roleplay-source.zip	0e303ecd4e31ea783346f347c56f443df71ecc7ad2933cbb1615859254733232
DignitySAMP/Wild-West-Roleplay	a361bfe07dfb0657037f5de3cc4c0f543a993f36	.references/pawn/gamemodes/DignitySAMP--Wild-West-Roleplay/include/YSI_AC/y_ac@do_compiler_long_fix/constants/player.pwn	DignitySAMP--Wild-West-Roleplay-source.zip	836402e4a9aed9df2b7f8fccc31221411efab68560b00051184b1f5f1420434f
DignitySAMP/Wild-West-Roleplay	a361bfe07dfb0657037f5de3cc4c0f543a993f36	.references/pawn/gamemodes/DignitySAMP--Wild-West-Roleplay/include/YSI_AC/y_ac@do_compiler_long_fix/constants/cheats.pwn	DignitySAMP--Wild-West-Roleplay-source.zip	3372cce610eb092eb83b8b885b506ffe56ce6d16d996980c19862db4357fe78e
DignitySAMP/Wild-West-Roleplay	a361bfe07dfb0657037f5de3cc4c0f543a993f36	.references/pawn/gamemodes/DignitySAMP--Wild-West-Roleplay/include/YSI_AC/y_ac@do_compiler_long_fix/watchguard/Watchguard.pwn	DignitySAMP--Wild-West-Roleplay-source.zip	8fade34a859e607afc6a62c6b47f202e9bc5ff686bea76b97a06bad3babcb4eb
DignitySAMP/Wild-West-Roleplay	a361bfe07dfb0657037f5de3cc4c0f543a993f36	.references/pawn/gamemodes/DignitySAMP--Wild-West-Roleplay/include/YSI_AC/y_ac@do_compiler_long_fix/utils/sync/SetPlayerSync.pwn	DignitySAMP--Wild-West-Roleplay-source.zip	a6ad76fe23630435f129045a93310765b0e0cb687c1afd1d0d806684d5effa0a
DignitySAMP/Wild-West-Roleplay	a361bfe07dfb0657037f5de3cc4c0f543a993f36	.references/pawn/gamemodes/DignitySAMP--Wild-West-Roleplay/include/YSI_AC/y_ac@do_compiler_long_fix/utils/sync/IsPlayerSynced.pwn	DignitySAMP--Wild-West-Roleplay-source.zip	f61b8037146bd32768f8c11f5e3f16e777530f14839f86d3e22ba7b70fac0a9a
DignitySAMP/Wild-West-Roleplay	a361bfe07dfb0657037f5de3cc4c0f543a993f36	.references/pawn/gamemodes/DignitySAMP--Wild-West-Roleplay/include/YSI_AC/y_ac@do_compiler_long_fix/hooks/natives/SetPlayerHealth.pwn	DignitySAMP--Wild-West-Roleplay-source.zip	04b280f18cf11858bd338846c172dd3ea6cba270713859db0292fb4be1e2cb55
DignitySAMP/Wild-West-Roleplay	a361bfe07dfb0657037f5de3cc4c0f543a993f36	.references/pawn/gamemodes/DignitySAMP--Wild-West-Roleplay/include/YSI_AC/y_ac@do_compiler_long_fix/hooks/natives/TogglePlayerSpectating.pwn	DignitySAMP--Wild-West-Roleplay-source.zip	aeb90a2d79f850a4760485339a2a30c54cece8227ec60b9e58070547716b4155
DignitySAMP/Wild-West-Roleplay	a361bfe07dfb0657037f5de3cc4c0f543a993f36	.references/pawn/gamemodes/DignitySAMP--Wild-West-Roleplay/include/YSI_AC/y_ac@do_compiler_long_fix/hooks/natives/GivePlayerMoney.pwn	DignitySAMP--Wild-West-Roleplay-source.zip	405005072a6fd4d2449684da8c022888f93098b989e2c8fc4c13a669b1496957
DignitySAMP/Wild-West-Roleplay	a361bfe07dfb0657037f5de3cc4c0f543a993f36	.references/pawn/gamemodes/DignitySAMP--Wild-West-Roleplay/include/YSI_AC/y_ac@do_compiler_long_fix/hooks/natives/SetPlayerSpecialAction.pwn	DignitySAMP--Wild-West-Roleplay-source.zip	48b5cd1ac7541ed6acb1273fa90a0da0aeca12722574a4a0ee2f0c7bdec4da7c
DignitySAMP/Wild-West-Roleplay	a361bfe07dfb0657037f5de3cc4c0f543a993f36	.references/pawn/gamemodes/DignitySAMP--Wild-West-Roleplay/include/YSI_AC/y_ac@do_compiler_long_fix/hooks/natives/GetPlayerMoney.pwn	DignitySAMP--Wild-West-Roleplay-source.zip	c3763e3dd6b406ab8fcf11975a94a586e54bc05898745783948dbbedac32a7cf
DignitySAMP/Wild-West-Roleplay	a361bfe07dfb0657037f5de3cc4c0f543a993f36	.references/pawn/gamemodes/DignitySAMP--Wild-West-Roleplay/include/YSI_AC/y_ac@do_compiler_long_fix/hooks/natives/GetPlayerSpecialAction.pwn	DignitySAMP--Wild-West-Roleplay-source.zip	568a2f7e2b9fb6c9cac07082874f8fcc72ccc2ec8c419a0405f4343fbbeb3262
DignitySAMP/Wild-West-Roleplay	a361bfe07dfb0657037f5de3cc4c0f543a993f36	.references/pawn/gamemodes/DignitySAMP--Wild-West-Roleplay/include/YSI_AC/y_ac@do_compiler_long_fix/hooks/natives/SetPlayerArmour.pwn	DignitySAMP--Wild-West-Roleplay-source.zip	441741898511733a31cdf6440d97c316d2c0990308aa78d67e08ca7a4fe49ba7
DignitySAMP/Wild-West-Roleplay	a361bfe07dfb0657037f5de3cc4c0f543a993f36	.references/pawn/gamemodes/DignitySAMP--Wild-West-Roleplay/include/YSI_AC/y_ac@do_compiler_long_fix/hooks/natives/TogglePlayerControllable.pwn	DignitySAMP--Wild-West-Roleplay-source.zip	419a97f73bdde947c3ecebe36feb86d602eaa149b009438ed3ece85fa285a9b0
DignitySAMP/Wild-West-Roleplay	a361bfe07dfb0657037f5de3cc4c0f543a993f36	.references/pawn/gamemodes/DignitySAMP--Wild-West-Roleplay/include/YSI_AC/y_ac@do_compiler_long_fix/hooks/natives/ResetPlayerMoney.pwn	DignitySAMP--Wild-West-Roleplay-source.zip	f6fa8cb79f00b3cf33ad286b6a6464d3aa460fbae944604df7117a991f968c7c
DignitySAMP/Wild-West-Roleplay	a361bfe07dfb0657037f5de3cc4c0f543a993f36	.references/pawn/gamemodes/DignitySAMP--Wild-West-Roleplay/include/YSI_AC/y_ac@do_compiler_long_fix/hooks/callbacks/OnPlayerSpawn.pwn	DignitySAMP--Wild-West-Roleplay-source.zip	bf7b5be6fb92ae66f2b07965fab3d72c03d431120e2efc5c5504f4ee6d0837ef
DignitySAMP/Wild-West-Roleplay	a361bfe07dfb0657037f5de3cc4c0f543a993f36	.references/pawn/gamemodes/DignitySAMP--Wild-West-Roleplay/include/YSI_AC/y_ac@do_compiler_long_fix/hooks/callbacks/OnPlayerCommandText.pwn	DignitySAMP--Wild-West-Roleplay-source.zip	b64a7160d30c3321229b77dd7903eb6be0e6cb4d0b521e4384e02b144ed423a0
DignitySAMP/Wild-West-Roleplay	a361bfe07dfb0657037f5de3cc4c0f543a993f36	.references/pawn/gamemodes/DignitySAMP--Wild-West-Roleplay/include/YSI_AC/y_ac@do_compiler_long_fix/hooks/callbacks/OnScriptInit.pwn	DignitySAMP--Wild-West-Roleplay-source.zip	caef2fb455303d68e98b2b7ad70c087bd31d85d90e1ae4db386e54693bb7a3d6
DignitySAMP/Wild-West-Roleplay	a361bfe07dfb0657037f5de3cc4c0f543a993f36	.references/pawn/gamemodes/DignitySAMP--Wild-West-Roleplay/include/YSI_AC/y_ac@do_compiler_long_fix/hooks/callbacks/OnPlayerUpdate.pwn	DignitySAMP--Wild-West-Roleplay-source.zip	19c89ab67b11e43133251174763096f183aa62246ecac4424fbe6e0b245083ef
DignitySAMP/Wild-West-Roleplay	a361bfe07dfb0657037f5de3cc4c0f543a993f36	.references/pawn/gamemodes/DignitySAMP--Wild-West-Roleplay/include/YSI_AC/y_ac@do_compiler_long_fix/hooks/callbacks/OnPlayerText.pwn	DignitySAMP--Wild-West-Roleplay-source.zip	efb51b64a3dd95008c1dca6e19d0f8a05edee74dfabf96e7b28652f73a2c0d8e
DignitySAMP/Wild-West-Roleplay	a361bfe07dfb0657037f5de3cc4c0f543a993f36	.references/pawn/gamemodes/DignitySAMP--Wild-West-Roleplay/include/YSI_AC/y_ac@do_compiler_long_fix/hooks/callbacks/OnPlayerConnect.pwn	DignitySAMP--Wild-West-Roleplay-source.zip	ca2a0a5ee8a5db02e3ce379555ca08954b04fae5e8599d03b672a2c30bfb69e2
DignitySAMP/Wild-West-Roleplay	a361bfe07dfb0657037f5de3cc4c0f543a993f36	.references/pawn/gamemodes/DignitySAMP--Wild-West-Roleplay/include/YSI_AC/y_ac@do_compiler_long_fix/hooks/callbacks/OnScriptExit.pwn	DignitySAMP--Wild-West-Roleplay-source.zip	640d9fac8ce52e857556f158ea3cceb2f5c748ea82f8f20a558045b4024800de
DignitySAMP/Wild-West-Roleplay	a361bfe07dfb0657037f5de3cc4c0f543a993f36	.references/pawn/gamemodes/DignitySAMP--Wild-West-Roleplay/include/YSI_AC/y_ac@do_compiler_long_fix/hooks/callbacks/OnPlayerDeath.pwn	DignitySAMP--Wild-West-Roleplay-source.zip	9af85ad38a33f326372fd375391e40b8207d51bf1b426ec98c11415ca56492cf
DignitySAMP/Wild-West-Roleplay	a361bfe07dfb0657037f5de3cc4c0f543a993f36	.references/pawn/gamemodes/DignitySAMP--Wild-West-Roleplay/include/YSI_AC/y_ac@do_compiler_long_fix/watchguard/impl/Watchguard_Health.pwn	DignitySAMP--Wild-West-Roleplay-source.zip	8c710ca258b2086db4e0af6e415e10ea8328816194ea07fddaff98863416cbfe
DignitySAMP/Wild-West-Roleplay	a361bfe07dfb0657037f5de3cc4c0f543a993f36	.references/pawn/gamemodes/DignitySAMP--Wild-West-Roleplay/include/YSI_AC/y_ac@do_compiler_long_fix/watchguard/impl/Watchguard_Money.pwn	DignitySAMP--Wild-West-Roleplay-source.zip	e6cb533e3611bd1bb1cf6795a115613bf33ed323dc699fc67fe660d276b88676
DignitySAMP/Wild-West-Roleplay	a361bfe07dfb0657037f5de3cc4c0f543a993f36	.references/pawn/gamemodes/DignitySAMP--Wild-West-Roleplay/include/YSI_AC/y_ac@do_compiler_long_fix/watchguard/impl/Watchguard_Armour.pwn	DignitySAMP--Wild-West-Roleplay-source.zip	32cce1eee6e37086ff85fde7d801d72ad2bbf7d80a5d695b331a5d952500edbd
DignitySAMP/Wild-West-Roleplay	a361bfe07dfb0657037f5de3cc4c0f543a993f36	.references/pawn/gamemodes/DignitySAMP--Wild-West-Roleplay/include/YSI_AC/y_ac@do_compiler_long_fix/watchguard/impl/Watchguard_Freeze.pwn	DignitySAMP--Wild-West-Roleplay-source.zip	9bb292d7b39002e6f9b4708659738912c45a84584620eddcf677b5b7c6e323a6
DignitySAMP/Wild-West-Roleplay	a361bfe07dfb0657037f5de3cc4c0f543a993f36	.references/pawn/gamemodes/DignitySAMP--Wild-West-Roleplay/include/YSI_AC/y_ac@do_compiler_long_fix/watchguard/impl/Watchguard_Jetpack.pwn	DignitySAMP--Wild-West-Roleplay-source.zip	a081cb0e029e8883f5a92b29702e832969ad4517b7095cb543b5a7d7ed09d8d8
DignitySAMP/Wild-West-Roleplay	a361bfe07dfb0657037f5de3cc4c0f543a993f36	.references/pawn/gamemodes/DignitySAMP--Wild-West-Roleplay/include/YSI_AC/y_ac@do_compiler_long_fix/watchguard/impl/Watchguard_Joypad.pwn	DignitySAMP--Wild-West-Roleplay-source.zip	0f8c034a6f6387fd3fc1343de81612306f269844aa0ab06af9a9bbab78dbd679
DignitySAMP/Wild-West-Roleplay	a361bfe07dfb0657037f5de3cc4c0f543a993f36	.references/pawn/gamemodes/DignitySAMP--Wild-West-Roleplay/include/YSI_AC/y_ac@do_compiler_long_fix/watchguard/impl/Watchguard_Ping.pwn	DignitySAMP--Wild-West-Roleplay-source.zip	7b7ed5425b358d4d51ce1763581e2dccb52233948fef8489e0b985fc611110d0
DignitySAMP/Wild-West-Roleplay	a361bfe07dfb0657037f5de3cc4c0f543a993f36	.references/pawn/gamemodes/DignitySAMP--Wild-West-Roleplay/include/amx_assembly/test/all-tests.pwn	DignitySAMP--Wild-West-Roleplay-source.zip	23ce7c5886ab4b037afe8c536a958f668331d511f81bbd0f3564f8ad9084f0af
DignitySAMP/Wild-West-Roleplay	a361bfe07dfb0657037f5de3cc4c0f543a993f36	.references/pawn/gamemodes/DignitySAMP--Wild-West-Roleplay/include/amx_assembly/test/phys_memory-test.pwn	DignitySAMP--Wild-West-Roleplay-source.zip	37e42e5b7b03bea1229d508334aee598782e57b8292a2d4bf2b777df0cf10efe
DignitySAMP/Wild-West-Roleplay	a361bfe07dfb0657037f5de3cc4c0f543a993f36	.references/pawn/gamemodes/DignitySAMP--Wild-West-Roleplay/include/amx_assembly/test/stack_trace-test.pwn	DignitySAMP--Wild-West-Roleplay-source.zip	dbb08e0d0a906de1c613da0acb6bfa09c1f76710830fe6306cec90738baa7aaf
DignitySAMP/Wild-West-Roleplay	a361bfe07dfb0657037f5de3cc4c0f543a993f36	.references/pawn/gamemodes/DignitySAMP--Wild-West-Roleplay/include/amx_assembly/test/amx-test.pwn	DignitySAMP--Wild-West-Roleplay-source.zip	93d48c5aa11dea700598f996dfd09a0c165d46d9144fc1901e8c7faef966e1a5
DignitySAMP/Wild-West-Roleplay	a361bfe07dfb0657037f5de3cc4c0f543a993f36	.references/pawn/gamemodes/DignitySAMP--Wild-West-Roleplay/include/amx_assembly/test/jit-test.pwn	DignitySAMP--Wild-West-Roleplay-source.zip	17a166aba364d21e262da64cc5929ba7910ed679e5e9bf9f2c851a2ab075b78c
DignitySAMP/Wild-West-Roleplay	a361bfe07dfb0657037f5de3cc4c0f543a993f36	.references/pawn/gamemodes/DignitySAMP--Wild-West-Roleplay/include/amx_assembly/test/disasm-test.pwn	DignitySAMP--Wild-West-Roleplay-source.zip	348a36b17588a8f95f167caf31044bfe4c598246d524285fac1468fc0415faea
DignitySAMP/Wild-West-Roleplay	a361bfe07dfb0657037f5de3cc4c0f543a993f36	.references/pawn/gamemodes/DignitySAMP--Wild-West-Roleplay/include/amx_assembly/test/dynamic_call-test.pwn	DignitySAMP--Wild-West-Roleplay-source.zip	0e4a49c4c15f1df8da097a7d0d9a23c54f11fd5b6f7ad0b4aa60a165b7262dbf
DignitySAMP/Wild-West-Roleplay	a361bfe07dfb0657037f5de3cc4c0f543a993f36	.references/pawn/gamemodes/DignitySAMP--Wild-West-Roleplay/include/amx_assembly/test/Makefile	DignitySAMP--Wild-West-Roleplay-source.zip	675e2c33490637e54ac1b5580b585acd5d2343e16ef04a5c575da9a6f1f72d36
DignitySAMP/Wild-West-Roleplay	a361bfe07dfb0657037f5de3cc4c0f543a993f36	.references/pawn/gamemodes/DignitySAMP--Wild-West-Roleplay/include/amx_assembly/test/asm-test.pwn	DignitySAMP--Wild-West-Roleplay-source.zip	d5d5c4e33d381fc9b50e41526909f72c561b9341491f28ecdab8170c82620d74
DignitySAMP/Wild-West-Roleplay	a361bfe07dfb0657037f5de3cc4c0f543a993f36	.references/pawn/gamemodes/DignitySAMP--Wild-West-Roleplay/include/amx_assembly/windows/import_table.inc	DignitySAMP--Wild-West-Roleplay-source.zip	26d90109d30a887beda1248b3076ab242b096c2bbf58e24765e4af15c00672d7
DignitySAMP/Wild-West-Roleplay	a361bfe07dfb0657037f5de3cc4c0f543a993f36	.references/pawn/gamemodes/DignitySAMP--Wild-West-Roleplay/include/amx_assembly/windows/ShellExecute.inc	DignitySAMP--Wild-West-Roleplay-source.zip	6fb65d01e021bf13eb9a4bee8cc4fcb08ef5aa5fc455bd6f56ec7714cb1a28ea
DignitySAMP/Wild-West-Roleplay	a361bfe07dfb0657037f5de3cc4c0f543a993f36	.references/pawn/gamemodes/DignitySAMP--Wild-West-Roleplay/include/amx_assembly/test/windows/ShellExecute-test.pwn	DignitySAMP--Wild-West-Roleplay-source.zip	39cbbbaf85eb5689b0072ccc7eed331934552337619f4fc538625907939aca6c
DignitySAMP/Wild-West-Roleplay	a361bfe07dfb0657037f5de3cc4c0f543a993f36	.references/pawn/gamemodes/DignitySAMP--Wild-West-Roleplay/include/amx_assembly/test/windows/Makefile	DignitySAMP--Wild-West-Roleplay-source.zip	bbf3c64fc022266ee30af44a6f39d362c9412f6b1300f92c3d079f4051aa9f54
DignitySAMP/Wild-West-Roleplay	a361bfe07dfb0657037f5de3cc4c0f543a993f36	.references/pawn/gamemodes/DignitySAMP--Wild-West-Roleplay/include/YSI_Server/y_colours/gtdef.inc	DignitySAMP--Wild-West-Roleplay-source.zip	0505b01c9a9f187ac4c0e8ccd709971c1e1afd6a23a5cebac4f61da8388398b3
DignitySAMP/Wild-West-Roleplay	a361bfe07dfb0657037f5de3cc4c0f543a993f36	.references/pawn/gamemodes/DignitySAMP--Wild-West-Roleplay/include/YSI_Server/y_colours/x11def.inc	DignitySAMP--Wild-West-Roleplay-source.zip	3c5f548b4890c2684b54776479c55d51b7076f3b49834e7cca6125f746015d13
DignitySAMP/Wild-West-Roleplay	a361bfe07dfb0657037f5de3cc4c0f543a993f36	.references/pawn/gamemodes/DignitySAMP--Wild-West-Roleplay/include/YSI_Server/y_colours/x11switch.inc	DignitySAMP--Wild-West-Roleplay-source.zip	1e7003ba65e958da13daa4a10dc4f255eebaa477ad441bff4c2a364d9be580ea
DignitySAMP/Wild-West-Roleplay	a361bfe07dfb0657037f5de3cc4c0f543a993f36	.references/pawn/gamemodes/DignitySAMP--Wild-West-Roleplay/include/YSI_Server/y_colours/gtadef.inc	DignitySAMP--Wild-West-Roleplay-source.zip	0216e41e5d16d3b3e7b31ca22db3527779785e53da99038ec3558abf355c225a
DignitySAMP/Wild-West-Roleplay	a361bfe07dfb0657037f5de3cc4c0f543a993f36	.references/pawn/gamemodes/DignitySAMP--Wild-West-Roleplay/include/YSI_Server/y_colours/x11parse.inc	DignitySAMP--Wild-West-Roleplay-source.zip	196d34f23ea88be2eafef75508b5acab20d46062b08665c2e0a0dc1cf03cf1c5
DignitySAMP/Wild-West-Roleplay	a361bfe07dfb0657037f5de3cc4c0f543a993f36	.references/pawn/gamemodes/DignitySAMP--Wild-West-Roleplay/include/YSI_Server/y_colours - Copy/gtdef.inc	DignitySAMP--Wild-West-Roleplay-source.zip	f2ad5b6612e83a42425a498931dba5b23f0196e369a564aead626972f717d4a6
DignitySAMP/Wild-West-Roleplay	a361bfe07dfb0657037f5de3cc4c0f543a993f36	.references/pawn/gamemodes/DignitySAMP--Wild-West-Roleplay/include/YSI_Server/y_colours - Copy/x11def.inc	DignitySAMP--Wild-West-Roleplay-source.zip	5b396eb5bdc14321949dd5b60a74389955267f2f2431549e0c7d4accc4820c80
DignitySAMP/Wild-West-Roleplay	a361bfe07dfb0657037f5de3cc4c0f543a993f36	.references/pawn/gamemodes/DignitySAMP--Wild-West-Roleplay/include/YSI_Server/y_colours - Copy/x11switch.inc	DignitySAMP--Wild-West-Roleplay-source.zip	0960b2be2d7ba56f0816be30154dfb189376fa5156a489abd36758e5c8dd4d5d
DignitySAMP/Wild-West-Roleplay	a361bfe07dfb0657037f5de3cc4c0f543a993f36	.references/pawn/gamemodes/DignitySAMP--Wild-West-Roleplay/include/YSI_Server/y_colours - Copy/gtadef.inc	DignitySAMP--Wild-West-Roleplay-source.zip	0216e41e5d16d3b3e7b31ca22db3527779785e53da99038ec3558abf355c225a
DignitySAMP/Wild-West-Roleplay	a361bfe07dfb0657037f5de3cc4c0f543a993f36	.references/pawn/gamemodes/DignitySAMP--Wild-West-Roleplay/include/YSI_Server/y_colours - Copy/x11parse.inc	DignitySAMP--Wild-West-Roleplay-source.zip	196d34f23ea88be2eafef75508b5acab20d46062b08665c2e0a0dc1cf03cf1c5
DignitySAMP/Wild-West-Roleplay	a361bfe07dfb0657037f5de3cc4c0f543a993f36	.references/pawn/gamemodes/DignitySAMP--Wild-West-Roleplay/include/YSI_Server/y_punycode/tests.inc	DignitySAMP--Wild-West-Roleplay-source.zip	775a359312c80223731cecf8f475bc4c36750e3e97aca5df02bcf4b62ad5686c
DignitySAMP/Wild-West-Roleplay	a361bfe07dfb0657037f5de3cc4c0f543a993f36	.references/pawn/gamemodes/DignitySAMP--Wild-West-Roleplay/include/YSI_Server/y_punycode/tests_utf8.inc	DignitySAMP--Wild-West-Roleplay-source.zip	f3ce1a5f5e3cd6b0aef91cee55f04066535015281a2721ec4accb5738f2ed5b2
DignitySAMP/Wild-West-Roleplay	a361bfe07dfb0657037f5de3cc4c0f543a993f36	.references/pawn/gamemodes/DignitySAMP--Wild-West-Roleplay/include/YSI_Internal/y_unique/_200_to_299.inc	DignitySAMP--Wild-West-Roleplay-source.zip	24cfd20a61b004501d7470de3d48badac15f00fd2adf3473315b67499e938b3f
DignitySAMP/Wild-West-Roleplay	a361bfe07dfb0657037f5de3cc4c0f543a993f36	.references/pawn/gamemodes/DignitySAMP--Wild-West-Roleplay/include/YSI_Internal/y_unique/_900_to_999.inc	DignitySAMP--Wild-West-Roleplay-source.zip	599d80b1b0299a901b7fb822d594257ce741c72ce3d419e7b6f3578ca062c40f
DignitySAMP/Wild-West-Roleplay	a361bfe07dfb0657037f5de3cc4c0f543a993f36	.references/pawn/gamemodes/DignitySAMP--Wild-West-Roleplay/include/YSI_Internal/y_unique/_100_to_199.inc	DignitySAMP--Wild-West-Roleplay-source.zip	fdb6847ad8e57d25e39f417716bfcbe472e9d6102b8b038e01287bd39b80654d
DignitySAMP/Wild-West-Roleplay	a361bfe07dfb0657037f5de3cc4c0f543a993f36	.references/pawn/gamemodes/DignitySAMP--Wild-West-Roleplay/include/YSI_Internal/y_unique/_800_to_899.inc	DignitySAMP--Wild-West-Roleplay-source.zip	f6493cae0b5acaefd0a32ecc4e91af72aa7f3bb499016236b03bb3fedcc6f903
DignitySAMP/Wild-West-Roleplay	a361bfe07dfb0657037f5de3cc4c0f543a993f36	.references/pawn/gamemodes/DignitySAMP--Wild-West-Roleplay/include/YSI_Internal/y_unique/_700_to_799.inc	DignitySAMP--Wild-West-Roleplay-source.zip	bb4cf8c5f2527213f04ead35c5b475c88e79f02f4232b6d21807cfad67bdaaf6
DignitySAMP/Wild-West-Roleplay	a361bfe07dfb0657037f5de3cc4c0f543a993f36	.references/pawn/gamemodes/DignitySAMP--Wild-West-Roleplay/include/YSI_Internal/y_unique/_400_to_499.inc	DignitySAMP--Wild-West-Roleplay-source.zip	5db3d3888bebf82375621587945c287f3b11e68ee1883463009a0d1b885c8cbf
DignitySAMP/Wild-West-Roleplay	a361bfe07dfb0657037f5de3cc4c0f543a993f36	.references/pawn/gamemodes/DignitySAMP--Wild-West-Roleplay/include/YSI_Internal/y_unique/_300_to_399.inc	DignitySAMP--Wild-West-Roleplay-source.zip	ac9258fb354c5504a72992bb7aa237658e5162fd071fda7bdb9f222da9506df7
DignitySAMP/Wild-West-Roleplay	a361bfe07dfb0657037f5de3cc4c0f543a993f36	.references/pawn/gamemodes/DignitySAMP--Wild-West-Roleplay/include/YSI_Internal/y_unique/_000_to_099.inc	DignitySAMP--Wild-West-Roleplay-source.zip	0f78c521f96a065ddfb5a9a887ec01ad667c5b51cd26dd03ff982c815ba210de
DignitySAMP/Wild-West-Roleplay	a361bfe07dfb0657037f5de3cc4c0f543a993f36	.references/pawn/gamemodes/DignitySAMP--Wild-West-Roleplay/include/YSI_Internal/y_unique/_600_to_699.inc	DignitySAMP--Wild-West-Roleplay-source.zip	197c6ac1337ec7a67c36e15d95a3a8f902a4d25a134c78317bb4c87536f06c67
DignitySAMP/Wild-West-Roleplay	a361bfe07dfb0657037f5de3cc4c0f543a993f36	.references/pawn/gamemodes/DignitySAMP--Wild-West-Roleplay/include/YSI_Internal/y_unique/_500_to_599.inc	DignitySAMP--Wild-West-Roleplay-source.zip	6bcb905ea51ec7e6c2e3f39308adfdff80f69b116a0b1054a48ada7ed0979f4b
DignitySAMP/Wild-West-Roleplay	a361bfe07dfb0657037f5de3cc4c0f543a993f36	.references/pawn/gamemodes/DignitySAMP--Wild-West-Roleplay/include/YSI_Coding/y_stringhash/fnv1.inc	DignitySAMP--Wild-West-Roleplay-source.zip	1e1475f1f45e7e8f1c5c3c3f5e8809546ab624089cb8e09d018fa11e53dcc1bc
DignitySAMP/Wild-West-Roleplay	a361bfe07dfb0657037f5de3cc4c0f543a993f36	.references/pawn/gamemodes/DignitySAMP--Wild-West-Roleplay/include/YSI_Coding/y_stringhash/bernstein.inc	DignitySAMP--Wild-West-Roleplay-source.zip	5a1d76d7d54f1be64cdc72be5d76b1f4d872cf57933eaa26f5647544d4ad3ec4
DignitySAMP/Wild-West-Roleplay	a361bfe07dfb0657037f5de3cc4c0f543a993f36	.references/pawn/gamemodes/DignitySAMP--Wild-West-Roleplay/include/YSI_Coding/y_stringhash/tests.inc	DignitySAMP--Wild-West-Roleplay-source.zip	97a7dcc5efe714717927448efc9a4600fe9f324ef917e7474efa2d640e31c990
DignitySAMP/Wild-West-Roleplay	a361bfe07dfb0657037f5de3cc4c0f543a993f36	.references/pawn/gamemodes/DignitySAMP--Wild-West-Roleplay/include/YSI_Coding/y_stringhash/fnv1a.inc	DignitySAMP--Wild-West-Roleplay-source.zip	d7ee06575aff0e542ec9b7424f364fe77497f4dba40ebbd93c48f59cf8ae5034
DignitySAMP/Wild-West-Roleplay	a361bfe07dfb0657037f5de3cc4c0f543a993f36	.references/pawn/gamemodes/DignitySAMP--Wild-West-Roleplay/include/YSI_Coding/y_timers/tests.inc	DignitySAMP--Wild-West-Roleplay-source.zip	97a3f54c95f06ebcf30201527012aaf5b206973b023e0c6306133834c559608a
DignitySAMP/Wild-West-Roleplay	a361bfe07dfb0657037f5de3cc4c0f543a993f36	.references/pawn/gamemodes/DignitySAMP--Wild-West-Roleplay/include/YSI_Coding/y_timers/v2.inc	DignitySAMP--Wild-West-Roleplay-source.zip	114522cd640973ebd44850334439953e992db5fddbdd83822953b54cb96272a5
DignitySAMP/Wild-West-Roleplay	a361bfe07dfb0657037f5de3cc4c0f543a993f36	.references/pawn/gamemodes/DignitySAMP--Wild-West-Roleplay/include/YSI_Coding/y_timers/v3.inc	DignitySAMP--Wild-West-Roleplay-source.zip	3f0f5c26a76c324932bd1279c756738c08ce3c4ecc0de62fbb1ebae9cbcf60a0
DignitySAMP/Wild-West-Roleplay	a361bfe07dfb0657037f5de3cc4c0f543a993f36	.references/pawn/gamemodes/DignitySAMP--Wild-West-Roleplay/include/YSI_Coding/y_timers/v1.inc	DignitySAMP--Wild-West-Roleplay-source.zip	e3b0c44298fc1c149afbf4c8996fb92427ae41e4649b934ca495991b7852b855
DignitySAMP/Wild-West-Roleplay	a361bfe07dfb0657037f5de3cc4c0f543a993f36	.references/pawn/gamemodes/DignitySAMP--Wild-West-Roleplay/include/YSI_Coding/y_timers/impl.inc	DignitySAMP--Wild-West-Roleplay-source.zip	ee38343b6f2480bf0d4c52254ecb78fc42c423ec3c5837ef1be158aa7336928a
DignitySAMP/Wild-West-Roleplay	a361bfe07dfb0657037f5de3cc4c0f543a993f36	.references/pawn/gamemodes/DignitySAMP--Wild-West-Roleplay/include/YSI_Coding/y_hooks/tests.inc	DignitySAMP--Wild-West-Roleplay-source.zip	8f92e23d9f51995c6013dc060b075d0592438393e91a0a0cb0af689e93e3ee90
DignitySAMP/Wild-West-Roleplay	a361bfe07dfb0657037f5de3cc4c0f543a993f36	.references/pawn/gamemodes/DignitySAMP--Wild-West-Roleplay/include/YSI_Coding/y_hooks/impl.inc	DignitySAMP--Wild-West-Roleplay-source.zip	45e2cf7e929cb4dd59b92ca9c13a89c6c2c97ae3db75668328c62aab17a269c4
DignitySAMP/Wild-West-Roleplay	a361bfe07dfb0657037f5de3cc4c0f543a993f36	.references/pawn/gamemodes/DignitySAMP--Wild-West-Roleplay/include/YSI_Coding/y_inline/tests.inc	DignitySAMP--Wild-West-Roleplay-source.zip	7326b30068a6f3bdcaedcda9530eb7d44c8993ae54d49681493beb44f68d7240
DignitySAMP/Wild-West-Roleplay	a361bfe07dfb0657037f5de3cc4c0f543a993f36	.references/pawn/gamemodes/DignitySAMP--Wild-West-Roleplay/include/YSI_Coding/y_inline/jit.inc	DignitySAMP--Wild-West-Roleplay-source.zip	306fde5bb4c3e074e73352fbede10c0b14195eefa13db797396b9e56b28ac804
DignitySAMP/Wild-West-Roleplay	a361bfe07dfb0657037f5de3cc4c0f543a993f36	.references/pawn/gamemodes/DignitySAMP--Wild-West-Roleplay/include/YSI_Coding/y_inline/macros.inc	DignitySAMP--Wild-West-Roleplay-source.zip	63c8343c32ecc431698f15371fdf5442d6435dfa8b84e7b520e344ab3b471968
DignitySAMP/Wild-West-Roleplay	a361bfe07dfb0657037f5de3cc4c0f543a993f36	.references/pawn/gamemodes/DignitySAMP--Wild-West-Roleplay/include/YSI_Coding/y_inline/impl.inc	DignitySAMP--Wild-West-Roleplay-source.zip	5c345b0fb8ad654fc5c1641e6e904edf85a4fdd1f7411e346bd8659d1629cdeb
DignitySAMP/Wild-West-Roleplay	a361bfe07dfb0657037f5de3cc4c0f543a993f36	.references/pawn/gamemodes/DignitySAMP--Wild-West-Roleplay/include/YSI_Coding/y_malloc/tests.inc	DignitySAMP--Wild-West-Roleplay-source.zip	e352e268e3e7841828685f3d0c9fdf65e338eac7e4057156c5cbcb01fd262534
DignitySAMP/Wild-West-Roleplay	a361bfe07dfb0657037f5de3cc4c0f543a993f36	.references/pawn/gamemodes/DignitySAMP--Wild-West-Roleplay/include/YSI_Coding/y_malloc/heapalloc.inc	DignitySAMP--Wild-West-Roleplay-source.zip	c21dec393f94024251210d579332073daa1610057c7006762e46e503eb49460c
DignitySAMP/Wild-West-Roleplay	a361bfe07dfb0657037f5de3cc4c0f543a993f36	.references/pawn/gamemodes/DignitySAMP--Wild-West-Roleplay/include/YSI_Coding/y_malloc/funcs.inc	DignitySAMP--Wild-West-Roleplay-source.zip	0339dda39689694aa2b73c315cad1abe0f2290edf47ff36caf452fb70431f302
DignitySAMP/Wild-West-Roleplay	a361bfe07dfb0657037f5de3cc4c0f543a993f36	.references/pawn/gamemodes/DignitySAMP--Wild-West-Roleplay/include/YSI_Coding/y_va/tests.inc	DignitySAMP--Wild-West-Roleplay-source.zip	89f287f472c80a7d8fba033483d3447a124945a7ad9dbfbbc785cd76662c3433
DignitySAMP/Wild-West-Roleplay	a361bfe07dfb0657037f5de3cc4c0f543a993f36	.references/pawn/gamemodes/DignitySAMP--Wild-West-Roleplay/include/YSI_Coding/y_va/impl.inc	DignitySAMP--Wild-West-Roleplay-source.zip	3628e4ecd2eabc745b9c45ca18b111e8bc122a971397129a600e897d1b8a2757
DignitySAMP/Wild-West-Roleplay	a361bfe07dfb0657037f5de3cc4c0f543a993f36	.references/pawn/gamemodes/DignitySAMP--Wild-West-Roleplay/include/YSI_Visual/y_classes/tests.inc	DignitySAMP--Wild-West-Roleplay-source.zip	01ba4719c80b6fe911b091a7c05124b64eeece964e09c058ef8f9805daca546b
DignitySAMP/Wild-West-Roleplay	a361bfe07dfb0657037f5de3cc4c0f543a993f36	.references/pawn/gamemodes/DignitySAMP--Wild-West-Roleplay/include/YSI_Visual/y_classes/classcontrol.inc	DignitySAMP--Wild-West-Roleplay-source.zip	71a2e9bc12c85e6fb085306790722d9839efcb7c2cb6cfe5713a544101576c43
DignitySAMP/Wild-West-Roleplay	a361bfe07dfb0657037f5de3cc4c0f543a993f36	.references/pawn/gamemodes/DignitySAMP--Wild-West-Roleplay/include/YSI_Visual/y_classes/multiclass.inc	DignitySAMP--Wild-West-Roleplay-source.zip	ff03f0cf185b0e6d8f559062595379eae5586e445cf15d044825bea83ab70fed
DignitySAMP/Wild-West-Roleplay	a361bfe07dfb0657037f5de3cc4c0f543a993f36	.references/pawn/gamemodes/DignitySAMP--Wild-West-Roleplay/include/YSI_Visual/y_zonepulse/tests.inc	DignitySAMP--Wild-West-Roleplay-source.zip	7db74e03ac1fffc0cae5c11ce1d49ff482e1d7898f1a224ce31073da7ebbb644
DignitySAMP/Wild-West-Roleplay	a361bfe07dfb0657037f5de3cc4c0f543a993f36	.references/pawn/gamemodes/DignitySAMP--Wild-West-Roleplay/include/YSI_Visual/y_zonepulse/impl.inc	DignitySAMP--Wild-West-Roleplay-source.zip	64bbac7e7ed37d54c2f97b14e84edcbe5bc26c5c5f6946c01427e29049ee6f9c
DignitySAMP/Wild-West-Roleplay	a361bfe07dfb0657037f5de3cc4c0f543a993f36	.references/pawn/gamemodes/DignitySAMP--Wild-West-Roleplay/include/YSI_Visual/y_races/tests.inc	DignitySAMP--Wild-West-Roleplay-source.zip	8692a1c04d8b966bd4856a1c78487d9db38abcb347b082eb82846a195835e814
DignitySAMP/Wild-West-Roleplay	a361bfe07dfb0657037f5de3cc4c0f543a993f36	.references/pawn/gamemodes/DignitySAMP--Wild-West-Roleplay/include/YSI_Visual/y_races/groups.inc	DignitySAMP--Wild-West-Roleplay-source.zip	ae2dd350b09f95617eaf660ccebb455149db2896aa2ffee43e66c05818f27680
DignitySAMP/Wild-West-Roleplay	a361bfe07dfb0657037f5de3cc4c0f543a993f36	.references/pawn/gamemodes/DignitySAMP--Wild-West-Roleplay/include/YSI_Visual/y_races/impl.inc	DignitySAMP--Wild-West-Roleplay-source.zip	6e40e3a4eae59fb2d2576068370706f61958ac779d97ed0434528f23ccf9d9e2
DignitySAMP/Wild-West-Roleplay	a361bfe07dfb0657037f5de3cc4c0f543a993f36	.references/pawn/gamemodes/DignitySAMP--Wild-West-Roleplay/include/YSI_Visual/y_commands/card.h	DignitySAMP--Wild-West-Roleplay-source.zip	f6520241f64c6c83e05549a9ff3fd781b9a4d0f158f4794dcfbbc322da0b6e8e
DignitySAMP/Wild-West-Roleplay	a361bfe07dfb0657037f5de3cc4c0f543a993f36	.references/pawn/gamemodes/DignitySAMP--Wild-West-Roleplay/include/YSI_Visual/y_commands/funcs.txt	DignitySAMP--Wild-West-Roleplay-source.zip	1829b087c92220cb52a30d5fe396e24098a90432bb43cde3cdd1bca278b7826d
DignitySAMP/Wild-West-Roleplay	a361bfe07dfb0657037f5de3cc4c0f543a993f36	.references/pawn/gamemodes/DignitySAMP--Wild-West-Roleplay/include/YSI_Visual/y_commands/tests.inc	DignitySAMP--Wild-West-Roleplay-source.zip	f9ad63e5e5000254530eceddc22a173fa094148cc1c3d022dde6f4c9d62b9174
DignitySAMP/Wild-West-Roleplay	a361bfe07dfb0657037f5de3cc4c0f543a993f36	.references/pawn/gamemodes/DignitySAMP--Wild-West-Roleplay/include/YSI_Visual/y_commands/impl.inc	DignitySAMP--Wild-West-Roleplay-source.zip	e85b26f66b0aff8dd6c95d81e0716c64c5db701467b7bbb57932d807c1d2eb3c
Fabiann227/AdvancedRP-SAMP	25d0c6105bea1b6de35f81ba43ab4c5bb4970262	.references/pawn/gamemodes/Fabiann227--AdvancedRP-SAMP/.gitignore	Fabiann227--AdvancedRP-SAMP-source.zip	50a55e7e4586957969bb08b75716aacbc126cdfd4c635e28e0777b23012e5191
Fabiann227/AdvancedRP-SAMP	25d0c6105bea1b6de35f81ba43ab4c5bb4970262	.references/pawn/gamemodes/Fabiann227--AdvancedRP-SAMP/example.mysql.ini	Fabiann227--AdvancedRP-SAMP-source.zip	63506330b19f54bf4f7ab48f8d162c9611642c115e0c18738ecd8f3233132cb9
Fabiann227/AdvancedRP-SAMP	25d0c6105bea1b6de35f81ba43ab4c5bb4970262	.references/pawn/gamemodes/Fabiann227--AdvancedRP-SAMP/server.cfg	Fabiann227--AdvancedRP-SAMP-source.zip	724a26544d906e30ab7c01e0414f094591e889b90480cbf4e76ee6bbfbd0f3ec
Fabiann227/AdvancedRP-SAMP	25d0c6105bea1b6de35f81ba43ab4c5bb4970262	.references/pawn/gamemodes/Fabiann227--AdvancedRP-SAMP/CHANGELOG.md	Fabiann227--AdvancedRP-SAMP-source.zip	4878c955b1f85bcbd01f99b5434d098a3738f83265e9cdaa94ddf80ee1575cc2
Fabiann227/AdvancedRP-SAMP	25d0c6105bea1b6de35f81ba43ab4c5bb4970262	.references/pawn/gamemodes/Fabiann227--AdvancedRP-SAMP/README.md	Fabiann227--AdvancedRP-SAMP-source.zip	bc0605c8798f9638576a03f43dcf37b6ec4d694bb2d7033b82cca9137b356a63
Fabiann227/AdvancedRP-SAMP	25d0c6105bea1b6de35f81ba43ab4c5bb4970262	.references/pawn/gamemodes/Fabiann227--AdvancedRP-SAMP/.env.example	Fabiann227--AdvancedRP-SAMP-source.zip	2300037d3e9e5f1847affb2877bd9a9a6af6ab75dffdd3e7970d0642c0192af7
Fabiann227/AdvancedRP-SAMP	25d0c6105bea1b6de35f81ba43ab4c5bb4970262	.references/pawn/gamemodes/Fabiann227--AdvancedRP-SAMP/compile.sh	Fabiann227--AdvancedRP-SAMP-source.zip	9c1cad7e7d9bdc885d9b45cf255c1aaeee9aaaa4700285dc7c8a2d81289555c4
Fabiann227/AdvancedRP-SAMP	25d0c6105bea1b6de35f81ba43ab4c5bb4970262	.references/pawn/gamemodes/Fabiann227--AdvancedRP-SAMP/pawno/new.pwn	Fabiann227--AdvancedRP-SAMP-source.zip	2449b8b5bf09c1802149823d3e33ce9d4a4ddd655a8821ff121238d72e3e196e
Fabiann227/AdvancedRP-SAMP	25d0c6105bea1b6de35f81ba43ab4c5bb4970262	.references/pawn/gamemodes/Fabiann227--AdvancedRP-SAMP/plugins/pawnraknet.cfg	Fabiann227--AdvancedRP-SAMP-source.zip	a710be86d6ebffd83c9c0ede8773179552dcf37f8acd8687689f81a373210262
Fabiann227/AdvancedRP-SAMP	25d0c6105bea1b6de35f81ba43ab4c5bb4970262	.references/pawn/gamemodes/Fabiann227--AdvancedRP-SAMP/gamemodes/main.pwn	Fabiann227--AdvancedRP-SAMP-source.zip	196d0d1b8ae36fe7e2b4a470df86e4d92c1e9eb4e00dd1ca8015f36cbf2233dd
Fabiann227/AdvancedRP-SAMP	25d0c6105bea1b6de35f81ba43ab4c5bb4970262	.references/pawn/gamemodes/Fabiann227--AdvancedRP-SAMP/models/artconfig.txt	Fabiann227--AdvancedRP-SAMP-source.zip	6e8fdd9461078c953b9b1cb81358163091a21d368d83df85a2bf982ed226759d
Fabiann227/AdvancedRP-SAMP	25d0c6105bea1b6de35f81ba43ab4c5bb4970262	.references/pawn/gamemodes/Fabiann227--AdvancedRP-SAMP/scriptfiles/nex-ac_settings.cfg	Fabiann227--AdvancedRP-SAMP-source.zip	c1da0538e29e06a9943e17c8f471ea53d19846617851ebe84b9ee7a21ceb281b
Fabiann227/AdvancedRP-SAMP	25d0c6105bea1b6de35f81ba43ab4c5bb4970262	.references/pawn/gamemodes/Fabiann227--AdvancedRP-SAMP/scriptfiles/nex-ac_nop_settings.cfg	Fabiann227--AdvancedRP-SAMP-source.zip	7a5ad10878c1846174be156bc926758cf6325dd87fd1028f3c5d330657331161
Fabiann227/AdvancedRP-SAMP	25d0c6105bea1b6de35f81ba43ab4c5bb4970262	.references/pawn/gamemodes/Fabiann227--AdvancedRP-SAMP/rcon/README.md	Fabiann227--AdvancedRP-SAMP-source.zip	ae5d93de8036e8379293ed65476d13bb35998a2f4d3123b21f4ced86c3c3be36
Fabiann227/AdvancedRP-SAMP	25d0c6105bea1b6de35f81ba43ab4c5bb4970262	.references/pawn/gamemodes/Fabiann227--AdvancedRP-SAMP/filterscripts/CustomInteriors.pwn	Fabiann227--AdvancedRP-SAMP-source.zip	f7ea4da6daadbd57dc79158783f0ed4725802fe750bb9745677ccde5f8cd2194
Fabiann227/AdvancedRP-SAMP	25d0c6105bea1b6de35f81ba43ab4c5bb4970262	.references/pawn/gamemodes/Fabiann227--AdvancedRP-SAMP/filterscripts/CustomExteriors.pwn	Fabiann227--AdvancedRP-SAMP-source.zip	e652d99f2c57e6e64586813c8633eaf04c1e82f9b915c7650fc69b9033f01dfe
Fabiann227/AdvancedRP-SAMP	25d0c6105bea1b6de35f81ba43ab4c5bb4970262	.references/pawn/gamemodes/Fabiann227--AdvancedRP-SAMP/pawno/include/ladder.inc	Fabiann227--AdvancedRP-SAMP-source.zip	67145924f0aa10d81d92dc8e3300b4cebb9a0c8becdbb2a6c0153d649c529a61
Fabiann227/AdvancedRP-SAMP	25d0c6105bea1b6de35f81ba43ab4c5bb4970262	.references/pawn/gamemodes/Fabiann227--AdvancedRP-SAMP/pawno/include/chrono.inc	Fabiann227--AdvancedRP-SAMP-source.zip	bf0648873f638aa04455d2966d315b2343625c3d66b92ba0642f7855d9593ac0
Fabiann227/AdvancedRP-SAMP	25d0c6105bea1b6de35f81ba43ab4c5bb4970262	.references/pawn/gamemodes/Fabiann227--AdvancedRP-SAMP/pawno/include/FLaggers.inc	Fabiann227--AdvancedRP-SAMP-source.zip	e46855c44a26563e1212e3a9ee2d6500e54b9c0635cb8b1c42a075f6468da2c3
Fabiann227/AdvancedRP-SAMP	25d0c6105bea1b6de35f81ba43ab4c5bb4970262	.references/pawn/gamemodes/Fabiann227--AdvancedRP-SAMP/pawno/include/nex-ac_ru.lang	Fabiann227--AdvancedRP-SAMP-source.zip	bc226ebd408dbbf97db1955eab4513e4a66435d5b66d8ea8497e04e65f49f0c9
Fabiann227/AdvancedRP-SAMP	25d0c6105bea1b6de35f81ba43ab4c5bb4970262	.references/pawn/gamemodes/Fabiann227--AdvancedRP-SAMP/pawno/include/farmer.inc	Fabiann227--AdvancedRP-SAMP-source.zip	7b0136ab264a9f263fe8170f21b5e8cb8675a24dd39c22c34c2dc87b94645e5a
Fabiann227/AdvancedRP-SAMP	25d0c6105bea1b6de35f81ba43ab4c5bb4970262	.references/pawn/gamemodes/Fabiann227--AdvancedRP-SAMP/pawno/include/cb2.inc	Fabiann227--AdvancedRP-SAMP-source.zip	613860b728ebb99a28440e7546b657bbb7814e6e0796b9ac1a0914e621a9bdb5
Fabiann227/AdvancedRP-SAMP	25d0c6105bea1b6de35f81ba43ab4c5bb4970262	.references/pawn/gamemodes/Fabiann227--AdvancedRP-SAMP/pawno/include/LICENSE	Fabiann227--AdvancedRP-SAMP-source.zip	c71d239df91726fc519c6eb72d318ec65820627232b2f796219e87dcf35d0ab4
Fabiann227/AdvancedRP-SAMP	25d0c6105bea1b6de35f81ba43ab4c5bb4970262	.references/pawn/gamemodes/Fabiann227--AdvancedRP-SAMP/pawno/include/rAmc.inc	Fabiann227--AdvancedRP-SAMP-source.zip	9c8739252ca61ece546282be2793e70a14ac576d76d0245042551a3e5262a84d
Fabiann227/AdvancedRP-SAMP	25d0c6105bea1b6de35f81ba43ab4c5bb4970262	.references/pawn/gamemodes/Fabiann227--AdvancedRP-SAMP/pawno/include/AntiFC.inc	Fabiann227--AdvancedRP-SAMP-source.zip	5a9cec19865b11e4cf89f8d3876943bc621b0c517a0c57159d4c1cc8db98a8d0
Fabiann227/AdvancedRP-SAMP	25d0c6105bea1b6de35f81ba43ab4c5bb4970262	.references/pawn/gamemodes/Fabiann227--AdvancedRP-SAMP/pawno/include/OPVD.inc	Fabiann227--AdvancedRP-SAMP-source.zip	1a141d3a9ae189fe28f18bd4d939598489cd6ce1b33bb5ab19b54ccbea5503a7
Fabiann227/AdvancedRP-SAMP	25d0c6105bea1b6de35f81ba43ab4c5bb4970262	.references/pawn/gamemodes/Fabiann227--AdvancedRP-SAMP/pawno/include/geoip.inc	Fabiann227--AdvancedRP-SAMP-source.zip	b5ebe4f90bdfd8621c247c2d871a52137eee90e676a86820c3c630a114d8b940
Fabiann227/AdvancedRP-SAMP	25d0c6105bea1b6de35f81ba43ab4c5bb4970262	.references/pawn/gamemodes/Fabiann227--AdvancedRP-SAMP/pawno/include/callbacks.inc	Fabiann227--AdvancedRP-SAMP-source.zip	abcdda3b8e950285f8a9bfb4461a42558816ec06fc6700322a225fe937d8101b
Fabiann227/AdvancedRP-SAMP	25d0c6105bea1b6de35f81ba43ab4c5bb4970262	.references/pawn/gamemodes/Fabiann227--AdvancedRP-SAMP/pawno/include/a_objects.inc	Fabiann227--AdvancedRP-SAMP-source.zip	6d5023bb18381a77465ba1292f0569a461fb6cc9ea9c288035791beaf8ccc6dd
Fabiann227/AdvancedRP-SAMP	25d0c6105bea1b6de35f81ba43ab4c5bb4970262	.references/pawn/gamemodes/Fabiann227--AdvancedRP-SAMP/pawno/include/dialogs.inc	Fabiann227--AdvancedRP-SAMP-source.zip	94e9977d4510b81ae62ca517084fed051f56dedc7ac3d5dac55f045cd9fd8d53
Fabiann227/AdvancedRP-SAMP	25d0c6105bea1b6de35f81ba43ab4c5bb4970262	.references/pawn/gamemodes/Fabiann227--AdvancedRP-SAMP/pawno/include/eSelectionv2.inc	Fabiann227--AdvancedRP-SAMP-source.zip	41b0df33791cf32369bb5c4458dd73bf3ad80325feb6f4986e89eaedf16afd37
Fabiann227/AdvancedRP-SAMP	25d0c6105bea1b6de35f81ba43ab4c5bb4970262	.references/pawn/gamemodes/Fabiann227--AdvancedRP-SAMP/pawno/include/file.inc	Fabiann227--AdvancedRP-SAMP-source.zip	272ed31ef7e2567fe12298cfa1083aa9b9a3ba11c9ba870a628181cd301a32af
Fabiann227/AdvancedRP-SAMP	25d0c6105bea1b6de35f81ba43ab4c5bb4970262	.references/pawn/gamemodes/Fabiann227--AdvancedRP-SAMP/pawno/include/weapon_config.inc	Fabiann227--AdvancedRP-SAMP-source.zip	212c743c13f868cc9d6bcd71a1e7b6e6b137a55d7796609d0589fbe3af23b656
Fabiann227/AdvancedRP-SAMP	25d0c6105bea1b6de35f81ba43ab4c5bb4970262	.references/pawn/gamemodes/Fabiann227--AdvancedRP-SAMP/pawno/include/logger.inc	Fabiann227--AdvancedRP-SAMP-source.zip	951023e7f837fd5b9e24d9b112240bc0c243a464e2c601560d6f6baed4b89d67
Fabiann227/AdvancedRP-SAMP	25d0c6105bea1b6de35f81ba43ab4c5bb4970262	.references/pawn/gamemodes/Fabiann227--AdvancedRP-SAMP/pawno/include/a_vehicles.inc	Fabiann227--AdvancedRP-SAMP-source.zip	aa282079d36e2541887d5eb85f079ae626c42dbcbd9b1b58031ef9b596b613a7
Fabiann227/AdvancedRP-SAMP	25d0c6105bea1b6de35f81ba43ab4c5bb4970262	.references/pawn/gamemodes/Fabiann227--AdvancedRP-SAMP/pawno/include/lookup.inc	Fabiann227--AdvancedRP-SAMP-source.zip	d791635a6db98706ddcdfaa45129bb79524250529693074c9baeed89aad744ac
Fabiann227/AdvancedRP-SAMP	25d0c6105bea1b6de35f81ba43ab4c5bb4970262	.references/pawn/gamemodes/Fabiann227--AdvancedRP-SAMP/pawno/include/rAcs.inc	Fabiann227--AdvancedRP-SAMP-source.zip	a89f2ec2f3fbceb60b12c91cb6d5bad77a89aa62fae37fab10e685e9ca71647d
Fabiann227/AdvancedRP-SAMP	25d0c6105bea1b6de35f81ba43ab4c5bb4970262	.references/pawn/gamemodes/Fabiann227--AdvancedRP-SAMP/pawno/include/a_actor.inc	Fabiann227--AdvancedRP-SAMP-source.zip	20949fe5a29f8edacaf06d4789d46e0ef4f06522a8ef04d961fbb0f5e1468738
Fabiann227/AdvancedRP-SAMP	25d0c6105bea1b6de35f81ba43ab4c5bb4970262	.references/pawn/gamemodes/Fabiann227--AdvancedRP-SAMP/pawno/include/eSelection.inc	Fabiann227--AdvancedRP-SAMP-source.zip	83d7850c1eee985f49e94e28cde66283f05febc6480ad13243f11081b355374d
Fabiann227/AdvancedRP-SAMP	25d0c6105bea1b6de35f81ba43ab4c5bb4970262	.references/pawn/gamemodes/Fabiann227--AdvancedRP-SAMP/pawno/include/memory.inc	Fabiann227--AdvancedRP-SAMP-source.zip	1866d5a5f2d0b1c9624ccae30de1c972c111a953ee0952b7489cc39278578728
Fabiann227/AdvancedRP-SAMP	25d0c6105bea1b6de35f81ba43ab4c5bb4970262	.references/pawn/gamemodes/Fabiann227--AdvancedRP-SAMP/pawno/include/ped.inc	Fabiann227--AdvancedRP-SAMP-source.zip	46997884f8d652f5d15613f1cb39a1ee0e2064e68a9902d2f78b9ad50231bb3b
Fabiann227/AdvancedRP-SAMP	25d0c6105bea1b6de35f81ba43ab4c5bb4970262	.references/pawn/gamemodes/Fabiann227--AdvancedRP-SAMP/pawno/include/AntiSba.inc	Fabiann227--AdvancedRP-SAMP-source.zip	98abd6cee0f026070703edf14e1ce6598be69162670308ce7cf6e3baeec954a8
Fabiann227/AdvancedRP-SAMP	25d0c6105bea1b6de35f81ba43ab4c5bb4970262	.references/pawn/gamemodes/Fabiann227--AdvancedRP-SAMP/pawno/include/samp_logger_version.inc	Fabiann227--AdvancedRP-SAMP-source.zip	89a8dd882e9140490603d2d055a97f3e4423fda2033e9e585b2d87f44505c414
Fabiann227/AdvancedRP-SAMP	25d0c6105bea1b6de35f81ba43ab4c5bb4970262	.references/pawn/gamemodes/Fabiann227--AdvancedRP-SAMP/pawno/include/a_mysql_yinline.inc	Fabiann227--AdvancedRP-SAMP-source.zip	3fc831291d85bd6029212b09e91c7232e48af79fa58910ee9b2fea14ebd5e12c
Fabiann227/AdvancedRP-SAMP	25d0c6105bea1b6de35f81ba43ab4c5bb4970262	.references/pawn/gamemodes/Fabiann227--AdvancedRP-SAMP/pawno/include/editing.inc	Fabiann227--AdvancedRP-SAMP-source.zip	21077eb5e7d3c6eb658226ddf03c6d9b7653607a7f8424ed9bbfe953402bf79a
Fabiann227/AdvancedRP-SAMP	25d0c6105bea1b6de35f81ba43ab4c5bb4970262	.references/pawn/gamemodes/Fabiann227--AdvancedRP-SAMP/pawno/include/Water.inc	Fabiann227--AdvancedRP-SAMP-source.zip	24ac3b8362eee03f86faac6e2faa4c63d15de84f2f5304c09b1648e0093719ed
Fabiann227/AdvancedRP-SAMP	25d0c6105bea1b6de35f81ba43ab4c5bb4970262	.references/pawn/gamemodes/Fabiann227--AdvancedRP-SAMP/pawno/include/OPVD_SEC.inc	Fabiann227--AdvancedRP-SAMP-source.zip	f0a8a9d36b6f97101801addd40556bf1ce66bb4d6129a09bc541ef06c321134f
Fabiann227/AdvancedRP-SAMP	25d0c6105bea1b6de35f81ba43ab4c5bb4970262	.references/pawn/gamemodes/Fabiann227--AdvancedRP-SAMP/pawno/include/dini2.inc	Fabiann227--AdvancedRP-SAMP-source.zip	e5804f6540157b27f5c32e700baa11093ffcf89d23c1a49f98db9a45bfdc93cf
Fabiann227/AdvancedRP-SAMP	25d0c6105bea1b6de35f81ba43ab4c5bb4970262	.references/pawn/gamemodes/Fabiann227--AdvancedRP-SAMP/pawno/include/VehicleMatrix.inc	Fabiann227--AdvancedRP-SAMP-source.zip	b5365649a649c849b1e32841725455025c87b893df4a8fe0c09ce6dded87b2fa
Fabiann227/AdvancedRP-SAMP	25d0c6105bea1b6de35f81ba43ab4c5bb4970262	.references/pawn/gamemodes/Fabiann227--AdvancedRP-SAMP/pawno/include/pawn_chrono_version.inc	Fabiann227--AdvancedRP-SAMP-source.zip	df784304066bb536319ca99b8ececb3bc45e1e8ff9cd258e8ca5d20fa14948b4
Fabiann227/AdvancedRP-SAMP	25d0c6105bea1b6de35f81ba43ab4c5bb4970262	.references/pawn/gamemodes/Fabiann227--AdvancedRP-SAMP/pawno/include/a_mysql.inc	Fabiann227--AdvancedRP-SAMP-source.zip	4e1bb6d466d85d5d6c76e52c90876abf5a3a9da3212b6582cfdf1dfa5e997aae
Fabiann227/AdvancedRP-SAMP	25d0c6105bea1b6de35f81ba43ab4c5bb4970262	.references/pawn/gamemodes/Fabiann227--AdvancedRP-SAMP/pawno/include/a_players.inc	Fabiann227--AdvancedRP-SAMP-source.zip	132f576d0001fdfdc960402c6c918716f5908af1342182ecfc18dc5425b9b082
Fabiann227/AdvancedRP-SAMP	25d0c6105bea1b6de35f81ba43ab4c5bb4970262	.references/pawn/gamemodes/Fabiann227--AdvancedRP-SAMP/pawno/include/progress2.inc	Fabiann227--AdvancedRP-SAMP-source.zip	9c29daf53e2372361181ca638b81ecdc82310e04bd652dd4e7d8bee58424beed
Fabiann227/AdvancedRP-SAMP	25d0c6105bea1b6de35f81ba43ab4c5bb4970262	.references/pawn/gamemodes/Fabiann227--AdvancedRP-SAMP/pawno/include/filemanager.inc	Fabiann227--AdvancedRP-SAMP-source.zip	44eea252ff22eaff2c32d02df5602a4bd4b802ac0a7c1100139092e6c23addfb
Fabiann227/AdvancedRP-SAMP	25d0c6105bea1b6de35f81ba43ab4c5bb4970262	.references/pawn/gamemodes/Fabiann227--AdvancedRP-SAMP/pawno/include/AFkill.inc	Fabiann227--AdvancedRP-SAMP-source.zip	5ecdf4987f05c44d650977ecfd39f9a76eed1dae3f1636dd728c49dea6eb5fc5
Fabiann227/AdvancedRP-SAMP	25d0c6105bea1b6de35f81ba43ab4c5bb4970262	.references/pawn/gamemodes/Fabiann227--AdvancedRP-SAMP/pawno/include/AntiSpam.inc	Fabiann227--AdvancedRP-SAMP-source.zip	d2fcb978c8c0ca10c6f37970ebcd1a89b0be4f1ce43e99c1ef3aabc80ac6a6cb
Fabiann227/AdvancedRP-SAMP	25d0c6105bea1b6de35f81ba43ab4c5bb4970262	.references/pawn/gamemodes/Fabiann227--AdvancedRP-SAMP/pawno/include/Dini.inc	Fabiann227--AdvancedRP-SAMP-source.zip	660ea3cf67a43bde48abbec0a19edc8ce49ea428ea0a30f321e380bfe80f5416
Fabiann227/AdvancedRP-SAMP	25d0c6105bea1b6de35f81ba43ab4c5bb4970262	.references/pawn/gamemodes/Fabiann227--AdvancedRP-SAMP/pawno/include/nex-ac_en.lang	Fabiann227--AdvancedRP-SAMP-source.zip	278a8af3cc927a3564d676874c59cde99f52967316881866b1b613ac61203554
Fabiann227/AdvancedRP-SAMP	25d0c6105bea1b6de35f81ba43ab4c5bb4970262	.references/pawn/gamemodes/Fabiann227--AdvancedRP-SAMP/pawno/include/SKY.inc	Fabiann227--AdvancedRP-SAMP-source.zip	fa22cca67fef073ef6f68a10c4802b0b543792419d5dd67a93f286127ef459f4
Fabiann227/AdvancedRP-SAMP	25d0c6105bea1b6de35f81ba43ab4c5bb4970262	.references/pawn/gamemodes/Fabiann227--AdvancedRP-SAMP/pawno/include/gvar.inc	Fabiann227--AdvancedRP-SAMP-source.zip	4e3fa684edc7ebed9a9ddf4d88c0ea5bcd154947f20422f6180d26d58d431b81
Fabiann227/AdvancedRP-SAMP	25d0c6105bea1b6de35f81ba43ab4c5bb4970262	.references/pawn/gamemodes/Fabiann227--AdvancedRP-SAMP/pawno/include/Opba.inc	Fabiann227--AdvancedRP-SAMP-source.zip	0fc6e5419fb740dad8da31c16ebc0e97797c3c4db1408e9cf2a6f858ce9b7432
Fabiann227/AdvancedRP-SAMP	25d0c6105bea1b6de35f81ba43ab4c5bb4970262	.references/pawn/gamemodes/Fabiann227--AdvancedRP-SAMP/pawno/include/rAntiBuggers.inc	Fabiann227--AdvancedRP-SAMP-source.zip	a57fb7b0b4fb1814842e2e08a15d9d5dafc8894620fa6da1a85482b501bca136
Fabiann227/AdvancedRP-SAMP	25d0c6105bea1b6de35f81ba43ab4c5bb4970262	.references/pawn/gamemodes/Fabiann227--AdvancedRP-SAMP/pawno/include/mapandreas.inc	Fabiann227--AdvancedRP-SAMP-source.zip	c0dfc6d0beb4913a6b3a2cc4d1c7b45161c340e9111fafe52e2f922db32c28b8
Fabiann227/AdvancedRP-SAMP	25d0c6105bea1b6de35f81ba43ab4c5bb4970262	.references/pawn/gamemodes/Fabiann227--AdvancedRP-SAMP/pawno/include/time.inc	Fabiann227--AdvancedRP-SAMP-source.zip	2b45200810ae38c4d9517e0a748de53838697ee0f1bb8cb457216c54cced6432
Fabiann227/AdvancedRP-SAMP	25d0c6105bea1b6de35f81ba43ab4c5bb4970262	.references/pawn/gamemodes/Fabiann227--AdvancedRP-SAMP/pawno/include/rVM.inc	Fabiann227--AdvancedRP-SAMP-source.zip	3f803615f8c3598cc72a9c589867df303fe979eca27089b77f430bbe46a10327
Fabiann227/AdvancedRP-SAMP	25d0c6105bea1b6de35f81ba43ab4c5bb4970262	.references/pawn/gamemodes/Fabiann227--AdvancedRP-SAMP/pawno/include/android-check.inc	Fabiann227--AdvancedRP-SAMP-source.zip	a1b6d2efc125fd6807cd1f2518df89ea746df91cece9cf001118576ac5d44ef4
Fabiann227/AdvancedRP-SAMP	25d0c6105bea1b6de35f81ba43ab4c5bb4970262	.references/pawn/gamemodes/Fabiann227--AdvancedRP-SAMP/pawno/include/evi.inc	Fabiann227--AdvancedRP-SAMP-source.zip	fdc7f50b682caa218a462c9852d6d9e9d277c68369579d5025cef446927e842b
Fabiann227/AdvancedRP-SAMP	25d0c6105bea1b6de35f81ba43ab4c5bb4970262	.references/pawn/gamemodes/Fabiann227--AdvancedRP-SAMP/pawno/include/izcmd.inc	Fabiann227--AdvancedRP-SAMP-source.zip	1b193ba421e6f11133934191fa04416f64dbac08df9bb499a75279d0de7f8b9b
Fabiann227/AdvancedRP-SAMP	25d0c6105bea1b6de35f81ba43ab4c5bb4970262	.references/pawn/gamemodes/Fabiann227--AdvancedRP-SAMP/pawno/include/float.inc	Fabiann227--AdvancedRP-SAMP-source.zip	4884346ed93ac32f16c541901c6350c6d1e3140777b046f03914273c672df279
Fabiann227/AdvancedRP-SAMP	25d0c6105bea1b6de35f81ba43ab4c5bb4970262	.references/pawn/gamemodes/Fabiann227--AdvancedRP-SAMP/pawno/include/AntiJC.inc	Fabiann227--AdvancedRP-SAMP-source.zip	611cbf5bebf56e301cb5c8f53b1f6f9f3e5d6d1301e907552f3ed981a5050c9a
Fabiann227/AdvancedRP-SAMP	25d0c6105bea1b6de35f81ba43ab4c5bb4970262	.references/pawn/gamemodes/Fabiann227--AdvancedRP-SAMP/pawno/include/a_npc.inc	Fabiann227--AdvancedRP-SAMP-source.zip	17a8f9ff7f4b7077436f9eaf7e33fa0b5a98f7eeb4739fed9c120a3520364e85
Fabiann227/AdvancedRP-SAMP	25d0c6105bea1b6de35f81ba43ab4c5bb4970262	.references/pawn/gamemodes/Fabiann227--AdvancedRP-SAMP/pawno/include/crashdetect.inc	Fabiann227--AdvancedRP-SAMP-source.zip	46c3665bdb748e7bc0b1d5a9b8970bbe56e81d8cb4f2d3419614ae1442204ffd
Fabiann227/AdvancedRP-SAMP	25d0c6105bea1b6de35f81ba43ab4c5bb4970262	.references/pawn/gamemodes/Fabiann227--AdvancedRP-SAMP/pawno/include/infotd.inc	Fabiann227--AdvancedRP-SAMP-source.zip	a65f31b36b4ffde9dda7243cef9b4ff342eaf679e8d9b7432cb8bd2d3eb7ae33
Fabiann227/AdvancedRP-SAMP	25d0c6105bea1b6de35f81ba43ab4c5bb4970262	.references/pawn/gamemodes/Fabiann227--AdvancedRP-SAMP/pawno/include/realtime-clock.inc	Fabiann227--AdvancedRP-SAMP-source.zip	7d67ba6ebc2df1dffdbc2f2bffbf8174829721df02239b39d5163493f595e675
Fabiann227/AdvancedRP-SAMP	25d0c6105bea1b6de35f81ba43ab4c5bb4970262	.references/pawn/gamemodes/Fabiann227--AdvancedRP-SAMP/pawno/include/streamer.inc	Fabiann227--AdvancedRP-SAMP-source.zip	b57c3e1ff126f5d0ca055dcd87eb7134b8c81f09acc86d30b06c7542a5d5f529
Fabiann227/AdvancedRP-SAMP	25d0c6105bea1b6de35f81ba43ab4c5bb4970262	.references/pawn/gamemodes/Fabiann227--AdvancedRP-SAMP/pawno/include/samp_realtime_clock_version.inc	Fabiann227--AdvancedRP-SAMP-source.zip	f02e1ba8016cd433c66586e75f5ac8ea2a98e2dba8896b30a2f433f9c6d8edfc
Fabiann227/AdvancedRP-SAMP	25d0c6105bea1b6de35f81ba43ab4c5bb4970262	.references/pawn/gamemodes/Fabiann227--AdvancedRP-SAMP/pawno/include/rAct.inc	Fabiann227--AdvancedRP-SAMP-source.zip	3fb78ac1c0c6c843094579e57d3680084e93c7860d743026343135021bc6d517
Fabiann227/AdvancedRP-SAMP	25d0c6105bea1b6de35f81ba43ab4c5bb4970262	.references/pawn/gamemodes/Fabiann227--AdvancedRP-SAMP/pawno/include/code-parse.inc	Fabiann227--AdvancedRP-SAMP-source.zip	4ff640444dd3157f5bce5529aa0f9470893ceb8ca2c39d137296609151bd774e
Fabiann227/AdvancedRP-SAMP	25d0c6105bea1b6de35f81ba43ab4c5bb4970262	.references/pawn/gamemodes/Fabiann227--AdvancedRP-SAMP/pawno/include/rAgc.inc	Fabiann227--AdvancedRP-SAMP-source.zip	036268223cd8d8b162a7d4789a7cd420f180507d2c4da76eb6d7641ef43c91c4
Fabiann227/AdvancedRP-SAMP	25d0c6105bea1b6de35f81ba43ab4c5bb4970262	.references/pawn/gamemodes/Fabiann227--AdvancedRP-SAMP/pawno/include/command-guess.inc	Fabiann227--AdvancedRP-SAMP-source.zip	141b22c88849fcee6d2cf95ba0bafa792e0f4c3d772f992f0f63521067c08dc1
Fabiann227/AdvancedRP-SAMP	25d0c6105bea1b6de35f81ba43ab4c5bb4970262	.references/pawn/gamemodes/Fabiann227--AdvancedRP-SAMP/pawno/include/a_http.inc	Fabiann227--AdvancedRP-SAMP-source.zip	da9afe604f20714be241647ca96b7a70a583cd7bbe9b8292c2dfd33a3d29d338
Fabiann227/AdvancedRP-SAMP	25d0c6105bea1b6de35f81ba43ab4c5bb4970262	.references/pawn/gamemodes/Fabiann227--AdvancedRP-SAMP/pawno/include/EVF2.inc	Fabiann227--AdvancedRP-SAMP-source.zip	7d5315b39631dbe0ed7b2fdb3e5558375c479897227f70ca31f1303d76a75cc7
Fabiann227/AdvancedRP-SAMP	25d0c6105bea1b6de35f81ba43ab4c5bb4970262	.references/pawn/gamemodes/Fabiann227--AdvancedRP-SAMP/pawno/include/rEac.inc	Fabiann227--AdvancedRP-SAMP-source.zip	a637e57b7d3da56dc21e7d44335ca536a3d82d3fe2c7b5d0ad703531112cf6d2
Fabiann227/AdvancedRP-SAMP	25d0c6105bea1b6de35f81ba43ab4c5bb4970262	.references/pawn/gamemodes/Fabiann227--AdvancedRP-SAMP/pawno/include/string.inc	Fabiann227--AdvancedRP-SAMP-source.zip	72515fd1ca961c28192d0607bb615c5b9949f5558dfd560848fc655cf76fe62e
Fabiann227/AdvancedRP-SAMP	25d0c6105bea1b6de35f81ba43ab4c5bb4970262	.references/pawn/gamemodes/Fabiann227--AdvancedRP-SAMP/pawno/include/strlib.inc	Fabiann227--AdvancedRP-SAMP-source.zip	d5efb297062e0fb04d117d313e93fd2113b1e904af74568d800796f97e7856d7
Fabiann227/AdvancedRP-SAMP	25d0c6105bea1b6de35f81ba43ab4c5bb4970262	.references/pawn/gamemodes/Fabiann227--AdvancedRP-SAMP/pawno/include/rED.inc	Fabiann227--AdvancedRP-SAMP-source.zip	fe1fbdf4843e03e98d0849508911de7a4d752fed62c1d19363991cfeeca2e6ab
Fabiann227/AdvancedRP-SAMP	25d0c6105bea1b6de35f81ba43ab4c5bb4970262	.references/pawn/gamemodes/Fabiann227--AdvancedRP-SAMP/pawno/include/PreviewModelDialog2.inc	Fabiann227--AdvancedRP-SAMP-source.zip	dcbd21b81446754abf3c8022fb86881cbe55a241c5fa4cbf967b2ea50fd16299
Fabiann227/AdvancedRP-SAMP	25d0c6105bea1b6de35f81ba43ab4c5bb4970262	.references/pawn/gamemodes/Fabiann227--AdvancedRP-SAMP/pawno/include/evf.inc	Fabiann227--AdvancedRP-SAMP-source.zip	1a6df149e46f39cd8596f614bc49430c03036c15b4bfbb4eb612d4c6523dfba1
Fabiann227/AdvancedRP-SAMP	25d0c6105bea1b6de35f81ba43ab4c5bb4970262	.references/pawn/gamemodes/Fabiann227--AdvancedRP-SAMP/pawno/include/SIF.inc	Fabiann227--AdvancedRP-SAMP-source.zip	22c4a1f4f624600becf936d74874e854e43966994a5a9a6c36cc6e31d1d40448
Fabiann227/AdvancedRP-SAMP	25d0c6105bea1b6de35f81ba43ab4c5bb4970262	.references/pawn/gamemodes/Fabiann227--AdvancedRP-SAMP/pawno/include/nex-ac.inc	Fabiann227--AdvancedRP-SAMP-source.zip	b9399fa501c80a59810bca9c9da741fb8268edee7fedb5ac4f34234a5972bd33
Fabiann227/AdvancedRP-SAMP	25d0c6105bea1b6de35f81ba43ab4c5bb4970262	.references/pawn/gamemodes/Fabiann227--AdvancedRP-SAMP/pawno/include/pawn.json	Fabiann227--AdvancedRP-SAMP-source.zip	b36b56dbd9d8955599172dc64c8dc278f2503012f34b474b8c05851abb706833
Fabiann227/AdvancedRP-SAMP	25d0c6105bea1b6de35f81ba43ab4c5bb4970262	.references/pawn/gamemodes/Fabiann227--AdvancedRP-SAMP/pawno/include/rAsc.inc	Fabiann227--AdvancedRP-SAMP-source.zip	16852fb0bd7d8813943bdbc1e981c93faf963e24ec2bc83fd867a9ccfd026c9b
Fabiann227/AdvancedRP-SAMP	25d0c6105bea1b6de35f81ba43ab4c5bb4970262	.references/pawn/gamemodes/Fabiann227--AdvancedRP-SAMP/pawno/include/CameraMover.inc	Fabiann227--AdvancedRP-SAMP-source.zip	e369dcea903458073c42e777a75765b8d36f39c96a22417d6b2495b2ac79de76
Fabiann227/AdvancedRP-SAMP	25d0c6105bea1b6de35f81ba43ab4c5bb4970262	.references/pawn/gamemodes/Fabiann227--AdvancedRP-SAMP/pawno/include/PreviewModelDialog.inc	Fabiann227--AdvancedRP-SAMP-source.zip	407b2422a79245332f569d32f31ee5c247c0be17b879327ca864d97caf60bbb6
Fabiann227/AdvancedRP-SAMP	25d0c6105bea1b6de35f81ba43ab4c5bb4970262	.references/pawn/gamemodes/Fabiann227--AdvancedRP-SAMP/pawno/include/core.inc	Fabiann227--AdvancedRP-SAMP-source.zip	0a2a2363a4130e250422bbf54652c544a45913f729b2c401dbeebd3a564ed585
Fabiann227/AdvancedRP-SAMP	25d0c6105bea1b6de35f81ba43ab4c5bb4970262	.references/pawn/gamemodes/Fabiann227--AdvancedRP-SAMP/pawno/include/CTime.inc	Fabiann227--AdvancedRP-SAMP-source.zip	9d925c3c17a46c366e6121a3c759867324f97b9f86b59bfc691d469a95733d8a
Fabiann227/AdvancedRP-SAMP	25d0c6105bea1b6de35f81ba43ab4c5bb4970262	.references/pawn/gamemodes/Fabiann227--AdvancedRP-SAMP/pawno/include/a_sampdb.inc	Fabiann227--AdvancedRP-SAMP-source.zip	88d9dc2f6de857c8c52beda3dab2c5e61e6ece86fdc2fe990d706adcd254b969
Fabiann227/AdvancedRP-SAMP	25d0c6105bea1b6de35f81ba43ab4c5bb4970262	.references/pawn/gamemodes/Fabiann227--AdvancedRP-SAMP/pawno/include/nex_ac_latest.inc	Fabiann227--AdvancedRP-SAMP-source.zip	2b6a93037839a01abe721f94f18ad33e9b22e6e1f79bed54f6fdf5242749edc4
Fabiann227/AdvancedRP-SAMP	25d0c6105bea1b6de35f81ba43ab4c5bb4970262	.references/pawn/gamemodes/Fabiann227--AdvancedRP-SAMP/pawno/include/datagram.inc	Fabiann227--AdvancedRP-SAMP-source.zip	1ad61ddf42e6ed3734e7aee457d2ec323f45066d2250f119c264201e62a5c5e5
Fabiann227/AdvancedRP-SAMP	25d0c6105bea1b6de35f81ba43ab4c5bb4970262	.references/pawn/gamemodes/Fabiann227--AdvancedRP-SAMP/pawno/include/a_samp.inc	Fabiann227--AdvancedRP-SAMP-source.zip	d597d5af3945ba05ae319018690e4eef333c1e0ad84ddd8be581dd6d76f5ac37
Fabiann227/AdvancedRP-SAMP	25d0c6105bea1b6de35f81ba43ab4c5bb4970262	.references/pawn/gamemodes/Fabiann227--AdvancedRP-SAMP/pawno/include/actor_plus.inc	Fabiann227--AdvancedRP-SAMP-source.zip	2102f017c0513c00785017aee46337d52d1dd4efc572041b32042b1aad494ca1
Fabiann227/AdvancedRP-SAMP	25d0c6105bea1b6de35f81ba43ab4c5bb4970262	.references/pawn/gamemodes/Fabiann227--AdvancedRP-SAMP/pawno/include/Anti_cheat_pack.inc	Fabiann227--AdvancedRP-SAMP-source.zip	219105065b757d95a8824b38f457788efc9a486d01f43d3152b78e3738dc0673
Fabiann227/AdvancedRP-SAMP	25d0c6105bea1b6de35f81ba43ab4c5bb4970262	.references/pawn/gamemodes/Fabiann227--AdvancedRP-SAMP/pawno/include/vehtp.inc	Fabiann227--AdvancedRP-SAMP-source.zip	740de2dde7f5a747c3384afada1859f5f3203c5b8541e34f01633ed3c49ac22d
Fabiann227/AdvancedRP-SAMP	25d0c6105bea1b6de35f81ba43ab4c5bb4970262	.references/pawn/gamemodes/Fabiann227--AdvancedRP-SAMP/pawno/include/sampmailjs.inc	Fabiann227--AdvancedRP-SAMP-source.zip	ad7fd3f2b7acdd68ab84832da687a34694b3b73ccd66e398cc208d8c42238830
Fabiann227/AdvancedRP-SAMP	25d0c6105bea1b6de35f81ba43ab4c5bb4970262	.references/pawn/gamemodes/Fabiann227--AdvancedRP-SAMP/pawno/include/easyDialog.inc	Fabiann227--AdvancedRP-SAMP-source.zip	3b537e273d35e803af6281c264a1bb9465e8845263c89aeb8146e42705ac660d
Fabiann227/AdvancedRP-SAMP	25d0c6105bea1b6de35f81ba43ab4c5bb4970262	.references/pawn/gamemodes/Fabiann227--AdvancedRP-SAMP/pawno/include/zcmd.inc	Fabiann227--AdvancedRP-SAMP-source.zip	baf72d3b93aec5e4dd4f0dd93db49fdb77f0399572846bfc91eae4d8a98cd1ca
Fabiann227/AdvancedRP-SAMP	25d0c6105bea1b6de35f81ba43ab4c5bb4970262	.references/pawn/gamemodes/Fabiann227--AdvancedRP-SAMP/pawno/include/sscanf2.inc	Fabiann227--AdvancedRP-SAMP-source.zip	c38a2f17d558ddabebd82e2c8e8404c1df7bd9ba9ded357c216a131486c5add4
Fabiann227/AdvancedRP-SAMP	25d0c6105bea1b6de35f81ba43ab4c5bb4970262	.references/pawn/gamemodes/Fabiann227--AdvancedRP-SAMP/pawno/include/Pawn.RakNet.inc	Fabiann227--AdvancedRP-SAMP-source.zip	d2788fbd21905ab471779ed2e5f2c3db1f3fc4861496b0ca22a33816a681f920
Fabiann227/AdvancedRP-SAMP	25d0c6105bea1b6de35f81ba43ab4c5bb4970262	.references/pawn/gamemodes/Fabiann227--AdvancedRP-SAMP/pawno/include/nex-ac_by.lang	Fabiann227--AdvancedRP-SAMP-source.zip	443199180f95cad520f3765977671216e0aeee8f7cda858988af4767aa0c092c
Fabiann227/AdvancedRP-SAMP	25d0c6105bea1b6de35f81ba43ab4c5bb4970262	.references/pawn/gamemodes/Fabiann227--AdvancedRP-SAMP/pawno/include/loadingbar.inc	Fabiann227--AdvancedRP-SAMP-source.zip	b1f823febe556ba19afdb254e9ccdc89d7c364739190e334044a2fad352acf1a
Fabiann227/AdvancedRP-SAMP	25d0c6105bea1b6de35f81ba43ab4c5bb4970262	.references/pawn/gamemodes/Fabiann227--AdvancedRP-SAMP/pawno/include/cb.inc	Fabiann227--AdvancedRP-SAMP-source.zip	613860b728ebb99a28440e7546b657bbb7814e6e0796b9ac1a0914e621a9bdb5
Fabiann227/AdvancedRP-SAMP	25d0c6105bea1b6de35f81ba43ab4c5bb4970262	.references/pawn/gamemodes/Fabiann227--AdvancedRP-SAMP/pawno/include/garage_block.inc	Fabiann227--AdvancedRP-SAMP-source.zip	0776fdd1833533308ff74ae8c548af1543001e7db1e24b09163254dafa425541
Fabiann227/AdvancedRP-SAMP	25d0c6105bea1b6de35f81ba43ab4c5bb4970262	.references/pawn/gamemodes/Fabiann227--AdvancedRP-SAMP/pawno/include/YSI_Players/y_users.inc	Fabiann227--AdvancedRP-SAMP-source.zip	bdd3e74e5bdaf2b97994b3acd938b6f128851ce123ed1eaf8b4840738f1ff8f0
Fabiann227/AdvancedRP-SAMP	25d0c6105bea1b6de35f81ba43ab4c5bb4970262	.references/pawn/gamemodes/Fabiann227--AdvancedRP-SAMP/pawno/include/YSI_Players/y_text.inc	Fabiann227--AdvancedRP-SAMP-source.zip	3a217775a8f7abced6911cf1d8c6d9dba4d46e7601c70f6f1c100cdb78aea742
Fabiann227/AdvancedRP-SAMP	25d0c6105bea1b6de35f81ba43ab4c5bb4970262	.references/pawn/gamemodes/Fabiann227--AdvancedRP-SAMP/pawno/include/YSI_Players/y_groups.inc	Fabiann227--AdvancedRP-SAMP-source.zip	44c780cbe24c205bde2acfc398159932ac425953c5c0450557c78c4627e26050
Fabiann227/AdvancedRP-SAMP	25d0c6105bea1b6de35f81ba43ab4c5bb4970262	.references/pawn/gamemodes/Fabiann227--AdvancedRP-SAMP/pawno/include/YSI_Players/y_languages.inc	Fabiann227--AdvancedRP-SAMP-source.zip	1bdc0ed47e11c8e6c70c49948c6bba2de46bb571d6b013f3b7bf932266937eef
Fabiann227/AdvancedRP-SAMP	25d0c6105bea1b6de35f81ba43ab4c5bb4970262	.references/pawn/gamemodes/Fabiann227--AdvancedRP-SAMP/pawno/include/SIF/debug.inc	Fabiann227--AdvancedRP-SAMP-source.zip	188a0bfc8e4e2a2abeb4d1be834662defeeea0e6ff4a57695bf113014f65bbcf
Fabiann227/AdvancedRP-SAMP	25d0c6105bea1b6de35f81ba43ab4c5bb4970262	.references/pawn/gamemodes/Fabiann227--AdvancedRP-SAMP/pawno/include/SIF/container.inc	Fabiann227--AdvancedRP-SAMP-source.zip	0ffc9047c566ebb76e6bb3c0cc1011b47156f994a4197fd08889a481ed2ef690
Fabiann227/AdvancedRP-SAMP	25d0c6105bea1b6de35f81ba43ab4c5bb4970262	.references/pawn/gamemodes/Fabiann227--AdvancedRP-SAMP/pawno/include/SIF/geid.inc	Fabiann227--AdvancedRP-SAMP-source.zip	b0dd30c82255729dfedbcc5bdedd74d8db83c0cacff309d0c9362b812ece7cd9
Fabiann227/AdvancedRP-SAMP	25d0c6105bea1b6de35f81ba43ab4c5bb4970262	.references/pawn/gamemodes/Fabiann227--AdvancedRP-SAMP/pawno/include/SIF/item.inc	Fabiann227--AdvancedRP-SAMP-source.zip	7e98ff6f3b60e912637b288acf7e086679cdfa6a2da2aefb8fd679eb1ad76ca6
Fabiann227/AdvancedRP-SAMP	25d0c6105bea1b6de35f81ba43ab4c5bb4970262	.references/pawn/gamemodes/Fabiann227--AdvancedRP-SAMP/pawno/include/SIF/door.inc	Fabiann227--AdvancedRP-SAMP-source.zip	cce471df582882115e3f92795bb8520ccc0c20fd22a05b3f8dbcef75155941b4
Fabiann227/AdvancedRP-SAMP	25d0c6105bea1b6de35f81ba43ab4c5bb4970262	.references/pawn/gamemodes/Fabiann227--AdvancedRP-SAMP/pawno/include/SIF/inventory.inc	Fabiann227--AdvancedRP-SAMP-source.zip	ec107dfabb7994de5f5298f9f2c710da442fabc830c5d0122047e4b0ab2978c4
Fabiann227/AdvancedRP-SAMP	25d0c6105bea1b6de35f81ba43ab4c5bb4970262	.references/pawn/gamemodes/Fabiann227--AdvancedRP-SAMP/pawno/include/SIF/button.inc	Fabiann227--AdvancedRP-SAMP-source.zip	dfb846b55eb6143df9a253164f566cd8584d7381c53fb56a90c43da4c71ce8e4
Fabiann227/AdvancedRP-SAMP	25d0c6105bea1b6de35f81ba43ab4c5bb4970262	.references/pawn/gamemodes/Fabiann227--AdvancedRP-SAMP/pawno/include/SIF/core.inc	Fabiann227--AdvancedRP-SAMP-source.zip	07f4062a3f4b222c6e94f1325f32ddcac2fc2ef517807fa572e53eccfaae4537
Fabiann227/AdvancedRP-SAMP	25d0c6105bea1b6de35f81ba43ab4c5bb4970262	.references/pawn/gamemodes/Fabiann227--AdvancedRP-SAMP/pawno/include/YSI_Core/y_debug.inc	Fabiann227--AdvancedRP-SAMP-source.zip	f1ad50c89b8b198fe34c0410afb57e6c9890c65f94e3f9fa3214e1f8e0691a07
Fabiann227/AdvancedRP-SAMP	25d0c6105bea1b6de35f81ba43ab4c5bb4970262	.references/pawn/gamemodes/Fabiann227--AdvancedRP-SAMP/pawno/include/YSI_Core/y_master.inc	Fabiann227--AdvancedRP-SAMP-source.zip	98385676d5ac64375a52839acb9152eb891191d6cbc5a4a7dffe408f105674d4
Fabiann227/AdvancedRP-SAMP	25d0c6105bea1b6de35f81ba43ab4c5bb4970262	.references/pawn/gamemodes/Fabiann227--AdvancedRP-SAMP/pawno/include/YSI_Core/y_cell.inc	Fabiann227--AdvancedRP-SAMP-source.zip	1841acfbc42c87ebe89c486daf62ff2134eea880e8f554e6ca036653e53e9b04
Fabiann227/AdvancedRP-SAMP	25d0c6105bea1b6de35f81ba43ab4c5bb4970262	.references/pawn/gamemodes/Fabiann227--AdvancedRP-SAMP/pawno/include/YSI_Core/y_utils.inc	Fabiann227--AdvancedRP-SAMP-source.zip	d0c5b73817bf75490b3f5c9752eac3002fd4959cf32877c7be139e065ce5abaa
Fabiann227/AdvancedRP-SAMP	25d0c6105bea1b6de35f81ba43ab4c5bb4970262	.references/pawn/gamemodes/Fabiann227--AdvancedRP-SAMP/pawno/include/YSI_Core/y_als.inc	Fabiann227--AdvancedRP-SAMP-source.zip	5ea5bee9d0f9f77a9a2b4fbd2ba2fee2be5929df5923bfe32c6ad05dd377c2ca
Fabiann227/AdvancedRP-SAMP	25d0c6105bea1b6de35f81ba43ab4c5bb4970262	.references/pawn/gamemodes/Fabiann227--AdvancedRP-SAMP/pawno/include/YSI_Core/y_profiling.inc	Fabiann227--AdvancedRP-SAMP-source.zip	244f08e14af1fdc6c2abf33bd5313d0b181c601401f72ba6ad53b72f2af03a31
Fabiann227/AdvancedRP-SAMP	25d0c6105bea1b6de35f81ba43ab4c5bb4970262	.references/pawn/gamemodes/Fabiann227--AdvancedRP-SAMP/pawno/include/YSI_Core/y_functional.inc	Fabiann227--AdvancedRP-SAMP-source.zip	482cd03f6513d2aa7e346b660bd38bb891638340a9cbd7a2469c0dc2c9ecf5f3
Fabiann227/AdvancedRP-SAMP	25d0c6105bea1b6de35f81ba43ab4c5bb4970262	.references/pawn/gamemodes/Fabiann227--AdvancedRP-SAMP/pawno/include/YSI_Core/y_testing.inc	Fabiann227--AdvancedRP-SAMP-source.zip	5eee5e706db8241345d356ddb5d3687cf8bac48776dedc926bc901e259378ad3
Fabiann227/AdvancedRP-SAMP	25d0c6105bea1b6de35f81ba43ab4c5bb4970262	.references/pawn/gamemodes/Fabiann227--AdvancedRP-SAMP/pawno/include/YSI_Game/y_vehicledata.inc	Fabiann227--AdvancedRP-SAMP-source.zip	4f1fce1dbfa19cf7b2b016b262a6693580555d44ca711a57ff70e82b8767506b
Fabiann227/AdvancedRP-SAMP	25d0c6105bea1b6de35f81ba43ab4c5bb4970262	.references/pawn/gamemodes/Fabiann227--AdvancedRP-SAMP/pawno/include/YSI_Data/y_foreach.inc	Fabiann227--AdvancedRP-SAMP-source.zip	c827b3425590b439272eaf7256c74ec7100cde004f98d23970fd3f99e97a60b7
Fabiann227/AdvancedRP-SAMP	25d0c6105bea1b6de35f81ba43ab4c5bb4970262	.references/pawn/gamemodes/Fabiann227--AdvancedRP-SAMP/pawno/include/YSI_Data/y_playerarray.inc	Fabiann227--AdvancedRP-SAMP-source.zip	c3a3ccac291137e1e2204a97dfcdd7ccdcb5e5b36719b3780b1801007bfe8921
Fabiann227/AdvancedRP-SAMP	25d0c6105bea1b6de35f81ba43ab4c5bb4970262	.references/pawn/gamemodes/Fabiann227--AdvancedRP-SAMP/pawno/include/YSI_Data/y_bintree.inc	Fabiann227--AdvancedRP-SAMP-source.zip	f9c2a22c5c6d892ed662f9ac2e365e9594f333ce8cae40b896eb67109e3dbc55
Fabiann227/AdvancedRP-SAMP	25d0c6105bea1b6de35f81ba43ab4c5bb4970262	.references/pawn/gamemodes/Fabiann227--AdvancedRP-SAMP/pawno/include/YSI_Data/y_iterate.inc	Fabiann227--AdvancedRP-SAMP-source.zip	ec4e08196f6329b9ee7853dd50da6621649066db6daa656e85e68d00b54072a9
Fabiann227/AdvancedRP-SAMP	25d0c6105bea1b6de35f81ba43ab4c5bb4970262	.references/pawn/gamemodes/Fabiann227--AdvancedRP-SAMP/pawno/include/YSI_Data/y_bit.inc	Fabiann227--AdvancedRP-SAMP-source.zip	8a98c46d9eba5373c72af973028ae4f2ce56c3e6ae2f3d84c703728fd74eebed
Fabiann227/AdvancedRP-SAMP	25d0c6105bea1b6de35f81ba43ab4c5bb4970262	.references/pawn/gamemodes/Fabiann227--AdvancedRP-SAMP/pawno/include/YSI_Data/y_playerset.inc	Fabiann227--AdvancedRP-SAMP-source.zip	a6ea158354724c24b97c02db7ab34fc6cfde0e9849bdda46a5759cfda0c67648
Fabiann227/AdvancedRP-SAMP	25d0c6105bea1b6de35f81ba43ab4c5bb4970262	.references/pawn/gamemodes/Fabiann227--AdvancedRP-SAMP/pawno/include/YSI_Data/y_simpletree.inc	Fabiann227--AdvancedRP-SAMP-source.zip	5af2bd312cfc2680e6cef47336db352f5057dab370917f17c92c4f2c4ee6c724
Fabiann227/AdvancedRP-SAMP	25d0c6105bea1b6de35f81ba43ab4c5bb4970262	.references/pawn/gamemodes/Fabiann227--AdvancedRP-SAMP/pawno/include/YSI_Data/y_jaggedarray.inc	Fabiann227--AdvancedRP-SAMP-source.zip	b36aa2431dc32bbee9515934a57e68cf54280dd8a40b7655d736932f3e141934
Fabiann227/AdvancedRP-SAMP	25d0c6105bea1b6de35f81ba43ab4c5bb4970262	.references/pawn/gamemodes/Fabiann227--AdvancedRP-SAMP/pawno/include/YSI_Data/y_hashmap.inc	Fabiann227--AdvancedRP-SAMP-source.zip	5ff3c6e172092e6dac28eadd0f6ea387f04fb02796bc208fcdeb396706929713
Fabiann227/AdvancedRP-SAMP	25d0c6105bea1b6de35f81ba43ab4c5bb4970262	.references/pawn/gamemodes/Fabiann227--AdvancedRP-SAMP/pawno/include/YSI_Storage/y_php.inc	Fabiann227--AdvancedRP-SAMP-source.zip	7ddec2f4b0939bf8f54a4894525dab0d9088667bf648c0ce639a2cd052ae71bd
Fabiann227/AdvancedRP-SAMP	25d0c6105bea1b6de35f81ba43ab4c5bb4970262	.references/pawn/gamemodes/Fabiann227--AdvancedRP-SAMP/pawno/include/YSI_Storage/y_ini.inc	Fabiann227--AdvancedRP-SAMP-source.zip	c6102f759864ff3ce5717e01ec01019cee4c23cd2e83831b93742a47112c4ad7
Fabiann227/AdvancedRP-SAMP	25d0c6105bea1b6de35f81ba43ab4c5bb4970262	.references/pawn/gamemodes/Fabiann227--AdvancedRP-SAMP/pawno/include/YSI_Storage/y_uvar.inc	Fabiann227--AdvancedRP-SAMP-source.zip	afc3d97950b964ba7139116b92ea203c08f03503e0120a3e17c3b4ade63e2dff
Fabiann227/AdvancedRP-SAMP	25d0c6105bea1b6de35f81ba43ab4c5bb4970262	.references/pawn/gamemodes/Fabiann227--AdvancedRP-SAMP/pawno/include/YSI_Storage/y_xml.inc	Fabiann227--AdvancedRP-SAMP-source.zip	a3e0c70e33d39ebdda326b1c63ba1d52068b6da147f90ac899855409f69a6476
Fabiann227/AdvancedRP-SAMP	25d0c6105bea1b6de35f81ba43ab4c5bb4970262	.references/pawn/gamemodes/Fabiann227--AdvancedRP-SAMP/pawno/include/YSI_Storage/y_bitmap.inc	Fabiann227--AdvancedRP-SAMP-source.zip	138952a7a0e7232008ee9a193c3571f467121b5b32f3d8072125c7e52dcef61a
Fabiann227/AdvancedRP-SAMP	25d0c6105bea1b6de35f81ba43ab4c5bb4970262	.references/pawn/gamemodes/Fabiann227--AdvancedRP-SAMP/pawno/include/YSI_Storage/y_svar.inc	Fabiann227--AdvancedRP-SAMP-source.zip	2620fb590e82282e85a3b169045c233ebffadd9e1eed4e061bf606d8413a9fa4
Fabiann227/AdvancedRP-SAMP	25d0c6105bea1b6de35f81ba43ab4c5bb4970262	.references/pawn/gamemodes/Fabiann227--AdvancedRP-SAMP/pawno/include/YSI_Storage/y_bini.inc	Fabiann227--AdvancedRP-SAMP-source.zip	3793629e60f89c08dc7c24461e941bf9bf9c6f13f4b7fabf9258b323eca958bd
Fabiann227/AdvancedRP-SAMP	25d0c6105bea1b6de35f81ba43ab4c5bb4970262	.references/pawn/gamemodes/Fabiann227--AdvancedRP-SAMP/pawno/include/YSI_Storage/y_amx.inc	Fabiann227--AdvancedRP-SAMP-source.zip	f52c4ba3e522d3d6af8da956b91db0ae14f278715a238bbc590a6a51c9227ceb
Fabiann227/AdvancedRP-SAMP	25d0c6105bea1b6de35f81ba43ab4c5bb4970262	.references/pawn/gamemodes/Fabiann227--AdvancedRP-SAMP/pawno/include/YSI_Extra/y_extra_users.inc	Fabiann227--AdvancedRP-SAMP-source.zip	b827c95d94ef15d783d535134ec0ec4c39499ce26adf7026239c406d6a55f077
Fabiann227/AdvancedRP-SAMP	25d0c6105bea1b6de35f81ba43ab4c5bb4970262	.references/pawn/gamemodes/Fabiann227--AdvancedRP-SAMP/pawno/include/YSI_Extra/y_extra_languages.inc	Fabiann227--AdvancedRP-SAMP-source.zip	84fffb1bd071997b1ffcbeba35c9130b854817afe7208a16c3a4c37a05e5a1c1
Fabiann227/AdvancedRP-SAMP	25d0c6105bea1b6de35f81ba43ab4c5bb4970262	.references/pawn/gamemodes/Fabiann227--AdvancedRP-SAMP/pawno/include/YSI_Extra/y_extra.inc	Fabiann227--AdvancedRP-SAMP-source.zip	fe863d9c4fb1f5a7b402e8577e16678bb7ce94463e57864442b9ec577f5e2479
Fabiann227/AdvancedRP-SAMP	25d0c6105bea1b6de35f81ba43ab4c5bb4970262	.references/pawn/gamemodes/Fabiann227--AdvancedRP-SAMP/pawno/include/YSI_Extra/y_files.inc	Fabiann227--AdvancedRP-SAMP-source.zip	3eb09e80d260c8d6e3919147560c518794e7cc3a0fec55eca113ae81aec91e1a
Fabiann227/AdvancedRP-SAMP	25d0c6105bea1b6de35f81ba43ab4c5bb4970262	.references/pawn/gamemodes/Fabiann227--AdvancedRP-SAMP/pawno/include/YSI_Extra/y_extra_other.inc	Fabiann227--AdvancedRP-SAMP-source.zip	14007fdc587e89d93b74ab733d23e00249ffbd00682484f52c407469d84a44b4
Fabiann227/AdvancedRP-SAMP	25d0c6105bea1b6de35f81ba43ab4c5bb4970262	.references/pawn/gamemodes/Fabiann227--AdvancedRP-SAMP/pawno/include/tests/button.pwn	Fabiann227--AdvancedRP-SAMP-source.zip	e675f4131aa914bdb2a51e87c07dd577a9c20ab1d8e63ca452fe4072efc790f5
Fabiann227/AdvancedRP-SAMP	25d0c6105bea1b6de35f81ba43ab4c5bb4970262	.references/pawn/gamemodes/Fabiann227--AdvancedRP-SAMP/pawno/include/YSI_Server/y_td.inc	Fabiann227--AdvancedRP-SAMP-source.zip	c54cff2ee1e2b69dc74780e28c0386141eb63d0bbabe7a62236d4872c1bc8fad
Fabiann227/AdvancedRP-SAMP	25d0c6105bea1b6de35f81ba43ab4c5bb4970262	.references/pawn/gamemodes/Fabiann227--AdvancedRP-SAMP/pawno/include/YSI_Server/y_colours.inc	Fabiann227--AdvancedRP-SAMP-source.zip	2186db6837aa97b4162a6c094383fec769201670e59bded119a6dac42525521c
Fabiann227/AdvancedRP-SAMP	25d0c6105bea1b6de35f81ba43ab4c5bb4970262	.references/pawn/gamemodes/Fabiann227--AdvancedRP-SAMP/pawno/include/YSI_Server/y_flooding.inc	Fabiann227--AdvancedRP-SAMP-source.zip	db947d0ad200f53b44770467c827efc79e95e50d06bc3a1d0837992b9a01e71d
Fabiann227/AdvancedRP-SAMP	25d0c6105bea1b6de35f81ba43ab4c5bb4970262	.references/pawn/gamemodes/Fabiann227--AdvancedRP-SAMP/pawno/include/YSI_Server/y_lock.inc	Fabiann227--AdvancedRP-SAMP-source.zip	9e103f41773bb72fae2e4ce6ab706e8c01dce169683f9aaa6b02072e6ac92020
Fabiann227/AdvancedRP-SAMP	25d0c6105bea1b6de35f81ba43ab4c5bb4970262	.references/pawn/gamemodes/Fabiann227--AdvancedRP-SAMP/pawno/include/YSI_Server/y_colors.inc	Fabiann227--AdvancedRP-SAMP-source.zip	c050065cf82137750c8ef6f07e40ff1ffef9dd45f17e94d9b5c8344b1443a4d7
Fabiann227/AdvancedRP-SAMP	25d0c6105bea1b6de35f81ba43ab4c5bb4970262	.references/pawn/gamemodes/Fabiann227--AdvancedRP-SAMP/pawno/include/YSI_Server/y_scriptinit.inc	Fabiann227--AdvancedRP-SAMP-source.zip	d22778a3ba562efeca28b9e4b84df5301d2a76482c2e38109ab6e614e75c99b2
Fabiann227/AdvancedRP-SAMP	25d0c6105bea1b6de35f81ba43ab4c5bb4970262	.references/pawn/gamemodes/Fabiann227--AdvancedRP-SAMP/pawno/include/YSI_Server/y_punycode.inc	Fabiann227--AdvancedRP-SAMP-source.zip	2978cb6ec42eb3a16442d259504255a90691ee18071580950d40f3c165ef0ac9
Fabiann227/AdvancedRP-SAMP	25d0c6105bea1b6de35f81ba43ab4c5bb4970262	.references/pawn/gamemodes/Fabiann227--AdvancedRP-SAMP/pawno/include/YSI_Internal/y_writemem.inc	Fabiann227--AdvancedRP-SAMP-source.zip	fcb35cbc24d8e8dff21819d81e86b03c3788d027bece37ef16a00bb7d2c30c6a
Fabiann227/AdvancedRP-SAMP	25d0c6105bea1b6de35f81ba43ab4c5bb4970262	.references/pawn/gamemodes/Fabiann227--AdvancedRP-SAMP/pawno/include/YSI_Internal/y_natives.inc	Fabiann227--AdvancedRP-SAMP-source.zip	db7ca63fbeb537b056c7c6b5e9b34e8b0309ae0de461622c2c392101fc22228e
Fabiann227/AdvancedRP-SAMP	25d0c6105bea1b6de35f81ba43ab4c5bb4970262	.references/pawn/gamemodes/Fabiann227--AdvancedRP-SAMP/pawno/include/YSI_Internal/y_funcinc.inc	Fabiann227--AdvancedRP-SAMP-source.zip	81123d23d26b920b357e622eec30f25eaf4e36fef950ac3528a5df073d006907
Fabiann227/AdvancedRP-SAMP	25d0c6105bea1b6de35f81ba43ab4c5bb4970262	.references/pawn/gamemodes/Fabiann227--AdvancedRP-SAMP/pawno/include/YSI_Internal/y_mock.inc	Fabiann227--AdvancedRP-SAMP-source.zip	d4dfd13ab5e6ad8d11f531f86519cd89a9bbc66b8fff09495208868f211d2918
Fabiann227/AdvancedRP-SAMP	25d0c6105bea1b6de35f81ba43ab4c5bb4970262	.references/pawn/gamemodes/Fabiann227--AdvancedRP-SAMP/pawno/include/YSI_Internal/y_cgen.inc	Fabiann227--AdvancedRP-SAMP-source.zip	606eaeaa2b398f011ef592ebbaf57e52a38ce533c7c4b6f96e0cc6c9dfe1987f
Fabiann227/AdvancedRP-SAMP	25d0c6105bea1b6de35f81ba43ab4c5bb4970262	.references/pawn/gamemodes/Fabiann227--AdvancedRP-SAMP/pawno/include/YSI_Internal/y_shortvar.inc	Fabiann227--AdvancedRP-SAMP-source.zip	157b71ccfd2f50fbbb5d6b71e4d23afcaf2cd155c7593fb0e362cfaf8583fd54
Fabiann227/AdvancedRP-SAMP	25d0c6105bea1b6de35f81ba43ab4c5bb4970262	.references/pawn/gamemodes/Fabiann227--AdvancedRP-SAMP/pawno/include/YSI_Internal/y_unqid.inc	Fabiann227--AdvancedRP-SAMP-source.zip	149569624d9039d79113902a05a5ea4125ae1f4c5d4bc737947ab9473593ce9c
Fabiann227/AdvancedRP-SAMP	25d0c6105bea1b6de35f81ba43ab4c5bb4970262	.references/pawn/gamemodes/Fabiann227--AdvancedRP-SAMP/pawno/include/YSI_Internal/y_globaltags.inc	Fabiann227--AdvancedRP-SAMP-source.zip	df96587deea1bea6c07dca72e4718cc04709e09f9dd3b1546f87e4a05a801a76
Fabiann227/AdvancedRP-SAMP	25d0c6105bea1b6de35f81ba43ab4c5bb4970262	.references/pawn/gamemodes/Fabiann227--AdvancedRP-SAMP/pawno/include/YSI_Internal/y_pp.inc	Fabiann227--AdvancedRP-SAMP-source.zip	395b3aa5c97b75581fea1d8a936c9c4762809c98930346bb1d3b6de599a79488
Fabiann227/AdvancedRP-SAMP	25d0c6105bea1b6de35f81ba43ab4c5bb4970262	.references/pawn/gamemodes/Fabiann227--AdvancedRP-SAMP/pawno/include/YSI_Internal/y_distribute.inc	Fabiann227--AdvancedRP-SAMP-source.zip	a9cfa1a36b2ac22166f31562dfa556f12807f7b34adef0d57a22ceb05129baf4
Fabiann227/AdvancedRP-SAMP	25d0c6105bea1b6de35f81ba43ab4c5bb4970262	.references/pawn/gamemodes/Fabiann227--AdvancedRP-SAMP/pawno/include/YSI_Internal/y_compilerdata.inc	Fabiann227--AdvancedRP-SAMP-source.zip	08c3dee93cff05867d604d074dbe3b0b94fb344d4764edebd7930733c0b69d67
Fabiann227/AdvancedRP-SAMP	25d0c6105bea1b6de35f81ba43ab4c5bb4970262	.references/pawn/gamemodes/Fabiann227--AdvancedRP-SAMP/pawno/include/YSI_Internal/y_stripnumbers.inc	Fabiann227--AdvancedRP-SAMP-source.zip	44461f90086a355e4a3877fde3cbde69dab0e19be1db9dbf0c4b4d83ac7295a3
Fabiann227/AdvancedRP-SAMP	25d0c6105bea1b6de35f81ba43ab4c5bb4970262	.references/pawn/gamemodes/Fabiann227--AdvancedRP-SAMP/pawno/include/YSI_Internal/y_version.inc	Fabiann227--AdvancedRP-SAMP-source.zip	2b2b4841a98ca475229aeffd94688c226c460dfaaa0d88099c1d1ccd5cb50796
Fabiann227/AdvancedRP-SAMP	25d0c6105bea1b6de35f81ba43ab4c5bb4970262	.references/pawn/gamemodes/Fabiann227--AdvancedRP-SAMP/pawno/include/YSI_Internal/y_thirdpartyinclude.inc	Fabiann227--AdvancedRP-SAMP-source.zip	2e9c45ea4859f05e1b42849bf68d3566bcf6078e4345026096af3c0e6ec49669
Fabiann227/AdvancedRP-SAMP	25d0c6105bea1b6de35f81ba43ab4c5bb4970262	.references/pawn/gamemodes/Fabiann227--AdvancedRP-SAMP/pawno/include/YSI_Internal/y_incognitostreamer.inc	Fabiann227--AdvancedRP-SAMP-source.zip	4c6ee04579668a0df136a53f9839ddd33b17476d325b6408278ddbd9e2a63932
Fabiann227/AdvancedRP-SAMP	25d0c6105bea1b6de35f81ba43ab4c5bb4970262	.references/pawn/gamemodes/Fabiann227--AdvancedRP-SAMP/pawno/include/YSI_Internal/y_unique.inc	Fabiann227--AdvancedRP-SAMP-source.zip	1bc8729e6f4a8e15abb67d49925d30848ab1c481d48304969bdc20f1d83367aa
Fabiann227/AdvancedRP-SAMP	25d0c6105bea1b6de35f81ba43ab4c5bb4970262	.references/pawn/gamemodes/Fabiann227--AdvancedRP-SAMP/pawno/include/YSI_Internal/y_renative.inc	Fabiann227--AdvancedRP-SAMP-source.zip	0e577302a1ba6304dd8e73a594eb48673da26384f70d909e418ce81cbceb88cc
Fabiann227/AdvancedRP-SAMP	25d0c6105bea1b6de35f81ba43ab4c5bb4970262	.references/pawn/gamemodes/Fabiann227--AdvancedRP-SAMP/pawno/include/YSI_Internal/y_shortfunc.inc	Fabiann227--AdvancedRP-SAMP-source.zip	a5cb586e69b0276f4c13b58cf656c94b83a2e74b50d75b60f5b64309547f0a7b
Fabiann227/AdvancedRP-SAMP	25d0c6105bea1b6de35f81ba43ab4c5bb4970262	.references/pawn/gamemodes/Fabiann227--AdvancedRP-SAMP/pawno/include/YSI_Internal/y_classgroups.inc	Fabiann227--AdvancedRP-SAMP-source.zip	c82b65c838dba7d71fcafb504cb884f4ae81dbe51ea316dfcc362cfdf7def389
Fabiann227/AdvancedRP-SAMP	25d0c6105bea1b6de35f81ba43ab4c5bb4970262	.references/pawn/gamemodes/Fabiann227--AdvancedRP-SAMP/pawno/include/YSI_Internal/y_gamerzps.inc	Fabiann227--AdvancedRP-SAMP-source.zip	579c482c415bd3b43fc3e754dea8b94b8b00393a54aab6ec2bc805bbb5a6593a
Fabiann227/AdvancedRP-SAMP	25d0c6105bea1b6de35f81ba43ab4c5bb4970262	.references/pawn/gamemodes/Fabiann227--AdvancedRP-SAMP/pawno/include/YSI_Internal/y_plugins.inc	Fabiann227--AdvancedRP-SAMP-source.zip	349d01bd785acc3cf703051ffbb3864b41ecb7bb175cad185824ec66c6768618
Fabiann227/AdvancedRP-SAMP	25d0c6105bea1b6de35f81ba43ab4c5bb4970262	.references/pawn/gamemodes/Fabiann227--AdvancedRP-SAMP/pawno/include/YSI/y_writemem.inc	Fabiann227--AdvancedRP-SAMP-source.zip	89628fd4756a9786cc84354ba97d5522f5a8e2eab642e3aecf770f02a5b852b0
Fabiann227/AdvancedRP-SAMP	25d0c6105bea1b6de35f81ba43ab4c5bb4970262	.references/pawn/gamemodes/Fabiann227--AdvancedRP-SAMP/pawno/include/YSI/y_debug.inc	Fabiann227--AdvancedRP-SAMP-source.zip	83068cc6a1ee2496cb195fec9104b1501734df18591c91271b97fd6149edcf2d
Fabiann227/AdvancedRP-SAMP	25d0c6105bea1b6de35f81ba43ab4c5bb4970262	.references/pawn/gamemodes/Fabiann227--AdvancedRP-SAMP/pawno/include/YSI/y_users.inc	Fabiann227--AdvancedRP-SAMP-source.zip	fa9f3e85e0f42c27f301fe3774a0e906afd9cbea1b94057f6918fc7874b16e2b
Fabiann227/AdvancedRP-SAMP	25d0c6105bea1b6de35f81ba43ab4c5bb4970262	.references/pawn/gamemodes/Fabiann227--AdvancedRP-SAMP/pawno/include/YSI/y_inline.inc	Fabiann227--AdvancedRP-SAMP-source.zip	2cd95f6e01eabbf00b07a795b3035935571ab2e1ff103bece393529d5456c4da
Fabiann227/AdvancedRP-SAMP	25d0c6105bea1b6de35f81ba43ab4c5bb4970262	.references/pawn/gamemodes/Fabiann227--AdvancedRP-SAMP/pawno/include/YSI/y_td.inc	Fabiann227--AdvancedRP-SAMP-source.zip	5877aeb49c972337d1b187558a19d53b907b926836fd3e938b94525300ea8f2f
Fabiann227/AdvancedRP-SAMP	25d0c6105bea1b6de35f81ba43ab4c5bb4970262	.references/pawn/gamemodes/Fabiann227--AdvancedRP-SAMP/pawno/include/YSI/y_php.inc	Fabiann227--AdvancedRP-SAMP-source.zip	c06b05e0b4ef7e8d7d7c2347e530b15c6f9d330c5be54e09a8e99d76e918af2f
Fabiann227/AdvancedRP-SAMP	25d0c6105bea1b6de35f81ba43ab4c5bb4970262	.references/pawn/gamemodes/Fabiann227--AdvancedRP-SAMP/pawno/include/YSI/y_stringhash.inc	Fabiann227--AdvancedRP-SAMP-source.zip	5dd2aa1574e4d187aae260b9e1ff772284a89fbc6bc9ccbde8e50cca9ba13148
Fabiann227/AdvancedRP-SAMP	25d0c6105bea1b6de35f81ba43ab4c5bb4970262	.references/pawn/gamemodes/Fabiann227--AdvancedRP-SAMP/pawno/include/YSI/y_malloc.inc	Fabiann227--AdvancedRP-SAMP-source.zip	8f0b2bcc4cbf37c564c0fa3bf844c562a30a920e0331c38de50e3eee35804e1e
Fabiann227/AdvancedRP-SAMP	25d0c6105bea1b6de35f81ba43ab4c5bb4970262	.references/pawn/gamemodes/Fabiann227--AdvancedRP-SAMP/pawno/include/YSI/y_master.inc	Fabiann227--AdvancedRP-SAMP-source.zip	cd32aedc91cc650e0971a3c7892dfc72444e2b141b87229f840a30fb076ff87a
Fabiann227/AdvancedRP-SAMP	25d0c6105bea1b6de35f81ba43ab4c5bb4970262	.references/pawn/gamemodes/Fabiann227--AdvancedRP-SAMP/pawno/include/YSI/y_text.inc	Fabiann227--AdvancedRP-SAMP-source.zip	d64ee4d8f89ffb8ba3c727d1f0bc754379d008b42bc761f2c0c5f9204e94e8df
Fabiann227/AdvancedRP-SAMP	25d0c6105bea1b6de35f81ba43ab4c5bb4970262	.references/pawn/gamemodes/Fabiann227--AdvancedRP-SAMP/pawno/include/YSI/y_va.inc	Fabiann227--AdvancedRP-SAMP-source.zip	47baf2b9e3faae9222a45d7d20f07e1de9df0e2377b06edc52088399b5881e44
Fabiann227/AdvancedRP-SAMP	25d0c6105bea1b6de35f81ba43ab4c5bb4970262	.references/pawn/gamemodes/Fabiann227--AdvancedRP-SAMP/pawno/include/YSI/y_cell.inc	Fabiann227--AdvancedRP-SAMP-source.zip	7aacaf4072d62b5109b24a1240a95894a028765cefd2363d919d69b5f14179e4
Fabiann227/AdvancedRP-SAMP	25d0c6105bea1b6de35f81ba43ab4c5bb4970262	.references/pawn/gamemodes/Fabiann227--AdvancedRP-SAMP/pawno/include/YSI/y_utils.inc	Fabiann227--AdvancedRP-SAMP-source.zip	b8a61507cdebf1d6e06c3a346098b39cce37ea2665bd8857a82c5f3310efd5f1
Fabiann227/AdvancedRP-SAMP	25d0c6105bea1b6de35f81ba43ab4c5bb4970262	.references/pawn/gamemodes/Fabiann227--AdvancedRP-SAMP/pawno/include/YSI/y_colours.inc	Fabiann227--AdvancedRP-SAMP-source.zip	8da3bc810e2ff3a46da5f1b5ba500c8f039ee44a7a748a8351c80c02363dbc55
Fabiann227/AdvancedRP-SAMP	25d0c6105bea1b6de35f81ba43ab4c5bb4970262	.references/pawn/gamemodes/Fabiann227--AdvancedRP-SAMP/pawno/include/YSI/y_remote.inc	Fabiann227--AdvancedRP-SAMP-source.zip	50b5e9a5a130a2eddee55cb430c2483108fdafdee98f7a8fe8ee50ab7888ee0b
Fabiann227/AdvancedRP-SAMP	25d0c6105bea1b6de35f81ba43ab4c5bb4970262	.references/pawn/gamemodes/Fabiann227--AdvancedRP-SAMP/pawno/include/YSI/y_ini.inc	Fabiann227--AdvancedRP-SAMP-source.zip	bbc216b869327c18def84b85f1deebfa6487700d33c4e3471177aa15d0479855
Fabiann227/AdvancedRP-SAMP	25d0c6105bea1b6de35f81ba43ab4c5bb4970262	.references/pawn/gamemodes/Fabiann227--AdvancedRP-SAMP/pawno/include/YSI/y_playerarray.inc	Fabiann227--AdvancedRP-SAMP-source.zip	7317408cc895fc4cadda50cf4972932c2e9ad72aa13f3615784e70f81460c10c
Fabiann227/AdvancedRP-SAMP	25d0c6105bea1b6de35f81ba43ab4c5bb4970262	.references/pawn/gamemodes/Fabiann227--AdvancedRP-SAMP/pawno/include/YSI/y_uvar.inc	Fabiann227--AdvancedRP-SAMP-source.zip	1f114aec4e51fec8a5afd11a1e38695afa7a3001fc8990a0a010ae6092d82c85
Fabiann227/AdvancedRP-SAMP	25d0c6105bea1b6de35f81ba43ab4c5bb4970262	.references/pawn/gamemodes/Fabiann227--AdvancedRP-SAMP/pawno/include/YSI/y_hooks.inc	Fabiann227--AdvancedRP-SAMP-source.zip	aa8dcaff1d5367d854572bb4d629a1468c0fd2c179c81bde4638bd45747027d5
Fabiann227/AdvancedRP-SAMP	25d0c6105bea1b6de35f81ba43ab4c5bb4970262	.references/pawn/gamemodes/Fabiann227--AdvancedRP-SAMP/pawno/include/YSI/y_flooding.inc	Fabiann227--AdvancedRP-SAMP-source.zip	ccce7f753991277701e72b9218282948f29ce3401724bd439e022539b6c8e8ab
Fabiann227/AdvancedRP-SAMP	25d0c6105bea1b6de35f81ba43ab4c5bb4970262	.references/pawn/gamemodes/Fabiann227--AdvancedRP-SAMP/pawno/include/YSI/y_groups.inc	Fabiann227--AdvancedRP-SAMP-source.zip	2e305aba6ca9860913b375d91a617d36ead942d5d5d0a8bddd4c81f065dcdbb7
Fabiann227/AdvancedRP-SAMP	25d0c6105bea1b6de35f81ba43ab4c5bb4970262	.references/pawn/gamemodes/Fabiann227--AdvancedRP-SAMP/pawno/include/YSI/y_lock.inc	Fabiann227--AdvancedRP-SAMP-source.zip	fcf70bfadcf8cf2df44507d38167e69166cd6a4badb59fdc99e57961c973efe9
Fabiann227/AdvancedRP-SAMP	25d0c6105bea1b6de35f81ba43ab4c5bb4970262	.references/pawn/gamemodes/Fabiann227--AdvancedRP-SAMP/pawno/include/YSI/y_colors.inc	Fabiann227--AdvancedRP-SAMP-source.zip	9c75841023145da4364e093d7e4ee4f5b8cc048d7c6b867c4cf33f1332a37210
Fabiann227/AdvancedRP-SAMP	25d0c6105bea1b6de35f81ba43ab4c5bb4970262	.references/pawn/gamemodes/Fabiann227--AdvancedRP-SAMP/pawno/include/YSI/markdown.xsl	Fabiann227--AdvancedRP-SAMP-source.zip	a279380b9f5b10869d05982aa15f7347700cd3c623645f6b6202803839d3aaed
Fabiann227/AdvancedRP-SAMP	25d0c6105bea1b6de35f81ba43ab4c5bb4970262	.references/pawn/gamemodes/Fabiann227--AdvancedRP-SAMP/pawno/include/YSI/y_xml.inc	Fabiann227--AdvancedRP-SAMP-source.zip	cbe420460c47d550c4cc041c6d5410909a03142b96aa2ab5a043b95f41d176ed
Fabiann227/AdvancedRP-SAMP	25d0c6105bea1b6de35f81ba43ab4c5bb4970262	.references/pawn/gamemodes/Fabiann227--AdvancedRP-SAMP/pawno/include/YSI/y_scriptinit.inc	Fabiann227--AdvancedRP-SAMP-source.zip	541f8ecb3df7d36513704d5849daa17f9f40f437fce5e27393122d2f07c71d51
Fabiann227/AdvancedRP-SAMP	25d0c6105bea1b6de35f81ba43ab4c5bb4970262	.references/pawn/gamemodes/Fabiann227--AdvancedRP-SAMP/pawno/include/YSI/y_languages.inc	Fabiann227--AdvancedRP-SAMP-source.zip	60b5c07bef9bb70e2480808a17f3422e331a907ac3e13beb85bfa71f068198fa
Fabiann227/AdvancedRP-SAMP	25d0c6105bea1b6de35f81ba43ab4c5bb4970262	.references/pawn/gamemodes/Fabiann227--AdvancedRP-SAMP/pawno/include/YSI/y_als.inc	Fabiann227--AdvancedRP-SAMP-source.zip	b3a26260c460394be4ed56f562efbb5afeb17ae4b7cafb25d3823a2f22c2e0af
Fabiann227/AdvancedRP-SAMP	25d0c6105bea1b6de35f81ba43ab4c5bb4970262	.references/pawn/gamemodes/Fabiann227--AdvancedRP-SAMP/pawno/include/YSI/y_races.inc	Fabiann227--AdvancedRP-SAMP-source.zip	9e72b7c71e1f099d4ff1a893d2ce4eeee1e754cd216dd8d7c209309cc3e38b8a
Fabiann227/AdvancedRP-SAMP	25d0c6105bea1b6de35f81ba43ab4c5bb4970262	.references/pawn/gamemodes/Fabiann227--AdvancedRP-SAMP/pawno/include/YSI/y_vehicledata.inc	Fabiann227--AdvancedRP-SAMP-source.zip	fcc6e07870133f5feeb0c925e5d5a8808a60df93ad56dccbae20409d85e1a313
Fabiann227/AdvancedRP-SAMP	25d0c6105bea1b6de35f81ba43ab4c5bb4970262	.references/pawn/gamemodes/Fabiann227--AdvancedRP-SAMP/pawno/include/YSI/y_zonepulse.inc	Fabiann227--AdvancedRP-SAMP-source.zip	89453d39d5534e7183ad31e05160af63527478a1d42c8082637155ecae97b0d8
Fabiann227/AdvancedRP-SAMP	25d0c6105bea1b6de35f81ba43ab4c5bb4970262	.references/pawn/gamemodes/Fabiann227--AdvancedRP-SAMP/pawno/include/YSI/y_bintree.inc	Fabiann227--AdvancedRP-SAMP-source.zip	d3c4e782a9df4195c1180119f40faed65de9ef371ec07de073a9a8d36562b3d7
Fabiann227/AdvancedRP-SAMP	25d0c6105bea1b6de35f81ba43ab4c5bb4970262	.references/pawn/gamemodes/Fabiann227--AdvancedRP-SAMP/pawno/include/YSI/y_properties.inc	Fabiann227--AdvancedRP-SAMP-source.zip	29755cf9f616cd93533ccdc28434e5847e6c5465eded3d4bcf98574bf5cabb88
Fabiann227/AdvancedRP-SAMP	25d0c6105bea1b6de35f81ba43ab4c5bb4970262	.references/pawn/gamemodes/Fabiann227--AdvancedRP-SAMP/pawno/include/YSI/y_iterate.inc	Fabiann227--AdvancedRP-SAMP-source.zip	d1e4f2d21ef9b19d86f39f1ec432b12bc5761133b3d2cbe55f3eedab955a83bd
Fabiann227/AdvancedRP-SAMP	25d0c6105bea1b6de35f81ba43ab4c5bb4970262	.references/pawn/gamemodes/Fabiann227--AdvancedRP-SAMP/pawno/include/YSI/y_areas.inc	Fabiann227--AdvancedRP-SAMP-source.zip	05dfca54538dfe8973f2999f5953abbafd2e771b03201a26e93a9653204bd3ea
Fabiann227/AdvancedRP-SAMP	25d0c6105bea1b6de35f81ba43ab4c5bb4970262	.references/pawn/gamemodes/Fabiann227--AdvancedRP-SAMP/pawno/include/YSI/y_zonenames.inc	Fabiann227--AdvancedRP-SAMP-source.zip	0917267d2b9b18541b5d41922b74628878aeaa9c9301706d81da79937314895c
Fabiann227/AdvancedRP-SAMP	25d0c6105bea1b6de35f81ba43ab4c5bb4970262	.references/pawn/gamemodes/Fabiann227--AdvancedRP-SAMP/pawno/include/YSI/y_bit.inc	Fabiann227--AdvancedRP-SAMP-source.zip	9377947b87913cdd30c6d0c8c80b7fac9e68a9499221e412aa3aa57f2c8231a1
Fabiann227/AdvancedRP-SAMP	25d0c6105bea1b6de35f81ba43ab4c5bb4970262	.references/pawn/gamemodes/Fabiann227--AdvancedRP-SAMP/pawno/include/YSI/y_bitmap.inc	Fabiann227--AdvancedRP-SAMP-source.zip	7ac7a4fec9b8b74c5e4fd63ea80d06cd33abfdbe96fe2167fbf3f273deeca8f9
Fabiann227/AdvancedRP-SAMP	25d0c6105bea1b6de35f81ba43ab4c5bb4970262	.references/pawn/gamemodes/Fabiann227--AdvancedRP-SAMP/pawno/include/YSI/y_dialog.inc	Fabiann227--AdvancedRP-SAMP-source.zip	fbb35634160b576c47a35f28a219a0873eb21415ada953d92329c126b725f56a
Fabiann227/AdvancedRP-SAMP	25d0c6105bea1b6de35f81ba43ab4c5bb4970262	.references/pawn/gamemodes/Fabiann227--AdvancedRP-SAMP/pawno/include/YSI/y_playerset.inc	Fabiann227--AdvancedRP-SAMP-source.zip	9e59f2abd3bf21b787c24d5ea561d893a63b417ac91fe183937c59cf94dba303
Fabiann227/AdvancedRP-SAMP	25d0c6105bea1b6de35f81ba43ab4c5bb4970262	.references/pawn/gamemodes/Fabiann227--AdvancedRP-SAMP/pawno/include/YSI/y_timers.inc	Fabiann227--AdvancedRP-SAMP-source.zip	35e4cea2828ff0ee04172f9284ea21ec867b69b5a737a0977143cdd1a0c07420
Fabiann227/AdvancedRP-SAMP	25d0c6105bea1b6de35f81ba43ab4c5bb4970262	.references/pawn/gamemodes/Fabiann227--AdvancedRP-SAMP/pawno/include/YSI/y_punycode.inc	Fabiann227--AdvancedRP-SAMP-source.zip	ef11965a4a686a651b85ec31a1e73a79bd07ea3f06649e5ed30dabb5d26b9ff2
Fabiann227/AdvancedRP-SAMP	25d0c6105bea1b6de35f81ba43ab4c5bb4970262	.references/pawn/gamemodes/Fabiann227--AdvancedRP-SAMP/pawno/include/YSI/y_testing.inc	Fabiann227--AdvancedRP-SAMP-source.zip	ca58dc51316b6587c0c7bbae0370f1625fd2866e90d3a0744370222ea5b7d416
Fabiann227/AdvancedRP-SAMP	25d0c6105bea1b6de35f81ba43ab4c5bb4970262	.references/pawn/gamemodes/Fabiann227--AdvancedRP-SAMP/pawno/include/YSI/y_svar.inc	Fabiann227--AdvancedRP-SAMP-source.zip	09fb39ed3100b561a274883cc20297daddf8a9f2efe5c70f88020e633f0530b6
Fabiann227/AdvancedRP-SAMP	25d0c6105bea1b6de35f81ba43ab4c5bb4970262	.references/pawn/gamemodes/Fabiann227--AdvancedRP-SAMP/pawno/include/YSI/y_jaggedarray.inc	Fabiann227--AdvancedRP-SAMP-source.zip	9ae604773aaaeb47dae929b6368f7c95107a2e43a87b0ae567f1d768891a11c7
Fabiann227/AdvancedRP-SAMP	25d0c6105bea1b6de35f81ba43ab4c5bb4970262	.references/pawn/gamemodes/Fabiann227--AdvancedRP-SAMP/pawno/include/YSI/y_extra.inc	Fabiann227--AdvancedRP-SAMP-source.zip	da04bc4e6da8269aa602ce51a45c7513b3d8f883320831173049b794c33f937a
Fabiann227/AdvancedRP-SAMP	25d0c6105bea1b6de35f81ba43ab4c5bb4970262	.references/pawn/gamemodes/Fabiann227--AdvancedRP-SAMP/pawno/include/YSI/y_commands.inc	Fabiann227--AdvancedRP-SAMP-source.zip	ff1f254926630ed1ab31d3b005e603a7a5f45011452ad70f4a1de632362f05ef
Fabiann227/AdvancedRP-SAMP	25d0c6105bea1b6de35f81ba43ab4c5bb4970262	.references/pawn/gamemodes/Fabiann227--AdvancedRP-SAMP/pawno/include/YSI/y_files.inc	Fabiann227--AdvancedRP-SAMP-source.zip	2c85d65863eba123aa00b2a1540e401aecac0b90f54c732bb9efa7820a6149f6
Fabiann227/AdvancedRP-SAMP	25d0c6105bea1b6de35f81ba43ab4c5bb4970262	.references/pawn/gamemodes/Fabiann227--AdvancedRP-SAMP/pawno/include/YSI/y_classes.inc	Fabiann227--AdvancedRP-SAMP-source.zip	f4514595c73e3c6aade726c2aac90ac3a20f37de9acbdd3bbbe7b57d510df12f
Fabiann227/AdvancedRP-SAMP	25d0c6105bea1b6de35f81ba43ab4c5bb4970262	.references/pawn/gamemodes/Fabiann227--AdvancedRP-SAMP/pawno/include/YSI/custom.xsl	Fabiann227--AdvancedRP-SAMP-source.zip	8b3eb30cf0edabe81896e8ecdd14f793a647621bf6199a51f9813edd54308b38
Fabiann227/AdvancedRP-SAMP	25d0c6105bea1b6de35f81ba43ab4c5bb4970262	.references/pawn/gamemodes/Fabiann227--AdvancedRP-SAMP/pawno/include/YSI/y_amx.inc	Fabiann227--AdvancedRP-SAMP-source.zip	6cc974d76d487f3b6fc5bdcb512acd2c7c81701ce0705373567452bfd1895955
Fabiann227/AdvancedRP-SAMP	25d0c6105bea1b6de35f81ba43ab4c5bb4970262	.references/pawn/gamemodes/Fabiann227--AdvancedRP-SAMP/pawno/include/YSI_Coding/y_inline.inc	Fabiann227--AdvancedRP-SAMP-source.zip	8b9e3a7c78228536fd46499208a11dd4756362c2d6140bd3d0f25cbd471a7373
Fabiann227/AdvancedRP-SAMP	25d0c6105bea1b6de35f81ba43ab4c5bb4970262	.references/pawn/gamemodes/Fabiann227--AdvancedRP-SAMP/pawno/include/YSI_Coding/y_stringhash.inc	Fabiann227--AdvancedRP-SAMP-source.zip	ff790613f84d60e21f1a64ce0ebe30a2fa329b890c74d780c375649e54977df3
Fabiann227/AdvancedRP-SAMP	25d0c6105bea1b6de35f81ba43ab4c5bb4970262	.references/pawn/gamemodes/Fabiann227--AdvancedRP-SAMP/pawno/include/YSI_Coding/y_malloc.inc	Fabiann227--AdvancedRP-SAMP-source.zip	ba3d966cd6fbfbafbd9369d72b64832c6339a732ee3067e8dca15d0e70c6056c
Fabiann227/AdvancedRP-SAMP	25d0c6105bea1b6de35f81ba43ab4c5bb4970262	.references/pawn/gamemodes/Fabiann227--AdvancedRP-SAMP/pawno/include/YSI_Coding/y_va.inc	Fabiann227--AdvancedRP-SAMP-source.zip	49da7933306ed720e93ac990b95489410c0fd7f5a96ef96bd8f14951d45cd8ea
Fabiann227/AdvancedRP-SAMP	25d0c6105bea1b6de35f81ba43ab4c5bb4970262	.references/pawn/gamemodes/Fabiann227--AdvancedRP-SAMP/pawno/include/YSI_Coding/y_remote.inc	Fabiann227--AdvancedRP-SAMP-source.zip	a16ad1c2f60c1e1ad4cea4f9a755b88a50aaa4076bf410895bb596b7c36df69e
Fabiann227/AdvancedRP-SAMP	25d0c6105bea1b6de35f81ba43ab4c5bb4970262	.references/pawn/gamemodes/Fabiann227--AdvancedRP-SAMP/pawno/include/YSI_Coding/y_hooks.inc	Fabiann227--AdvancedRP-SAMP-source.zip	5139628ed0b4411d37f93d7f63838225e852ab1e43bab410f13a61c290ac82ab
Fabiann227/AdvancedRP-SAMP	25d0c6105bea1b6de35f81ba43ab4c5bb4970262	.references/pawn/gamemodes/Fabiann227--AdvancedRP-SAMP/pawno/include/YSI_Coding/y_timers.inc	Fabiann227--AdvancedRP-SAMP-source.zip	bf0194cb9eae9f9fbbcfc00669e0e56f5626039e95b5f0360e5c45288d12eba5
Fabiann227/AdvancedRP-SAMP	25d0c6105bea1b6de35f81ba43ab4c5bb4970262	.references/pawn/gamemodes/Fabiann227--AdvancedRP-SAMP/pawno/include/YSI_Visual/y_races.inc	Fabiann227--AdvancedRP-SAMP-source.zip	5f241d397326750708ecbfd448b669d1317cec35c89d0bd9227effc2a1a6b976
Fabiann227/AdvancedRP-SAMP	25d0c6105bea1b6de35f81ba43ab4c5bb4970262	.references/pawn/gamemodes/Fabiann227--AdvancedRP-SAMP/pawno/include/YSI_Visual/y_zonepulse.inc	Fabiann227--AdvancedRP-SAMP-source.zip	9add31b68b29bcb50a6ca4139fe2dd07be502c31ef20e4fc50719090ccda2355
Fabiann227/AdvancedRP-SAMP	25d0c6105bea1b6de35f81ba43ab4c5bb4970262	.references/pawn/gamemodes/Fabiann227--AdvancedRP-SAMP/pawno/include/YSI_Visual/y_loader.inc	Fabiann227--AdvancedRP-SAMP-source.zip	865fce325184c08c2c45bbb113e2acd64652d3aff1503e60f2a91d2e725b289c
Fabiann227/AdvancedRP-SAMP	25d0c6105bea1b6de35f81ba43ab4c5bb4970262	.references/pawn/gamemodes/Fabiann227--AdvancedRP-SAMP/pawno/include/YSI_Visual/y_properties.inc	Fabiann227--AdvancedRP-SAMP-source.zip	3272c95578f247799e7c363950c0f6b86780087077e8fa46f5a2eadf296ebbd7
Fabiann227/AdvancedRP-SAMP	25d0c6105bea1b6de35f81ba43ab4c5bb4970262	.references/pawn/gamemodes/Fabiann227--AdvancedRP-SAMP/pawno/include/YSI_Visual/y_areas.inc	Fabiann227--AdvancedRP-SAMP-source.zip	694f4396e4890c01103bdb3209039e3a935edcaa5062100e4ad574060164a32e
Fabiann227/AdvancedRP-SAMP	25d0c6105bea1b6de35f81ba43ab4c5bb4970262	.references/pawn/gamemodes/Fabiann227--AdvancedRP-SAMP/pawno/include/YSI_Visual/y_zonenames.inc	Fabiann227--AdvancedRP-SAMP-source.zip	b777e17b8d415a0734e7c55c5ea35fcda65b5182413e0749b6abe8cef09abe34
Fabiann227/AdvancedRP-SAMP	25d0c6105bea1b6de35f81ba43ab4c5bb4970262	.references/pawn/gamemodes/Fabiann227--AdvancedRP-SAMP/pawno/include/YSI_Visual/y_dialog.inc	Fabiann227--AdvancedRP-SAMP-source.zip	4bdb8cce5ecee784edd6281c262b39c5cb84ad32101c55e3e5aeddfffb43cd20
Fabiann227/AdvancedRP-SAMP	25d0c6105bea1b6de35f81ba43ab4c5bb4970262	.references/pawn/gamemodes/Fabiann227--AdvancedRP-SAMP/pawno/include/YSI_Visual/y_objects.inc	Fabiann227--AdvancedRP-SAMP-source.zip	373fdfcdca57ac6085d68b45f645d8e10ed206b8f700cd904098aa1421f2f5a6
Fabiann227/AdvancedRP-SAMP	25d0c6105bea1b6de35f81ba43ab4c5bb4970262	.references/pawn/gamemodes/Fabiann227--AdvancedRP-SAMP/pawno/include/YSI_Visual/y_commands.inc	Fabiann227--AdvancedRP-SAMP-source.zip	630d189a942f64f78df7168da4c9f08804698b6af9893af36bcbb23b0d0a28ae
Fabiann227/AdvancedRP-SAMP	25d0c6105bea1b6de35f81ba43ab4c5bb4970262	.references/pawn/gamemodes/Fabiann227--AdvancedRP-SAMP/pawno/include/YSI_Visual/y_classes.inc	Fabiann227--AdvancedRP-SAMP-source.zip	df592373fe294e55cfcc46d3ba33920a27511a13fec3daf7cd974869ff0bd668
Fabiann227/AdvancedRP-SAMP	25d0c6105bea1b6de35f81ba43ab4c5bb4970262	.references/pawn/gamemodes/Fabiann227--AdvancedRP-SAMP/pawno/include/YSI_Players/y_users/ini.inc	Fabiann227--AdvancedRP-SAMP-source.zip	3888593dccb325ee9d38f460fd48cb0fe2ae2258bbd603faad927b28ddb00ad9
Fabiann227/AdvancedRP-SAMP	25d0c6105bea1b6de35f81ba43ab4c5bb4970262	.references/pawn/gamemodes/Fabiann227--AdvancedRP-SAMP/pawno/include/YSI_Players/y_users/tests.inc	Fabiann227--AdvancedRP-SAMP-source.zip	29f9b21a917d698a2f5b411eb2c4695acdfa8b727854c7299cb6370e9203d1eb
Fabiann227/AdvancedRP-SAMP	25d0c6105bea1b6de35f81ba43ab4c5bb4970262	.references/pawn/gamemodes/Fabiann227--AdvancedRP-SAMP/pawno/include/YSI_Players/y_users/Dan10.inc	Fabiann227--AdvancedRP-SAMP-source.zip	11ba9cf0d06526fff77adc82895d231bf620dc937a17d15113b340f6e9d587d4
Fabiann227/AdvancedRP-SAMP	25d0c6105bea1b6de35f81ba43ab4c5bb4970262	.references/pawn/gamemodes/Fabiann227--AdvancedRP-SAMP/pawno/include/YSI_Players/y_users/blueg7.inc	Fabiann227--AdvancedRP-SAMP-source.zip	181882b53f05796c70f8315d8ac826ee3e0a476932ee1aa84909126cfbb10628
Fabiann227/AdvancedRP-SAMP	25d0c6105bea1b6de35f81ba43ab4c5bb4970262	.references/pawn/gamemodes/Fabiann227--AdvancedRP-SAMP/pawno/include/YSI_Players/y_groups/_funcs.inc	Fabiann227--AdvancedRP-SAMP-source.zip	ae63b2a890e0d7216acf2d23642187b963b2de49912ef78bd6337265847dcbb7
Fabiann227/AdvancedRP-SAMP	25d0c6105bea1b6de35f81ba43ab4c5bb4970262	.references/pawn/gamemodes/Fabiann227--AdvancedRP-SAMP/pawno/include/YSI_Players/y_groups/tests.inc	Fabiann227--AdvancedRP-SAMP-source.zip	018e2469d207378a56617ecbe1449a691c88c68c7af3cae4d01fdacb8e66f49c
Fabiann227/AdvancedRP-SAMP	25d0c6105bea1b6de35f81ba43ab4c5bb4970262	.references/pawn/gamemodes/Fabiann227--AdvancedRP-SAMP/pawno/include/YSI_Players/y_groups/setup.inc	Fabiann227--AdvancedRP-SAMP-source.zip	d5707575d77ed68b8494a8a4639506ee1c718b93915c8ec8462daf7dbb764e79
Fabiann227/AdvancedRP-SAMP	25d0c6105bea1b6de35f81ba43ab4c5bb4970262	.references/pawn/gamemodes/Fabiann227--AdvancedRP-SAMP/pawno/include/YSI_Players/y_groups/_unique.inc	Fabiann227--AdvancedRP-SAMP-source.zip	19030d6a97ccd91933bafe9f429f16581a66051722e629adf836a10f2f7f6e6b
Fabiann227/AdvancedRP-SAMP	25d0c6105bea1b6de35f81ba43ab4c5bb4970262	.references/pawn/gamemodes/Fabiann227--AdvancedRP-SAMP/pawno/include/YSI_Players/y_groups/impl.inc	Fabiann227--AdvancedRP-SAMP-source.zip	826fbca3f010ded26f053a5b4653d5f30cf21bbaa8ed570be8cfc463f80f3a58
Fabiann227/AdvancedRP-SAMP	25d0c6105bea1b6de35f81ba43ab4c5bb4970262	.references/pawn/gamemodes/Fabiann227--AdvancedRP-SAMP/pawno/include/YSI_Players/y_text/load.inc	Fabiann227--AdvancedRP-SAMP-source.zip	f9016ad486dd0ecf1c69ac7da71e5f220932c0401247c198e2c07eac505f6a65
Fabiann227/AdvancedRP-SAMP	25d0c6105bea1b6de35f81ba43ab4c5bb4970262	.references/pawn/gamemodes/Fabiann227--AdvancedRP-SAMP/pawno/include/YSI_Players/y_text/styles.inc	Fabiann227--AdvancedRP-SAMP-source.zip	0abd004f0a9d8214fb9b493f5becc1611c8ca3bb8cebd95a9671541a23430786
Fabiann227/AdvancedRP-SAMP	25d0c6105bea1b6de35f81ba43ab4c5bb4970262	.references/pawn/gamemodes/Fabiann227--AdvancedRP-SAMP/pawno/include/YSI_Players/y_text/render.inc	Fabiann227--AdvancedRP-SAMP-source.zip	d54b20448fc8dc20c39d919476f9497c92f3dfe5795dbf73cf5dac59edcc7123
Fabiann227/AdvancedRP-SAMP	25d0c6105bea1b6de35f81ba43ab4c5bb4970262	.references/pawn/gamemodes/Fabiann227--AdvancedRP-SAMP/pawno/include/YSI_Players/y_text/impl.inc	Fabiann227--AdvancedRP-SAMP-source.zip	95749b505d56cb5e296d30d1adbeed5b6eabf49f463159b9b00aadc26379caa1
Fabiann227/AdvancedRP-SAMP	25d0c6105bea1b6de35f81ba43ab4c5bb4970262	.references/pawn/gamemodes/Fabiann227--AdvancedRP-SAMP/pawno/include/SIF/extensions/keys-inventory.inc	Fabiann227--AdvancedRP-SAMP-source.zip	f9986f4029b09cacd0d0c4cb5602053866399f9811b5611db58ac4a033b9db2c
Fabiann227/AdvancedRP-SAMP	25d0c6105bea1b6de35f81ba43ab4c5bb4970262	.references/pawn/gamemodes/Fabiann227--AdvancedRP-SAMP/pawno/include/SIF/extensions/item-list.inc	Fabiann227--AdvancedRP-SAMP-source.zip	88532272eae1454f1f4af68f31506aaaeef5a6eaa9d1a14f39105ccb56b5b5a6
Fabiann227/AdvancedRP-SAMP	25d0c6105bea1b6de35f81ba43ab4c5bb4970262	.references/pawn/gamemodes/Fabiann227--AdvancedRP-SAMP/pawno/include/SIF/extensions/craft.inc	Fabiann227--AdvancedRP-SAMP-source.zip	cec2e072556e704a3791dcfe0bf9760cf94edc6eda0852cc84a185349b7176eb
Fabiann227/AdvancedRP-SAMP	25d0c6105bea1b6de35f81ba43ab4c5bb4970262	.references/pawn/gamemodes/Fabiann227--AdvancedRP-SAMP/pawno/include/SIF/extensions/debug-labels.inc	Fabiann227--AdvancedRP-SAMP-source.zip	0934288c6d17737abc30032ba6e1e7d94ca866d95ad6ec946415316810bd1248
Fabiann227/AdvancedRP-SAMP	25d0c6105bea1b6de35f81ba43ab4c5bb4970262	.references/pawn/gamemodes/Fabiann227--AdvancedRP-SAMP/pawno/include/SIF/extensions/dialog-inventory.inc	Fabiann227--AdvancedRP-SAMP-source.zip	f40324b6a0555a0d2e06dd688c56996bee72313206f25ec62b2acf8ecd05eaf6
Fabiann227/AdvancedRP-SAMP	25d0c6105bea1b6de35f81ba43ab4c5bb4970262	.references/pawn/gamemodes/Fabiann227--AdvancedRP-SAMP/pawno/include/SIF/extensions/item-serializer.inc	Fabiann227--AdvancedRP-SAMP-source.zip	d304ca6dbb021a731454e9e2418febcbd502a585af5f8f6d91782214c2124795
Fabiann227/AdvancedRP-SAMP	25d0c6105bea1b6de35f81ba43ab4c5bb4970262	.references/pawn/gamemodes/Fabiann227--AdvancedRP-SAMP/pawno/include/SIF/extensions/dialog-container.inc	Fabiann227--AdvancedRP-SAMP-source.zip	bcc2c1ccfd4f7fba0a5f68190e30677cff7beb73eec04cc4240b22c578590010
Fabiann227/AdvancedRP-SAMP	25d0c6105bea1b6de35f81ba43ab4c5bb4970262	.references/pawn/gamemodes/Fabiann227--AdvancedRP-SAMP/pawno/include/SIF/extensions/multi-button.inc	Fabiann227--AdvancedRP-SAMP-source.zip	4fb682af119fff3747b29c49f9db19fbf8d38ef5d6a6cf5dad3a7ba9ad138c5b
Fabiann227/AdvancedRP-SAMP	25d0c6105bea1b6de35f81ba43ab4c5bb4970262	.references/pawn/gamemodes/Fabiann227--AdvancedRP-SAMP/pawno/include/SIF/extensions/item-array-data.inc	Fabiann227--AdvancedRP-SAMP-source.zip	2280a466841111ed53e6ffc44f47f97ee4e90243dbe21e8aad302c92e0b3b3b4
Fabiann227/AdvancedRP-SAMP	25d0c6105bea1b6de35f81ba43ab4c5bb4970262	.references/pawn/gamemodes/Fabiann227--AdvancedRP-SAMP/pawno/include/SIF/old/Notebook.pwn	Fabiann227--AdvancedRP-SAMP-source.zip	25b62607d483e9471e8e1915fb2345231c37e41de052eb3ee5dbbdde631b6c5d
Fabiann227/AdvancedRP-SAMP	25d0c6105bea1b6de35f81ba43ab4c5bb4970262	.references/pawn/gamemodes/Fabiann227--AdvancedRP-SAMP/pawno/include/SIF/old/Dispenser.pwn	Fabiann227--AdvancedRP-SAMP-source.zip	4576558c02adbf04698ad23931bbf383d3099a3620a3d025ca67c07273bfdfd5
Fabiann227/AdvancedRP-SAMP	25d0c6105bea1b6de35f81ba43ab4c5bb4970262	.references/pawn/gamemodes/Fabiann227--AdvancedRP-SAMP/pawno/include/YSI_Core/y_master/_cleanup.inc	Fabiann227--AdvancedRP-SAMP-source.zip	b12694843e843bb35caa38afd0687c0c9e7a79121896a8e443aadb7e774b66f9
Fabiann227/AdvancedRP-SAMP	25d0c6105bea1b6de35f81ba43ab4c5bb4970262	.references/pawn/gamemodes/Fabiann227--AdvancedRP-SAMP/pawno/include/YSI_Core/y_master/_resolve.inc	Fabiann227--AdvancedRP-SAMP-source.zip	d4a76588fa1ee9a145fb3c1d923399d0c2f0de8f0d8373231db34157faef4434
Fabiann227/AdvancedRP-SAMP	25d0c6105bea1b6de35f81ba43ab4c5bb4970262	.references/pawn/gamemodes/Fabiann227--AdvancedRP-SAMP/pawno/include/YSI_Core/y_master/_pop_master.inc	Fabiann227--AdvancedRP-SAMP-source.zip	3e6f8f500f77ed4002a1546744bd27607d332973a7896dd4564720829f4a4601
Fabiann227/AdvancedRP-SAMP	25d0c6105bea1b6de35f81ba43ab4c5bb4970262	.references/pawn/gamemodes/Fabiann227--AdvancedRP-SAMP/pawno/include/YSI_Core/y_master/tests.inc	Fabiann227--AdvancedRP-SAMP-source.zip	e3b0c44298fc1c149afbf4c8996fb92427ae41e4649b934ca495991b7852b855
Fabiann227/AdvancedRP-SAMP	25d0c6105bea1b6de35f81ba43ab4c5bb4970262	.references/pawn/gamemodes/Fabiann227--AdvancedRP-SAMP/pawno/include/YSI_Core/y_master/_push_master.inc	Fabiann227--AdvancedRP-SAMP-source.zip	ed7f19dddeabd78a988878b15c066e607d933f5f8835b66e0e982bf5fad4fd70
Fabiann227/AdvancedRP-SAMP	25d0c6105bea1b6de35f81ba43ab4c5bb4970262	.references/pawn/gamemodes/Fabiann227--AdvancedRP-SAMP/pawno/include/YSI_Core/y_master/_impl.inc	Fabiann227--AdvancedRP-SAMP-source.zip	bc85cbdb81bbc34653f5eda7e89554cc35be8d89d25d484a1a23af203b46373b
Fabiann227/AdvancedRP-SAMP	25d0c6105bea1b6de35f81ba43ab4c5bb4970262	.references/pawn/gamemodes/Fabiann227--AdvancedRP-SAMP/pawno/include/YSI_Core/y_master/_setup_master_D.inc	Fabiann227--AdvancedRP-SAMP-source.zip	d008a0bbe613840841780866b1a2a57750e037c62c4251cb987dce2b28be4c25
Fabiann227/AdvancedRP-SAMP	25d0c6105bea1b6de35f81ba43ab4c5bb4970262	.references/pawn/gamemodes/Fabiann227--AdvancedRP-SAMP/pawno/include/YSI_Core/y_master/_setup_master_A.inc	Fabiann227--AdvancedRP-SAMP-source.zip	0b947f0f56717651d137e5e4d8a7ae2c30fde039220a26191956871ba72db17d
Fabiann227/AdvancedRP-SAMP	25d0c6105bea1b6de35f81ba43ab4c5bb4970262	.references/pawn/gamemodes/Fabiann227--AdvancedRP-SAMP/pawno/include/YSI_Core/y_master/once.inc	Fabiann227--AdvancedRP-SAMP-source.zip	a134024a681397e6209f1b73246951c9cd6001a7d42f4829533ab2e3ba8541c3
Fabiann227/AdvancedRP-SAMP	25d0c6105bea1b6de35f81ba43ab4c5bb4970262	.references/pawn/gamemodes/Fabiann227--AdvancedRP-SAMP/pawno/include/YSI_Core/y_master/_setup_master_B.inc	Fabiann227--AdvancedRP-SAMP-source.zip	92a1f7756ee5edcbe0bc21913945fc44e0ee658d72e237e2b9223c2c76eefcb4
Fabiann227/AdvancedRP-SAMP	25d0c6105bea1b6de35f81ba43ab4c5bb4970262	.references/pawn/gamemodes/Fabiann227--AdvancedRP-SAMP/pawno/include/YSI_Core/y_master/_setup_master_C.inc	Fabiann227--AdvancedRP-SAMP-source.zip	f866a6fc29053aa13c5dd86354a6d868e748d3dfffcc665eabc28975f5bf566d
Fabiann227/AdvancedRP-SAMP	25d0c6105bea1b6de35f81ba43ab4c5bb4970262	.references/pawn/gamemodes/Fabiann227--AdvancedRP-SAMP/pawno/include/YSI_Core/y_functional/rewrite.inc	Fabiann227--AdvancedRP-SAMP-source.zip	717e5a39dd681497f79a265075245aadaaa5fed0ea7a9e4583860ecaab93bc4f
Fabiann227/AdvancedRP-SAMP	25d0c6105bea1b6de35f81ba43ab4c5bb4970262	.references/pawn/gamemodes/Fabiann227--AdvancedRP-SAMP/pawno/include/YSI_Core/y_functional/tests.inc	Fabiann227--AdvancedRP-SAMP-source.zip	caf48beed390afe8493dc1a757eb9bad4872be7959df9ab1068eeb47bfe54b5a
Fabiann227/AdvancedRP-SAMP	25d0c6105bea1b6de35f81ba43ab4c5bb4970262	.references/pawn/gamemodes/Fabiann227--AdvancedRP-SAMP/pawno/include/YSI_Core/y_functional/impl.inc	Fabiann227--AdvancedRP-SAMP-source.zip	6f90a5ce7012d2ae55a9cf39bde6cd7e6a7bf8d978b47d3ed8ec081f5a31217c
Fabiann227/AdvancedRP-SAMP	25d0c6105bea1b6de35f81ba43ab4c5bb4970262	.references/pawn/gamemodes/Fabiann227--AdvancedRP-SAMP/pawno/include/YSI_Core/y_als/tests.inc	Fabiann227--AdvancedRP-SAMP-source.zip	ed2467477106210b618f7b82a665f996ebf2a80ef6fe1e8650b39b7301269607
Fabiann227/AdvancedRP-SAMP	25d0c6105bea1b6de35f81ba43ab4c5bb4970262	.references/pawn/gamemodes/Fabiann227--AdvancedRP-SAMP/pawno/include/YSI_Core/y_als/impl.inc	Fabiann227--AdvancedRP-SAMP-source.zip	3d10ebf978731a709c58aa8dd1b4e306c98128386acd45bed20fb98661fd6092
Fabiann227/AdvancedRP-SAMP	25d0c6105bea1b6de35f81ba43ab4c5bb4970262	.references/pawn/gamemodes/Fabiann227--AdvancedRP-SAMP/pawno/include/YSI_Core/y_cell/tests.inc	Fabiann227--AdvancedRP-SAMP-source.zip	7ddd742814e58e531155e186a7951813c317b3f6091ceaef2be134a416dc7f7e
Fabiann227/AdvancedRP-SAMP	25d0c6105bea1b6de35f81ba43ab4c5bb4970262	.references/pawn/gamemodes/Fabiann227--AdvancedRP-SAMP/pawno/include/YSI_Core/y_master/stack/_stack_push_000.inc	Fabiann227--AdvancedRP-SAMP-source.zip	e00a33fb781b03a5f53ecb9c2472165ac7f5eda3a0a872a09da469be6ba63463
Fabiann227/AdvancedRP-SAMP	25d0c6105bea1b6de35f81ba43ab4c5bb4970262	.references/pawn/gamemodes/Fabiann227--AdvancedRP-SAMP/pawno/include/YSI_Core/y_master/stack/_stack_push_004.inc	Fabiann227--AdvancedRP-SAMP-source.zip	eb40888e8e5b965ed5a0bc4b917310af863cdfba68b62566872a5442dfa45bd5
Fabiann227/AdvancedRP-SAMP	25d0c6105bea1b6de35f81ba43ab4c5bb4970262	.references/pawn/gamemodes/Fabiann227--AdvancedRP-SAMP/pawno/include/YSI_Core/y_master/stack/_stack_push_014.inc	Fabiann227--AdvancedRP-SAMP-source.zip	a8aff1e7bcc183f214144e9cc0de94857ca2f449db9c4bac3cd495f7f62823f2
Fabiann227/AdvancedRP-SAMP	25d0c6105bea1b6de35f81ba43ab4c5bb4970262	.references/pawn/gamemodes/Fabiann227--AdvancedRP-SAMP/pawno/include/YSI_Core/y_master/stack/_stack_push_008.inc	Fabiann227--AdvancedRP-SAMP-source.zip	d8ed4e79260bf6b1f1ffedc1d9216e859610eef05a848b4a0bef2156b7ee48bc
Fabiann227/AdvancedRP-SAMP	25d0c6105bea1b6de35f81ba43ab4c5bb4970262	.references/pawn/gamemodes/Fabiann227--AdvancedRP-SAMP/pawno/include/YSI_Core/y_master/stack/_stack_push_011.inc	Fabiann227--AdvancedRP-SAMP-source.zip	afa58b6e974f675731d8782bfe84768fd4ea4e36f16afecef397dedb102bc8c6
Fabiann227/AdvancedRP-SAMP	25d0c6105bea1b6de35f81ba43ab4c5bb4970262	.references/pawn/gamemodes/Fabiann227--AdvancedRP-SAMP/pawno/include/YSI_Core/y_master/stack/_stack_push_001.inc	Fabiann227--AdvancedRP-SAMP-source.zip	9cbe87308f24d74e1e9f1e3ebede3f64282cb0b1d0529706e0b98778414cd9af
Fabiann227/AdvancedRP-SAMP	25d0c6105bea1b6de35f81ba43ab4c5bb4970262	.references/pawn/gamemodes/Fabiann227--AdvancedRP-SAMP/pawno/include/YSI_Core/y_master/stack/_stack_push_013.inc	Fabiann227--AdvancedRP-SAMP-source.zip	73a4eaefc82c9836a65ff0e82605179ad83382409faaec4b27ddea2a5733c641
Fabiann227/AdvancedRP-SAMP	25d0c6105bea1b6de35f81ba43ab4c5bb4970262	.references/pawn/gamemodes/Fabiann227--AdvancedRP-SAMP/pawno/include/YSI_Core/y_master/stack/_stack_push_010.inc	Fabiann227--AdvancedRP-SAMP-source.zip	d35d876e4250fc6fb5a406d237e121cb7ae4d6ed25f0222e8387c0873c39dc70
Fabiann227/AdvancedRP-SAMP	25d0c6105bea1b6de35f81ba43ab4c5bb4970262	.references/pawn/gamemodes/Fabiann227--AdvancedRP-SAMP/pawno/include/YSI_Core/y_master/stack/_stack_push_002.inc	Fabiann227--AdvancedRP-SAMP-source.zip	320a8b642036a30caff3ee6c6f8601d2e2edaf0b00566bc1a3094287dd54fda8
Fabiann227/AdvancedRP-SAMP	25d0c6105bea1b6de35f81ba43ab4c5bb4970262	.references/pawn/gamemodes/Fabiann227--AdvancedRP-SAMP/pawno/include/YSI_Core/y_master/stack/_stack_push_015.inc	Fabiann227--AdvancedRP-SAMP-source.zip	9b08e2122ef98eee2ca64111791994bbf2c7096087dcf8e7fa9365b2c31b84ca
Fabiann227/AdvancedRP-SAMP	25d0c6105bea1b6de35f81ba43ab4c5bb4970262	.references/pawn/gamemodes/Fabiann227--AdvancedRP-SAMP/pawno/include/YSI_Core/y_master/stack/_stack_push_007.inc	Fabiann227--AdvancedRP-SAMP-source.zip	5d31536eaa79901dc7a219a0eaa71106193f288615b5935404a60c4678639b37
Fabiann227/AdvancedRP-SAMP	25d0c6105bea1b6de35f81ba43ab4c5bb4970262	.references/pawn/gamemodes/Fabiann227--AdvancedRP-SAMP/pawno/include/YSI_Core/y_master/stack/_stack_push_003.inc	Fabiann227--AdvancedRP-SAMP-source.zip	7d5a071102680dbf5ea4cb0d38a92849768e02abc084563d7c5083a0832827f1
Fabiann227/AdvancedRP-SAMP	25d0c6105bea1b6de35f81ba43ab4c5bb4970262	.references/pawn/gamemodes/Fabiann227--AdvancedRP-SAMP/pawno/include/YSI_Core/y_master/stack/_stack_push_005.inc	Fabiann227--AdvancedRP-SAMP-source.zip	a475bc4100db3876410e1e5009573a2b11430cec9baa98b463b10d047aa44ef3
Fabiann227/AdvancedRP-SAMP	25d0c6105bea1b6de35f81ba43ab4c5bb4970262	.references/pawn/gamemodes/Fabiann227--AdvancedRP-SAMP/pawno/include/YSI_Core/y_master/stack/_stack_push_009.inc	Fabiann227--AdvancedRP-SAMP-source.zip	0db20cd07226ebb176f58c17328c89244cd81c81278edd78bf1ec896ed4d7e41
Fabiann227/AdvancedRP-SAMP	25d0c6105bea1b6de35f81ba43ab4c5bb4970262	.references/pawn/gamemodes/Fabiann227--AdvancedRP-SAMP/pawno/include/YSI_Core/y_master/stack/_stack_push_006.inc	Fabiann227--AdvancedRP-SAMP-source.zip	8044c708b559c10b07c18512eb0626aab8db3c7428eca8cf4d103c1df56ac3ac
Fabiann227/AdvancedRP-SAMP	25d0c6105bea1b6de35f81ba43ab4c5bb4970262	.references/pawn/gamemodes/Fabiann227--AdvancedRP-SAMP/pawno/include/YSI_Core/y_master/stack/_stack_push_012.inc	Fabiann227--AdvancedRP-SAMP-source.zip	c7ce6a4add96f63a76a858ad471d28003f15050ad1004c1cdca191cf9dceeb67
Fabiann227/AdvancedRP-SAMP	25d0c6105bea1b6de35f81ba43ab4c5bb4970262	.references/pawn/gamemodes/Fabiann227--AdvancedRP-SAMP/pawno/include/YSI_Game/y_vehicledata/tests.inc	Fabiann227--AdvancedRP-SAMP-source.zip	47002a486420db05e0ee88b07767e56775f96dcf770716c98398b9ee7949f43d
Fabiann227/AdvancedRP-SAMP	25d0c6105bea1b6de35f81ba43ab4c5bb4970262	.references/pawn/gamemodes/Fabiann227--AdvancedRP-SAMP/pawno/include/YSI_Data/y_bintree/tests.inc	Fabiann227--AdvancedRP-SAMP-source.zip	8a19a08c3a07b9bc0c44a687b6946667830909fd2c2472565281417e3a9ac63a
Fabiann227/AdvancedRP-SAMP	25d0c6105bea1b6de35f81ba43ab4c5bb4970262	.references/pawn/gamemodes/Fabiann227--AdvancedRP-SAMP/pawno/include/YSI_Data/y_jaggedarray/tests.inc	Fabiann227--AdvancedRP-SAMP-source.zip	f3ead8caf7159b16d35a9f896bfa7142660bddf9cd67e14b1a400f1518427d43
Fabiann227/AdvancedRP-SAMP	25d0c6105bea1b6de35f81ba43ab4c5bb4970262	.references/pawn/gamemodes/Fabiann227--AdvancedRP-SAMP/pawno/include/YSI_Data/y_jaggedarray/impl.inc	Fabiann227--AdvancedRP-SAMP-source.zip	1109e195e803d3517c5a1680de8a9d410b44931bc36651cfaf46768f06ee68fb
Fabiann227/AdvancedRP-SAMP	25d0c6105bea1b6de35f81ba43ab4c5bb4970262	.references/pawn/gamemodes/Fabiann227--AdvancedRP-SAMP/pawno/include/YSI_Data/y_foreach/tests.inc	Fabiann227--AdvancedRP-SAMP-source.zip	c460739cdc0e2503c6ff4d2560a21b2414eec2a399b6943b3574c992504d10e5
Fabiann227/AdvancedRP-SAMP	25d0c6105bea1b6de35f81ba43ab4c5bb4970262	.references/pawn/gamemodes/Fabiann227--AdvancedRP-SAMP/pawno/include/YSI_Data/y_foreach/warning.inc	Fabiann227--AdvancedRP-SAMP-source.zip	f7922eeb835605b61a5559c9937dbfb0bff0db33de676c075132f6fd75c95cab
Fabiann227/AdvancedRP-SAMP	25d0c6105bea1b6de35f81ba43ab4c5bb4970262	.references/pawn/gamemodes/Fabiann227--AdvancedRP-SAMP/pawno/include/YSI_Data/y_foreach/macros.inc	Fabiann227--AdvancedRP-SAMP-source.zip	7d8d1116bad999452a5a30bc7948c40d61572c4890fb764f4611d8f474d66849
Fabiann227/AdvancedRP-SAMP	25d0c6105bea1b6de35f81ba43ab4c5bb4970262	.references/pawn/gamemodes/Fabiann227--AdvancedRP-SAMP/pawno/include/YSI_Data/y_foreach/impl.inc	Fabiann227--AdvancedRP-SAMP-source.zip	d6c87e80e4d594fc1d99cbd5f6d47838dd51ac706742a0eeae80ca93d4ceed02
Fabiann227/AdvancedRP-SAMP	25d0c6105bea1b6de35f81ba43ab4c5bb4970262	.references/pawn/gamemodes/Fabiann227--AdvancedRP-SAMP/pawno/include/YSI_Data/y_foreach/yield.inc	Fabiann227--AdvancedRP-SAMP-source.zip	04a7aefe07aa2184d08367c9bd6ecc7036daf19368177a4bc42aeae147bd85b0
Fabiann227/AdvancedRP-SAMP	25d0c6105bea1b6de35f81ba43ab4c5bb4970262	.references/pawn/gamemodes/Fabiann227--AdvancedRP-SAMP/pawno/include/YSI_Data/y_foreach/iterators.inc	Fabiann227--AdvancedRP-SAMP-source.zip	4a205588355b85a9b48692a9f36bed02d03a281b9da257e546b01d494f1c0537
Fabiann227/AdvancedRP-SAMP	25d0c6105bea1b6de35f81ba43ab4c5bb4970262	.references/pawn/gamemodes/Fabiann227--AdvancedRP-SAMP/pawno/include/YSI_Data/y_hashmap/tests.inc	Fabiann227--AdvancedRP-SAMP-source.zip	dd972d9bd01914f99a9da560b2c3642a180dcb3110c7031f6fe9bcebea3ecca6
Fabiann227/AdvancedRP-SAMP	25d0c6105bea1b6de35f81ba43ab4c5bb4970262	.references/pawn/gamemodes/Fabiann227--AdvancedRP-SAMP/pawno/include/YSI_Data/y_hashmap/impl.inc	Fabiann227--AdvancedRP-SAMP-source.zip	e6a5461237493ae89c6c67f9ddd8345bc9437b7094820ef2ed21260df54ec669
Fabiann227/AdvancedRP-SAMP	25d0c6105bea1b6de35f81ba43ab4c5bb4970262	.references/pawn/gamemodes/Fabiann227--AdvancedRP-SAMP/pawno/include/YSI_Data/y_bit/tests.inc	Fabiann227--AdvancedRP-SAMP-source.zip	09659db58227ebe11624ac85da37185a47a80632c09f2bc775bb21ab142831a6
Fabiann227/AdvancedRP-SAMP	25d0c6105bea1b6de35f81ba43ab4c5bb4970262	.references/pawn/gamemodes/Fabiann227--AdvancedRP-SAMP/pawno/include/YSI_Data/y_bit/impl.inc	Fabiann227--AdvancedRP-SAMP-source.zip	c205a5140cfc25a0c495064ba109ed332bb46b3ea1a0e8a5cb16878cf36409d1
Fabiann227/AdvancedRP-SAMP	25d0c6105bea1b6de35f81ba43ab4c5bb4970262	.references/pawn/gamemodes/Fabiann227--AdvancedRP-SAMP/pawno/include/YSI_Data/y_simpletree/impl.inc	Fabiann227--AdvancedRP-SAMP-source.zip	be859a81d0d3d33ea33e5647f139683aa9aac76440f49ae3e21f21080f5df66d
Fabiann227/AdvancedRP-SAMP	25d0c6105bea1b6de35f81ba43ab4c5bb4970262	.references/pawn/gamemodes/Fabiann227--AdvancedRP-SAMP/pawno/include/YSI_Storage/y_bitmap/fonts.inc	Fabiann227--AdvancedRP-SAMP-source.zip	a0ae98bb03ec119ad2e9ac5c92d6b5012a1f3de7d57538c3f21da5d77e560445
Fabiann227/AdvancedRP-SAMP	25d0c6105bea1b6de35f81ba43ab4c5bb4970262	.references/pawn/gamemodes/Fabiann227--AdvancedRP-SAMP/pawno/include/YSI_Storage/y_bitmap/write.inc	Fabiann227--AdvancedRP-SAMP-source.zip	cafde3079dcc06561919f769552b06d87382b3907048ed0f11828d42ce7452fe
Fabiann227/AdvancedRP-SAMP	25d0c6105bea1b6de35f81ba43ab4c5bb4970262	.references/pawn/gamemodes/Fabiann227--AdvancedRP-SAMP/pawno/include/YSI_Storage/y_bitmap/tests.inc	Fabiann227--AdvancedRP-SAMP-source.zip	e136f1e8a01f7b4c826b087fbb09ff17cfa1425dbf84b636dfd51632b0d51964
Fabiann227/AdvancedRP-SAMP	25d0c6105bea1b6de35f81ba43ab4c5bb4970262	.references/pawn/gamemodes/Fabiann227--AdvancedRP-SAMP/pawno/include/YSI_Storage/y_bitmap/subpixel.inc	Fabiann227--AdvancedRP-SAMP-source.zip	12e2502a8a9a01c22c89892242da4dc39845eba6185c278adc3d928b09da4e34
Fabiann227/AdvancedRP-SAMP	25d0c6105bea1b6de35f81ba43ab4c5bb4970262	.references/pawn/gamemodes/Fabiann227--AdvancedRP-SAMP/pawno/include/YSI_Storage/y_bitmap/load.inc	Fabiann227--AdvancedRP-SAMP-source.zip	e3b0c44298fc1c149afbf4c8996fb92427ae41e4649b934ca495991b7852b855
Fabiann227/AdvancedRP-SAMP	25d0c6105bea1b6de35f81ba43ab4c5bb4970262	.references/pawn/gamemodes/Fabiann227--AdvancedRP-SAMP/pawno/include/YSI_Storage/y_bitmap/shapes.inc	Fabiann227--AdvancedRP-SAMP-source.zip	67b42ba720278f455660ee72917d4eb8ba00050df8b48e67274cab70143f5dff
Fabiann227/AdvancedRP-SAMP	25d0c6105bea1b6de35f81ba43ab4c5bb4970262	.references/pawn/gamemodes/Fabiann227--AdvancedRP-SAMP/pawno/include/YSI_Storage/y_bitmap/patterns.inc	Fabiann227--AdvancedRP-SAMP-source.zip	299c307f322f083bb1e1e0ac0d837a1b48ff64c28f4e12487c0bc6e681feaa4a
Fabiann227/AdvancedRP-SAMP	25d0c6105bea1b6de35f81ba43ab4c5bb4970262	.references/pawn/gamemodes/Fabiann227--AdvancedRP-SAMP/pawno/include/YSI_Storage/y_bitmap/blending.inc	Fabiann227--AdvancedRP-SAMP-source.zip	eaf043de92b81ae07a7708aa9a2a49e981830790d630b37448b03af1d4d45910
Fabiann227/AdvancedRP-SAMP	25d0c6105bea1b6de35f81ba43ab4c5bb4970262	.references/pawn/gamemodes/Fabiann227--AdvancedRP-SAMP/pawno/include/YSI_Storage/y_bitmap/impl.inc	Fabiann227--AdvancedRP-SAMP-source.zip	c59e4f21ea1db56d67fab0319a0b57e43a69a214ab247080ee27371ece742ee4
Fabiann227/AdvancedRP-SAMP	25d0c6105bea1b6de35f81ba43ab4c5bb4970262	.references/pawn/gamemodes/Fabiann227--AdvancedRP-SAMP/pawno/include/YSI_Storage/y_svar/ini.inc	Fabiann227--AdvancedRP-SAMP-source.zip	6664c7069a276e24c5c191086bfee35cc6f09e73215243c58b79bee39a8698bb
Fabiann227/AdvancedRP-SAMP	25d0c6105bea1b6de35f81ba43ab4c5bb4970262	.references/pawn/gamemodes/Fabiann227--AdvancedRP-SAMP/pawno/include/YSI_Storage/y_svar/tests.inc	Fabiann227--AdvancedRP-SAMP-source.zip	89af06d954c46ce87dc388832a9806637c6a197fd354c0e8ca4bc910b4e759b7
Fabiann227/AdvancedRP-SAMP	25d0c6105bea1b6de35f81ba43ab4c5bb4970262	.references/pawn/gamemodes/Fabiann227--AdvancedRP-SAMP/pawno/include/YSI_Storage/y_ini/reading.inc	Fabiann227--AdvancedRP-SAMP-source.zip	8ecabb066899ed50446e235c669d8b8f3209a0baa91186941ab1c1575ea1460a
Fabiann227/AdvancedRP-SAMP	25d0c6105bea1b6de35f81ba43ab4c5bb4970262	.references/pawn/gamemodes/Fabiann227--AdvancedRP-SAMP/pawno/include/YSI_Storage/y_ini/writing.inc	Fabiann227--AdvancedRP-SAMP-source.zip	9b8b1dc2a70136c175d0463bc79a6ed6657953e041516c7d82e8431f17a7d2ce
Fabiann227/AdvancedRP-SAMP	25d0c6105bea1b6de35f81ba43ab4c5bb4970262	.references/pawn/gamemodes/Fabiann227--AdvancedRP-SAMP/pawno/include/YSI_Storage/y_ini/tests.inc	Fabiann227--AdvancedRP-SAMP-source.zip	b68c950c64b8793aac88203fff0010e0b89762fe84e69cdb598dd64a34f3f162
Fabiann227/AdvancedRP-SAMP	25d0c6105bea1b6de35f81ba43ab4c5bb4970262	.references/pawn/gamemodes/Fabiann227--AdvancedRP-SAMP/pawno/include/YSI_Server/y_colours/gtdef.inc	Fabiann227--AdvancedRP-SAMP-source.zip	5ccc599c81917ac5e8eb21f35fe1abb3c240100a9289358cde36c1fcd254614a
Fabiann227/AdvancedRP-SAMP	25d0c6105bea1b6de35f81ba43ab4c5bb4970262	.references/pawn/gamemodes/Fabiann227--AdvancedRP-SAMP/pawno/include/YSI_Server/y_colours/x11def.inc	Fabiann227--AdvancedRP-SAMP-source.zip	625c5e2a17baf2856a46774d64d426e31f4983cec774fdb352980c5aaf26f327
Fabiann227/AdvancedRP-SAMP	25d0c6105bea1b6de35f81ba43ab4c5bb4970262	.references/pawn/gamemodes/Fabiann227--AdvancedRP-SAMP/pawno/include/YSI_Server/y_colours/x11switch.inc	Fabiann227--AdvancedRP-SAMP-source.zip	842b1771dc8ea347c5fe9264d820aa169a7505199067cd28ba5ba9da0dc5687f
Fabiann227/AdvancedRP-SAMP	25d0c6105bea1b6de35f81ba43ab4c5bb4970262	.references/pawn/gamemodes/Fabiann227--AdvancedRP-SAMP/pawno/include/YSI_Server/y_colours/gtadef.inc	Fabiann227--AdvancedRP-SAMP-source.zip	b52c7892594a55e7766c16ce639891f1f18009e1935d3b95bb3934136aa36536
Fabiann227/AdvancedRP-SAMP	25d0c6105bea1b6de35f81ba43ab4c5bb4970262	.references/pawn/gamemodes/Fabiann227--AdvancedRP-SAMP/pawno/include/YSI_Server/y_colours/x11parse.inc	Fabiann227--AdvancedRP-SAMP-source.zip	bf30999a13f90702524f6f6860dba668eb390375d01c0fc14e9896f05e4d4d99
Fabiann227/AdvancedRP-SAMP	25d0c6105bea1b6de35f81ba43ab4c5bb4970262	.references/pawn/gamemodes/Fabiann227--AdvancedRP-SAMP/pawno/include/YSI_Server/y_punycode/tests.inc	Fabiann227--AdvancedRP-SAMP-source.zip	9b925d3e6b97bb55d891a73d47de45f83614a76e538d0591f927bcac45725a92
Fabiann227/AdvancedRP-SAMP	25d0c6105bea1b6de35f81ba43ab4c5bb4970262	.references/pawn/gamemodes/Fabiann227--AdvancedRP-SAMP/pawno/include/YSI_Server/y_punycode/tests_utf8.inc	Fabiann227--AdvancedRP-SAMP-source.zip	23602a233984492ccf50194d9fe975ca68e026e092e43ade393d38298887b2cd
Fabiann227/AdvancedRP-SAMP	25d0c6105bea1b6de35f81ba43ab4c5bb4970262	.references/pawn/gamemodes/Fabiann227--AdvancedRP-SAMP/pawno/include/YSI_Internal/y_unique/_200_to_299.inc	Fabiann227--AdvancedRP-SAMP-source.zip	ffe03881eb45497823ab38e72897781238e18e29c1c11dcc6f79a32b1fe73f6f
Fabiann227/AdvancedRP-SAMP	25d0c6105bea1b6de35f81ba43ab4c5bb4970262	.references/pawn/gamemodes/Fabiann227--AdvancedRP-SAMP/pawno/include/YSI_Internal/y_unique/_900_to_999.inc	Fabiann227--AdvancedRP-SAMP-source.zip	953e5d9b7937dac4214cd6cad31d47eb9c2d4de5b3fde33ddfcf907e6facfb26
Fabiann227/AdvancedRP-SAMP	25d0c6105bea1b6de35f81ba43ab4c5bb4970262	.references/pawn/gamemodes/Fabiann227--AdvancedRP-SAMP/pawno/include/YSI_Internal/y_unique/_100_to_199.inc	Fabiann227--AdvancedRP-SAMP-source.zip	8cc33907232d6c0e5d24bddba187663e1cb54315bd5cf332b84957d151796818
Fabiann227/AdvancedRP-SAMP	25d0c6105bea1b6de35f81ba43ab4c5bb4970262	.references/pawn/gamemodes/Fabiann227--AdvancedRP-SAMP/pawno/include/YSI_Internal/y_unique/_800_to_899.inc	Fabiann227--AdvancedRP-SAMP-source.zip	735c88954337290d48a9ca6772fe4a565fa8bd68c800764b3bf123bcaa1649a7
Fabiann227/AdvancedRP-SAMP	25d0c6105bea1b6de35f81ba43ab4c5bb4970262	.references/pawn/gamemodes/Fabiann227--AdvancedRP-SAMP/pawno/include/YSI_Internal/y_unique/_700_to_799.inc	Fabiann227--AdvancedRP-SAMP-source.zip	7495e18db59c080ba96219f5aa7146dc2a542d9ce548d2f45be12019034f2229
Fabiann227/AdvancedRP-SAMP	25d0c6105bea1b6de35f81ba43ab4c5bb4970262	.references/pawn/gamemodes/Fabiann227--AdvancedRP-SAMP/pawno/include/YSI_Internal/y_unique/_400_to_499.inc	Fabiann227--AdvancedRP-SAMP-source.zip	fdcc232942c067e5eece0708fef0cd631ba09042b8f2b3ef61ba188453e81265
Fabiann227/AdvancedRP-SAMP	25d0c6105bea1b6de35f81ba43ab4c5bb4970262	.references/pawn/gamemodes/Fabiann227--AdvancedRP-SAMP/pawno/include/YSI_Internal/y_unique/_300_to_399.inc	Fabiann227--AdvancedRP-SAMP-source.zip	306658d7f55764870cfcb389beac39d43d56d59057dfd5d439d42e6a3c28ee9b
Fabiann227/AdvancedRP-SAMP	25d0c6105bea1b6de35f81ba43ab4c5bb4970262	.references/pawn/gamemodes/Fabiann227--AdvancedRP-SAMP/pawno/include/YSI_Internal/y_unique/_000_to_099.inc	Fabiann227--AdvancedRP-SAMP-source.zip	5ed4d7f6ab78e39760e0de7874fb96036ec3dd2c3b3f8f276fc51f827067dcec
Fabiann227/AdvancedRP-SAMP	25d0c6105bea1b6de35f81ba43ab4c5bb4970262	.references/pawn/gamemodes/Fabiann227--AdvancedRP-SAMP/pawno/include/YSI_Internal/y_unique/_600_to_699.inc	Fabiann227--AdvancedRP-SAMP-source.zip	c6d81006667ec2110f20c3b73d446b4192989f6eb6537130cc56069a839134d6
Fabiann227/AdvancedRP-SAMP	25d0c6105bea1b6de35f81ba43ab4c5bb4970262	.references/pawn/gamemodes/Fabiann227--AdvancedRP-SAMP/pawno/include/YSI_Internal/y_unique/_500_to_599.inc	Fabiann227--AdvancedRP-SAMP-source.zip	74e433c33164d310a0557fb1389be4c5dc963cc38d13edcebef2ee8db70f7054
Fabiann227/AdvancedRP-SAMP	25d0c6105bea1b6de35f81ba43ab4c5bb4970262	.references/pawn/gamemodes/Fabiann227--AdvancedRP-SAMP/pawno/include/YSI_Coding/y_stringhash/fnv1.inc	Fabiann227--AdvancedRP-SAMP-source.zip	82f491c724086bdd009260130865f064af21d4842571dd5aec3053520386e7c5
Fabiann227/AdvancedRP-SAMP	25d0c6105bea1b6de35f81ba43ab4c5bb4970262	.references/pawn/gamemodes/Fabiann227--AdvancedRP-SAMP/pawno/include/YSI_Coding/y_stringhash/bernstein.inc	Fabiann227--AdvancedRP-SAMP-source.zip	0d92609b03585ced9c6170b7125270d27f21f9f2c311b5ee45d25372fdcfbf37
Fabiann227/AdvancedRP-SAMP	25d0c6105bea1b6de35f81ba43ab4c5bb4970262	.references/pawn/gamemodes/Fabiann227--AdvancedRP-SAMP/pawno/include/YSI_Coding/y_stringhash/tests.inc	Fabiann227--AdvancedRP-SAMP-source.zip	83fb0a49cb4265e253f7b00c5dfbb52c1a5b014bda3cdb56925b3edcc36ba700
Fabiann227/AdvancedRP-SAMP	25d0c6105bea1b6de35f81ba43ab4c5bb4970262	.references/pawn/gamemodes/Fabiann227--AdvancedRP-SAMP/pawno/include/YSI_Coding/y_stringhash/fnv1a.inc	Fabiann227--AdvancedRP-SAMP-source.zip	6b69628fd380428e406c8e1ea91036e502ff29f9a88e93ea602b5e40866f4c76
Fabiann227/AdvancedRP-SAMP	25d0c6105bea1b6de35f81ba43ab4c5bb4970262	.references/pawn/gamemodes/Fabiann227--AdvancedRP-SAMP/pawno/include/YSI_Coding/y_timers/tests.inc	Fabiann227--AdvancedRP-SAMP-source.zip	c2baecfa14b2cd5a78da7ad00efb765ae769d0493854ec9acd560454c056e9a6
Fabiann227/AdvancedRP-SAMP	25d0c6105bea1b6de35f81ba43ab4c5bb4970262	.references/pawn/gamemodes/Fabiann227--AdvancedRP-SAMP/pawno/include/YSI_Coding/y_timers/v2.inc	Fabiann227--AdvancedRP-SAMP-source.zip	931b918bbd1bfffc4259d9923bfbfae9635ec67a018354717ecb05b79709c623
Fabiann227/AdvancedRP-SAMP	25d0c6105bea1b6de35f81ba43ab4c5bb4970262	.references/pawn/gamemodes/Fabiann227--AdvancedRP-SAMP/pawno/include/YSI_Coding/y_timers/v3.inc	Fabiann227--AdvancedRP-SAMP-source.zip	00af2467c2686218efab8b9930f3771af53f94bb9aace68e34d151dd28707175
Fabiann227/AdvancedRP-SAMP	25d0c6105bea1b6de35f81ba43ab4c5bb4970262	.references/pawn/gamemodes/Fabiann227--AdvancedRP-SAMP/pawno/include/YSI_Coding/y_timers/v1.inc	Fabiann227--AdvancedRP-SAMP-source.zip	e3b0c44298fc1c149afbf4c8996fb92427ae41e4649b934ca495991b7852b855
Fabiann227/AdvancedRP-SAMP	25d0c6105bea1b6de35f81ba43ab4c5bb4970262	.references/pawn/gamemodes/Fabiann227--AdvancedRP-SAMP/pawno/include/YSI_Coding/y_timers/impl.inc	Fabiann227--AdvancedRP-SAMP-source.zip	fd69276a6a668cbe1922b9691b32344c8914e94c0e02a0b86e2698a4f3d8ba28
Fabiann227/AdvancedRP-SAMP	25d0c6105bea1b6de35f81ba43ab4c5bb4970262	.references/pawn/gamemodes/Fabiann227--AdvancedRP-SAMP/pawno/include/YSI_Coding/y_hooks/tests.inc	Fabiann227--AdvancedRP-SAMP-source.zip	58c86e40a4593f61b4b05c2150e8c35bfd8101c12129736be842340cc355a81c
Fabiann227/AdvancedRP-SAMP	25d0c6105bea1b6de35f81ba43ab4c5bb4970262	.references/pawn/gamemodes/Fabiann227--AdvancedRP-SAMP/pawno/include/YSI_Coding/y_hooks/macros.inc	Fabiann227--AdvancedRP-SAMP-source.zip	d6b6199119bd726955906f733f7df758910e721dc65531b24315e9eeb2c35270
Fabiann227/AdvancedRP-SAMP	25d0c6105bea1b6de35f81ba43ab4c5bb4970262	.references/pawn/gamemodes/Fabiann227--AdvancedRP-SAMP/pawno/include/YSI_Coding/y_hooks/impl.inc	Fabiann227--AdvancedRP-SAMP-source.zip	29ede01aae4960059ffab65dd0dbf2f556cf120c9454a85071afd7f0fcf8b150
Fabiann227/AdvancedRP-SAMP	25d0c6105bea1b6de35f81ba43ab4c5bb4970262	.references/pawn/gamemodes/Fabiann227--AdvancedRP-SAMP/pawno/include/YSI_Coding/y_inline/tests.inc	Fabiann227--AdvancedRP-SAMP-source.zip	ce7eef0e740e721ffb94e5b56f46a2adb53aa21bbb55ee31fba9c8b9c7178ed7
Fabiann227/AdvancedRP-SAMP	25d0c6105bea1b6de35f81ba43ab4c5bb4970262	.references/pawn/gamemodes/Fabiann227--AdvancedRP-SAMP/pawno/include/YSI_Coding/y_inline/jit.inc	Fabiann227--AdvancedRP-SAMP-source.zip	306fde5bb4c3e074e73352fbede10c0b14195eefa13db797396b9e56b28ac804
Fabiann227/AdvancedRP-SAMP	25d0c6105bea1b6de35f81ba43ab4c5bb4970262	.references/pawn/gamemodes/Fabiann227--AdvancedRP-SAMP/pawno/include/YSI_Coding/y_inline/macros.inc	Fabiann227--AdvancedRP-SAMP-source.zip	6110f723a5dd31a28a4b53a19e0d3ca69864608a88d7b822b03b33b9dd32fd1e
Fabiann227/AdvancedRP-SAMP	25d0c6105bea1b6de35f81ba43ab4c5bb4970262	.references/pawn/gamemodes/Fabiann227--AdvancedRP-SAMP/pawno/include/YSI_Coding/y_inline/impl.inc	Fabiann227--AdvancedRP-SAMP-source.zip	2f12ff45f82e745794e94deda34d4e46efc8aa4a8501c2aab5eb1789e925f116
Fabiann227/AdvancedRP-SAMP	25d0c6105bea1b6de35f81ba43ab4c5bb4970262	.references/pawn/gamemodes/Fabiann227--AdvancedRP-SAMP/pawno/include/YSI_Coding/y_malloc/tests.inc	Fabiann227--AdvancedRP-SAMP-source.zip	441c6cd2116fdaaa6249d2e4b04bab9763f6d7603094478223d02f87e1c2ef4c
Fabiann227/AdvancedRP-SAMP	25d0c6105bea1b6de35f81ba43ab4c5bb4970262	.references/pawn/gamemodes/Fabiann227--AdvancedRP-SAMP/pawno/include/YSI_Coding/y_malloc/heapalloc.inc	Fabiann227--AdvancedRP-SAMP-source.zip	b70562591028c661d25098c9c90989a2fa280d6bab8406185e7aa26ae79ea961
Fabiann227/AdvancedRP-SAMP	25d0c6105bea1b6de35f81ba43ab4c5bb4970262	.references/pawn/gamemodes/Fabiann227--AdvancedRP-SAMP/pawno/include/YSI_Coding/y_malloc/funcs.inc	Fabiann227--AdvancedRP-SAMP-source.zip	fcd28282c60fe9ec66ec1f9d29d22bd1da6891e9101e1e7d63600d1e7f985248
Fabiann227/AdvancedRP-SAMP	25d0c6105bea1b6de35f81ba43ab4c5bb4970262	.references/pawn/gamemodes/Fabiann227--AdvancedRP-SAMP/pawno/include/YSI_Coding/y_va/tests.inc	Fabiann227--AdvancedRP-SAMP-source.zip	a3bcafc3fbf8df4540f83b1dd9c894d544c9d93c0586c072cec7eae1ed9fabc9
Fabiann227/AdvancedRP-SAMP	25d0c6105bea1b6de35f81ba43ab4c5bb4970262	.references/pawn/gamemodes/Fabiann227--AdvancedRP-SAMP/pawno/include/YSI_Coding/y_va/impl.inc	Fabiann227--AdvancedRP-SAMP-source.zip	8abb64d7c2022377e1877f2fd125d9144882c94e4b9ef7a803cef15fc7a3ea05
Fabiann227/AdvancedRP-SAMP	25d0c6105bea1b6de35f81ba43ab4c5bb4970262	.references/pawn/gamemodes/Fabiann227--AdvancedRP-SAMP/pawno/include/YSI_Visual/y_classes/tests.inc	Fabiann227--AdvancedRP-SAMP-source.zip	01ba4719c80b6fe911b091a7c05124b64eeece964e09c058ef8f9805daca546b
Fabiann227/AdvancedRP-SAMP	25d0c6105bea1b6de35f81ba43ab4c5bb4970262	.references/pawn/gamemodes/Fabiann227--AdvancedRP-SAMP/pawno/include/YSI_Visual/y_classes/classcontrol.inc	Fabiann227--AdvancedRP-SAMP-source.zip	73f1de81c6f52ee11d56abef71685aecc73c9447fc9da3f46aa05ff25f14b207
Fabiann227/AdvancedRP-SAMP	25d0c6105bea1b6de35f81ba43ab4c5bb4970262	.references/pawn/gamemodes/Fabiann227--AdvancedRP-SAMP/pawno/include/YSI_Visual/y_classes/multiclass.inc	Fabiann227--AdvancedRP-SAMP-source.zip	570db615a93ae9bce4191cf4115a9ed8c724ce8e1bcc0d94adb61080aa81a22e
Fabiann227/AdvancedRP-SAMP	25d0c6105bea1b6de35f81ba43ab4c5bb4970262	.references/pawn/gamemodes/Fabiann227--AdvancedRP-SAMP/pawno/include/YSI_Visual/y_zonepulse/tests.inc	Fabiann227--AdvancedRP-SAMP-source.zip	37a3c3e970ef2a91cb90261b2390c2b9eefe731d06fdbe0236a1bc7552926a42
Fabiann227/AdvancedRP-SAMP	25d0c6105bea1b6de35f81ba43ab4c5bb4970262	.references/pawn/gamemodes/Fabiann227--AdvancedRP-SAMP/pawno/include/YSI_Visual/y_zonepulse/impl.inc	Fabiann227--AdvancedRP-SAMP-source.zip	6b52a02f71e65f2e59003ac92099658c946b6916b9857fa73d18eca900553fba
Fabiann227/AdvancedRP-SAMP	25d0c6105bea1b6de35f81ba43ab4c5bb4970262	.references/pawn/gamemodes/Fabiann227--AdvancedRP-SAMP/pawno/include/YSI_Visual/y_races/tests.inc	Fabiann227--AdvancedRP-SAMP-source.zip	5ad738dc4faa8c094588bcc9e4a5564d7167a656b527dcb952fe285372d3feb7
Fabiann227/AdvancedRP-SAMP	25d0c6105bea1b6de35f81ba43ab4c5bb4970262	.references/pawn/gamemodes/Fabiann227--AdvancedRP-SAMP/pawno/include/YSI_Visual/y_races/groups.inc	Fabiann227--AdvancedRP-SAMP-source.zip	3fb74ea976cceab6c86b2a7d1c009f9130078ba12bbc4d8b44a245cae23128b9
Fabiann227/AdvancedRP-SAMP	25d0c6105bea1b6de35f81ba43ab4c5bb4970262	.references/pawn/gamemodes/Fabiann227--AdvancedRP-SAMP/pawno/include/YSI_Visual/y_races/impl.inc	Fabiann227--AdvancedRP-SAMP-source.zip	0ed177fd2a67b3385a844e25a4116b35721443321fdf40efb15f8e7e0580fa63
Fabiann227/AdvancedRP-SAMP	25d0c6105bea1b6de35f81ba43ab4c5bb4970262	.references/pawn/gamemodes/Fabiann227--AdvancedRP-SAMP/pawno/include/YSI_Visual/y_commands/card.h	Fabiann227--AdvancedRP-SAMP-source.zip	f6520241f64c6c83e05549a9ff3fd781b9a4d0f158f4794dcfbbc322da0b6e8e
Fabiann227/AdvancedRP-SAMP	25d0c6105bea1b6de35f81ba43ab4c5bb4970262	.references/pawn/gamemodes/Fabiann227--AdvancedRP-SAMP/pawno/include/YSI_Visual/y_commands/tests.inc	Fabiann227--AdvancedRP-SAMP-source.zip	b9a59836936f1a6f58a24b85099a8f3abdbc2d8527866e66b8da96c8911de839
Fabiann227/AdvancedRP-SAMP	25d0c6105bea1b6de35f81ba43ab4c5bb4970262	.references/pawn/gamemodes/Fabiann227--AdvancedRP-SAMP/pawno/include/YSI_Visual/y_commands/impl.inc	Fabiann227--AdvancedRP-SAMP-source.zip	80decc382747101619046e56b2ad30a76c20df226b066825c40aa577d72697cf
Fabiann227/AdvancedRP-SAMP	25d0c6105bea1b6de35f81ba43ab4c5bb4970262	.references/pawn/gamemodes/Fabiann227--AdvancedRP-SAMP/gamemodes/modules/server/furniture.pwn	Fabiann227--AdvancedRP-SAMP-source.zip	6ecaaadb6059b22333d04f9e1ebcee3e61ad24d2194a536423ad2ed6786659de
Fabiann227/AdvancedRP-SAMP	25d0c6105bea1b6de35f81ba43ab4c5bb4970262	.references/pawn/gamemodes/Fabiann227--AdvancedRP-SAMP/gamemodes/modules/server/job_config.pwn	Fabiann227--AdvancedRP-SAMP-source.zip	cfec29aad7fa8676db2c2c4723fa440e6df73ded6384739e72973d3f2aa87018
Fabiann227/AdvancedRP-SAMP	25d0c6105bea1b6de35f81ba43ab4c5bb4970262	.references/pawn/gamemodes/Fabiann227--AdvancedRP-SAMP/gamemodes/modules/server/database.pwn	Fabiann227--AdvancedRP-SAMP-source.zip	4424e7c77fd03e529387b2db5d59b15dca492ef560deb67f1c2db63ad4c54ab6
Fabiann227/AdvancedRP-SAMP	25d0c6105bea1b6de35f81ba43ab4c5bb4970262	.references/pawn/gamemodes/Fabiann227--AdvancedRP-SAMP/gamemodes/modules/server/weather.pwn	Fabiann227--AdvancedRP-SAMP-source.zip	c32de2cbfb0f23dc19542a045644458ef92ad66508c31c50115cc3bce195b344
Fabiann227/AdvancedRP-SAMP	25d0c6105bea1b6de35f81ba43ab4c5bb4970262	.references/pawn/gamemodes/Fabiann227--AdvancedRP-SAMP/gamemodes/modules/server/player_weapon.pwn	Fabiann227--AdvancedRP-SAMP-source.zip	2beefebbcde4b9a4299cffb14fe6f376dcc3e51afadf1db9f6597d194816ca95
Fabiann227/AdvancedRP-SAMP	25d0c6105bea1b6de35f81ba43ab4c5bb4970262	.references/pawn/gamemodes/Fabiann227--AdvancedRP-SAMP/gamemodes/modules/server/anticheat_callback.pwn	Fabiann227--AdvancedRP-SAMP-source.zip	d3464daf52ae2a57cda2e4cb41182a881b2b009bbb507f9c27a4f15b04419197
Fabiann227/AdvancedRP-SAMP	25d0c6105bea1b6de35f81ba43ab4c5bb4970262	.references/pawn/gamemodes/Fabiann227--AdvancedRP-SAMP/gamemodes/modules/server/salary.pwn	Fabiann227--AdvancedRP-SAMP-source.zip	b52cdcc2e996ef8095525a50e9990971374b04e61c9e71df81e42e5a61e2d36c
Fabiann227/AdvancedRP-SAMP	25d0c6105bea1b6de35f81ba43ab4c5bb4970262	.references/pawn/gamemodes/Fabiann227--AdvancedRP-SAMP/gamemodes/modules/server/dmv.pwn	Fabiann227--AdvancedRP-SAMP-source.zip	04afdb8fc42ac5aac73b7bf97d1ddc7ccca3cfe20631b68f1a85644c2ce4bee2
Fabiann227/AdvancedRP-SAMP	25d0c6105bea1b6de35f81ba43ab4c5bb4970262	.references/pawn/gamemodes/Fabiann227--AdvancedRP-SAMP/gamemodes/modules/server/waypoint.pwn	Fabiann227--AdvancedRP-SAMP-source.zip	d28f56d11ac52c576b8e94302ef12227f9fa42c7133751ef0636cabdae9868b0
Fabiann227/AdvancedRP-SAMP	25d0c6105bea1b6de35f81ba43ab4c5bb4970262	.references/pawn/gamemodes/Fabiann227--AdvancedRP-SAMP/gamemodes/modules/server/discord_log.pwn	Fabiann227--AdvancedRP-SAMP-source.zip	b398d26704e8745f97f71425bf8d8782b5aae709c641dffddbf6f5516b931bbf
Fabiann227/AdvancedRP-SAMP	25d0c6105bea1b6de35f81ba43ab4c5bb4970262	.references/pawn/gamemodes/Fabiann227--AdvancedRP-SAMP/gamemodes/modules/server/aimbot_anticheat.pwn	Fabiann227--AdvancedRP-SAMP-source.zip	8d8d4d84251bfaa95577bc9546f7eebe808eeaec2208db3f1e67cdf7140a6a32
Fabiann227/AdvancedRP-SAMP	25d0c6105bea1b6de35f81ba43ab4c5bb4970262	.references/pawn/gamemodes/Fabiann227--AdvancedRP-SAMP/gamemodes/modules/server/economy.pwn	Fabiann227--AdvancedRP-SAMP-source.zip	6be2703d2fd067b260c8a0e5de16d952e21feb92faa84f6af5ce323667b25afe
Fabiann227/AdvancedRP-SAMP	25d0c6105bea1b6de35f81ba43ab4c5bb4970262	.references/pawn/gamemodes/Fabiann227--AdvancedRP-SAMP/gamemodes/modules/server/realtime_clock.pwn	Fabiann227--AdvancedRP-SAMP-source.zip	0294230f1704fdf922130efa3a916306649ba23234fb7e2b160403b00b67554a
Fabiann227/AdvancedRP-SAMP	25d0c6105bea1b6de35f81ba43ab4c5bb4970262	.references/pawn/gamemodes/Fabiann227--AdvancedRP-SAMP/gamemodes/modules/player/gambling.pwn	Fabiann227--AdvancedRP-SAMP-source.zip	f77960a5ff9c2f98e06297504d0aa1a6883ad95534b450110f1ad0e81a101f38
Fabiann227/AdvancedRP-SAMP	25d0c6105bea1b6de35f81ba43ab4c5bb4970262	.references/pawn/gamemodes/Fabiann227--AdvancedRP-SAMP/gamemodes/modules/player/animation.pwn	Fabiann227--AdvancedRP-SAMP-source.zip	a53cf037ef58f918b3c5e1d9879b90ad03b25f76d85bd63763a9c500e174a207
Fabiann227/AdvancedRP-SAMP	25d0c6105bea1b6de35f81ba43ab4c5bb4970262	.references/pawn/gamemodes/Fabiann227--AdvancedRP-SAMP/gamemodes/modules/player/walkstyle.pwn	Fabiann227--AdvancedRP-SAMP-source.zip	7edbedaf1d0846f8a19775c37eab9a7ba526681acdba90be56f20e3c58de8fe7
Fabiann227/AdvancedRP-SAMP	25d0c6105bea1b6de35f81ba43ab4c5bb4970262	.references/pawn/gamemodes/Fabiann227--AdvancedRP-SAMP/gamemodes/modules/player/wardrobe.pwn	Fabiann227--AdvancedRP-SAMP-source.zip	0cdafe926c03e38d0d4115fc2842e50c08028a6b0504ba26243ce2a39dbd2d93
Fabiann227/AdvancedRP-SAMP	25d0c6105bea1b6de35f81ba43ab4c5bb4970262	.references/pawn/gamemodes/Fabiann227--AdvancedRP-SAMP/gamemodes/modules/player/player_pet.pwn	Fabiann227--AdvancedRP-SAMP-source.zip	765f96eba58f5c9db3470e66b580c1b014096c2c7dc3bdc141595d375207e6ff
Fabiann227/AdvancedRP-SAMP	25d0c6105bea1b6de35f81ba43ab4c5bb4970262	.references/pawn/gamemodes/Fabiann227--AdvancedRP-SAMP/gamemodes/modules/player/bodystatus.pwn	Fabiann227--AdvancedRP-SAMP-source.zip	719f99f7c440b1cee6f0241353ed836d6105988cc3b2784cd1cc21d6913d61a1
Fabiann227/AdvancedRP-SAMP	25d0c6105bea1b6de35f81ba43ab4c5bb4970262	.references/pawn/gamemodes/Fabiann227--AdvancedRP-SAMP/gamemodes/modules/player/playermark.pwn	Fabiann227--AdvancedRP-SAMP-source.zip	e7c5b58ca0ee02773fb17208b3485ab7fc9d49fd26bc29778dfee4879d1f5d2b
Fabiann227/AdvancedRP-SAMP	25d0c6105bea1b6de35f81ba43ab4c5bb4970262	.references/pawn/gamemodes/Fabiann227--AdvancedRP-SAMP/gamemodes/modules/dynamic/garage.pwn	Fabiann227--AdvancedRP-SAMP-source.zip	58cb1aa944c26a9466006a8e62073cc9951574c70248a19e2140ea674ac9fa31
Fabiann227/AdvancedRP-SAMP	25d0c6105bea1b6de35f81ba43ab4c5bb4970262	.references/pawn/gamemodes/Fabiann227--AdvancedRP-SAMP/gamemodes/modules/dynamic/workshop.pwn	Fabiann227--AdvancedRP-SAMP-source.zip	acbf3f40e08dc5ded69d7f64d6fbf9c754aed586b456a2d0d9c5a0304155f037
Fabiann227/AdvancedRP-SAMP	25d0c6105bea1b6de35f81ba43ab4c5bb4970262	.references/pawn/gamemodes/Fabiann227--AdvancedRP-SAMP/gamemodes/modules/dynamic/apartment.pwn	Fabiann227--AdvancedRP-SAMP-source.zip	ad98b2a0f1b182affed2d7cd30375339613a378653e73df9fcf2bdf6c77c8169
Fabiann227/AdvancedRP-SAMP	25d0c6105bea1b6de35f81ba43ab4c5bb4970262	.references/pawn/gamemodes/Fabiann227--AdvancedRP-SAMP/gamemodes/modules/dynamic/vending.pwn	Fabiann227--AdvancedRP-SAMP-source.zip	9c2b72fde223e6095b01699c6d94c941c40625d7e093e2a382a29b96a647d4a9
Fabiann227/AdvancedRP-SAMP	25d0c6105bea1b6de35f81ba43ab4c5bb4970262	.references/pawn/gamemodes/Fabiann227--AdvancedRP-SAMP/gamemodes/modules/dynamic/cargo.pwn	Fabiann227--AdvancedRP-SAMP-source.zip	e5ffcd3464a15b786aba59646a510f6df8a00d49ec5386fd7b3ca1ef5bd7c65f
Fabiann227/AdvancedRP-SAMP	25d0c6105bea1b6de35f81ba43ab4c5bb4970262	.references/pawn/gamemodes/Fabiann227--AdvancedRP-SAMP/gamemodes/modules/dynamic/tags.pwn	Fabiann227--AdvancedRP-SAMP-source.zip	802fde4a4d81d1f281a28f3c214eade2aaa2a70ac2b1781e8a69da4afed256b3
Fabiann227/AdvancedRP-SAMP	25d0c6105bea1b6de35f81ba43ab4c5bb4970262	.references/pawn/gamemodes/Fabiann227--AdvancedRP-SAMP/gamemodes/modules/dynamic/weaponbody.pwn	Fabiann227--AdvancedRP-SAMP-source.zip	dc52afcb9ab5b5611c51df2d742819a4fc8f78aca5566920e5183fa64a545790
Fabiann227/AdvancedRP-SAMP	25d0c6105bea1b6de35f81ba43ab4c5bb4970262	.references/pawn/gamemodes/Fabiann227--AdvancedRP-SAMP/gamemodes/modules/dynamic/lumber.pwn	Fabiann227--AdvancedRP-SAMP-source.zip	7998bb072e6648e0909e9712e02eb7bd89fc99fef6d1ba783bac68336e35f941
Fabiann227/AdvancedRP-SAMP	25d0c6105bea1b6de35f81ba43ab4c5bb4970262	.references/pawn/gamemodes/Fabiann227--AdvancedRP-SAMP/gamemodes/modules/dynamic/tutorial.pwn	Fabiann227--AdvancedRP-SAMP-source.zip	afecb084d03ee69916e8e330c2b84784b3649d4aec8940ece2e61b393454e70f
Fabiann227/AdvancedRP-SAMP	25d0c6105bea1b6de35f81ba43ab4c5bb4970262	.references/pawn/gamemodes/Fabiann227--AdvancedRP-SAMP/gamemodes/modules/dynamic/gate.pwn	Fabiann227--AdvancedRP-SAMP-source.zip	c778137f938bfe2e0ffd1c214101abce80ab700182e2fd6e11796bdbf65f9886
Fabiann227/AdvancedRP-SAMP	25d0c6105bea1b6de35f81ba43ab4c5bb4970262	.references/pawn/gamemodes/Fabiann227--AdvancedRP-SAMP/gamemodes/modules/test/test.pwn	Fabiann227--AdvancedRP-SAMP-source.zip	e3b0c44298fc1c149afbf4c8996fb92427ae41e4649b934ca495991b7852b855
Fabiann227/AdvancedRP-SAMP	25d0c6105bea1b6de35f81ba43ab4c5bb4970262	.references/pawn/gamemodes/Fabiann227--AdvancedRP-SAMP/gamemodes/modules/jobs/mechanic.pwn	Fabiann227--AdvancedRP-SAMP-source.zip	13946f33c1022a1e7459aeeeea88ceb9d53d79af5ab6429eb172a2423bff201d
Fabiann227/AdvancedRP-SAMP	25d0c6105bea1b6de35f81ba43ab4c5bb4970262	.references/pawn/gamemodes/Fabiann227--AdvancedRP-SAMP/gamemodes/modules/jobs/farmer.pwn	Fabiann227--AdvancedRP-SAMP-source.zip	ad39e9f69e81b3d2ad1c4e8f35e3fa48fe9abf9545a206c86bce6da987f1a08e
Fabiann227/AdvancedRP-SAMP	25d0c6105bea1b6de35f81ba43ab4c5bb4970262	.references/pawn/gamemodes/Fabiann227--AdvancedRP-SAMP/gamemodes/modules/jobs/jobskill.pwn	Fabiann227--AdvancedRP-SAMP-source.zip	d5c4dc351bd574413539c3d1b779b673238ea79bf8acc39fabc369db83df5aab
Fabiann227/AdvancedRP-SAMP	25d0c6105bea1b6de35f81ba43ab4c5bb4970262	.references/pawn/gamemodes/Fabiann227--AdvancedRP-SAMP/gamemodes/modules/core/enums.pwn	Fabiann227--AdvancedRP-SAMP-source.zip	e6b4d3e14d336cd566cb25cf5e0f629234663b0203fe53c304186116e3610e5c
Fabiann227/AdvancedRP-SAMP	25d0c6105bea1b6de35f81ba43ab4c5bb4970262	.references/pawn/gamemodes/Fabiann227--AdvancedRP-SAMP/gamemodes/modules/core/variable.pwn	Fabiann227--AdvancedRP-SAMP-source.zip	d3d23473cb72bf1cd322ec4d7ee9f4d412bd5da60bb91601b36a5ab00c2b4b37
Fabiann227/AdvancedRP-SAMP	25d0c6105bea1b6de35f81ba43ab4c5bb4970262	.references/pawn/gamemodes/Fabiann227--AdvancedRP-SAMP/gamemodes/modules/core/predefenition.pwn	Fabiann227--AdvancedRP-SAMP-source.zip	1d6acb1ad8a11f9e267dfeef9e4e80063a730b2c029a16e563bfa6c2f2bdb3fc
Fabiann227/AdvancedRP-SAMP	25d0c6105bea1b6de35f81ba43ab4c5bb4970262	.references/pawn/gamemodes/Fabiann227--AdvancedRP-SAMP/gamemodes/modules/core/enums_variable.pwn	Fabiann227--AdvancedRP-SAMP-source.zip	62c7187615ef45a6a520070fde73c56eecd7917948fc4bd13126387c1a0f7b80
Fabiann227/AdvancedRP-SAMP	25d0c6105bea1b6de35f81ba43ab4c5bb4970262	.references/pawn/gamemodes/Fabiann227--AdvancedRP-SAMP/gamemodes/modules/core/server_array.pwn	Fabiann227--AdvancedRP-SAMP-source.zip	1c08698d767a8c4cc2a3dc49281b894e2ca2e01c3d53d7f436218a398db5c01b
Fabiann227/AdvancedRP-SAMP	25d0c6105bea1b6de35f81ba43ab4c5bb4970262	.references/pawn/gamemodes/Fabiann227--AdvancedRP-SAMP/gamemodes/modules/core/player_timer.pwn	Fabiann227--AdvancedRP-SAMP-source.zip	8493497f7d9c63c8805a5188508f54ba86db4b5627b1f04f79d754e6bc473f85
Fabiann227/AdvancedRP-SAMP	25d0c6105bea1b6de35f81ba43ab4c5bb4970262	.references/pawn/gamemodes/Fabiann227--AdvancedRP-SAMP/gamemodes/modules/core/array.pwn	Fabiann227--AdvancedRP-SAMP-source.zip	ade614733dd3c4104f7efd09c9ef4647c7ad67ad67a8702aeab4c60291607467
Fabiann227/AdvancedRP-SAMP	25d0c6105bea1b6de35f81ba43ab4c5bb4970262	.references/pawn/gamemodes/Fabiann227--AdvancedRP-SAMP/gamemodes/modules/core/server_entity.pwn	Fabiann227--AdvancedRP-SAMP-source.zip	9cd4edd6e50d5bf0d483d439eeecc62c8803fe640bc8b2386f0ab69aca506a1d
Fabiann227/AdvancedRP-SAMP	25d0c6105bea1b6de35f81ba43ab4c5bb4970262	.references/pawn/gamemodes/Fabiann227--AdvancedRP-SAMP/gamemodes/modules/core/logger.pwn	Fabiann227--AdvancedRP-SAMP-source.zip	c452ec9b89f78a0f4f39a6d9a5f5ab6131ef338623ee1ff1a75e1c9e40a46f88
Fabiann227/AdvancedRP-SAMP	25d0c6105bea1b6de35f81ba43ab4c5bb4970262	.references/pawn/gamemodes/Fabiann227--AdvancedRP-SAMP/gamemodes/modules/core/functions.pwn	Fabiann227--AdvancedRP-SAMP-source.zip	d28deb9703b29eba80e2d6463445888d9f17aa2a6f14639d1c3b4ae362aade00
Fabiann227/AdvancedRP-SAMP	25d0c6105bea1b6de35f81ba43ab4c5bb4970262	.references/pawn/gamemodes/Fabiann227--AdvancedRP-SAMP/gamemodes/modules/core/macros.pwn	Fabiann227--AdvancedRP-SAMP-source.zip	a6bf5c0762d7d832ab998b5181fea722784ddd501324b17d1a89cd0323ba0f5d
Fabiann227/AdvancedRP-SAMP	25d0c6105bea1b6de35f81ba43ab4c5bb4970262	.references/pawn/gamemodes/Fabiann227--AdvancedRP-SAMP/gamemodes/modules/core/global_timer.pwn	Fabiann227--AdvancedRP-SAMP-source.zip	5baa62b145eb63b8838ec3c2dbc8f84a88dec09ddf2d3bb24c85addc06347aa4
Fabiann227/AdvancedRP-SAMP	25d0c6105bea1b6de35f81ba43ab4c5bb4970262	.references/pawn/gamemodes/Fabiann227--AdvancedRP-SAMP/gamemodes/modules/core/defined.pwn	Fabiann227--AdvancedRP-SAMP-source.zip	4070a328c5f10548d748f523b948c8dbae06e19c10d41e38354a071bdc70b0f8
Fabiann227/AdvancedRP-SAMP	25d0c6105bea1b6de35f81ba43ab4c5bb4970262	.references/pawn/gamemodes/Fabiann227--AdvancedRP-SAMP/gamemodes/modules/misc/earthquake.pwn	Fabiann227--AdvancedRP-SAMP-source.zip	73cd9791c5c5e14b64fbb6b9ccf588e34d73c984c7beb211ba7b6e7a0420e804
Fabiann227/AdvancedRP-SAMP	25d0c6105bea1b6de35f81ba43ab4c5bb4970262	.references/pawn/gamemodes/Fabiann227--AdvancedRP-SAMP/gamemodes/modules/misc/druglab.pwn	Fabiann227--AdvancedRP-SAMP-source.zip	0a60aa9ec4244e4b4cad9a3cf81d013147d0dee7803dc3ce5916eb027ddc6791
Fabiann227/AdvancedRP-SAMP	25d0c6105bea1b6de35f81ba43ab4c5bb4970262	.references/pawn/gamemodes/Fabiann227--AdvancedRP-SAMP/gamemodes/modules/misc/notification.pwn	Fabiann227--AdvancedRP-SAMP-source.zip	2073c98559e498fd032c70b053db8cca52005d451abf6e5e5b32726583551d5f
Fabiann227/AdvancedRP-SAMP	25d0c6105bea1b6de35f81ba43ab4c5bb4970262	.references/pawn/gamemodes/Fabiann227--AdvancedRP-SAMP/gamemodes/modules/misc/callsign.pwn	Fabiann227--AdvancedRP-SAMP-source.zip	b5ae17a32bfa694736977b22f92ca957e1a494d467ba5cb5d0867342e3aa46d6
Fabiann227/AdvancedRP-SAMP	25d0c6105bea1b6de35f81ba43ab4c5bb4970262	.references/pawn/gamemodes/Fabiann227--AdvancedRP-SAMP/gamemodes/modules/misc/togsiren.pwn	Fabiann227--AdvancedRP-SAMP-source.zip	0a4741e6488c06d7c1d0b4a1c8a1051d5e2061d225db63be7169d69c87b2f837
Fabiann227/AdvancedRP-SAMP	25d0c6105bea1b6de35f81ba43ab4c5bb4970262	.references/pawn/gamemodes/Fabiann227--AdvancedRP-SAMP/gamemodes/modules/misc/tune.pwn	Fabiann227--AdvancedRP-SAMP-source.zip	f1e35db17ac18d6b50eb83bef691fda5a0bcbacd7e72979e8b2ef5c3fac9ebc2
Fabiann227/AdvancedRP-SAMP	25d0c6105bea1b6de35f81ba43ab4c5bb4970262	.references/pawn/gamemodes/Fabiann227--AdvancedRP-SAMP/gamemodes/modules/misc/prison.pwn	Fabiann227--AdvancedRP-SAMP-source.zip	5f4accdad3e67debcc4961e326b4ec915fdd81f6d7cd2999c6be95dd59645c13
Fabiann227/AdvancedRP-SAMP	25d0c6105bea1b6de35f81ba43ab4c5bb4970262	.references/pawn/gamemodes/Fabiann227--AdvancedRP-SAMP/gamemodes/modules/misc/weap_holding.pwn	Fabiann227--AdvancedRP-SAMP-source.zip	5fee857f7b033531a46947b6d161c03e41b7a91c6f9a8e4b70221c6fc33c3d92
Fabiann227/AdvancedRP-SAMP	25d0c6105bea1b6de35f81ba43ab4c5bb4970262	.references/pawn/gamemodes/Fabiann227--AdvancedRP-SAMP/gamemodes/modules/misc/anti_spam.pwn	Fabiann227--AdvancedRP-SAMP-source.zip	399138fd6911d0d8228dcd2dcdaedfac4ba90b7e847f48a7c46f8b509249cab1
Fabiann227/AdvancedRP-SAMP	25d0c6105bea1b6de35f81ba43ab4c5bb4970262	.references/pawn/gamemodes/Fabiann227--AdvancedRP-SAMP/gamemodes/modules/misc/housekeys.pwn	Fabiann227--AdvancedRP-SAMP-source.zip	5b2ac7664a4959477277a5a1d644d4aca2815751583cc9647d180ee8988d93f3
Fabiann227/AdvancedRP-SAMP	25d0c6105bea1b6de35f81ba43ab4c5bb4970262	.references/pawn/gamemodes/Fabiann227--AdvancedRP-SAMP/gamemodes/modules/misc/sobeprotection.pwn	Fabiann227--AdvancedRP-SAMP-source.zip	a9ba6119f56d77c119799c96d46e2add5188ec0ccc1b7b86e8ff7c511bddd9ae
Fabiann227/AdvancedRP-SAMP	25d0c6105bea1b6de35f81ba43ab4c5bb4970262	.references/pawn/gamemodes/Fabiann227--AdvancedRP-SAMP/gamemodes/modules/misc/vehicle_object.pwn	Fabiann227--AdvancedRP-SAMP-source.zip	b991db96216155d396880f33d0e8d09d122d3133006eee548aeb4691a27edcaa
Fabiann227/AdvancedRP-SAMP	25d0c6105bea1b6de35f81ba43ab4c5bb4970262	.references/pawn/gamemodes/Fabiann227--AdvancedRP-SAMP/gamemodes/modules/misc/pawnraknet.pwn	Fabiann227--AdvancedRP-SAMP-source.zip	90d92970907fad1bf727f7a777f5192bfc72c05c82c106ffe1d8a2d4b46c5869
Fabiann227/AdvancedRP-SAMP	25d0c6105bea1b6de35f81ba43ab4c5bb4970262	.references/pawn/gamemodes/Fabiann227--AdvancedRP-SAMP/gamemodes/modules/misc/weaponsystem.pwn	Fabiann227--AdvancedRP-SAMP-source.zip	f75a933e59b92f0780a846855dba4c87deea45462628749b0c8d5e201ed7aff7
Fabiann227/AdvancedRP-SAMP	25d0c6105bea1b6de35f81ba43ab4c5bb4970262	.references/pawn/gamemodes/Fabiann227--AdvancedRP-SAMP/gamemodes/modules/misc/dropweapon.pwn	Fabiann227--AdvancedRP-SAMP-source.zip	a54abd498a63f77cd469744be7238cd64482d17a3449ac12a05e241a56e816ed
Fabiann227/AdvancedRP-SAMP	25d0c6105bea1b6de35f81ba43ab4c5bb4970262	.references/pawn/gamemodes/Fabiann227--AdvancedRP-SAMP/gamemodes/modules/misc/alltextures.pwn	Fabiann227--AdvancedRP-SAMP-source.zip	f038610a986bff75a04a38bba44864133a9ebff9dfeca57895ee79dcca857a83
Fabiann227/AdvancedRP-SAMP	25d0c6105bea1b6de35f81ba43ab4c5bb4970262	.references/pawn/gamemodes/Fabiann227--AdvancedRP-SAMP/gamemodes/modules/misc/swatrope.pwn	Fabiann227--AdvancedRP-SAMP-source.zip	281b30e78f00dca4dcc01f6db1e62bc6c663c06257c94271578184365c0ba76b
Fabiann227/AdvancedRP-SAMP	25d0c6105bea1b6de35f81ba43ab4c5bb4970262	.references/pawn/gamemodes/Fabiann227--AdvancedRP-SAMP/gamemodes/modules/misc/imports.pwn	Fabiann227--AdvancedRP-SAMP-source.zip	f9435a3ced6e5ac4d6dc4b0440b89223a8b5db4c97944664c01f8a080b891a25
Fabiann227/AdvancedRP-SAMP	25d0c6105bea1b6de35f81ba43ab4c5bb4970262	.references/pawn/gamemodes/Fabiann227--AdvancedRP-SAMP/gamemodes/modules/misc/afksystem.pwn	Fabiann227--AdvancedRP-SAMP-source.zip	5fd04f85170a8aba982012a49305e18f1cb6a7b748cd39dcb4142fbfc86a335a
Fabiann227/AdvancedRP-SAMP	25d0c6105bea1b6de35f81ba43ab4c5bb4970262	.references/pawn/gamemodes/Fabiann227--AdvancedRP-SAMP/gamemodes/modules/misc/animations.pwn	Fabiann227--AdvancedRP-SAMP-source.zip	b145886c3ce0a3e9f7d81ce03481a4cf3c25c9b053a96f36964dc99c4ebb8acc
Fabiann227/AdvancedRP-SAMP	25d0c6105bea1b6de35f81ba43ab4c5bb4970262	.references/pawn/gamemodes/Fabiann227--AdvancedRP-SAMP/gamemodes/modules/misc/anticheat.pwn	Fabiann227--AdvancedRP-SAMP-source.zip	c12a550ee98fac2054842786cd10b83750938d74cea0c851b75ab49f4bfeff40
Fabiann227/AdvancedRP-SAMP	25d0c6105bea1b6de35f81ba43ab4c5bb4970262	.references/pawn/gamemodes/Fabiann227--AdvancedRP-SAMP/gamemodes/modules/demo/weapon_demo.pwn	Fabiann227--AdvancedRP-SAMP-source.zip	7960be823ff553c646c6e77258c9f3e206133e7c0fc1526e3b806483e55a2256
Fabiann227/AdvancedRP-SAMP	25d0c6105bea1b6de35f81ba43ab4c5bb4970262	.references/pawn/gamemodes/Fabiann227--AdvancedRP-SAMP/gamemodes/modules/demo/weaponbuy.pwn	Fabiann227--AdvancedRP-SAMP-source.zip	07bfb71a2da0b98c37305fe6382f5290458d3725b81317ffa159dd649d31325c
Fabiann227/AdvancedRP-SAMP	25d0c6105bea1b6de35f81ba43ab4c5bb4970262	.references/pawn/gamemodes/Fabiann227--AdvancedRP-SAMP/gamemodes/modules/demo/register.pwn	Fabiann227--AdvancedRP-SAMP-source.zip	46c5ac8324f90294f96ad1c7d0c93baa931d6ed8206d6c61979f2031fdfd1ed8
Fabiann227/AdvancedRP-SAMP	25d0c6105bea1b6de35f81ba43ab4c5bb4970262	.references/pawn/gamemodes/Fabiann227--AdvancedRP-SAMP/gamemodes/modules/demo/discord.pwn	Fabiann227--AdvancedRP-SAMP-source.zip	3885a4a3b93c09e9c1e019e790efb5e9d256a368ae088375f168715871bea757
Fabiann227/AdvancedRP-SAMP	25d0c6105bea1b6de35f81ba43ab4c5bb4970262	.references/pawn/gamemodes/Fabiann227--AdvancedRP-SAMP/gamemodes/modules/demo/starterpack.pwn	Fabiann227--AdvancedRP-SAMP-source.zip	e3b0c44298fc1c149afbf4c8996fb92427ae41e4649b934ca495991b7852b855
Fabiann227/AdvancedRP-SAMP	25d0c6105bea1b6de35f81ba43ab4c5bb4970262	.references/pawn/gamemodes/Fabiann227--AdvancedRP-SAMP/gamemodes/modules/demo/antibike_tapping.pwn	Fabiann227--AdvancedRP-SAMP-source.zip	c735b3f7b8f815e801ada7f020ab01a3a8d741066023568057bc956bd702b5bb
Fabiann227/AdvancedRP-SAMP	25d0c6105bea1b6de35f81ba43ab4c5bb4970262	.references/pawn/gamemodes/Fabiann227--AdvancedRP-SAMP/gamemodes/modules/demo/antibike_hopping.pwn	Fabiann227--AdvancedRP-SAMP-source.zip	494ab417060ff6805c653c26ab8b0c4a8ebb24bb31b59f56b7e1003cec693d09
Fabiann227/AdvancedRP-SAMP	25d0c6105bea1b6de35f81ba43ab4c5bb4970262	.references/pawn/gamemodes/Fabiann227--AdvancedRP-SAMP/gamemodes/modules/demo/backup stock gunammo.pwn	Fabiann227--AdvancedRP-SAMP-source.zip	6d3c1ec81c527a7662c1239ba83962ff7a6abd73203655adabf4da4480b11a63
Fabiann227/AdvancedRP-SAMP	25d0c6105bea1b6de35f81ba43ab4c5bb4970262	.references/pawn/gamemodes/Fabiann227--AdvancedRP-SAMP/gamemodes/modules/demo/weapon_dropped.pwn	Fabiann227--AdvancedRP-SAMP-source.zip	c66a206498990adce8da32ea625e166d02940ead732e6ba973841ca5cd70c0e0
Fabiann227/AdvancedRP-SAMP	25d0c6105bea1b6de35f81ba43ab4c5bb4970262	.references/pawn/gamemodes/Fabiann227--AdvancedRP-SAMP/gamemodes/modules/demo/weapon_faction.pwn	Fabiann227--AdvancedRP-SAMP-source.zip	a17686a7b2ac428c5d626fe5eaab030a2378668a078e12c2f4e63052165ab8e4
Fabiann227/AdvancedRP-SAMP	25d0c6105bea1b6de35f81ba43ab4c5bb4970262	.references/pawn/gamemodes/Fabiann227--AdvancedRP-SAMP/gamemodes/modules/demo/fueltruck.pwn	Fabiann227--AdvancedRP-SAMP-source.zip	374c8e9f83c5ed327832eb8461517cdf0d284f976ae5e687edf5ee03409c6577
Fabiann227/AdvancedRP-SAMP	25d0c6105bea1b6de35f81ba43ab4c5bb4970262	.references/pawn/gamemodes/Fabiann227--AdvancedRP-SAMP/gamemodes/modules/demo/login.pwn	Fabiann227--AdvancedRP-SAMP-source.zip	c2779e2ab69d52fb42bd35b79808dbf371add4622c4657747a7a3dde48a2f362
Fabiann227/AdvancedRP-SAMP	25d0c6105bea1b6de35f81ba43ab4c5bb4970262	.references/pawn/gamemodes/Fabiann227--AdvancedRP-SAMP/gamemodes/modules/demo/discord_log.pwn	Fabiann227--AdvancedRP-SAMP-source.zip	e270204a6aebb663f9c243ca84f43a92c9642e83ca3858635e98a52248ec7044
Fabiann227/AdvancedRP-SAMP	25d0c6105bea1b6de35f81ba43ab4c5bb4970262	.references/pawn/gamemodes/Fabiann227--AdvancedRP-SAMP/gamemodes/modules/demo/ticket.pwn	Fabiann227--AdvancedRP-SAMP-source.zip	fb40d41bd687fdebb8341056a92e227c8eff758e1005ebbbe67a544cc47bf0cb
Fabiann227/AdvancedRP-SAMP	25d0c6105bea1b6de35f81ba43ab4c5bb4970262	.references/pawn/gamemodes/Fabiann227--AdvancedRP-SAMP/gamemodes/modules/demo/anticheat.pwn	Fabiann227--AdvancedRP-SAMP-source.zip	15ac01a5ceab0ec8016c41199318670bf5fa4994926a94b2cbe68adae6cba09d
Fabiann227/AdvancedRP-SAMP	25d0c6105bea1b6de35f81ba43ab4c5bb4970262	.references/pawn/gamemodes/Fabiann227--AdvancedRP-SAMP/gamemodes/modules/demo/handbreak.pwn	Fabiann227--AdvancedRP-SAMP-source.zip	792ecac6c5830a69a98e8b5c4313840e26a81e8b22d91c963d4ff4b44e3bedc9
Fabiann227/AdvancedRP-SAMP	25d0c6105bea1b6de35f81ba43ab4c5bb4970262	.references/pawn/gamemodes/Fabiann227--AdvancedRP-SAMP/gamemodes/modules/api/StaticLocations.pwn	Fabiann227--AdvancedRP-SAMP-source.zip	8ff791dbf972b90747fcb232427e42945f67ddbb0be048ea6d1ca88a0f71edea
Fabiann227/AdvancedRP-SAMP	25d0c6105bea1b6de35f81ba43ab4c5bb4970262	.references/pawn/gamemodes/Fabiann227--AdvancedRP-SAMP/gamemodes/modules/vehicle/compability.pwn	Fabiann227--AdvancedRP-SAMP-source.zip	a6bb3e2dba27842a803e4ec584483802c2bd2bbbcd0b3c4deaaa1d848a59d3ea
Fabiann227/AdvancedRP-SAMP	25d0c6105bea1b6de35f81ba43ab4c5bb4970262	.references/pawn/gamemodes/Fabiann227--AdvancedRP-SAMP/gamemodes/modules/vehicle/crashsystem.pwn	Fabiann227--AdvancedRP-SAMP-source.zip	ccc55a666e09558e6c1aff098490b74f0e2d772213bd224c84fc4e3a4f4f5435
Fabiann227/AdvancedRP-SAMP	25d0c6105bea1b6de35f81ba43ab4c5bb4970262	.references/pawn/gamemodes/Fabiann227--AdvancedRP-SAMP/gamemodes/modules/admin/core.pwn	Fabiann227--AdvancedRP-SAMP-source.zip	35749b0a0817dbb1ff55b97f9cbc54706238cb3a0f48e2d0b1c068f2f0369d88
Fabiann227/AdvancedRP-SAMP	25d0c6105bea1b6de35f81ba43ab4c5bb4970262	.references/pawn/gamemodes/Fabiann227--AdvancedRP-SAMP/gamemodes/modules/admin/cmd.pwn	Fabiann227--AdvancedRP-SAMP-source.zip	603f4f0eed6fdb1fb459eca124c1d1425b48a166b8ff9eac68edd1c1624fec0e
Fabiann227/AdvancedRP-SAMP	25d0c6105bea1b6de35f81ba43ab4c5bb4970262	.references/pawn/gamemodes/Fabiann227--AdvancedRP-SAMP/gamemodes/modules/admin/admin_activities.pwn	Fabiann227--AdvancedRP-SAMP-source.zip	8254fdc241585d8ec3bf6a153e63029cef87882ecaa27ed3f3d401cfb7f0078d
Fabiann227/AdvancedRP-SAMP	25d0c6105bea1b6de35f81ba43ab4c5bb4970262	.references/pawn/gamemodes/Fabiann227--AdvancedRP-SAMP/gamemodes/modules/admin/admin_duty_times.pwn	Fabiann227--AdvancedRP-SAMP-source.zip	92483caf60acb11636371059c31e02140a24f70c1585ade5f7a353546bc3ce78
Fabiann227/AdvancedRP-SAMP	25d0c6105bea1b6de35f81ba43ab4c5bb4970262	.references/pawn/gamemodes/Fabiann227--AdvancedRP-SAMP/gamemodes/modules/admin/admin_event.pwn	Fabiann227--AdvancedRP-SAMP-source.zip	a7f8003085977816e1298b81097880371108db6b9040d80cf23deed0e075a124
Fabiann227/AdvancedRP-SAMP	25d0c6105bea1b6de35f81ba43ab4c5bb4970262	.references/pawn/gamemodes/Fabiann227--AdvancedRP-SAMP/gamemodes/modules/admin/callbacks.pwn	Fabiann227--AdvancedRP-SAMP-source.zip	c8c6f9d1c9057def742bea2cb2b410ceef2b31c1192f6ba5fc9bd754a9b44cab
Fabiann227/AdvancedRP-SAMP	25d0c6105bea1b6de35f81ba43ab4c5bb4970262	.references/pawn/gamemodes/Fabiann227--AdvancedRP-SAMP/gamemodes/modules/mapping/dermaga.pwn	Fabiann227--AdvancedRP-SAMP-source.zip	67bf5a9295434279f0a3205cc4bdc6d80d7eea8c9596304bdf84eb2b68167321
Fabiann227/AdvancedRP-SAMP	25d0c6105bea1b6de35f81ba43ab4c5bb4970262	.references/pawn/gamemodes/Fabiann227--AdvancedRP-SAMP/gamemodes/modules/mapping/newbank.pwn	Fabiann227--AdvancedRP-SAMP-source.zip	cd2df45376cb11591d0e5be76a97f64a2e73d3399f0bb1c163f85d170538caec
Fabiann227/AdvancedRP-SAMP	25d0c6105bea1b6de35f81ba43ab4c5bb4970262	.references/pawn/gamemodes/Fabiann227--AdvancedRP-SAMP/gamemodes/modules/mapping/workshop.pwn	Fabiann227--AdvancedRP-SAMP-source.zip	744aff79fab1b0f1304ab867dcd399f2b64833d0591122f9f543bf6df7ce531f
Fabiann227/AdvancedRP-SAMP	25d0c6105bea1b6de35f81ba43ab4c5bb4970262	.references/pawn/gamemodes/Fabiann227--AdvancedRP-SAMP/gamemodes/modules/mapping/fishfactory.pwn	Fabiann227--AdvancedRP-SAMP-source.zip	d73de24c5af3d2017469b82285267744f02f91542404b17f0f5b726f80a162be
Fabiann227/AdvancedRP-SAMP	25d0c6105bea1b6de35f81ba43ab4c5bb4970262	.references/pawn/gamemodes/Fabiann227--AdvancedRP-SAMP/gamemodes/modules/mapping/lspd_jail.pwn	Fabiann227--AdvancedRP-SAMP-source.zip	096d59883a74bea5651cc0b214b7ae1f80330530c363cfcfacd715b3bc4340a2
Fabiann227/AdvancedRP-SAMP	25d0c6105bea1b6de35f81ba43ab4c5bb4970262	.references/pawn/gamemodes/Fabiann227--AdvancedRP-SAMP/gamemodes/modules/mapping/lspd.pwn	Fabiann227--AdvancedRP-SAMP-source.zip	b3677fb96a59c8056f923aeb4a0d0abf83551184afe363f3072030fc820b41c6
Fabiann227/AdvancedRP-SAMP	25d0c6105bea1b6de35f81ba43ab4c5bb4970262	.references/pawn/gamemodes/Fabiann227--AdvancedRP-SAMP/gamemodes/modules/mapping/merchedes.pwn	Fabiann227--AdvancedRP-SAMP-source.zip	5b0ca10e0944bd590eaead2c89feb309518fbf11a1a6f4bd4491227f98b15329
Fabiann227/AdvancedRP-SAMP	25d0c6105bea1b6de35f81ba43ab4c5bb4970262	.references/pawn/gamemodes/Fabiann227--AdvancedRP-SAMP/gamemodes/modules/mapping/playerauction.pwn	Fabiann227--AdvancedRP-SAMP-source.zip	34b7bc261bc2e119940dc144d2feb592c1238c41c0ba4864a113cae886526b02
Fabiann227/AdvancedRP-SAMP	25d0c6105bea1b6de35f81ba43ab4c5bb4970262	.references/pawn/gamemodes/Fabiann227--AdvancedRP-SAMP/gamemodes/modules/mapping/newbieschool.pwn	Fabiann227--AdvancedRP-SAMP-source.zip	86358bf00771752fee7b02907313008adc78208bd19a0dd09766afb86940f78e
Fabiann227/AdvancedRP-SAMP	25d0c6105bea1b6de35f81ba43ab4c5bb4970262	.references/pawn/gamemodes/Fabiann227--AdvancedRP-SAMP/gamemodes/modules/mapping/jailmap.pwn	Fabiann227--AdvancedRP-SAMP-source.zip	38d6bc79658f402f8e7962941ce5e56cd82c4c0213755a2485de8036d5111972
Fabiann227/AdvancedRP-SAMP	25d0c6105bea1b6de35f81ba43ab4c5bb4970262	.references/pawn/gamemodes/Fabiann227--AdvancedRP-SAMP/gamemodes/modules/mapping/mechanic.pwn	Fabiann227--AdvancedRP-SAMP-source.zip	6b0e6e112e0b8208a52dbe4f061fe19358d6cba6be489e37cff4533401a68854
Fabiann227/AdvancedRP-SAMP	25d0c6105bea1b6de35f81ba43ab4c5bb4970262	.references/pawn/gamemodes/Fabiann227--AdvancedRP-SAMP/gamemodes/modules/mapping/homeless.pwn	Fabiann227--AdvancedRP-SAMP-source.zip	6f22d2e1a7a9bc6826669f8df66c86ff4df86566f092af44eb023897e6564e41
Fabiann227/AdvancedRP-SAMP	25d0c6105bea1b6de35f81ba43ab4c5bb4970262	.references/pawn/gamemodes/Fabiann227--AdvancedRP-SAMP/gamemodes/modules/mapping/asghext.pwn	Fabiann227--AdvancedRP-SAMP-source.zip	7efc17b228b83755414f89981477571c5b859f0a5c446c63a62119139cd6527c
Fabiann227/AdvancedRP-SAMP	25d0c6105bea1b6de35f81ba43ab4c5bb4970262	.references/pawn/gamemodes/Fabiann227--AdvancedRP-SAMP/gamemodes/modules/mapping/houseint.pwn	Fabiann227--AdvancedRP-SAMP-source.zip	3c805a8550e9ea58ba3d73ba21d3945dd049a3c1279411b912d66610babb795d
Fabiann227/AdvancedRP-SAMP	25d0c6105bea1b6de35f81ba43ab4c5bb4970262	.references/pawn/gamemodes/Fabiann227--AdvancedRP-SAMP/gamemodes/modules/mapping/mc_mc.pwn	Fabiann227--AdvancedRP-SAMP-source.zip	b892477519012d55657c6dafd53f32cf312460d0b9d82240079ef6ce617b149c
Fabiann227/AdvancedRP-SAMP	25d0c6105bea1b6de35f81ba43ab4c5bb4970262	.references/pawn/gamemodes/Fabiann227--AdvancedRP-SAMP/gamemodes/modules/mapping/mechanic_pasbek.pwn	Fabiann227--AdvancedRP-SAMP-source.zip	e9f77e65a569e350b651e1d438380c33ae14d9d69c3922e9a1df42ef75391b8c
Fabiann227/AdvancedRP-SAMP	25d0c6105bea1b6de35f81ba43ab4c5bb4970262	.references/pawn/gamemodes/Fabiann227--AdvancedRP-SAMP/gamemodes/modules/mapping/Minerext.pwn	Fabiann227--AdvancedRP-SAMP-source.zip	04696d44fe77239a2c0aa6b65346365b34c1799577b5de1638bfb1c3bf0a59be
Fabiann227/AdvancedRP-SAMP	25d0c6105bea1b6de35f81ba43ab4c5bb4970262	.references/pawn/gamemodes/Fabiann227--AdvancedRP-SAMP/gamemodes/modules/mapping/glen_park_apartment.pwn	Fabiann227--AdvancedRP-SAMP-source.zip	971e94d142f02248686b05e4b3ed4a287b42c4214430e94acb146c3f27a74930
Fabiann227/AdvancedRP-SAMP	25d0c6105bea1b6de35f81ba43ab4c5bb4970262	.references/pawn/gamemodes/Fabiann227--AdvancedRP-SAMP/gamemodes/modules/mapping/asghnewint.pwn	Fabiann227--AdvancedRP-SAMP-source.zip	217787cfc4419c5bbb88edd6232425ff568b19f99e4dbc9eddfd52d5db755135
Fabiann227/AdvancedRP-SAMP	25d0c6105bea1b6de35f81ba43ab4c5bb4970262	.references/pawn/gamemodes/Fabiann227--AdvancedRP-SAMP/gamemodes/modules/mapping/ship.pwn	Fabiann227--AdvancedRP-SAMP-source.zip	3b305e0860f01aa885bd77224d5636dc497a8a85557cf2b3b122ceca83b912fb
Fabiann227/AdvancedRP-SAMP	25d0c6105bea1b6de35f81ba43ab4c5bb4970262	.references/pawn/gamemodes/Fabiann227--AdvancedRP-SAMP/gamemodes/modules/mapping/ch_lobby.pwn	Fabiann227--AdvancedRP-SAMP-source.zip	7c053566b619eb1cbd12251178dd880cb947c0104e3cd307361fba5cb5131739
Fabiann227/AdvancedRP-SAMP	25d0c6105bea1b6de35f81ba43ab4c5bb4970262	.references/pawn/gamemodes/Fabiann227--AdvancedRP-SAMP/gamemodes/modules/mapping/LSNint.pwn	Fabiann227--AdvancedRP-SAMP-source.zip	3839ec5141e41f78146e4fc48c430880753ab8dc8fb74e57a47eac5943c3363e
Fabiann227/AdvancedRP-SAMP	25d0c6105bea1b6de35f81ba43ab4c5bb4970262	.references/pawn/gamemodes/Fabiann227--AdvancedRP-SAMP/gamemodes/modules/mapping/Bankext.pwn	Fabiann227--AdvancedRP-SAMP-source.zip	a6224b3d35b398972c497b63e6264fe5d274c780b04399d97b610c3d7571dccc
Fabiann227/AdvancedRP-SAMP	25d0c6105bea1b6de35f81ba43ab4c5bb4970262	.references/pawn/gamemodes/Fabiann227--AdvancedRP-SAMP/gamemodes/modules/mapping/bank.pwn	Fabiann227--AdvancedRP-SAMP-source.zip	0c2c14e53fbd3e1d5b938a416b556a24e17389b8d0104f572fa1b7551da53bd0
Fabiann227/AdvancedRP-SAMP	25d0c6105bea1b6de35f81ba43ab4c5bb4970262	.references/pawn/gamemodes/Fabiann227--AdvancedRP-SAMP/gamemodes/modules/mapping/LSNext.pwn	Fabiann227--AdvancedRP-SAMP-source.zip	882d95fb2f729ba0d30c6fed85d038dcf408e789c829c0832eb120bfcea778d4
Fabiann227/AdvancedRP-SAMP	25d0c6105bea1b6de35f81ba43ab4c5bb4970262	.references/pawn/gamemodes/Fabiann227--AdvancedRP-SAMP/gamemodes/modules/sidejob/sweeperjob.pwn	Fabiann227--AdvancedRP-SAMP-source.zip	1dc348af250c8297bc8e4bbcd3ba13862c2de8fb3ba70a5238e07d4174beab4a
Fabiann227/AdvancedRP-SAMP	25d0c6105bea1b6de35f81ba43ab4c5bb4970262	.references/pawn/gamemodes/Fabiann227--AdvancedRP-SAMP/gamemodes/modules/sidejob/moneytrans.pwn	Fabiann227--AdvancedRP-SAMP-source.zip	52db17e8b577a397e1365401b2918d52b7ea4ebfe7a69b03fd3212122df2c23e
Fabiann227/AdvancedRP-SAMP	25d0c6105bea1b6de35f81ba43ab4c5bb4970262	.references/pawn/gamemodes/Fabiann227--AdvancedRP-SAMP/gamemodes/modules/sidejob/bussidejob.pwn	Fabiann227--AdvancedRP-SAMP-source.zip	813b6daca10078a493c0cb319cfb4536c2e2e8304447224a7dbc55d18b348c73
Fabiann227/AdvancedRP-SAMP	25d0c6105bea1b6de35f81ba43ab4c5bb4970262	.references/pawn/gamemodes/Fabiann227--AdvancedRP-SAMP/gamemodes/modules/sidejob/boxville.pwn	Fabiann227--AdvancedRP-SAMP-source.zip	48e77bd76c367bac5ecff610a1873d7bd080b1023f2f6e16cac9817d759a5a8a
Fabiann227/AdvancedRP-SAMP	25d0c6105bea1b6de35f81ba43ab4c5bb4970262	.references/pawn/gamemodes/Fabiann227--AdvancedRP-SAMP/gamemodes/modules/sidejob/trashmaster.pwn	Fabiann227--AdvancedRP-SAMP-source.zip	e4d2c76595b50926313b1c26ace24240cc031b664182f1adc63689e396acf6dc
Fabiann227/AdvancedRP-SAMP	25d0c6105bea1b6de35f81ba43ab4c5bb4970262	.references/pawn/gamemodes/Fabiann227--AdvancedRP-SAMP/gamemodes/modules/server/realtime_clock/func.pwn	Fabiann227--AdvancedRP-SAMP-source.zip	4afc0069effc54ff00f215568fcec1632978241f345c80dd799280c6bcb63485
Fabiann227/AdvancedRP-SAMP	25d0c6105bea1b6de35f81ba43ab4c5bb4970262	.references/pawn/gamemodes/Fabiann227--AdvancedRP-SAMP/gamemodes/modules/server/realtime_clock/callbacks.pwn	Fabiann227--AdvancedRP-SAMP-source.zip	2136120fe7b385d5d97958b75765e7aba96736110055c2bb9915de4f2d15664a
Fabiann227/AdvancedRP-SAMP	25d0c6105bea1b6de35f81ba43ab4c5bb4970262	.references/pawn/gamemodes/Fabiann227--AdvancedRP-SAMP/gamemodes/modules/server/business_employee/func.pwn	Fabiann227--AdvancedRP-SAMP-source.zip	c618a6057ea8892c53bad27f212a1c9a306a5857ab6ca71654860cf124e90cd0
Fabiann227/AdvancedRP-SAMP	25d0c6105bea1b6de35f81ba43ab4c5bb4970262	.references/pawn/gamemodes/Fabiann227--AdvancedRP-SAMP/gamemodes/modules/server/economy/funcs.pwn	Fabiann227--AdvancedRP-SAMP-source.zip	62537d0d6f4eb2d7ecac8a39b36bdc86463e3de24d8b56db7e1f032f5ebf5702
Fabiann227/AdvancedRP-SAMP	25d0c6105bea1b6de35f81ba43ab4c5bb4970262	.references/pawn/gamemodes/Fabiann227--AdvancedRP-SAMP/gamemodes/modules/server/economy/hooks.pwn	Fabiann227--AdvancedRP-SAMP-source.zip	d0762d9f9118354440c7946faf313b9154bd5328afbf7ca99a29513758f076c4
Fabiann227/AdvancedRP-SAMP	25d0c6105bea1b6de35f81ba43ab4c5bb4970262	.references/pawn/gamemodes/Fabiann227--AdvancedRP-SAMP/gamemodes/modules/server/economy/cmds.pwn	Fabiann227--AdvancedRP-SAMP-source.zip	44f7bcc876cd240659ecbfc4b568d46f7528ce7c3e0d0ac52ac4da1d9499f1dd
Fabiann227/AdvancedRP-SAMP	25d0c6105bea1b6de35f81ba43ab4c5bb4970262	.references/pawn/gamemodes/Fabiann227--AdvancedRP-SAMP/gamemodes/modules/server/job_config/funcs.pwn	Fabiann227--AdvancedRP-SAMP-source.zip	4d193a818577063c945c687ff9f16c64c26f1642d0b68caa865bd7b2044e685d
Fabiann227/AdvancedRP-SAMP	25d0c6105bea1b6de35f81ba43ab4c5bb4970262	.references/pawn/gamemodes/Fabiann227--AdvancedRP-SAMP/gamemodes/modules/server/job_config/hooks.pwn	Fabiann227--AdvancedRP-SAMP-source.zip	70e75f3d217653a0135179dbd89008d80947892c4d8e9296e8456e43d5e01d3d
Fabiann227/AdvancedRP-SAMP	25d0c6105bea1b6de35f81ba43ab4c5bb4970262	.references/pawn/gamemodes/Fabiann227--AdvancedRP-SAMP/gamemodes/modules/server/job_config/cmds.pwn	Fabiann227--AdvancedRP-SAMP-source.zip	3656130715ba1a5ba198140db8378c6259cf3f6263cff6e23ee6194e882bbe22
Fabiann227/AdvancedRP-SAMP	25d0c6105bea1b6de35f81ba43ab4c5bb4970262	.references/pawn/gamemodes/Fabiann227--AdvancedRP-SAMP/gamemodes/modules/player/animation/core.pwn	Fabiann227--AdvancedRP-SAMP-source.zip	7ebb883a1db2f3d95b3e5fb384fd2cbb00ed82056175aecfa2052d2f789eb3e2
Fabiann227/AdvancedRP-SAMP	25d0c6105bea1b6de35f81ba43ab4c5bb4970262	.references/pawn/gamemodes/Fabiann227--AdvancedRP-SAMP/gamemodes/modules/player/animation/cmd.pwn	Fabiann227--AdvancedRP-SAMP-source.zip	50c21de32d9791cd543c1c55f5690f2aec8f77d37de106c6824b49bd9eb4c205
Fabiann227/AdvancedRP-SAMP	25d0c6105bea1b6de35f81ba43ab4c5bb4970262	.references/pawn/gamemodes/Fabiann227--AdvancedRP-SAMP/gamemodes/modules/player/animation/callback.pwn	Fabiann227--AdvancedRP-SAMP-source.zip	a5bf9df21cad197c39398f2fc2a0c6c41bfa5d6080b7a5a06b25de7b9fc0e8c0
Fabiann227/AdvancedRP-SAMP	25d0c6105bea1b6de35f81ba43ab4c5bb4970262	.references/pawn/gamemodes/Fabiann227--AdvancedRP-SAMP/gamemodes/modules/player/animation/dialog.pwn	Fabiann227--AdvancedRP-SAMP-source.zip	070dea8a1c5fb601dffa2c9a893e3f3bab798b46032da3cc5f65242bb9c7ace4
Fabiann227/AdvancedRP-SAMP	25d0c6105bea1b6de35f81ba43ab4c5bb4970262	.references/pawn/gamemodes/Fabiann227--AdvancedRP-SAMP/gamemodes/modules/player/animation/function.pwn	Fabiann227--AdvancedRP-SAMP-source.zip	1d9323af61a099247f5a39365d306e9fa210c5f14d95b1d1d14f764e83a522da
Fabiann227/AdvancedRP-SAMP	25d0c6105bea1b6de35f81ba43ab4c5bb4970262	.references/pawn/gamemodes/Fabiann227--AdvancedRP-SAMP/gamemodes/modules/player/coins/core.pwn	Fabiann227--AdvancedRP-SAMP-source.zip	f471a0d95ca5e7ad79f82ebd0d72e6d2bfe49dcbbf51e1cc49d6e47747c121dd
Fabiann227/AdvancedRP-SAMP	25d0c6105bea1b6de35f81ba43ab4c5bb4970262	.references/pawn/gamemodes/Fabiann227--AdvancedRP-SAMP/gamemodes/modules/player/coins/cmd.pwn	Fabiann227--AdvancedRP-SAMP-source.zip	189cb7fe93e741493367dd11c4ba6e65b23066d432cec29cf992d70bba1cf6b1
Fabiann227/AdvancedRP-SAMP	25d0c6105bea1b6de35f81ba43ab4c5bb4970262	.references/pawn/gamemodes/Fabiann227--AdvancedRP-SAMP/gamemodes/modules/player/weapon/core.pwn	Fabiann227--AdvancedRP-SAMP-source.zip	5ab337abb0217daaee604191dc1c037f556814894bb34057efa3962e04872258
Fabiann227/AdvancedRP-SAMP	25d0c6105bea1b6de35f81ba43ab4c5bb4970262	.references/pawn/gamemodes/Fabiann227--AdvancedRP-SAMP/gamemodes/modules/player/weapon/faction.pwn	Fabiann227--AdvancedRP-SAMP-source.zip	1d022c259708d7ff79e11047b977930043da8bd1024b0ca2bd926e9d51ee18a9
Fabiann227/AdvancedRP-SAMP	25d0c6105bea1b6de35f81ba43ab4c5bb4970262	.references/pawn/gamemodes/Fabiann227--AdvancedRP-SAMP/gamemodes/modules/player/weapon/cmd.pwn	Fabiann227--AdvancedRP-SAMP-source.zip	12f5274c79ada81f16ab3d43ae8ec25878286cbc6d0d458688e905ae942a39b0
Fabiann227/AdvancedRP-SAMP	25d0c6105bea1b6de35f81ba43ab4c5bb4970262	.references/pawn/gamemodes/Fabiann227--AdvancedRP-SAMP/gamemodes/modules/player/status/core.pwn	Fabiann227--AdvancedRP-SAMP-source.zip	0a92e5d0eb00169b44de41d30033d63accc39dd4cdf3bcfc8afec8d71ac17f9f
Fabiann227/AdvancedRP-SAMP	25d0c6105bea1b6de35f81ba43ab4c5bb4970262	.references/pawn/gamemodes/Fabiann227--AdvancedRP-SAMP/gamemodes/modules/player/status/cmd.pwn	Fabiann227--AdvancedRP-SAMP-source.zip	001ce45a98fc2de4ccd15ef6c2a4b85d3d6baba4ce8527ac2768afefac43cbfd
Fabiann227/AdvancedRP-SAMP	25d0c6105bea1b6de35f81ba43ab4c5bb4970262	.references/pawn/gamemodes/Fabiann227--AdvancedRP-SAMP/gamemodes/modules/player/status/function.pwn	Fabiann227--AdvancedRP-SAMP-source.zip	91f58b2aeacd6701b148f7854536b1360dc187a76e19bc6a6e6eeb06ac70c365
Fabiann227/AdvancedRP-SAMP	25d0c6105bea1b6de35f81ba43ab4c5bb4970262	.references/pawn/gamemodes/Fabiann227--AdvancedRP-SAMP/gamemodes/modules/player/misc/pauction.pwn	Fabiann227--AdvancedRP-SAMP-source.zip	37c2cfa528edf2a635765df221ccf238c90f11ec7722446f76ea65930004e4a7
Fabiann227/AdvancedRP-SAMP	25d0c6105bea1b6de35f81ba43ab4c5bb4970262	.references/pawn/gamemodes/Fabiann227--AdvancedRP-SAMP/gamemodes/modules/player/misc/dmv.pwn	Fabiann227--AdvancedRP-SAMP-source.zip	5f1ea2c381a424b2d214af29bd3f6978015c2d4ea7574643db02d21198a7fee5
Fabiann227/AdvancedRP-SAMP	25d0c6105bea1b6de35f81ba43ab4c5bb4970262	.references/pawn/gamemodes/Fabiann227--AdvancedRP-SAMP/gamemodes/modules/player/misc/atmtxd.pwn	Fabiann227--AdvancedRP-SAMP-source.zip	7fdd13c7cdccc5aae37a0904f5ea9641ef443753f29fec2ce374e8a8148026f2
Fabiann227/AdvancedRP-SAMP	25d0c6105bea1b6de35f81ba43ab4c5bb4970262	.references/pawn/gamemodes/Fabiann227--AdvancedRP-SAMP/gamemodes/modules/player/misc/laptoptxd.pwn	Fabiann227--AdvancedRP-SAMP-source.zip	07209904ce651d7a1ee7cc819af457efb00776740be9ede8ab72daf2d9a9cccf
Fabiann227/AdvancedRP-SAMP	25d0c6105bea1b6de35f81ba43ab4c5bb4970262	.references/pawn/gamemodes/Fabiann227--AdvancedRP-SAMP/gamemodes/modules/player/misc/speedlimit.pwn	Fabiann227--AdvancedRP-SAMP-source.zip	2ac227b6c70c59ccb61407d5f0d8159017af3a430034ea23df7caae4874644da
Fabiann227/AdvancedRP-SAMP	25d0c6105bea1b6de35f81ba43ab4c5bb4970262	.references/pawn/gamemodes/Fabiann227--AdvancedRP-SAMP/gamemodes/modules/player/misc/drugs.pwn	Fabiann227--AdvancedRP-SAMP-source.zip	be293725b3f2dc663c2ee4f01af1c9570031bffbc3288c880fd0f3250ca3480a
Fabiann227/AdvancedRP-SAMP	25d0c6105bea1b6de35f81ba43ab4c5bb4970262	.references/pawn/gamemodes/Fabiann227--AdvancedRP-SAMP/gamemodes/modules/player/misc/mdctxd.pwn	Fabiann227--AdvancedRP-SAMP-source.zip	df7ec4587e08d6e7a5a316c2c63171ac7977e047c351004eafcdd53a6f4ef528
Fabiann227/AdvancedRP-SAMP	25d0c6105bea1b6de35f81ba43ab4c5bb4970262	.references/pawn/gamemodes/Fabiann227--AdvancedRP-SAMP/gamemodes/modules/player/report/core.pwn	Fabiann227--AdvancedRP-SAMP-source.zip	58f081aa4c4100622260c8b961f02bdc805c8ffa666f59d5e4f87b8b81943fc5
Fabiann227/AdvancedRP-SAMP	25d0c6105bea1b6de35f81ba43ab4c5bb4970262	.references/pawn/gamemodes/Fabiann227--AdvancedRP-SAMP/gamemodes/modules/player/report/cmd.pwn	Fabiann227--AdvancedRP-SAMP-source.zip	90656df0413f02a90f7cad82cab68e1acfae2219d8d2f89a425436df3d779e52
Fabiann227/AdvancedRP-SAMP	25d0c6105bea1b6de35f81ba43ab4c5bb4970262	.references/pawn/gamemodes/Fabiann227--AdvancedRP-SAMP/gamemodes/modules/player/playermark/callback.pwn	Fabiann227--AdvancedRP-SAMP-source.zip	3fadb77bd59a76b4f16f1b380e56f6f29b411d36663cc9eedd7bfddfebad6d0e
Fabiann227/AdvancedRP-SAMP	25d0c6105bea1b6de35f81ba43ab4c5bb4970262	.references/pawn/gamemodes/Fabiann227--AdvancedRP-SAMP/gamemodes/modules/player/playermark/function.pwn	Fabiann227--AdvancedRP-SAMP-source.zip	dc078974589bc90f63ee3c25a7f6374a16637b535cfc891e71a52ae6316533ee
Fabiann227/AdvancedRP-SAMP	25d0c6105bea1b6de35f81ba43ab4c5bb4970262	.references/pawn/gamemodes/Fabiann227--AdvancedRP-SAMP/gamemodes/modules/player/vip/core.pwn	Fabiann227--AdvancedRP-SAMP-source.zip	d815ca698e2362e33921e794e699481bd6c4b029d19a1ca3458aeb4542b7222c
Fabiann227/AdvancedRP-SAMP	25d0c6105bea1b6de35f81ba43ab4c5bb4970262	.references/pawn/gamemodes/Fabiann227--AdvancedRP-SAMP/gamemodes/modules/player/vip/cmd.pwn	Fabiann227--AdvancedRP-SAMP-source.zip	7f604f4ad8b2e9b44855a9ba6ecdb5bdced016c7bbfefaa5a6e3e7b841645010
Fabiann227/AdvancedRP-SAMP	25d0c6105bea1b6de35f81ba43ab4c5bb4970262	.references/pawn/gamemodes/Fabiann227--AdvancedRP-SAMP/gamemodes/modules/player/visual/hud.pwn	Fabiann227--AdvancedRP-SAMP-source.zip	8140c4a276d4eff508bc520bbdcc825eccac1af48d9819815380b0d5d0d03d36
Fabiann227/AdvancedRP-SAMP	25d0c6105bea1b6de35f81ba43ab4c5bb4970262	.references/pawn/gamemodes/Fabiann227--AdvancedRP-SAMP/gamemodes/modules/player/visual/notification.pwn	Fabiann227--AdvancedRP-SAMP-source.zip	d5d1d85ded63bc99478cf77b14625bb11845315c4625d1eae3ef7ace3b958889
Fabiann227/AdvancedRP-SAMP	25d0c6105bea1b6de35f81ba43ab4c5bb4970262	.references/pawn/gamemodes/Fabiann227--AdvancedRP-SAMP/gamemodes/modules/player/visual/cellphone.pwn	Fabiann227--AdvancedRP-SAMP-source.zip	b3497a3f9523d6aa718cd511620b459ed850bc003fd5b5b1c94d0a426250154c
Fabiann227/AdvancedRP-SAMP	25d0c6105bea1b6de35f81ba43ab4c5bb4970262	.references/pawn/gamemodes/Fabiann227--AdvancedRP-SAMP/gamemodes/modules/player/visual/inventory.pwn	Fabiann227--AdvancedRP-SAMP-source.zip	a1587899fc177e67a424406892ce27b39c18d9772ad179bbe36a9b10523aa6a0
Fabiann227/AdvancedRP-SAMP	25d0c6105bea1b6de35f81ba43ab4c5bb4970262	.references/pawn/gamemodes/Fabiann227--AdvancedRP-SAMP/gamemodes/modules/player/visual/speedometer.pwn	Fabiann227--AdvancedRP-SAMP-source.zip	f1c633412e3810c2336a473dc16b81bc4854f5c71a396b6b6105c7277488b8d5
Fabiann227/AdvancedRP-SAMP	25d0c6105bea1b6de35f81ba43ab4c5bb4970262	.references/pawn/gamemodes/Fabiann227--AdvancedRP-SAMP/gamemodes/modules/player/visual/idcard.pwn	Fabiann227--AdvancedRP-SAMP-source.zip	9fedfc841467e1bf0d74202f01eb3ad11922fd037bdc882d2ad736337ce4cf8d
Fabiann227/AdvancedRP-SAMP	25d0c6105bea1b6de35f81ba43ab4c5bb4970262	.references/pawn/gamemodes/Fabiann227--AdvancedRP-SAMP/gamemodes/modules/player/wardrobe/core.pwn	Fabiann227--AdvancedRP-SAMP-source.zip	f3545ca1e95b49d6120dedc1ce2cf50e7e2467be25cd28aa14d0a4534eaf3cf9
Fabiann227/AdvancedRP-SAMP	25d0c6105bea1b6de35f81ba43ab4c5bb4970262	.references/pawn/gamemodes/Fabiann227--AdvancedRP-SAMP/gamemodes/modules/player/wardrobe/cmd.pwn	Fabiann227--AdvancedRP-SAMP-source.zip	ed81b92b74e072dd62c7f365e892c06deca0d45a62b3c3a2a433d5b1440faf38
Fabiann227/AdvancedRP-SAMP	25d0c6105bea1b6de35f81ba43ab4c5bb4970262	.references/pawn/gamemodes/Fabiann227--AdvancedRP-SAMP/gamemodes/modules/player/wardrobe/dialog.pwn	Fabiann227--AdvancedRP-SAMP-source.zip	016bfc34b51722a322393c5654af49b2d57a620e658382b7fdbab5768f1d9a4b
Fabiann227/AdvancedRP-SAMP	25d0c6105bea1b6de35f81ba43ab4c5bb4970262	.references/pawn/gamemodes/Fabiann227--AdvancedRP-SAMP/gamemodes/modules/player/wardrobe/function.pwn	Fabiann227--AdvancedRP-SAMP-source.zip	0c6811e2c14ac5b36ecea8ebcfaf2c63a6d67d13c7eb118f4643aa0ac38e999f
Fabiann227/AdvancedRP-SAMP	25d0c6105bea1b6de35f81ba43ab4c5bb4970262	.references/pawn/gamemodes/Fabiann227--AdvancedRP-SAMP/gamemodes/modules/player/faction/gov.pwn	Fabiann227--AdvancedRP-SAMP-source.zip	3dae776a499073d8ff17e55612d4e13f3f11a79d92541f8345b9790bc5d35a8e
Fabiann227/AdvancedRP-SAMP	25d0c6105bea1b6de35f81ba43ab4c5bb4970262	.references/pawn/gamemodes/Fabiann227--AdvancedRP-SAMP/gamemodes/modules/player/items/boombox.pwn	Fabiann227--AdvancedRP-SAMP-source.zip	a7e0d5c5847614aa09bd6a082df5273be8222214327c8f94369518e4ebc159c4
Fabiann227/AdvancedRP-SAMP	25d0c6105bea1b6de35f81ba43ab4c5bb4970262	.references/pawn/gamemodes/Fabiann227--AdvancedRP-SAMP/gamemodes/modules/player/pet/core.pwn	Fabiann227--AdvancedRP-SAMP-source.zip	2c76920cee47c2d71ee97771878732bf11666134e408cd717a1aa2579619e900
Fabiann227/AdvancedRP-SAMP	25d0c6105bea1b6de35f81ba43ab4c5bb4970262	.references/pawn/gamemodes/Fabiann227--AdvancedRP-SAMP/gamemodes/modules/player/pet/timer.pwn	Fabiann227--AdvancedRP-SAMP-source.zip	9ea815b2db9fa26a7ba67691ce3a79a1ff7c062e87938b832d1ae68fbaa219d1
Fabiann227/AdvancedRP-SAMP	25d0c6105bea1b6de35f81ba43ab4c5bb4970262	.references/pawn/gamemodes/Fabiann227--AdvancedRP-SAMP/gamemodes/modules/player/pet/cmd.pwn	Fabiann227--AdvancedRP-SAMP-source.zip	d97523db270a9d4641f6a51e1dc7baaa9572c13cf5fb052fe93f1d64a1dc87b0
Fabiann227/AdvancedRP-SAMP	25d0c6105bea1b6de35f81ba43ab4c5bb4970262	.references/pawn/gamemodes/Fabiann227--AdvancedRP-SAMP/gamemodes/modules/player/pet/callback.pwn	Fabiann227--AdvancedRP-SAMP-source.zip	388d9e9005d2256b2d31a631a3c1975d11814ea35f1eeff44d572da03f20be8e
Fabiann227/AdvancedRP-SAMP	25d0c6105bea1b6de35f81ba43ab4c5bb4970262	.references/pawn/gamemodes/Fabiann227--AdvancedRP-SAMP/gamemodes/modules/player/pet/function.pwn	Fabiann227--AdvancedRP-SAMP-source.zip	b81f54a898c71b5cbee382a76067f74c31b6e68b3eed098bfa4dfe174f9e81d1
Fabiann227/AdvancedRP-SAMP	25d0c6105bea1b6de35f81ba43ab4c5bb4970262	.references/pawn/gamemodes/Fabiann227--AdvancedRP-SAMP/gamemodes/modules/player/relation/cmd.pwn	Fabiann227--AdvancedRP-SAMP-source.zip	e5349c43a780a12e4897ec633754c912a2efbb3ac9d553f4d9a4b4affffea52e
Fabiann227/AdvancedRP-SAMP	25d0c6105bea1b6de35f81ba43ab4c5bb4970262	.references/pawn/gamemodes/Fabiann227--AdvancedRP-SAMP/gamemodes/modules/player/relation/function.pwn	Fabiann227--AdvancedRP-SAMP-source.zip	fa945678c099f1e0de8a4fdc75166a0822a0e2e42cf74328a5d32b7cd401db81
Fabiann227/AdvancedRP-SAMP	25d0c6105bea1b6de35f81ba43ab4c5bb4970262	.references/pawn/gamemodes/Fabiann227--AdvancedRP-SAMP/gamemodes/modules/player/blacklist/core.pwn	Fabiann227--AdvancedRP-SAMP-source.zip	3f1b7589c05ad856df2bbe3871da69a33c2c74c0896c47b65ff85f5348f46989
Fabiann227/AdvancedRP-SAMP	25d0c6105bea1b6de35f81ba43ab4c5bb4970262	.references/pawn/gamemodes/Fabiann227--AdvancedRP-SAMP/gamemodes/modules/player/blacklist/commands.pwn	Fabiann227--AdvancedRP-SAMP-source.zip	06632ba8da498ee7aafa93c7b1cb663a7f41e7dcb40ed0297b68ecc6e10f58ab
Fabiann227/AdvancedRP-SAMP	25d0c6105bea1b6de35f81ba43ab4c5bb4970262	.references/pawn/gamemodes/Fabiann227--AdvancedRP-SAMP/gamemodes/modules/player/animation/database/core.pwn	Fabiann227--AdvancedRP-SAMP-source.zip	0f5d7ed5b8fee0eef285cfc59b3dba57b844cd46d05eed5cc2c885679a1294e3
Fabiann227/AdvancedRP-SAMP	25d0c6105bea1b6de35f81ba43ab4c5bb4970262	.references/pawn/gamemodes/Fabiann227--AdvancedRP-SAMP/gamemodes/modules/player/animation/database/callback.pwn	Fabiann227--AdvancedRP-SAMP-source.zip	cf8f084712312780841ff0b17cb9e0498717b1a642e400925f527c3f2d4338ba
Fabiann227/AdvancedRP-SAMP	25d0c6105bea1b6de35f81ba43ab4c5bb4970262	.references/pawn/gamemodes/Fabiann227--AdvancedRP-SAMP/gamemodes/modules/player/animation/database/func.pwn	Fabiann227--AdvancedRP-SAMP-source.zip	b0bd2cde681a45b6b0c1e2b3d28c28dc46d5fcb82acec343230d3a5461d552b4
Fabiann227/AdvancedRP-SAMP	25d0c6105bea1b6de35f81ba43ab4c5bb4970262	.references/pawn/gamemodes/Fabiann227--AdvancedRP-SAMP/gamemodes/modules/player/gambling/blackjack/core.pwn	Fabiann227--AdvancedRP-SAMP-source.zip	b1ae02740525016b231a23726d2921d36a156c0ff889eacfbce7a116ea4416aa
Fabiann227/AdvancedRP-SAMP	25d0c6105bea1b6de35f81ba43ab4c5bb4970262	.references/pawn/gamemodes/Fabiann227--AdvancedRP-SAMP/gamemodes/modules/player/gambling/blackjack/cmd.pwn	Fabiann227--AdvancedRP-SAMP-source.zip	f6e6deb6867dc6878fccfa14bf25ceef47c7e2beca3ef4ea45eaa8e31e9c6e25
Fabiann227/AdvancedRP-SAMP	25d0c6105bea1b6de35f81ba43ab4c5bb4970262	.references/pawn/gamemodes/Fabiann227--AdvancedRP-SAMP/gamemodes/modules/player/gambling/blackjack/callback.pwn	Fabiann227--AdvancedRP-SAMP-source.zip	d50adac0d2a39266c179424d01f723b9335d813176c3e9fd61cbf1a40ca04e52
Fabiann227/AdvancedRP-SAMP	25d0c6105bea1b6de35f81ba43ab4c5bb4970262	.references/pawn/gamemodes/Fabiann227--AdvancedRP-SAMP/gamemodes/modules/player/gambling/blackjack/dialog.pwn	Fabiann227--AdvancedRP-SAMP-source.zip	59fce5a73b1e97bf9bb2c9840695b08fed5002507c9621ad50e42e527122f8a1
Fabiann227/AdvancedRP-SAMP	25d0c6105bea1b6de35f81ba43ab4c5bb4970262	.references/pawn/gamemodes/Fabiann227--AdvancedRP-SAMP/gamemodes/modules/player/gambling/blackjack/func.pwn	Fabiann227--AdvancedRP-SAMP-source.zip	5b2f8255f83e11e3c853ed416c83f155d76b5bd2f22fc951cef73b23ba9645f5
Fabiann227/AdvancedRP-SAMP	25d0c6105bea1b6de35f81ba43ab4c5bb4970262	.references/pawn/gamemodes/Fabiann227--AdvancedRP-SAMP/gamemodes/modules/player/gambling/visual/blackjack.pwn	Fabiann227--AdvancedRP-SAMP-source.zip	0d7217b1a606b97458b924c8558e573273107dc0db1504523f68f9e165250622
Fabiann227/AdvancedRP-SAMP	25d0c6105bea1b6de35f81ba43ab4c5bb4970262	.references/pawn/gamemodes/Fabiann227--AdvancedRP-SAMP/gamemodes/modules/player/faction/government/cmd.pwn	Fabiann227--AdvancedRP-SAMP-source.zip	8026eeb670b70abc32cce580290340a61e996e64edf858a766c84bd943119f3b
Fabiann227/AdvancedRP-SAMP	25d0c6105bea1b6de35f81ba43ab4c5bb4970262	.references/pawn/gamemodes/Fabiann227--AdvancedRP-SAMP/gamemodes/modules/player/faction/government/dialog.pwn	Fabiann227--AdvancedRP-SAMP-source.zip	b3d9284977afa555c5441b4cb70bb0681b6819a56df3f26060c548e969f85a79
Fabiann227/AdvancedRP-SAMP	25d0c6105bea1b6de35f81ba43ab4c5bb4970262	.references/pawn/gamemodes/Fabiann227--AdvancedRP-SAMP/gamemodes/modules/player/faction/government/func.pwn	Fabiann227--AdvancedRP-SAMP-source.zip	efeba939ec7dcfe967ea44811413e51ae0f4059642244c318d177f0568b83eef
Fabiann227/AdvancedRP-SAMP	25d0c6105bea1b6de35f81ba43ab4c5bb4970262	.references/pawn/gamemodes/Fabiann227--AdvancedRP-SAMP/gamemodes/modules/unfinish/fgarage/core.pwn	Fabiann227--AdvancedRP-SAMP-source.zip	f5e3eb091303348edeb3b37882e3c779a69ce6714fe16c780825872e13df23a8
Fabiann227/AdvancedRP-SAMP	25d0c6105bea1b6de35f81ba43ab4c5bb4970262	.references/pawn/gamemodes/Fabiann227--AdvancedRP-SAMP/gamemodes/modules/unfinish/fgarage/cmd.pwn	Fabiann227--AdvancedRP-SAMP-source.zip	8cd13c5ee506764ee9d148dbcd4e5dde247fdb34ee9579a8a8b67644e7b868f2
Fabiann227/AdvancedRP-SAMP	25d0c6105bea1b6de35f81ba43ab4c5bb4970262	.references/pawn/gamemodes/Fabiann227--AdvancedRP-SAMP/gamemodes/modules/unfinish/fgarage/func.pwn	Fabiann227--AdvancedRP-SAMP-source.zip	bc367b548e2a552f2bab2e71ec966bf598da97e3357dfebeffd27963ffbd0c05
Fabiann227/AdvancedRP-SAMP	25d0c6105bea1b6de35f81ba43ab4c5bb4970262	.references/pawn/gamemodes/Fabiann227--AdvancedRP-SAMP/gamemodes/modules/dynamic/hunt/core.pwn	Fabiann227--AdvancedRP-SAMP-source.zip	5b340b429c925e40faf0405d2455ee8fdc97252724e71a419664365dd7e808aa
Fabiann227/AdvancedRP-SAMP	25d0c6105bea1b6de35f81ba43ab4c5bb4970262	.references/pawn/gamemodes/Fabiann227--AdvancedRP-SAMP/gamemodes/modules/dynamic/hunt/cmd.pwn	Fabiann227--AdvancedRP-SAMP-source.zip	b9e22aa618be46f27f990f3c145af6f29afa227c0c1899cf3c28ae2d12aea001
Fabiann227/AdvancedRP-SAMP	25d0c6105bea1b6de35f81ba43ab4c5bb4970262	.references/pawn/gamemodes/Fabiann227--AdvancedRP-SAMP/gamemodes/modules/dynamic/hunt/action.pwn	Fabiann227--AdvancedRP-SAMP-source.zip	b96b9c0f8518cbbf7eb6a9b4e2a450aaaf5e281b9cd7cfbccbd8ca1994ade8d2
Fabiann227/AdvancedRP-SAMP	25d0c6105bea1b6de35f81ba43ab4c5bb4970262	.references/pawn/gamemodes/Fabiann227--AdvancedRP-SAMP/gamemodes/modules/dynamic/market/core.pwn	Fabiann227--AdvancedRP-SAMP-source.zip	ef2a5b52bb30635692e48891bc912d4c9bb0b5df72ec97dacc176fb958bfa0a5
Fabiann227/AdvancedRP-SAMP	25d0c6105bea1b6de35f81ba43ab4c5bb4970262	.references/pawn/gamemodes/Fabiann227--AdvancedRP-SAMP/gamemodes/modules/dynamic/market/cmd.pwn	Fabiann227--AdvancedRP-SAMP-source.zip	0cf28978f595e14afd5e397e2e1a7557c913a7fbb2eb8b58a6e1d5ac2e08ed87
Fabiann227/AdvancedRP-SAMP	25d0c6105bea1b6de35f81ba43ab4c5bb4970262	.references/pawn/gamemodes/Fabiann227--AdvancedRP-SAMP/gamemodes/modules/dynamic/market/func.pwn	Fabiann227--AdvancedRP-SAMP-source.zip	a5f5fe7b52cde30c5d9f80093d0ba5d8346f3340ac84c2eefe57ace0d71cead0
Fabiann227/AdvancedRP-SAMP	25d0c6105bea1b6de35f81ba43ab4c5bb4970262	.references/pawn/gamemodes/Fabiann227--AdvancedRP-SAMP/gamemodes/modules/dynamic/atm/core.pwn	Fabiann227--AdvancedRP-SAMP-source.zip	3f9b5891c4a745d19dc8bbb07a5fac88525413ed897f38757140918fa460dbc6
Fabiann227/AdvancedRP-SAMP	25d0c6105bea1b6de35f81ba43ab4c5bb4970262	.references/pawn/gamemodes/Fabiann227--AdvancedRP-SAMP/gamemodes/modules/dynamic/atm/cmd.pwn	Fabiann227--AdvancedRP-SAMP-source.zip	3e072f29604788389433591c7b3af8b99a72cc9107f437eda67cc3fddceacd48
Fabiann227/AdvancedRP-SAMP	25d0c6105bea1b6de35f81ba43ab4c5bb4970262	.references/pawn/gamemodes/Fabiann227--AdvancedRP-SAMP/gamemodes/modules/dynamic/atm/func.pwn	Fabiann227--AdvancedRP-SAMP-source.zip	dcf290d2a3c64600a547336931266268800a266fcd5fa1cf0ae5c47d964c6660
Fabiann227/AdvancedRP-SAMP	25d0c6105bea1b6de35f81ba43ab4c5bb4970262	.references/pawn/gamemodes/Fabiann227--AdvancedRP-SAMP/gamemodes/modules/dynamic/lumber/core.pwn	Fabiann227--AdvancedRP-SAMP-source.zip	f5f7fceb7876a8bab41d401f2a3627f523d808f0c99911ef04d15419da3a7ba5
Fabiann227/AdvancedRP-SAMP	25d0c6105bea1b6de35f81ba43ab4c5bb4970262	.references/pawn/gamemodes/Fabiann227--AdvancedRP-SAMP/gamemodes/modules/dynamic/lumber/cmd.pwn	Fabiann227--AdvancedRP-SAMP-source.zip	acc8eae8000f090c04d2316f1551179c74a6d6756175c0d4173e44f00e0d3afd
Fabiann227/AdvancedRP-SAMP	25d0c6105bea1b6de35f81ba43ab4c5bb4970262	.references/pawn/gamemodes/Fabiann227--AdvancedRP-SAMP/gamemodes/modules/dynamic/lumber/action.pwn	Fabiann227--AdvancedRP-SAMP-source.zip	223d93c95b3e82fe2e14eb4d45543097dd95c6a3b56eb96666629f9d08604979
Fabiann227/AdvancedRP-SAMP	25d0c6105bea1b6de35f81ba43ab4c5bb4970262	.references/pawn/gamemodes/Fabiann227--AdvancedRP-SAMP/gamemodes/modules/dynamic/ccp/core.pwn	Fabiann227--AdvancedRP-SAMP-source.zip	d70e409771b039b848cf53030db909b4201789e593b614f29371f320820f5def
Fabiann227/AdvancedRP-SAMP	25d0c6105bea1b6de35f81ba43ab4c5bb4970262	.references/pawn/gamemodes/Fabiann227--AdvancedRP-SAMP/gamemodes/modules/dynamic/ccp/func.pwn	Fabiann227--AdvancedRP-SAMP-source.zip	d6b486dd1a1ab7bed4459a85195ab6ded11d1570cab5b8007d6f60a1944bdee7
Fabiann227/AdvancedRP-SAMP	25d0c6105bea1b6de35f81ba43ab4c5bb4970262	.references/pawn/gamemodes/Fabiann227--AdvancedRP-SAMP/gamemodes/modules/dynamic/dealer/core.pwn	Fabiann227--AdvancedRP-SAMP-source.zip	012703aff52bb6d3048d5ad9e5e9002ad94212273036619ca490c401289b49ef
Fabiann227/AdvancedRP-SAMP	25d0c6105bea1b6de35f81ba43ab4c5bb4970262	.references/pawn/gamemodes/Fabiann227--AdvancedRP-SAMP/gamemodes/modules/dynamic/dealer/cmd.pwn	Fabiann227--AdvancedRP-SAMP-source.zip	348ba34eb7297bb745cec0e1175779d1755692400ab34e853e1cc9641d126ef9
Fabiann227/AdvancedRP-SAMP	25d0c6105bea1b6de35f81ba43ab4c5bb4970262	.references/pawn/gamemodes/Fabiann227--AdvancedRP-SAMP/gamemodes/modules/dynamic/dealer/func.pwn	Fabiann227--AdvancedRP-SAMP-source.zip	a9d40ef4a31e466b3005530c3929eba7a94d804435959eeceb19673b17fc7160
Fabiann227/AdvancedRP-SAMP	25d0c6105bea1b6de35f81ba43ab4c5bb4970262	.references/pawn/gamemodes/Fabiann227--AdvancedRP-SAMP/gamemodes/modules/dynamic/cargo/core.pwn	Fabiann227--AdvancedRP-SAMP-source.zip	fc78424dce1ebddf688f99626aeba3fda05a463103ec147f36bc01c7c1c943b5
Fabiann227/AdvancedRP-SAMP	25d0c6105bea1b6de35f81ba43ab4c5bb4970262	.references/pawn/gamemodes/Fabiann227--AdvancedRP-SAMP/gamemodes/modules/dynamic/cargo/cmd.pwn	Fabiann227--AdvancedRP-SAMP-source.zip	f90a74d18f76a01fc18a08141ae88ce507093a5eaf77d7a103ccaffa1ce1d74f
Fabiann227/AdvancedRP-SAMP	25d0c6105bea1b6de35f81ba43ab4c5bb4970262	.references/pawn/gamemodes/Fabiann227--AdvancedRP-SAMP/gamemodes/modules/dynamic/cargo/action.pwn	Fabiann227--AdvancedRP-SAMP-source.zip	c48aecd163a5a782a0792f789790f59bf57adc39d5e4213a13778954025ccbb3
Fabiann227/AdvancedRP-SAMP	25d0c6105bea1b6de35f81ba43ab4c5bb4970262	.references/pawn/gamemodes/Fabiann227--AdvancedRP-SAMP/gamemodes/modules/dynamic/cargo/func.pwn	Fabiann227--AdvancedRP-SAMP-source.zip	8a9c6716fb7242e4b60d876c2b1a7111f909b08d248c1be155f02135f75c816a
Fabiann227/AdvancedRP-SAMP	25d0c6105bea1b6de35f81ba43ab4c5bb4970262	.references/pawn/gamemodes/Fabiann227--AdvancedRP-SAMP/gamemodes/modules/dynamic/fire/core.pwn	Fabiann227--AdvancedRP-SAMP-source.zip	c312c05e7fd4ce374294c59b1c7fc4c2c3df29715d46dfc0056af8a12146e4d9
Fabiann227/AdvancedRP-SAMP	25d0c6105bea1b6de35f81ba43ab4c5bb4970262	.references/pawn/gamemodes/Fabiann227--AdvancedRP-SAMP/gamemodes/modules/dynamic/fire/cmd.pwn	Fabiann227--AdvancedRP-SAMP-source.zip	c7a74a3582b4d2b697c44c62cfa227cdcbb391998b48c1ba9ca60e6bb4f39b16
Fabiann227/AdvancedRP-SAMP	25d0c6105bea1b6de35f81ba43ab4c5bb4970262	.references/pawn/gamemodes/Fabiann227--AdvancedRP-SAMP/gamemodes/modules/dynamic/fire/callback.pwn	Fabiann227--AdvancedRP-SAMP-source.zip	e59e663b714821cddae1679c4ea983491b60a0fec314bcab476d8496139385b0
Fabiann227/AdvancedRP-SAMP	25d0c6105bea1b6de35f81ba43ab4c5bb4970262	.references/pawn/gamemodes/Fabiann227--AdvancedRP-SAMP/gamemodes/modules/dynamic/fire/function.pwn	Fabiann227--AdvancedRP-SAMP-source.zip	2bdaff275a0cdf6f3e0b89e149ebb8e98e8b5f9835578afc0b73d2f4928f7cf7
Fabiann227/AdvancedRP-SAMP	25d0c6105bea1b6de35f81ba43ab4c5bb4970262	.references/pawn/gamemodes/Fabiann227--AdvancedRP-SAMP/gamemodes/modules/dynamic/veh/core.pwn	Fabiann227--AdvancedRP-SAMP-source.zip	d054323be42126a8e06530c5178554ea4b07421cd2b8b492975c990d3d8e9e1c
Fabiann227/AdvancedRP-SAMP	25d0c6105bea1b6de35f81ba43ab4c5bb4970262	.references/pawn/gamemodes/Fabiann227--AdvancedRP-SAMP/gamemodes/modules/dynamic/veh/cmd.pwn	Fabiann227--AdvancedRP-SAMP-source.zip	8270b9bca1de50fe1a0fb08700b26045c888546869b2872dfaee6c34bb094b40
Fabiann227/AdvancedRP-SAMP	25d0c6105bea1b6de35f81ba43ab4c5bb4970262	.references/pawn/gamemodes/Fabiann227--AdvancedRP-SAMP/gamemodes/modules/dynamic/veh/chopshop.pwn	Fabiann227--AdvancedRP-SAMP-source.zip	b834cad3d77feb76e151b05a179bfd0078034f16ed5e6f55b78c966694bd4d0d
Fabiann227/AdvancedRP-SAMP	25d0c6105bea1b6de35f81ba43ab4c5bb4970262	.references/pawn/gamemodes/Fabiann227--AdvancedRP-SAMP/gamemodes/modules/dynamic/veh/action.pwn	Fabiann227--AdvancedRP-SAMP-source.zip	30f203830e73ee9afa879fa3c5b47748931247e8e4d77878d6474ead39776bed
Fabiann227/AdvancedRP-SAMP	25d0c6105bea1b6de35f81ba43ab4c5bb4970262	.references/pawn/gamemodes/Fabiann227--AdvancedRP-SAMP/gamemodes/modules/dynamic/veh/gunrack.pwn	Fabiann227--AdvancedRP-SAMP-source.zip	b3d8ea7420490a02d2e4d57d36e1f60c29e56a6b4dc3651e32422919824c2b9d
Fabiann227/AdvancedRP-SAMP	25d0c6105bea1b6de35f81ba43ab4c5bb4970262	.references/pawn/gamemodes/Fabiann227--AdvancedRP-SAMP/gamemodes/modules/dynamic/veh/func.pwn	Fabiann227--AdvancedRP-SAMP-source.zip	74a7c126a5793b7d9974cdb55a8968cb02521347d15cf37ff8aa1e7dbeeb60f1
Fabiann227/AdvancedRP-SAMP	25d0c6105bea1b6de35f81ba43ab4c5bb4970262	.references/pawn/gamemodes/Fabiann227--AdvancedRP-SAMP/gamemodes/modules/dynamic/veh/vkeys.pwn	Fabiann227--AdvancedRP-SAMP-source.zip	14f64644bfc5bed25437c7ab90c46ee443295884ab0ea8cfaac1c447ee22b315
Fabiann227/AdvancedRP-SAMP	25d0c6105bea1b6de35f81ba43ab4c5bb4970262	.references/pawn/gamemodes/Fabiann227--AdvancedRP-SAMP/gamemodes/modules/dynamic/veh/speedradar.pwn	Fabiann227--AdvancedRP-SAMP-source.zip	ed90ff0e1645de9300734d44e43892e1aae95e7b1fe3f53bc62fff0445faaa97
Fabiann227/AdvancedRP-SAMP	25d0c6105bea1b6de35f81ba43ab4c5bb4970262	.references/pawn/gamemodes/Fabiann227--AdvancedRP-SAMP/gamemodes/modules/dynamic/gate/core.pwn	Fabiann227--AdvancedRP-SAMP-source.zip	1fc1aa089bc43b33aec7a53104ec3f2d8edae734f2fd5fa2e1b01f177c228f4f
Fabiann227/AdvancedRP-SAMP	25d0c6105bea1b6de35f81ba43ab4c5bb4970262	.references/pawn/gamemodes/Fabiann227--AdvancedRP-SAMP/gamemodes/modules/dynamic/gate/cmd.pwn	Fabiann227--AdvancedRP-SAMP-source.zip	5680c3d38f4574524ff1c0874bbadb614ff828a3142d29ce4552dd45683a116c
Fabiann227/AdvancedRP-SAMP	25d0c6105bea1b6de35f81ba43ab4c5bb4970262	.references/pawn/gamemodes/Fabiann227--AdvancedRP-SAMP/gamemodes/modules/dynamic/gate/action.pwn	Fabiann227--AdvancedRP-SAMP-source.zip	11a9375c9d929807a143f8380574d0daf250540493f03c3c585a094f8010b41b
Fabiann227/AdvancedRP-SAMP	25d0c6105bea1b6de35f81ba43ab4c5bb4970262	.references/pawn/gamemodes/Fabiann227--AdvancedRP-SAMP/gamemodes/modules/dynamic/furn/core.pwn	Fabiann227--AdvancedRP-SAMP-source.zip	2d5c871ce5828e5cf2179739467ee457eea083756de969a1635703d126f6b5e9
Fabiann227/AdvancedRP-SAMP	25d0c6105bea1b6de35f81ba43ab4c5bb4970262	.references/pawn/gamemodes/Fabiann227--AdvancedRP-SAMP/gamemodes/modules/dynamic/furn/furnobject.pwn	Fabiann227--AdvancedRP-SAMP-source.zip	33287f5de4ccc908dcf0337875e064f83c4da8baa4ea2fb4dfeadf93d95a03cf
Fabiann227/AdvancedRP-SAMP	25d0c6105bea1b6de35f81ba43ab4c5bb4970262	.references/pawn/gamemodes/Fabiann227--AdvancedRP-SAMP/gamemodes/modules/dynamic/furn/furnstore.pwn	Fabiann227--AdvancedRP-SAMP-source.zip	d72243b6be798412a905596c6e0ca07b4c6af5f2701167e8b2b3169bae418a07
Fabiann227/AdvancedRP-SAMP	25d0c6105bea1b6de35f81ba43ab4c5bb4970262	.references/pawn/gamemodes/Fabiann227--AdvancedRP-SAMP/gamemodes/modules/dynamic/Rent/main.pwn	Fabiann227--AdvancedRP-SAMP-source.zip	a1d6d94ab4ed91c6780901413b0ea685b7ec3e2c3c62b718c8a406e31d3defcf
Fabiann227/AdvancedRP-SAMP	25d0c6105bea1b6de35f81ba43ab4c5bb4970262	.references/pawn/gamemodes/Fabiann227--AdvancedRP-SAMP/gamemodes/modules/dynamic/job/core.pwn	Fabiann227--AdvancedRP-SAMP-source.zip	324e20ad634f3e34846cfb3b9bfaefc64b30720d9307dd2ca44d6429d2aff741
Fabiann227/AdvancedRP-SAMP	25d0c6105bea1b6de35f81ba43ab4c5bb4970262	.references/pawn/gamemodes/Fabiann227--AdvancedRP-SAMP/gamemodes/modules/dynamic/corps/core.pwn	Fabiann227--AdvancedRP-SAMP-source.zip	260336701f4ce831e2dc3f8b699a55aef2fdcbcf8468876cf159b7504cbe0df3
Fabiann227/AdvancedRP-SAMP	25d0c6105bea1b6de35f81ba43ab4c5bb4970262	.references/pawn/gamemodes/Fabiann227--AdvancedRP-SAMP/gamemodes/modules/dynamic/corps/cmd.pwn	Fabiann227--AdvancedRP-SAMP-source.zip	a8ff80b897da1c470fd9f081bcfe27170b57d67062f53df6e1fe014da85205bc
Fabiann227/AdvancedRP-SAMP	25d0c6105bea1b6de35f81ba43ab4c5bb4970262	.references/pawn/gamemodes/Fabiann227--AdvancedRP-SAMP/gamemodes/modules/dynamic/corps/func.pwn	Fabiann227--AdvancedRP-SAMP-source.zip	aaa8d56038706ff20e5a4949d98b58a67f89f8757da8297067379bb50ecc55c0
Fabiann227/AdvancedRP-SAMP	25d0c6105bea1b6de35f81ba43ab4c5bb4970262	.references/pawn/gamemodes/Fabiann227--AdvancedRP-SAMP/gamemodes/modules/dynamic/tags/core.pwn	Fabiann227--AdvancedRP-SAMP-source.zip	fc2752455bfe2aea780d569c0ba59b852220a3faf933ac1540707d916ed0f64b
Fabiann227/AdvancedRP-SAMP	25d0c6105bea1b6de35f81ba43ab4c5bb4970262	.references/pawn/gamemodes/Fabiann227--AdvancedRP-SAMP/gamemodes/modules/dynamic/tags/cmd.pwn	Fabiann227--AdvancedRP-SAMP-source.zip	5491464228f625c5cacae5d37e06b491982ddb39450263238a1b972461398729
Fabiann227/AdvancedRP-SAMP	25d0c6105bea1b6de35f81ba43ab4c5bb4970262	.references/pawn/gamemodes/Fabiann227--AdvancedRP-SAMP/gamemodes/modules/dynamic/tags/impl.pwn	Fabiann227--AdvancedRP-SAMP-source.zip	22d4fe62a0aa6e33bd9eeb93774259dcaed5476583b66dffd65e8d0006c2d864
Fabiann227/AdvancedRP-SAMP	25d0c6105bea1b6de35f81ba43ab4c5bb4970262	.references/pawn/gamemodes/Fabiann227--AdvancedRP-SAMP/gamemodes/modules/dynamic/tags/func.pwn	Fabiann227--AdvancedRP-SAMP-source.zip	6cad4f13a00d5081957350e1c8c69a7b49a16685b6d05f7f7a8d06d8c9bd4e62
Fabiann227/AdvancedRP-SAMP	25d0c6105bea1b6de35f81ba43ab4c5bb4970262	.references/pawn/gamemodes/Fabiann227--AdvancedRP-SAMP/gamemodes/modules/dynamic/cade/core.pwn	Fabiann227--AdvancedRP-SAMP-source.zip	b4af3fd9ca924d1c214d73e679082d546eb912e662b52b73a451174edafbdfeb
Fabiann227/AdvancedRP-SAMP	25d0c6105bea1b6de35f81ba43ab4c5bb4970262	.references/pawn/gamemodes/Fabiann227--AdvancedRP-SAMP/gamemodes/modules/dynamic/cade/cmd.pwn	Fabiann227--AdvancedRP-SAMP-source.zip	c26453f342f43a5338412c373a1635dab98d2c63b930afd7b859fe3eaab86899
Fabiann227/AdvancedRP-SAMP	25d0c6105bea1b6de35f81ba43ab4c5bb4970262	.references/pawn/gamemodes/Fabiann227--AdvancedRP-SAMP/gamemodes/modules/dynamic/cade/callback.pwn	Fabiann227--AdvancedRP-SAMP-source.zip	818570fe4ce121f9a6965b2c35a41ed83ea0c74dd8ce8bb171bbf74670e80ddf
Fabiann227/AdvancedRP-SAMP	25d0c6105bea1b6de35f81ba43ab4c5bb4970262	.references/pawn/gamemodes/Fabiann227--AdvancedRP-SAMP/gamemodes/modules/dynamic/cade/func.pwn	Fabiann227--AdvancedRP-SAMP-source.zip	898c1281ee844f6dd847b073a32c41a2afce5c3582ff4f1b483187c24c64b5b3
Fabiann227/AdvancedRP-SAMP	25d0c6105bea1b6de35f81ba43ab4c5bb4970262	.references/pawn/gamemodes/Fabiann227--AdvancedRP-SAMP/gamemodes/modules/dynamic/pump/core.pwn	Fabiann227--AdvancedRP-SAMP-source.zip	fcca178b99ba6b6b0c60b1db371a9cc72b99b3489fdbf9f191b4d8e711f0277c
Fabiann227/AdvancedRP-SAMP	25d0c6105bea1b6de35f81ba43ab4c5bb4970262	.references/pawn/gamemodes/Fabiann227--AdvancedRP-SAMP/gamemodes/modules/dynamic/pump/cmd.pwn	Fabiann227--AdvancedRP-SAMP-source.zip	bbb8b4280c80e96091dfbf7ea04b6a20d78adac0da839faad7ede2c76665f14b
Fabiann227/AdvancedRP-SAMP	25d0c6105bea1b6de35f81ba43ab4c5bb4970262	.references/pawn/gamemodes/Fabiann227--AdvancedRP-SAMP/gamemodes/modules/dynamic/pump/action.pwn	Fabiann227--AdvancedRP-SAMP-source.zip	724fb7e72110058044c47ea39c89a0249d87571c7ec1f0aa278962e9575a18f6
Fabiann227/AdvancedRP-SAMP	25d0c6105bea1b6de35f81ba43ab4c5bb4970262	.references/pawn/gamemodes/Fabiann227--AdvancedRP-SAMP/gamemodes/modules/dynamic/rental/core.pwn	Fabiann227--AdvancedRP-SAMP-source.zip	dce4fdab81896f0dde514c2cd6d5965a925bf18d1d712798a496468d7f660933
Fabiann227/AdvancedRP-SAMP	25d0c6105bea1b6de35f81ba43ab4c5bb4970262	.references/pawn/gamemodes/Fabiann227--AdvancedRP-SAMP/gamemodes/modules/dynamic/rental/cmd.pwn	Fabiann227--AdvancedRP-SAMP-source.zip	fc08c18119d5c0401bff3436d62ce63e4fb00b1b2f62c178a54cc39e782ba2a4
Fabiann227/AdvancedRP-SAMP	25d0c6105bea1b6de35f81ba43ab4c5bb4970262	.references/pawn/gamemodes/Fabiann227--AdvancedRP-SAMP/gamemodes/modules/dynamic/rental/action.pwn	Fabiann227--AdvancedRP-SAMP-source.zip	5a5c380834eec086345a82fdbbb604b73f6096a66a0d442dd73cd9c27c13d01e
Fabiann227/AdvancedRP-SAMP	25d0c6105bea1b6de35f81ba43ab4c5bb4970262	.references/pawn/gamemodes/Fabiann227--AdvancedRP-SAMP/gamemodes/modules/dynamic/actor/core.pwn	Fabiann227--AdvancedRP-SAMP-source.zip	2d5e94b7ad1b87f2fe8634d5b52b3c691afb1ea2dd9fcd0a934dc80f64c747d1
Fabiann227/AdvancedRP-SAMP	25d0c6105bea1b6de35f81ba43ab4c5bb4970262	.references/pawn/gamemodes/Fabiann227--AdvancedRP-SAMP/gamemodes/modules/dynamic/actor/cmd.pwn	Fabiann227--AdvancedRP-SAMP-source.zip	b31721599109aa8360b78483b266b24cd1655a4bb519e4df4f5ebfe6d90fcf66
Fabiann227/AdvancedRP-SAMP	25d0c6105bea1b6de35f81ba43ab4c5bb4970262	.references/pawn/gamemodes/Fabiann227--AdvancedRP-SAMP/gamemodes/modules/dynamic/actor/callback.pwn	Fabiann227--AdvancedRP-SAMP-source.zip	9b78c1f85cbec7c3a9fe129fe9b179f88336cce0ebaca4b668f665ed3b317e7e
Fabiann227/AdvancedRP-SAMP	25d0c6105bea1b6de35f81ba43ab4c5bb4970262	.references/pawn/gamemodes/Fabiann227--AdvancedRP-SAMP/gamemodes/modules/dynamic/actor/func.pwn	Fabiann227--AdvancedRP-SAMP-source.zip	0cc993e04afef7c1c4cbe66a1bd655633d1e046c8149ab227867dc8ddafe4bce
Fabiann227/AdvancedRP-SAMP	25d0c6105bea1b6de35f81ba43ab4c5bb4970262	.references/pawn/gamemodes/Fabiann227--AdvancedRP-SAMP/gamemodes/modules/dynamic/unfinished/farmerv2.pwn	Fabiann227--AdvancedRP-SAMP-source.zip	7b0136ab264a9f263fe8170f21b5e8cb8675a24dd39c22c34c2dc87b94645e5a
Fabiann227/AdvancedRP-SAMP	25d0c6105bea1b6de35f81ba43ab4c5bb4970262	.references/pawn/gamemodes/Fabiann227--AdvancedRP-SAMP/gamemodes/modules/dynamic/unfinished/testtexture.pwn	Fabiann227--AdvancedRP-SAMP-source.zip	456e337888f34803d72cebb5d25b2b79c8df0b9af38b5f6f3fde334fab539ee5
Fabiann227/AdvancedRP-SAMP	25d0c6105bea1b6de35f81ba43ab4c5bb4970262	.references/pawn/gamemodes/Fabiann227--AdvancedRP-SAMP/gamemodes/modules/dynamic/unfinished/farmer.pwn	Fabiann227--AdvancedRP-SAMP-source.zip	3c27f5571a6f27348bddc2a222d244e4d357639fb55d9ea9c591a705f4fed843
Fabiann227/AdvancedRP-SAMP	25d0c6105bea1b6de35f81ba43ab4c5bb4970262	.references/pawn/gamemodes/Fabiann227--AdvancedRP-SAMP/gamemodes/modules/dynamic/plant/core.pwn	Fabiann227--AdvancedRP-SAMP-source.zip	fa46e1b94a25b94262e6cb10e7e079ed9d96da76949a0359801ed72a639f928f
Fabiann227/AdvancedRP-SAMP	25d0c6105bea1b6de35f81ba43ab4c5bb4970262	.references/pawn/gamemodes/Fabiann227--AdvancedRP-SAMP/gamemodes/modules/dynamic/plant/cmd.pwn	Fabiann227--AdvancedRP-SAMP-source.zip	c434180adbd4f9af598e3aa66cf573b45729d4407f93ba7d6ae987f24ae98057
Fabiann227/AdvancedRP-SAMP	25d0c6105bea1b6de35f81ba43ab4c5bb4970262	.references/pawn/gamemodes/Fabiann227--AdvancedRP-SAMP/gamemodes/modules/dynamic/plant/impl.pwn	Fabiann227--AdvancedRP-SAMP-source.zip	6cbcb2b7de68c055ca612c3ed74440d2744595ad1a782f270fc3955dd662e7d8
Fabiann227/AdvancedRP-SAMP	25d0c6105bea1b6de35f81ba43ab4c5bb4970262	.references/pawn/gamemodes/Fabiann227--AdvancedRP-SAMP/gamemodes/modules/dynamic/plant/func.pwn	Fabiann227--AdvancedRP-SAMP-source.zip	342f061a345b343139d0b0cfba70ed7f1dfce97260926d58a2568194e79dcd7d
Fabiann227/AdvancedRP-SAMP	25d0c6105bea1b6de35f81ba43ab4c5bb4970262	.references/pawn/gamemodes/Fabiann227--AdvancedRP-SAMP/gamemodes/modules/dynamic/vending/core.pwn	Fabiann227--AdvancedRP-SAMP-source.zip	a9639cc70125766114b6a86089a8320465026f2a2a103bf90c9ad5d206ce0325
Fabiann227/AdvancedRP-SAMP	25d0c6105bea1b6de35f81ba43ab4c5bb4970262	.references/pawn/gamemodes/Fabiann227--AdvancedRP-SAMP/gamemodes/modules/dynamic/vending/cmd.pwn	Fabiann227--AdvancedRP-SAMP-source.zip	4e4d3ace11cabd98668ee30361d9a5a0ed73c0142ec744deacf979e944053bb1
Fabiann227/AdvancedRP-SAMP	25d0c6105bea1b6de35f81ba43ab4c5bb4970262	.references/pawn/gamemodes/Fabiann227--AdvancedRP-SAMP/gamemodes/modules/dynamic/vending/callback.pwn	Fabiann227--AdvancedRP-SAMP-source.zip	8a310b2a4bbdea79d0fb911968179cc1e13a463b7b0efe28316c1addb86125ae
Fabiann227/AdvancedRP-SAMP	25d0c6105bea1b6de35f81ba43ab4c5bb4970262	.references/pawn/gamemodes/Fabiann227--AdvancedRP-SAMP/gamemodes/modules/dynamic/vending/func.pwn	Fabiann227--AdvancedRP-SAMP-source.zip	6e5a5cec20b8e4369d1b38621e5cbbd92fe93df8f42a3b7ddb2a42563e5052ae
Fabiann227/AdvancedRP-SAMP	25d0c6105bea1b6de35f81ba43ab4c5bb4970262	.references/pawn/gamemodes/Fabiann227--AdvancedRP-SAMP/gamemodes/modules/dynamic/bsmn/core.pwn	Fabiann227--AdvancedRP-SAMP-source.zip	7906bd826d005e251127864b5fb5f386b07bdcb4d171f5784f4e6fcd837a5864
Fabiann227/AdvancedRP-SAMP	25d0c6105bea1b6de35f81ba43ab4c5bb4970262	.references/pawn/gamemodes/Fabiann227--AdvancedRP-SAMP/gamemodes/modules/dynamic/bsmn/cmd.pwn	Fabiann227--AdvancedRP-SAMP-source.zip	d6036afc1e6ab496f841797e30cfe4e626c510b8b91f2f5a4ab1ca1fb5866b8f
Fabiann227/AdvancedRP-SAMP	25d0c6105bea1b6de35f81ba43ab4c5bb4970262	.references/pawn/gamemodes/Fabiann227--AdvancedRP-SAMP/gamemodes/modules/dynamic/bsmn/action.pwn	Fabiann227--AdvancedRP-SAMP-source.zip	500a4c4f3e6595f3233aee7fc3b3ec9e62adb2f03f977416e1d40288e8822ef4
Fabiann227/AdvancedRP-SAMP	25d0c6105bea1b6de35f81ba43ab4c5bb4970262	.references/pawn/gamemodes/Fabiann227--AdvancedRP-SAMP/gamemodes/modules/dynamic/bsmn/func.pwn	Fabiann227--AdvancedRP-SAMP-source.zip	7c9c7759620591f25668b975deb02faa67387e1217b9603787a4d52f1373532f
Fabiann227/AdvancedRP-SAMP	25d0c6105bea1b6de35f81ba43ab4c5bb4970262	.references/pawn/gamemodes/Fabiann227--AdvancedRP-SAMP/gamemodes/modules/dynamic/speed/core.pwn	Fabiann227--AdvancedRP-SAMP-source.zip	9fca62f6c021ff380044e56a10d94fa6b2ccbb3bedbd8840f16f344c3982bf2b
Fabiann227/AdvancedRP-SAMP	25d0c6105bea1b6de35f81ba43ab4c5bb4970262	.references/pawn/gamemodes/Fabiann227--AdvancedRP-SAMP/gamemodes/modules/dynamic/speed/cmd.pwn	Fabiann227--AdvancedRP-SAMP-source.zip	ef8de6af373240d42a719fd6b2b837fba53fa5b3fd6c2745dbfe6402c5ce3c00
Fabiann227/AdvancedRP-SAMP	25d0c6105bea1b6de35f81ba43ab4c5bb4970262	.references/pawn/gamemodes/Fabiann227--AdvancedRP-SAMP/gamemodes/modules/dynamic/speed/func.pwn	Fabiann227--AdvancedRP-SAMP-source.zip	9521b40312db415012786e0c2235ffdfbf1ffd64a7cae40d60fe8c26dbb69369
Fabiann227/AdvancedRP-SAMP	25d0c6105bea1b6de35f81ba43ab4c5bb4970262	.references/pawn/gamemodes/Fabiann227--AdvancedRP-SAMP/gamemodes/modules/dynamic/veh/gunrack/core.pwn	Fabiann227--AdvancedRP-SAMP-source.zip	8d25823e9bf71c2a8d0b52d1d2646c7d4dd6d4149742ca1266fd58dc413ed650
Fabiann227/AdvancedRP-SAMP	25d0c6105bea1b6de35f81ba43ab4c5bb4970262	.references/pawn/gamemodes/Fabiann227--AdvancedRP-SAMP/gamemodes/modules/dynamic/veh/gunrack/cmd.pwn	Fabiann227--AdvancedRP-SAMP-source.zip	9f332bcc3165775d14a44cb59267d1786ee619408bd1627e113665aa8040ed18
Fabiann227/AdvancedRP-SAMP	25d0c6105bea1b6de35f81ba43ab4c5bb4970262	.references/pawn/gamemodes/Fabiann227--AdvancedRP-SAMP/gamemodes/modules/dynamic/veh/gunrack/callback.pwn	Fabiann227--AdvancedRP-SAMP-source.zip	570e4cf98a9daced1772dbd3ce210494a1ee78be1acc28ab89f5cc887b70ed7c
Fabiann227/AdvancedRP-SAMP	25d0c6105bea1b6de35f81ba43ab4c5bb4970262	.references/pawn/gamemodes/Fabiann227--AdvancedRP-SAMP/gamemodes/modules/dynamic/veh/gunrack/func.pwn	Fabiann227--AdvancedRP-SAMP-source.zip	90ee60dfb231b1635d1320807f9994feb1a3326c0737fed4a59534eac7b374c0
Fabiann227/AdvancedRP-SAMP	25d0c6105bea1b6de35f81ba43ab4c5bb4970262	.references/pawn/gamemodes/Fabiann227--AdvancedRP-SAMP/gamemodes/modules/dynamic/apartment/parking/cmd.pwn	Fabiann227--AdvancedRP-SAMP-source.zip	54690cbe1799250cd3b2b6ff155755ec7a0cab8173d00493a7bed9831b5b4ffd
Fabiann227/AdvancedRP-SAMP	25d0c6105bea1b6de35f81ba43ab4c5bb4970262	.references/pawn/gamemodes/Fabiann227--AdvancedRP-SAMP/gamemodes/modules/dynamic/apartment/parking/dialog.pwn	Fabiann227--AdvancedRP-SAMP-source.zip	57448c01ff30aaab7fbba6742472c0d23de6c27fd209131c0909bc618f9c20a5
Fabiann227/AdvancedRP-SAMP	25d0c6105bea1b6de35f81ba43ab4c5bb4970262	.references/pawn/gamemodes/Fabiann227--AdvancedRP-SAMP/gamemodes/modules/dynamic/apartment/parking/func.pwn	Fabiann227--AdvancedRP-SAMP-source.zip	1d323e3b443b2ba7d770f77fe414cb7c27c44949bbfb16b31a5573ed814d984e
Fabiann227/AdvancedRP-SAMP	25d0c6105bea1b6de35f81ba43ab4c5bb4970262	.references/pawn/gamemodes/Fabiann227--AdvancedRP-SAMP/gamemodes/modules/dynamic/apartment/weaponstorage/core.pwn	Fabiann227--AdvancedRP-SAMP-source.zip	5ce6745d6d6d6f6f9a96ce3f4a97ae609ef594cff5c8fbf0b25582c0829b0e49
Fabiann227/AdvancedRP-SAMP	25d0c6105bea1b6de35f81ba43ab4c5bb4970262	.references/pawn/gamemodes/Fabiann227--AdvancedRP-SAMP/gamemodes/modules/dynamic/apartment/weaponstorage/dialog.pwn	Fabiann227--AdvancedRP-SAMP-source.zip	18aac35b36282dca889f76f010b9424f164034fdfcd0beb54a8d36599b35e686
Fabiann227/AdvancedRP-SAMP	25d0c6105bea1b6de35f81ba43ab4c5bb4970262	.references/pawn/gamemodes/Fabiann227--AdvancedRP-SAMP/gamemodes/modules/dynamic/apartment/weaponstorage/func.pwn	Fabiann227--AdvancedRP-SAMP-source.zip	b51bd16ea0a3cdadad5ff4ff962ebaf9e8c5227b2fda7e1aededbc2f6ddaf398
Fabiann227/AdvancedRP-SAMP	25d0c6105bea1b6de35f81ba43ab4c5bb4970262	.references/pawn/gamemodes/Fabiann227--AdvancedRP-SAMP/gamemodes/modules/dynamic/apartment/room/core.pwn	Fabiann227--AdvancedRP-SAMP-source.zip	4777c8609682ac7148f0339057de4cdf5a01ef03e32463effce75bc3aef2a2e7
Fabiann227/AdvancedRP-SAMP	25d0c6105bea1b6de35f81ba43ab4c5bb4970262	.references/pawn/gamemodes/Fabiann227--AdvancedRP-SAMP/gamemodes/modules/dynamic/apartment/room/cmd.pwn	Fabiann227--AdvancedRP-SAMP-source.zip	7f59ac558afa9fb74c05057fd2af3178d4c5fac2bda7165634075d2487d73605
Fabiann227/AdvancedRP-SAMP	25d0c6105bea1b6de35f81ba43ab4c5bb4970262	.references/pawn/gamemodes/Fabiann227--AdvancedRP-SAMP/gamemodes/modules/dynamic/apartment/room/callback.pwn	Fabiann227--AdvancedRP-SAMP-source.zip	881559722368993b1a7db717fbfd741ad4df14e2e3c860f23eef8e1b16eaca09
Fabiann227/AdvancedRP-SAMP	25d0c6105bea1b6de35f81ba43ab4c5bb4970262	.references/pawn/gamemodes/Fabiann227--AdvancedRP-SAMP/gamemodes/modules/dynamic/apartment/room/func.pwn	Fabiann227--AdvancedRP-SAMP-source.zip	b68b4e6686a3fdb23ce02d461e369d07bb1532badd3506f897d75bdd72d6c6d1
Fabiann227/AdvancedRP-SAMP	25d0c6105bea1b6de35f81ba43ab4c5bb4970262	.references/pawn/gamemodes/Fabiann227--AdvancedRP-SAMP/gamemodes/modules/dynamic/apartment/apartmaps/elevator.pwn	Fabiann227--AdvancedRP-SAMP-source.zip	a386fa00dc0797cb715a2490076484603ff776d0ffb60d5913205980ee1e56ac
Fabiann227/AdvancedRP-SAMP	25d0c6105bea1b6de35f81ba43ab4c5bb4970262	.references/pawn/gamemodes/Fabiann227--AdvancedRP-SAMP/gamemodes/modules/dynamic/apartment/apartmaps/apartext_1.pwn	Fabiann227--AdvancedRP-SAMP-source.zip	548220156463987fe5333b9057baf4408751cc966ed160efa0438fd234898ef3
Fabiann227/AdvancedRP-SAMP	25d0c6105bea1b6de35f81ba43ab4c5bb4970262	.references/pawn/gamemodes/Fabiann227--AdvancedRP-SAMP/gamemodes/modules/dynamic/apartment/apartmaps/luxury.pwn	Fabiann227--AdvancedRP-SAMP-source.zip	fbb80a6ad6a4d90144000e779379ad0794962b9b9042f2c245cae66c7e912625
Fabiann227/AdvancedRP-SAMP	25d0c6105bea1b6de35f81ba43ab4c5bb4970262	.references/pawn/gamemodes/Fabiann227--AdvancedRP-SAMP/gamemodes/modules/dynamic/apartment/apartmaps/modern.pwn	Fabiann227--AdvancedRP-SAMP-source.zip	1d7db12e2388a8a2f4971c9f11571fe9b3657456b2ac636ac396488acd80efcf
Fabiann227/AdvancedRP-SAMP	25d0c6105bea1b6de35f81ba43ab4c5bb4970262	.references/pawn/gamemodes/Fabiann227--AdvancedRP-SAMP/gamemodes/modules/dynamic/apartment/apartmaps/richman.pwn	Fabiann227--AdvancedRP-SAMP-source.zip	a2fb672b23d2968e4dca624037e42665468a3dc1439ffb507b805efd2cb6efda
Fabiann227/AdvancedRP-SAMP	25d0c6105bea1b6de35f81ba43ab4c5bb4970262	.references/pawn/gamemodes/Fabiann227--AdvancedRP-SAMP/gamemodes/modules/dynamic/apartment/apartmaps/penthouse.pwn	Fabiann227--AdvancedRP-SAMP-source.zip	3be3fe54f58c0515fdd057753f4e4d6dba5cf91419ca8ddf2cd50e34f6e2c201
Fabiann227/AdvancedRP-SAMP	25d0c6105bea1b6de35f81ba43ab4c5bb4970262	.references/pawn/gamemodes/Fabiann227--AdvancedRP-SAMP/gamemodes/modules/dynamic/apartment/serverapart/core.pwn	Fabiann227--AdvancedRP-SAMP-source.zip	4c229edaa722f45a0777a01ae58f661a5ae6a71410f90ddc9fe3c3e98abe591d
Fabiann227/AdvancedRP-SAMP	25d0c6105bea1b6de35f81ba43ab4c5bb4970262	.references/pawn/gamemodes/Fabiann227--AdvancedRP-SAMP/gamemodes/modules/dynamic/apartment/serverapart/cmd.pwn	Fabiann227--AdvancedRP-SAMP-source.zip	fd32a80113db3198b74115c0444c2f377c3be876faff2fe57e4f73b8629646df
Fabiann227/AdvancedRP-SAMP	25d0c6105bea1b6de35f81ba43ab4c5bb4970262	.references/pawn/gamemodes/Fabiann227--AdvancedRP-SAMP/gamemodes/modules/dynamic/apartment/serverapart/callback.pwn	Fabiann227--AdvancedRP-SAMP-source.zip	d5827ec4b1814466a40764abc5d62b2bbc92ccb496b34554764a6ed50f481c79
Fabiann227/AdvancedRP-SAMP	25d0c6105bea1b6de35f81ba43ab4c5bb4970262	.references/pawn/gamemodes/Fabiann227--AdvancedRP-SAMP/gamemodes/modules/dynamic/apartment/serverapart/dialog.pwn	Fabiann227--AdvancedRP-SAMP-source.zip	5c8e00a58578223c465647d7eca69b10aafbfa42fc34ea55e3edc7dfbc4f6dc4
Fabiann227/AdvancedRP-SAMP	25d0c6105bea1b6de35f81ba43ab4c5bb4970262	.references/pawn/gamemodes/Fabiann227--AdvancedRP-SAMP/gamemodes/modules/dynamic/apartment/serverapart/func.pwn	Fabiann227--AdvancedRP-SAMP-source.zip	5b3030c46e9fbaf5fd20e70a52a08d57d5dda5b18285f778145afe74e3a0c848
Fabiann227/AdvancedRP-SAMP	25d0c6105bea1b6de35f81ba43ab4c5bb4970262	.references/pawn/gamemodes/Fabiann227--AdvancedRP-SAMP/gamemodes/modules/dynamic/apartment/storage/core.pwn	Fabiann227--AdvancedRP-SAMP-source.zip	06df74f12bcd6207d6d48425ce54d5f08bd0f78c37f96ae73f91faa0cc1732d3
Fabiann227/AdvancedRP-SAMP	25d0c6105bea1b6de35f81ba43ab4c5bb4970262	.references/pawn/gamemodes/Fabiann227--AdvancedRP-SAMP/gamemodes/modules/dynamic/apartment/storage/dialog.pwn	Fabiann227--AdvancedRP-SAMP-source.zip	0d1626421a6366ef1f68a3da717bf67128ae1610341599be044e5c24e6baffd5
Fabiann227/AdvancedRP-SAMP	25d0c6105bea1b6de35f81ba43ab4c5bb4970262	.references/pawn/gamemodes/Fabiann227--AdvancedRP-SAMP/gamemodes/modules/dynamic/apartment/storage/func.pwn	Fabiann227--AdvancedRP-SAMP-source.zip	866384e4082fa11a520693ddfda3e89790c81db2e08bda6ab963e55dec447987
Fabiann227/AdvancedRP-SAMP	25d0c6105bea1b6de35f81ba43ab4c5bb4970262	.references/pawn/gamemodes/Fabiann227--AdvancedRP-SAMP/gamemodes/modules/test/modules/logger.pwn	Fabiann227--AdvancedRP-SAMP-source.zip	4e0cd3e7a7215a1f51d8fec23a34d75acfb8fd28d97afdcf4d6171fea69753db
Fabiann227/AdvancedRP-SAMP	25d0c6105bea1b6de35f81ba43ab4c5bb4970262	.references/pawn/gamemodes/Fabiann227--AdvancedRP-SAMP/gamemodes/modules/jobs/farmer/core.pwn	Fabiann227--AdvancedRP-SAMP-source.zip	a420adb0fe83cb85721c0fe3ae67b179a3c295e578553cf01516ad5676c7bba2
Fabiann227/AdvancedRP-SAMP	25d0c6105bea1b6de35f81ba43ab4c5bb4970262	.references/pawn/gamemodes/Fabiann227--AdvancedRP-SAMP/gamemodes/modules/jobs/farmer/timer.pwn	Fabiann227--AdvancedRP-SAMP-source.zip	cca0faf1949dfa99ec68b288e062e334e9a593d9f87140532b9319afcbb319ee
Fabiann227/AdvancedRP-SAMP	25d0c6105bea1b6de35f81ba43ab4c5bb4970262	.references/pawn/gamemodes/Fabiann227--AdvancedRP-SAMP/gamemodes/modules/jobs/farmer/cmd.pwn	Fabiann227--AdvancedRP-SAMP-source.zip	e70d0b638c898d5cbdfe2152c0f0c1ce201344c6add59623d391f8006dc22663
Fabiann227/AdvancedRP-SAMP	25d0c6105bea1b6de35f81ba43ab4c5bb4970262	.references/pawn/gamemodes/Fabiann227--AdvancedRP-SAMP/gamemodes/modules/jobs/farmer/callback.pwn	Fabiann227--AdvancedRP-SAMP-source.zip	c79bc965c508bf7f7e3ca31ad748e859dfb0561a13d59366011be7b955fc7cff
Fabiann227/AdvancedRP-SAMP	25d0c6105bea1b6de35f81ba43ab4c5bb4970262	.references/pawn/gamemodes/Fabiann227--AdvancedRP-SAMP/gamemodes/modules/jobs/farmer/dialog.pwn	Fabiann227--AdvancedRP-SAMP-source.zip	bfb91671ac5215c535e120e6fccfdba8aa3f6ad01eb7020f180ee9f96594ee65
Fabiann227/AdvancedRP-SAMP	25d0c6105bea1b6de35f81ba43ab4c5bb4970262	.references/pawn/gamemodes/Fabiann227--AdvancedRP-SAMP/gamemodes/modules/jobs/farmer/func.pwn	Fabiann227--AdvancedRP-SAMP-source.zip	c7b6901279d9c3b49dcf6be75e486d937f6db6dd9c68221fc49d8cf7edfe6a4c
Fabiann227/AdvancedRP-SAMP	25d0c6105bea1b6de35f81ba43ab4c5bb4970262	.references/pawn/gamemodes/Fabiann227--AdvancedRP-SAMP/gamemodes/modules/jobs/mechanic/core.pwn	Fabiann227--AdvancedRP-SAMP-source.zip	634e9a0ec0c189b2b566c0460d109ecebeb63b17858b7e3fb5f5780f748cd6ed
Fabiann227/AdvancedRP-SAMP	25d0c6105bea1b6de35f81ba43ab4c5bb4970262	.references/pawn/gamemodes/Fabiann227--AdvancedRP-SAMP/gamemodes/modules/jobs/mechanic/timer.pwn	Fabiann227--AdvancedRP-SAMP-source.zip	05494a4d871d3173e9b0d6571f23cecf30bbca32c621b40d2d560207057dc16d
Fabiann227/AdvancedRP-SAMP	25d0c6105bea1b6de35f81ba43ab4c5bb4970262	.references/pawn/gamemodes/Fabiann227--AdvancedRP-SAMP/gamemodes/modules/jobs/mechanic/cmd.pwn	Fabiann227--AdvancedRP-SAMP-source.zip	7cccb98660b9b22af3a02b6041265c62cba1c5463c4b94f50c3c5fe86cfd07c7
Fabiann227/AdvancedRP-SAMP	25d0c6105bea1b6de35f81ba43ab4c5bb4970262	.references/pawn/gamemodes/Fabiann227--AdvancedRP-SAMP/gamemodes/modules/jobs/mechanic/callback.pwn	Fabiann227--AdvancedRP-SAMP-source.zip	eb29d70ba4d22f6d6b07eb5caf33048b28f1bad211fc1f9fe41ab0dd5a415710
Fabiann227/AdvancedRP-SAMP	25d0c6105bea1b6de35f81ba43ab4c5bb4970262	.references/pawn/gamemodes/Fabiann227--AdvancedRP-SAMP/gamemodes/modules/jobs/mechanic/dialog.pwn	Fabiann227--AdvancedRP-SAMP-source.zip	95e56892c10b12706ac10be27cc49bf46f72ee47bcfc5a71ed9ef9e2b1aac642
Fabiann227/AdvancedRP-SAMP	25d0c6105bea1b6de35f81ba43ab4c5bb4970262	.references/pawn/gamemodes/Fabiann227--AdvancedRP-SAMP/gamemodes/modules/jobs/mechanic/func.pwn	Fabiann227--AdvancedRP-SAMP-source.zip	befa02855cf5a0926899b176b9a18c3c6eeb60e0bc4daad9087157388f45853e
Fabiann227/AdvancedRP-SAMP	25d0c6105bea1b6de35f81ba43ab4c5bb4970262	.references/pawn/gamemodes/Fabiann227--AdvancedRP-SAMP/gamemodes/modules/jobs/jobskills/core.pwn	Fabiann227--AdvancedRP-SAMP-source.zip	1fdb36fdacc129391aead13511d68652649b5fe6da6e47c503b7ea49f61f23dc
Fabiann227/AdvancedRP-SAMP	25d0c6105bea1b6de35f81ba43ab4c5bb4970262	.references/pawn/gamemodes/Fabiann227--AdvancedRP-SAMP/gamemodes/modules/jobs/jobskills/cmd.pwn	Fabiann227--AdvancedRP-SAMP-source.zip	bcf22b542e06a2d1c0cddd9d4edc831d146b62f46502250c2aabfe474f6bfbba
Fabiann227/AdvancedRP-SAMP	25d0c6105bea1b6de35f81ba43ab4c5bb4970262	.references/pawn/gamemodes/Fabiann227--AdvancedRP-SAMP/gamemodes/modules/jobs/jobskills/func.pwn	Fabiann227--AdvancedRP-SAMP-source.zip	290ca680b721e93f77ce5fedb33cc16d537cca70ba4b78c281bb3b97466fff82
Fabiann227/AdvancedRP-SAMP	25d0c6105bea1b6de35f81ba43ab4c5bb4970262	.references/pawn/gamemodes/Fabiann227--AdvancedRP-SAMP/gamemodes/modules/core/logger/enum.pwn	Fabiann227--AdvancedRP-SAMP-source.zip	af6a647f5fb7fc89b82a27bc8b07636a453a5eaf9ff64e167b4b07c65803855e
Fabiann227/AdvancedRP-SAMP	25d0c6105bea1b6de35f81ba43ab4c5bb4970262	.references/pawn/gamemodes/Fabiann227--AdvancedRP-SAMP/gamemodes/modules/core/logger/func.pwn	Fabiann227--AdvancedRP-SAMP-source.zip	9d32fa2dfb382a40a3d564e23097061a19d4bc52e5e014d26ff7ee7a13f6a1e4
Fabiann227/AdvancedRP-SAMP	25d0c6105bea1b6de35f81ba43ab4c5bb4970262	.references/pawn/gamemodes/Fabiann227--AdvancedRP-SAMP/gamemodes/modules/admin/event/callback.pwn	Fabiann227--AdvancedRP-SAMP-source.zip	f4a098ab1731a1acd78bea761f602f7d17a2a33e722b7457424b36ad7498d2ec
Fabiann227/AdvancedRP-SAMP	25d0c6105bea1b6de35f81ba43ab4c5bb4970262	.references/pawn/gamemodes/Fabiann227--AdvancedRP-SAMP/gamemodes/modules/admin/event/dialog.pwn	Fabiann227--AdvancedRP-SAMP-source.zip	f57da4610a8ab1e11d6ce879285490b906597e9417cbda5332ece8e738c521e6
Fabiann227/AdvancedRP-SAMP	25d0c6105bea1b6de35f81ba43ab4c5bb4970262	.references/pawn/gamemodes/Fabiann227--AdvancedRP-SAMP/gamemodes/modules/admin/event/function.pwn	Fabiann227--AdvancedRP-SAMP-source.zip	42314aafd1ce374a8f84bc878e9ea8b33e150e8fecc8986b73e6d68c96d79b81
Fabiann227/AdvancedRP-SAMP	25d0c6105bea1b6de35f81ba43ab4c5bb4970262	.references/pawn/gamemodes/Fabiann227--AdvancedRP-SAMP/gamemodes/modules/admin/event/command.pwn	Fabiann227--AdvancedRP-SAMP-source.zip	567f4a418614cee841389e7afe8335979a4aa30497b450282f8f56ad822268e1
Fabiann227/AdvancedRP-SAMP	25d0c6105bea1b6de35f81ba43ab4c5bb4970262	.references/pawn/gamemodes/Fabiann227--AdvancedRP-SAMP/gamemodes/modules/admin/event/enumerations.pwn	Fabiann227--AdvancedRP-SAMP-source.zip	32fe609a19b49cc8a5c972720fccd4411334e43e59a533222671003785b48954
Fabiann227/AdvancedRP-SAMP	25d0c6105bea1b6de35f81ba43ab4c5bb4970262	.references/pawn/gamemodes/Fabiann227--AdvancedRP-SAMP/gamemodes/modules/admin/duty_times/enumerations.pwn	Fabiann227--AdvancedRP-SAMP-source.zip	599223706d9f5d91fa5125dd2f50e2cced77af9ea7e99032758b131f94df07e7
Fabiann227/AdvancedRP-SAMP	25d0c6105bea1b6de35f81ba43ab4c5bb4970262	.references/pawn/gamemodes/Fabiann227--AdvancedRP-SAMP/gamemodes/modules/admin/duty_times/functions.pwn	Fabiann227--AdvancedRP-SAMP-source.zip	d73a1d300f329be57f2aec8f57a3c80c4f84e4a7fa3983a753a847f1a6f6b9b4
Fabiann227/AdvancedRP-SAMP	25d0c6105bea1b6de35f81ba43ab4c5bb4970262	.references/pawn/gamemodes/Fabiann227--AdvancedRP-SAMP/gamemodes/modules/admin/duty_times/callbacks.pwn	Fabiann227--AdvancedRP-SAMP-source.zip	0e567fedd5af9f52b5fb6b06ea552edc09c7e0da18f0f85b140e26cedae76771
Fabiann227/AdvancedRP-SAMP	25d0c6105bea1b6de35f81ba43ab4c5bb4970262	.references/pawn/gamemodes/Fabiann227--AdvancedRP-SAMP/gamemodes/modules/admin/activities/enumerations.pwn	Fabiann227--AdvancedRP-SAMP-source.zip	f0e0f930ef765a30bbd5b201d056ad16d80da8cfe2814a16c17cc7b1e10766e7
Fabiann227/AdvancedRP-SAMP	25d0c6105bea1b6de35f81ba43ab4c5bb4970262	.references/pawn/gamemodes/Fabiann227--AdvancedRP-SAMP/gamemodes/modules/admin/activities/functions.pwn	Fabiann227--AdvancedRP-SAMP-source.zip	2b6a220d3747246891a7591b7ce0fe26182b9b691c7bb222c504d48c7ed5a4e3
Fabiann227/AdvancedRP-SAMP	25d0c6105bea1b6de35f81ba43ab4c5bb4970262	.references/pawn/gamemodes/Fabiann227--AdvancedRP-SAMP/gamemodes/modules/admin/activities/callbacks.pwn	Fabiann227--AdvancedRP-SAMP-source.zip	757d6201b38144ac825b9e2f994e7cf1df434a6d2ed0c0a7472d0ab969040e50
Fabiann227/AdvancedRP-SAMP	25d0c6105bea1b6de35f81ba43ab4c5bb4970262	.references/pawn/gamemodes/Fabiann227--AdvancedRP-SAMP/gamemodes/modules/mapping/Country/news.pwn	Fabiann227--AdvancedRP-SAMP-source.zip	b1830ef076ea7dfbbe767a2be569322b5d2671f9b937a28cbca956748482f2cf
Fabiann227/AdvancedRP-SAMP	25d0c6105bea1b6de35f81ba43ab4c5bb4970262	.references/pawn/gamemodes/Fabiann227--AdvancedRP-SAMP/gamemodes/modules/mapping/Country/fishfactory.pwn	Fabiann227--AdvancedRP-SAMP-source.zip	2e367209c1fb9da120a3901026f23e0bd329a26cd5e6a33c8ed781eb81d50570
Fabiann227/AdvancedRP-SAMP	25d0c6105bea1b6de35f81ba43ab4c5bb4970262	.references/pawn/gamemodes/Fabiann227--AdvancedRP-SAMP/gamemodes/modules/mapping/Country/toll.pwn	Fabiann227--AdvancedRP-SAMP-source.zip	ef296387d15e0c69fe2bd9276e091971ba924d88185f4a7232561ee0d1c3e908
Fabiann227/AdvancedRP-SAMP	25d0c6105bea1b6de35f81ba43ab4c5bb4970262	.references/pawn/gamemodes/Fabiann227--AdvancedRP-SAMP/gamemodes/modules/mapping/Country/bikerent.pwn	Fabiann227--AdvancedRP-SAMP-source.zip	70ffe981055b8f6093c93c7e5c028b11116cf5a6c0a6c8dde556f5103c9900f0
Fabiann227/AdvancedRP-SAMP	25d0c6105bea1b6de35f81ba43ab4c5bb4970262	.references/pawn/gamemodes/Fabiann227--AdvancedRP-SAMP/gamemodes/modules/mapping/Country/hospital.pwn	Fabiann227--AdvancedRP-SAMP-source.zip	2deab9b3fa60076ea0fe96ccf96ba9636fcb2edda4aa1022c54714f6589e7f12
Fabiann227/AdvancedRP-SAMP	25d0c6105bea1b6de35f81ba43ab4c5bb4970262	.references/pawn/gamemodes/Fabiann227--AdvancedRP-SAMP/gamemodes/modules/mapping/Country/cityhall.pwn	Fabiann227--AdvancedRP-SAMP-source.zip	d3097132bfbcdac3d73fcc34ad7e52503e8e8a1473bd299d3118314b970983c7
Fabiann227/AdvancedRP-SAMP	25d0c6105bea1b6de35f81ba43ab4c5bb4970262	.references/pawn/gamemodes/Fabiann227--AdvancedRP-SAMP/gamemodes/modules/mapping/Country/greentown.pwn	Fabiann227--AdvancedRP-SAMP-source.zip	d859f5151f78bd540d805b7dc7dd549bccb3691b0810a1acdae2bd842a027be2
Fabiann227/AdvancedRP-SAMP	25d0c6105bea1b6de35f81ba43ab4c5bb4970262	.references/pawn/gamemodes/Fabiann227--AdvancedRP-SAMP/gamemodes/modules/mapping/Country/police.pwn	Fabiann227--AdvancedRP-SAMP-source.zip	d46648c71fa013d405ff9ba0e19c2d53904f2e2302b71d6d1b962e4d91d0a855
Fabiann227/AdvancedRP-SAMP	25d0c6105bea1b6de35f81ba43ab4c5bb4970262	.references/pawn/gamemodes/Fabiann227--AdvancedRP-SAMP/gamemodes/modules/mapping/Country/bank.pwn	Fabiann227--AdvancedRP-SAMP-source.zip	fdfa7ed911f04f41eaf8df538f77bc286d5fcb83a5234a70410ed3a1668f5de0
Fabiann227/AdvancedRP-SAMP	25d0c6105bea1b6de35f81ba43ab4c5bb4970262	.references/pawn/gamemodes/Fabiann227--AdvancedRP-SAMP/scriptfiles/sql_migrations/20210206_202500_+0700_000000_create_admin_duty_times_table.sql	Fabiann227--AdvancedRP-SAMP-source.zip	fee47c7e6a13f40bcdf839d5c6affa8a1340861529b418795f0406e2dcd96146
Fabiann227/AdvancedRP-SAMP	25d0c6105bea1b6de35f81ba43ab4c5bb4970262	.references/pawn/gamemodes/Fabiann227--AdvancedRP-SAMP/scriptfiles/sql_migrations/20210720_134600_+0700_000000_create_server_economies_table.sql	Fabiann227--AdvancedRP-SAMP-source.zip	039906211a4d6961de0675c186d91dffac1940497c45fef6b09cea6f90776fbd
Fabiann227/AdvancedRP-SAMP	25d0c6105bea1b6de35f81ba43ab4c5bb4970262	.references/pawn/gamemodes/Fabiann227--AdvancedRP-SAMP/scriptfiles/sql_migrations/20210130_104400_+0700_000000_create_admin_acitivities_table.sql	Fabiann227--AdvancedRP-SAMP-source.zip	dbcc65d8e85e27cc078ffc5fcee0555ddc5035b8fcc54f72f82ac620fdfbbf12
Fabiann227/AdvancedRP-SAMP	25d0c6105bea1b6de35f81ba43ab4c5bb4970262	.references/pawn/gamemodes/Fabiann227--AdvancedRP-SAMP/scriptfiles/Cameras/Titid.cam	Fabiann227--AdvancedRP-SAMP-source.zip	e3b0c44298fc1c149afbf4c8996fb92427ae41e4649b934ca495991b7852b855
Fabiann227/AdvancedRP-SAMP	25d0c6105bea1b6de35f81ba43ab4c5bb4970262	.references/pawn/gamemodes/Fabiann227--AdvancedRP-SAMP/filterscripts/FastDL/FastDL.pwn	Fabiann227--AdvancedRP-SAMP-source.zip	a2670bbf7c12def85b079fa21a9e0b01a2f2737a266a50bf356f029f681cc21b
Fabiann227/AdvancedRP-SAMP	25d0c6105bea1b6de35f81ba43ab4c5bb4970262	.references/pawn/gamemodes/Fabiann227--AdvancedRP-SAMP/filterscripts/exteriors/sw.inc	Fabiann227--AdvancedRP-SAMP-source.zip	f00a0c5ab22582fcc7afa7e88bf3788bd1c2643033c05915f6243686b4a42bda
Fabiann227/AdvancedRP-SAMP	25d0c6105bea1b6de35f81ba43ab4c5bb4970262	.references/pawn/gamemodes/Fabiann227--AdvancedRP-SAMP/filterscripts/exteriors/hl.inc	Fabiann227--AdvancedRP-SAMP-source.zip	9258e3d6e1a8bbe2b6a818cd449a54772c6b78fc017ea2ecd052f0b97b217341
Fabiann227/AdvancedRP-SAMP	25d0c6105bea1b6de35f81ba43ab4c5bb4970262	.references/pawn/gamemodes/Fabiann227--AdvancedRP-SAMP/filterscripts/exteriors/ig.inc	Fabiann227--AdvancedRP-SAMP-source.zip	20b54c896ca2e1ce4f777bfa6f4e733769ad2b33b45d0be037f1a8741e772866
Fabiann227/AdvancedRP-SAMP	25d0c6105bea1b6de35f81ba43ab4c5bb4970262	.references/pawn/gamemodes/Fabiann227--AdvancedRP-SAMP/filterscripts/exteriors/dl.inc	Fabiann227--AdvancedRP-SAMP-source.zip	c9c7da9fa7bd576fdc9864809ba330401b02dfe800838336b62b9fcabac6ed77
Fabiann227/AdvancedRP-SAMP	25d0c6105bea1b6de35f81ba43ab4c5bb4970262	.references/pawn/gamemodes/Fabiann227--AdvancedRP-SAMP/filterscripts/exteriors/sh.inc	Fabiann227--AdvancedRP-SAMP-source.zip	efd218b964cf1f594456ba83c616181588d99390c6d5e625f10613c1094db0fb
Fabiann227/AdvancedRP-SAMP	25d0c6105bea1b6de35f81ba43ab4c5bb4970262	.references/pawn/gamemodes/Fabiann227--AdvancedRP-SAMP/filterscripts/exteriors/tm.inc	Fabiann227--AdvancedRP-SAMP-source.zip	768b1b2c2c475d2e379253e7e72c82cf6808a9f2f26fc064ee6fce3684f012c5
Fabiann227/AdvancedRP-SAMP	25d0c6105bea1b6de35f81ba43ab4c5bb4970262	.references/pawn/gamemodes/Fabiann227--AdvancedRP-SAMP/filterscripts/exteriors/aec.inc	Fabiann227--AdvancedRP-SAMP-source.zip	52939ca0b7f4a75ea2515bb3d2db8280d122b470e8091bafdcd4be9a5739352a
Fabiann227/AdvancedRP-SAMP	25d0c6105bea1b6de35f81ba43ab4c5bb4970262	.references/pawn/gamemodes/Fabiann227--AdvancedRP-SAMP/filterscripts/exteriors/ikea.inc	Fabiann227--AdvancedRP-SAMP-source.zip	683a1c582cf4673fba7f93f34a652330067f2653a18475bc81e0b7eb8e45a6b7
Fabiann227/AdvancedRP-SAMP	25d0c6105bea1b6de35f81ba43ab4c5bb4970262	.references/pawn/gamemodes/Fabiann227--AdvancedRP-SAMP/filterscripts/exteriors/bv.inc	Fabiann227--AdvancedRP-SAMP-source.zip	659bf63025d09cdd29f218048f1f2a880e7ed0c1b5b321746102935e30d4613d
Fabiann227/AdvancedRP-SAMP	25d0c6105bea1b6de35f81ba43ab4c5bb4970262	.references/pawn/gamemodes/Fabiann227--AdvancedRP-SAMP/filterscripts/exteriors/mc.inc	Fabiann227--AdvancedRP-SAMP-source.zip	8fe67b838064f4e3be39a098f4d151658bb04b545264afc04019431f3187b38c
Fabiann227/AdvancedRP-SAMP	25d0c6105bea1b6de35f81ba43ab4c5bb4970262	.references/pawn/gamemodes/Fabiann227--AdvancedRP-SAMP/filterscripts/exteriors/dn.inc	Fabiann227--AdvancedRP-SAMP-source.zip	de311efb7baa3fb2bf83abfe8d60a8cfc707eaddf11a4da4e99cae477604ae1f
Fabiann227/AdvancedRP-SAMP	25d0c6105bea1b6de35f81ba43ab4c5bb4970262	.references/pawn/gamemodes/Fabiann227--AdvancedRP-SAMP/filterscripts/exteriors/tx.inc	Fabiann227--AdvancedRP-SAMP-source.zip	5898f8ac10a2a7da85025581262c0b97fb03186aecc3111f4e405a1a2317d58d
Fabiann227/AdvancedRP-SAMP	25d0c6105bea1b6de35f81ba43ab4c5bb4970262	.references/pawn/gamemodes/Fabiann227--AdvancedRP-SAMP/filterscripts/exteriors/bv2.inc	Fabiann227--AdvancedRP-SAMP-source.zip	6ebb25fc6b2d53958f459f76bfad7e83d68a37facbecc95a2f9fb529ab10c64f
Fabiann227/AdvancedRP-SAMP	25d0c6105bea1b6de35f81ba43ab4c5bb4970262	.references/pawn/gamemodes/Fabiann227--AdvancedRP-SAMP/filterscripts/StaticLocations/StaticLocations.pwn	Fabiann227--AdvancedRP-SAMP-source.zip	1982bdf36dbd13be3f21438e65267ec25a4007e9fad85fe53d0e1549030b643c
Fabiann227/AdvancedRP-SAMP	25d0c6105bea1b6de35f81ba43ab4c5bb4970262	.references/pawn/gamemodes/Fabiann227--AdvancedRP-SAMP/filterscripts/interiors/house/house007.inc	Fabiann227--AdvancedRP-SAMP-source.zip	fcb7537c0998bb851fafda1400e1173724796ca248205cb46892124f53a72390
Fabiann227/AdvancedRP-SAMP	25d0c6105bea1b6de35f81ba43ab4c5bb4970262	.references/pawn/gamemodes/Fabiann227--AdvancedRP-SAMP/filterscripts/interiors/house/house001.inc	Fabiann227--AdvancedRP-SAMP-source.zip	3efa8e3f9d8022394f6b62d8190412577e440964b0a24427b8375cb31fe06a8e
Fabiann227/AdvancedRP-SAMP	25d0c6105bea1b6de35f81ba43ab4c5bb4970262	.references/pawn/gamemodes/Fabiann227--AdvancedRP-SAMP/filterscripts/interiors/house/house008.inc	Fabiann227--AdvancedRP-SAMP-source.zip	ba75c5feaeabebfeb62985233fbc43cd67c830f057bebe1b67126721363fe09c
Fabiann227/AdvancedRP-SAMP	25d0c6105bea1b6de35f81ba43ab4c5bb4970262	.references/pawn/gamemodes/Fabiann227--AdvancedRP-SAMP/filterscripts/interiors/house/house003.inc	Fabiann227--AdvancedRP-SAMP-source.zip	1852ac0e98ab472029507683a152dbff351b0fb9312630151d362180c56639a6
Fabiann227/AdvancedRP-SAMP	25d0c6105bea1b6de35f81ba43ab4c5bb4970262	.references/pawn/gamemodes/Fabiann227--AdvancedRP-SAMP/filterscripts/interiors/house/house002.inc	Fabiann227--AdvancedRP-SAMP-source.zip	430595ad728688fe5b29efc83338d21b6c5d2cdbca129443926656f6ffeaf3db
Fabiann227/AdvancedRP-SAMP	25d0c6105bea1b6de35f81ba43ab4c5bb4970262	.references/pawn/gamemodes/Fabiann227--AdvancedRP-SAMP/filterscripts/interiors/house/house006.inc	Fabiann227--AdvancedRP-SAMP-source.zip	b4b91be969cff522210b7532bcd3c9c8afd4462f9867faeb76ff4143e3610d46
Fabiann227/AdvancedRP-SAMP	25d0c6105bea1b6de35f81ba43ab4c5bb4970262	.references/pawn/gamemodes/Fabiann227--AdvancedRP-SAMP/filterscripts/interiors/house/house010.inc	Fabiann227--AdvancedRP-SAMP-source.zip	8f567eb77475279f1b4ff55d290d1af536d8555fafae9b4da2598aa1406cef0f
Fabiann227/AdvancedRP-SAMP	25d0c6105bea1b6de35f81ba43ab4c5bb4970262	.references/pawn/gamemodes/Fabiann227--AdvancedRP-SAMP/filterscripts/interiors/house/house005.inc	Fabiann227--AdvancedRP-SAMP-source.zip	7cb4e4c2109247f89c7ca3614e0857cb2ded3143e0d47859c755a845b5782452
Fabiann227/AdvancedRP-SAMP	25d0c6105bea1b6de35f81ba43ab4c5bb4970262	.references/pawn/gamemodes/Fabiann227--AdvancedRP-SAMP/filterscripts/interiors/house/house004.inc	Fabiann227--AdvancedRP-SAMP-source.zip	aec27775dcea6cdc0f9c2080ffc071715b52578b8134269f51f660a85279188f
Fabiann227/AdvancedRP-SAMP	25d0c6105bea1b6de35f81ba43ab4c5bb4970262	.references/pawn/gamemodes/Fabiann227--AdvancedRP-SAMP/filterscripts/interiors/house/house009.inc	Fabiann227--AdvancedRP-SAMP-source.zip	ed8cb0b9859637641249343c7e38089f41739971371e165a69ef79b7ab7e5ca5
Fabiann227/AdvancedRP-SAMP	25d0c6105bea1b6de35f81ba43ab4c5bb4970262	.references/pawn/gamemodes/Fabiann227--AdvancedRP-SAMP/filterscripts/interiors/house/house011.inc	Fabiann227--AdvancedRP-SAMP-source.zip	6b1156e685d0e00506912e133b1fa108eb61a32aa2b90b0ab94c36f2f61b307e
Fabiann227/AdvancedRP-SAMP	25d0c6105bea1b6de35f81ba43ab4c5bb4970262	.references/pawn/gamemodes/Fabiann227--AdvancedRP-SAMP/filterscripts/interiors/deprecated/glenhouseint.inc	Fabiann227--AdvancedRP-SAMP-source.zip	5147ea5674619ecdd86514df0749939fa42a258a3c467a7bded6ebb88a85e072
Fabiann227/AdvancedRP-SAMP	25d0c6105bea1b6de35f81ba43ab4c5bb4970262	.references/pawn/gamemodes/Fabiann227--AdvancedRP-SAMP/filterscripts/interiors/deprecated/idlehouseint1.inc	Fabiann227--AdvancedRP-SAMP-source.zip	01a3366ed8348fe30f003761bee157a0d3c27312c3207bf4c253ce71b04d4f1d
Fabiann227/AdvancedRP-SAMP	25d0c6105bea1b6de35f81ba43ab4c5bb4970262	.references/pawn/gamemodes/Fabiann227--AdvancedRP-SAMP/filterscripts/interiors/deprecated/jeffhouse1.inc	Fabiann227--AdvancedRP-SAMP-source.zip	2b2ef13cca095dde1697a2b00de57376217b506ebe97cfbcdadd68ffc8d9019c
Fabiann227/AdvancedRP-SAMP	25d0c6105bea1b6de35f81ba43ab4c5bb4970262	.references/pawn/gamemodes/Fabiann227--AdvancedRP-SAMP/filterscripts/interiors/deprecated/elcgangsterhouseint1.inc	Fabiann227--AdvancedRP-SAMP-source.zip	4dbe145401226eb7a94a556731c282d3a4fc0e70d9193d0029a1bac5320c1d82
Fabiann227/AdvancedRP-SAMP	25d0c6105bea1b6de35f81ba43ab4c5bb4970262	.references/pawn/gamemodes/Fabiann227--AdvancedRP-SAMP/filterscripts/interiors/deprecated/ganhouseint.inc	Fabiann227--AdvancedRP-SAMP-source.zip	e43eda455cff5f5c45d0f39ce46e2ebb0b9d5d8ab143b437112018b5160ccce1
Fabiann227/AdvancedRP-SAMP	25d0c6105bea1b6de35f81ba43ab4c5bb4970262	.references/pawn/gamemodes/Fabiann227--AdvancedRP-SAMP/filterscripts/interiors/deprecated/elcmodernhouseint1.inc	Fabiann227--AdvancedRP-SAMP-source.zip	6b1850c124ae546395b4b24d76466f7c00d948856f21d7d0fb6630159644283f
Fabiann227/AdvancedRP-SAMP	25d0c6105bea1b6de35f81ba43ab4c5bb4970262	.references/pawn/gamemodes/Fabiann227--AdvancedRP-SAMP/filterscripts/interiors/deprecated/lc_house2.inc	Fabiann227--AdvancedRP-SAMP-source.zip	18c45d67237e23ac41150b90d09b12269188e9de6d807839b421be29aa5af77c
Fabiann227/AdvancedRP-SAMP	25d0c6105bea1b6de35f81ba43ab4c5bb4970262	.references/pawn/gamemodes/Fabiann227--AdvancedRP-SAMP/filterscripts/interiors/deprecated/willhouseint.inc	Fabiann227--AdvancedRP-SAMP-source.zip	aa49659eb754aec10d70fc3938c6eefa2db872e0c828797477f22ac98439858f
Fabiann227/AdvancedRP-SAMP	25d0c6105bea1b6de35f81ba43ab4c5bb4970262	.references/pawn/gamemodes/Fabiann227--AdvancedRP-SAMP/filterscripts/interiors/deprecated/jeffhousedlx.inc	Fabiann227--AdvancedRP-SAMP-source.zip	2b7227113af4ed2276ba688cb0932d047f91109eac990e4293b64cf3e5d714fe
Fabiann227/AdvancedRP-SAMP	25d0c6105bea1b6de35f81ba43ab4c5bb4970262	.references/pawn/gamemodes/Fabiann227--AdvancedRP-SAMP/filterscripts/interiors/deprecated/elshouseint1.inc	Fabiann227--AdvancedRP-SAMP-source.zip	49a74648683ef73c5d00f40684386e42acb5e1654b500cba6bd2c12d52c16ddc
Fabiann227/AdvancedRP-SAMP	25d0c6105bea1b6de35f81ba43ab4c5bb4970262	.references/pawn/gamemodes/Fabiann227--AdvancedRP-SAMP/filterscripts/interiors/deprecated/lc_house1.inc	Fabiann227--AdvancedRP-SAMP-source.zip	7a2d3bd6ad13fa793be82e243494484657c2029185b43fda16aedb6e0cc36d48
Fabiann227/AdvancedRP-SAMP	25d0c6105bea1b6de35f81ba43ab4c5bb4970262	.references/pawn/gamemodes/Fabiann227--AdvancedRP-SAMP/filterscripts/interiors/deprecated/elshouseint2.inc	Fabiann227--AdvancedRP-SAMP-source.zip	9249ad114d1d4a0c0185d80a0a951a921807716d6638979227c6fa0e80d15b67
Fabiann227/AdvancedRP-SAMP	25d0c6105bea1b6de35f81ba43ab4c5bb4970262	.references/pawn/gamemodes/Fabiann227--AdvancedRP-SAMP/filterscripts/interiors/faction/lspd_jail.inc	Fabiann227--AdvancedRP-SAMP-source.zip	f553d74ae9703db187998733aaac30b322674089685f5411eb66ba311f5fdc32
Fabiann227/AdvancedRP-SAMP	25d0c6105bea1b6de35f81ba43ab4c5bb4970262	.references/pawn/gamemodes/Fabiann227--AdvancedRP-SAMP/filterscripts/interiors/faction/lspd_register.inc	Fabiann227--AdvancedRP-SAMP-source.zip	20863ba005e821d479637d56cb8a33a1afcd84d44ed52ba580297c6f71794c4a
Fabiann227/AdvancedRP-SAMP	25d0c6105bea1b6de35f81ba43ab4c5bb4970262	.references/pawn/gamemodes/Fabiann227--AdvancedRP-SAMP/filterscripts/interiors/business/burger1.inc	Fabiann227--AdvancedRP-SAMP-source.zip	9799b270c9c4f6934fe37567a7bbfaccaa43dae6feaeb040e29089c2579622b0
Fabiann227/AdvancedRP-SAMP	25d0c6105bea1b6de35f81ba43ab4c5bb4970262	.references/pawn/gamemodes/Fabiann227--AdvancedRP-SAMP/filterscripts/interiors/business/gassuperint1.inc	Fabiann227--AdvancedRP-SAMP-source.zip	78aad302f79de6aeca47395543b4f08e67c8310f00c3caea01c7a70c523504e1
Fabiann227/AdvancedRP-SAMP	25d0c6105bea1b6de35f81ba43ab4c5bb4970262	.references/pawn/gamemodes/Fabiann227--AdvancedRP-SAMP/filterscripts/interiors/business/electronic1.inc	Fabiann227--AdvancedRP-SAMP-source.zip	d4a996b06e2150d0080a96d453dee98253da81dae501eb8646eb5178be4c4b97
PatrickGTR/gta-open	c7630a5751827c23cf06308fd7b2d0095801e76e	.references/pawn/gamemodes/PatrickGTR--gta-open/.gitignore	PatrickGTR--gta-open-source.zip	aadd94643cc0863a540df73c1582ba75f56dfe51d270798578fafbba0ef36227
PatrickGTR/gta-open	c7630a5751827c23cf06308fd7b2d0095801e76e	.references/pawn/gamemodes/PatrickGTR--gta-open/LICENSE	PatrickGTR--gta-open-source.zip	c71d239df91726fc519c6eb72d318ec65820627232b2f796219e87dcf35d0ab4
PatrickGTR/gta-open	c7630a5751827c23cf06308fd7b2d0095801e76e	.references/pawn/gamemodes/PatrickGTR--gta-open/README.md	PatrickGTR--gta-open-source.zip	9920a63ee91a7a1dbb6de6bc31fdfbf4e05debeb2fae41f6e900f406bfe8664e
PatrickGTR/gta-open	c7630a5751827c23cf06308fd7b2d0095801e76e	.references/pawn/gamemodes/PatrickGTR--gta-open/config.json	PatrickGTR--gta-open-source.zip	ca8cd08ebf1847de188339b648ea62e89ac62976dc7b9a609e17a4c9538dc785
PatrickGTR/gta-open	c7630a5751827c23cf06308fd7b2d0095801e76e	.references/pawn/gamemodes/PatrickGTR--gta-open/pawn.json	PatrickGTR--gta-open-source.zip	56042f78db67d5b113e24108f70ee7066afcdd9018a947379ed1948048f5c733
PatrickGTR/gta-open	c7630a5751827c23cf06308fd7b2d0095801e76e	.references/pawn/gamemodes/PatrickGTR--gta-open/legacy/actor_robbery.inc	PatrickGTR--gta-open-source.zip	e9f5f5fa7729f5c6fe027a82d4c9dc1265223e96a5cd3b84a1af04c040636ef6
PatrickGTR/gta-open	c7630a5751827c23cf06308fd7b2d0095801e76e	.references/pawn/gamemodes/PatrickGTR--gta-open/legacy/EVF.inc	PatrickGTR--gta-open-source.zip	7873c783174534988d9b0e09c2ad27dcab3c22460c20c8518a4a60a3644b1921
PatrickGTR/gta-open	c7630a5751827c23cf06308fd7b2d0095801e76e	.references/pawn/gamemodes/PatrickGTR--gta-open/legacy/progress2.inc	PatrickGTR--gta-open-source.zip	65efca5dce6ad3bab1fec10165d672774dae7806551dd42b78c0d491e22304ff
PatrickGTR/gta-open	c7630a5751827c23cf06308fd7b2d0095801e76e	.references/pawn/gamemodes/PatrickGTR--gta-open/legacy/vSync.inc	PatrickGTR--gta-open-source.zip	3f2aa3a42f8005452a7c329f560db9986b9f237f9cb288a7d6718fcd713e476a
PatrickGTR/gta-open	c7630a5751827c23cf06308fd7b2d0095801e76e	.references/pawn/gamemodes/PatrickGTR--gta-open/legacy/formatex.inc	PatrickGTR--gta-open-source.zip	0b1506d62fc8c3532efe8e30c1d5bbf4d1d11c545da5e818385ddaa241f6667c
PatrickGTR/gta-open	c7630a5751827c23cf06308fd7b2d0095801e76e	.references/pawn/gamemodes/PatrickGTR--gta-open/gamemodes/todo-list.md	PatrickGTR--gta-open-source.zip	84afa7af814497882468f53ce013ae422a8a0e54d318d9cd4abe6b13b07ae163
PatrickGTR/gta-open	c7630a5751827c23cf06308fd7b2d0095801e76e	.references/pawn/gamemodes/PatrickGTR--gta-open/gamemodes/main.pwn	PatrickGTR--gta-open-source.zip	f406facdfc980c4df138a205be5698ed11e6a86f8a2101bdc3194098af58bfa8
PatrickGTR/gta-open	c7630a5751827c23cf06308fd7b2d0095801e76e	.references/pawn/gamemodes/PatrickGTR--gta-open/upgrader/_define.json	PatrickGTR--gta-open-source.zip	4659d2ce63fa50322ab2eb370f8edc812a7d8611dee30f16a5a75f90acf56ed4
PatrickGTR/gta-open	c7630a5751827c23cf06308fd7b2d0095801e76e	.references/pawn/gamemodes/PatrickGTR--gta-open/upgrader/callbacks.json	PatrickGTR--gta-open-source.zip	4872e307938ca8f0af4c117c84609de318c78e3e6caa403c47686cc594ade421
PatrickGTR/gta-open	c7630a5751827c23cf06308fd7b2d0095801e76e	.references/pawn/gamemodes/PatrickGTR--gta-open/upgrader/upgrade-license.md	PatrickGTR--gta-open-source.zip	1f256ecad192880510e84ad60474eab7589218784b9a50bc7ceee34c2b91f1d5
PatrickGTR/gta-open	c7630a5751827c23cf06308fd7b2d0095801e76e	.references/pawn/gamemodes/PatrickGTR--gta-open/upgrader/ysi.json	PatrickGTR--gta-open-source.zip	a70d6492b4a2f02bf5c768aa8815a04b74f1b5dfee2a8481e176a0a9bd66d220
PatrickGTR/gta-open	c7630a5751827c23cf06308fd7b2d0095801e76e	.references/pawn/gamemodes/PatrickGTR--gta-open/upgrader/upgrade.runtimeconfig.dev.json	PatrickGTR--gta-open-source.zip	5309cd1589ffe8987d6cb17105e1345ebc70986df650b175d6f5f243f1fc08a6
PatrickGTR/gta-open	c7630a5751827c23cf06308fd7b2d0095801e76e	.references/pawn/gamemodes/PatrickGTR--gta-open/upgrader/upgrade.deps.json	PatrickGTR--gta-open-source.zip	bbd08c98c7706c75e1e9a28201cbd5efe2e5e281e5471a8861883f166424fbb4
PatrickGTR/gta-open	c7630a5751827c23cf06308fd7b2d0095801e76e	.references/pawn/gamemodes/PatrickGTR--gta-open/upgrader/const.json	PatrickGTR--gta-open-source.zip	824511ec4ef2e93c2930fe682ca2952ba7c5c7240f15de034f325a54d3eb6bfa
PatrickGTR/gta-open	c7630a5751827c23cf06308fd7b2d0095801e76e	.references/pawn/gamemodes/PatrickGTR--gta-open/upgrader/_generate.json	PatrickGTR--gta-open-source.zip	9122a165bc1dbe57b06f359db3477ef6f53d51cebab5974fce2ff113946226f9
PatrickGTR/gta-open	c7630a5751827c23cf06308fd7b2d0095801e76e	.references/pawn/gamemodes/PatrickGTR--gta-open/upgrader/_defines.json	PatrickGTR--gta-open-source.zip	69ec80945ceef19fb5cec941d3a035bca87dd9d25eb86d4c7416a2f43fd82ab8
PatrickGTR/gta-open	c7630a5751827c23cf06308fd7b2d0095801e76e	.references/pawn/gamemodes/PatrickGTR--gta-open/upgrader/tags.json	PatrickGTR--gta-open-source.zip	1056d50b31f04fb2817a1900888d3cd17dd47c6ae41f7ef162582eca77fb6411
PatrickGTR/gta-open	c7630a5751827c23cf06308fd7b2d0095801e76e	.references/pawn/gamemodes/PatrickGTR--gta-open/upgrader/upgrade-readme.md	PatrickGTR--gta-open-source.zip	7a967b71b4e176a4c0565d33fdc8854b1e43e62336536a82be1c30e8d1c1eb3f
PatrickGTR/gta-open	c7630a5751827c23cf06308fd7b2d0095801e76e	.references/pawn/gamemodes/PatrickGTR--gta-open/upgrader/upgrade.runtimeconfig.json	PatrickGTR--gta-open-source.zip	938ea41c4137c80f51f6f49bc6dbccace3bcf5f9277c9e41a4b8daad8f3527a2
PatrickGTR/gta-open	c7630a5751827c23cf06308fd7b2d0095801e76e	.references/pawn/gamemodes/PatrickGTR--gta-open/scriptfiles/atms.sql	PatrickGTR--gta-open-source.zip	4dffc5a8cb226c5414143dd6b9b5fb7c509484c9063062526edbaf1358feecd1
PatrickGTR/gta-open	c7630a5751827c23cf06308fd7b2d0095801e76e	.references/pawn/gamemodes/PatrickGTR--gta-open/scriptfiles/config.ini	PatrickGTR--gta-open-source.zip	363a381365406ce3a0d5dce83a43c63109b72512236498b5b940b3a41b2bf604
PatrickGTR/gta-open	c7630a5751827c23cf06308fd7b2d0095801e76e	.references/pawn/gamemodes/PatrickGTR--gta-open/scriptfiles/player_bank.sql	PatrickGTR--gta-open-source.zip	da25e17c565eaf3c442c442f448cee14da1844000ec15798ff204c30cd85be6d
PatrickGTR/gta-open	c7630a5751827c23cf06308fd7b2d0095801e76e	.references/pawn/gamemodes/PatrickGTR--gta-open/scriptfiles/player_items.sql	PatrickGTR--gta-open-source.zip	8cd63d5ffd519c6307c0ecdf1d844904f3e4d3e32a3cee00043983a744fbd43b
PatrickGTR/gta-open	c7630a5751827c23cf06308fd7b2d0095801e76e	.references/pawn/gamemodes/PatrickGTR--gta-open/scriptfiles/houses.sql	PatrickGTR--gta-open-source.zip	95183f53e53d0755ff496bc059fd41bbcc2367723dad108674aefc0d35c2a52d
PatrickGTR/gta-open	c7630a5751827c23cf06308fd7b2d0095801e76e	.references/pawn/gamemodes/PatrickGTR--gta-open/scriptfiles/weapons.sql	PatrickGTR--gta-open-source.zip	cd3ae7c652bb85ba3b0012f56167b0642563c1fc15d1d6e2a35d875be65fc7d2
PatrickGTR/gta-open	c7630a5751827c23cf06308fd7b2d0095801e76e	.references/pawn/gamemodes/PatrickGTR--gta-open/scriptfiles/player_shots.sql	PatrickGTR--gta-open-source.zip	e5705bc9063d835c9ee17a42034c3fd6de0fc2c78163c82211068974102366ad
PatrickGTR/gta-open	c7630a5751827c23cf06308fd7b2d0095801e76e	.references/pawn/gamemodes/PatrickGTR--gta-open/scriptfiles/armys.sql	PatrickGTR--gta-open-source.zip	fe47ff7bf664e88ed0562e5450ebaaa3f0da8532d0a3d2fdda9b4db899592e6d
PatrickGTR/gta-open	c7630a5751827c23cf06308fd7b2d0095801e76e	.references/pawn/gamemodes/PatrickGTR--gta-open/scriptfiles/jail.sql	PatrickGTR--gta-open-source.zip	62e7dca326af43815afbb8a0b838b9bf596c2cb185b748639abae5b3089d2b50
PatrickGTR/gta-open	c7630a5751827c23cf06308fd7b2d0095801e76e	.references/pawn/gamemodes/PatrickGTR--gta-open/scriptfiles/vips.sql	PatrickGTR--gta-open-source.zip	85767dbd8476bac099a0b684374732362d3f9f73e85eabb50988e57a257145a4
PatrickGTR/gta-open	c7630a5751827c23cf06308fd7b2d0095801e76e	.references/pawn/gamemodes/PatrickGTR--gta-open/scriptfiles/admins.sql	PatrickGTR--gta-open-source.zip	03e6dce6e910f25503c2a1da8226eb142363ab17c669e963507da22e81f6ff02
PatrickGTR/gta-open	c7630a5751827c23cf06308fd7b2d0095801e76e	.references/pawn/gamemodes/PatrickGTR--gta-open/scriptfiles/bans.sql	PatrickGTR--gta-open-source.zip	94d35f62b67122fc52e3c687f22c3507134eb04fae2e299bc6306ae7e1e24582
PatrickGTR/gta-open	c7630a5751827c23cf06308fd7b2d0095801e76e	.references/pawn/gamemodes/PatrickGTR--gta-open/scriptfiles/player_stats.sql	PatrickGTR--gta-open-source.zip	7f325b15dd8972f4bee1ab8f7c360f1f1c29f2ec72fab74e0be34eb5af1687e9
PatrickGTR/gta-open	c7630a5751827c23cf06308fd7b2d0095801e76e	.references/pawn/gamemodes/PatrickGTR--gta-open/scriptfiles/players.sql	PatrickGTR--gta-open-source.zip	0a73c7bed72f928c4273443b9142029ad8d6a15c29ec5017cf9a50ee084fd08d
PatrickGTR/gta-open	c7630a5751827c23cf06308fd7b2d0095801e76e	.references/pawn/gamemodes/PatrickGTR--gta-open/scriptfiles/gangs.sql	PatrickGTR--gta-open-source.zip	c1e471c5eb6675dc7a57c72fe9418622c17dc97b32afb37a485593a6a1861862
PatrickGTR/gta-open	c7630a5751827c23cf06308fd7b2d0095801e76e	.references/pawn/gamemodes/PatrickGTR--gta-open/.vscode/tasks.json	PatrickGTR--gta-open-source.zip	bf2dc91fbf98c1393b04e788d4d514bd68cdaed694c8ec0ae097cccbbce8193d
PatrickGTR/gta-open	c7630a5751827c23cf06308fd7b2d0095801e76e	.references/pawn/gamemodes/PatrickGTR--gta-open/gamemodes/utils/utils_vehicles.inc	PatrickGTR--gta-open-source.zip	746d72cff1d40d903bc9bc4ce8f2556e882fa53b1970b3a0f7e5343828199b45
PatrickGTR/gta-open	c7630a5751827c23cf06308fd7b2d0095801e76e	.references/pawn/gamemodes/PatrickGTR--gta-open/gamemodes/utils/utils_colours.inc	PatrickGTR--gta-open-source.zip	278a932bcd3915d3a4956361d873639a316a2a50d9b45de1809e2481007098c2
PatrickGTR/gta-open	c7630a5751827c23cf06308fd7b2d0095801e76e	.references/pawn/gamemodes/PatrickGTR--gta-open/gamemodes/utils/utils_cuffs.inc	PatrickGTR--gta-open-source.zip	4273e11c8b6316a152059b6e17c5e340b091dc3c32caab222cca230455d722a2
PatrickGTR/gta-open	c7630a5751827c23cf06308fd7b2d0095801e76e	.references/pawn/gamemodes/PatrickGTR--gta-open/gamemodes/utils/utils_player.inc	PatrickGTR--gta-open-source.zip	9f17723b6bdd3452daa7ed73cdd4433a3cf84b32ac783789c27884aceeda6fd4
PatrickGTR/gta-open	c7630a5751827c23cf06308fd7b2d0095801e76e	.references/pawn/gamemodes/PatrickGTR--gta-open/gamemodes/utils/utils.inc	PatrickGTR--gta-open-source.zip	bbc5d24c0803f974f2da7a58673dd8eea6236f4212304df563b047e4d0cebd95
PatrickGTR/gta-open	c7630a5751827c23cf06308fd7b2d0095801e76e	.references/pawn/gamemodes/PatrickGTR--gta-open/gamemodes/utils/utils_fix.inc	PatrickGTR--gta-open-source.zip	db6625869907ee25f707c9c3ffe0412d932b2cf5550a3a7fd8aa65d35518b726
PatrickGTR/gta-open	c7630a5751827c23cf06308fd7b2d0095801e76e	.references/pawn/gamemodes/PatrickGTR--gta-open/gamemodes/utils/utils_cmd.inc	PatrickGTR--gta-open-source.zip	2685bca77a38af2ba66d0e500fe7f81be0dc1995bb680d1c39bbc20210144ca6
PatrickGTR/gta-open	c7630a5751827c23cf06308fd7b2d0095801e76e	.references/pawn/gamemodes/PatrickGTR--gta-open/gamemodes/utils/utils_maths.inc	PatrickGTR--gta-open-source.zip	510d068bccb8067dcd0f4e298e096ae69bffa33bfc1d35ab967f709cf41dbfaf
PatrickGTR/gta-open	c7630a5751827c23cf06308fd7b2d0095801e76e	.references/pawn/gamemodes/PatrickGTR--gta-open/gamemodes/core/tables.inc	PatrickGTR--gta-open-source.zip	bb08e19cc39ac9f09a1679c598c7ba00c66c64e4bd967eff04c973c833b9bf11
PatrickGTR/gta-open	c7630a5751827c23cf06308fd7b2d0095801e76e	.references/pawn/gamemodes/PatrickGTR--gta-open/gamemodes/core/constants.inc	PatrickGTR--gta-open-source.zip	fbddfdee5f4354cec6c95d8b4e310267c11ec9d4b91dded87087722414336d83
PatrickGTR/gta-open	c7630a5751827c23cf06308fd7b2d0095801e76e	.references/pawn/gamemodes/PatrickGTR--gta-open/gamemodes/core/init.inc	PatrickGTR--gta-open-source.zip	1d088ec0fdab78fdf4c86b0e61e5a10ad66c79a169b72f872123f8319943d698
PatrickGTR/gta-open	c7630a5751827c23cf06308fd7b2d0095801e76e	.references/pawn/gamemodes/PatrickGTR--gta-open/gamemodes/core/server/server_atm-menu.inc	PatrickGTR--gta-open-source.zip	dc5211c16a332926d4e05bf152e525fd28a71681b7087ae3bafe0bd99c0bd453
PatrickGTR/gta-open	c7630a5751827c23cf06308fd7b2d0095801e76e	.references/pawn/gamemodes/PatrickGTR--gta-open/gamemodes/core/server/server_atm-impl.inc	PatrickGTR--gta-open-source.zip	7786ca948953dd075ca42255d89cd817cba6f0acbc0d602c34eac58bb2a1023c
PatrickGTR/gta-open	c7630a5751827c23cf06308fd7b2d0095801e76e	.references/pawn/gamemodes/PatrickGTR--gta-open/gamemodes/core/server/server.inc	PatrickGTR--gta-open-source.zip	e5a7e637844647823173f48db8ab3ef88ab60dcd687b83ad5fe4ab4ce116ae0d
PatrickGTR/gta-open	c7630a5751827c23cf06308fd7b2d0095801e76e	.references/pawn/gamemodes/PatrickGTR--gta-open/gamemodes/core/server/server_shop-items.inc	PatrickGTR--gta-open-source.zip	d94be67892d597fcb06aba0ef572bd32d6dc1bcbe9ff8464e554e8a5ad8cfb21
PatrickGTR/gta-open	c7630a5751827c23cf06308fd7b2d0095801e76e	.references/pawn/gamemodes/PatrickGTR--gta-open/gamemodes/core/server/server_msgs.inc	PatrickGTR--gta-open-source.zip	9a2fe97525b622583c5311ca5e212eafb35df80a4b0e4037608940d39deea37b
PatrickGTR/gta-open	c7630a5751827c23cf06308fd7b2d0095801e76e	.references/pawn/gamemodes/PatrickGTR--gta-open/gamemodes/core/server/server_time.inc	PatrickGTR--gta-open-source.zip	b84c90082fc8fe7d463d9b7d3d2dcb4c5c18914719e7fc434c32cf24bd90311d
PatrickGTR/gta-open	c7630a5751827c23cf06308fd7b2d0095801e76e	.references/pawn/gamemodes/PatrickGTR--gta-open/gamemodes/core/server/server_motd.inc	PatrickGTR--gta-open-source.zip	5fe37c8a8ab8682d344a930b48130feaa8f18c08988e33f703fd0325a8338f4c
PatrickGTR/gta-open	c7630a5751827c23cf06308fd7b2d0095801e76e	.references/pawn/gamemodes/PatrickGTR--gta-open/gamemodes/core/server/server_tax.inc	PatrickGTR--gta-open-source.zip	2e36d7b4ed292c9ecddc63fbf814027fe44c96126bbfd7a018db9bbd0a72e077
PatrickGTR/gta-open	c7630a5751827c23cf06308fd7b2d0095801e76e	.references/pawn/gamemodes/PatrickGTR--gta-open/gamemodes/core/server/server_entrances.inc	PatrickGTR--gta-open-source.zip	98d97038ac7fc587eb00ac7b12521fdb3b3983abf60604fbe0e86f067024509b
PatrickGTR/gta-open	c7630a5751827c23cf06308fd7b2d0095801e76e	.references/pawn/gamemodes/PatrickGTR--gta-open/gamemodes/core/server/server_wanted-level.inc	PatrickGTR--gta-open-source.zip	d0f159c1013e6719cff94438eeef23f9abc7955c0f600c5e97f2627c57667a0e
PatrickGTR/gta-open	c7630a5751827c23cf06308fd7b2d0095801e76e	.references/pawn/gamemodes/PatrickGTR--gta-open/gamemodes/core/player/player_spawn.inc	PatrickGTR--gta-open-source.zip	70e76f66455fea7cfdabea5b59421c77a9bb3cedc840539250e2e734fafeea30
PatrickGTR/gta-open	c7630a5751827c23cf06308fd7b2d0095801e76e	.references/pawn/gamemodes/PatrickGTR--gta-open/gamemodes/core/player/player_animations.inc	PatrickGTR--gta-open-source.zip	625e1b831c968cd2528a230bc209bbc927f14a20a48e167e59040b09955f15bf
PatrickGTR/gta-open	c7630a5751827c23cf06308fd7b2d0095801e76e	.references/pawn/gamemodes/PatrickGTR--gta-open/gamemodes/core/player/player_weapon-save.inc	PatrickGTR--gta-open-source.zip	87b933ecdfa7ce8e4640e18f71384b38703ebbd7fcc097e793329708219ced81
PatrickGTR/gta-open	c7630a5751827c23cf06308fd7b2d0095801e76e	.references/pawn/gamemodes/PatrickGTR--gta-open/gamemodes/core/player/player_job.inc	PatrickGTR--gta-open-source.zip	24e4f4819844a59495f66494a2554921115b57580e999d79b04b38303625a7aa
PatrickGTR/gta-open	c7630a5751827c23cf06308fd7b2d0095801e76e	.references/pawn/gamemodes/PatrickGTR--gta-open/gamemodes/core/player/player_location.inc	PatrickGTR--gta-open-source.zip	97672d4cd68989a28c7e16df20ce0ca89f10937734b35a6943eac50ea615aa05
PatrickGTR/gta-open	c7630a5751827c23cf06308fd7b2d0095801e76e	.references/pawn/gamemodes/PatrickGTR--gta-open/gamemodes/core/player/player_spawn-protection.inc	PatrickGTR--gta-open-source.zip	bb4bd7bafe88dd3fadf5f625eef687433f6000d4290ca573bdc13f849b7de049
PatrickGTR/gta-open	c7630a5751827c23cf06308fd7b2d0095801e76e	.references/pawn/gamemodes/PatrickGTR--gta-open/gamemodes/core/player/player.inc	PatrickGTR--gta-open-source.zip	19d279c1e3524016e53316d2d4820556dc185b1ce57c8356e8cab56421691ab9
PatrickGTR/gta-open	c7630a5751827c23cf06308fd7b2d0095801e76e	.references/pawn/gamemodes/PatrickGTR--gta-open/gamemodes/core/player/player_xp.inc	PatrickGTR--gta-open-source.zip	5a962a2a9eb332d169fcb1ac115043ce14bd4f98862850ac988e9e457f693a63
PatrickGTR/gta-open	c7630a5751827c23cf06308fd7b2d0095801e76e	.references/pawn/gamemodes/PatrickGTR--gta-open/gamemodes/core/player/player_jail.inc	PatrickGTR--gta-open-source.zip	97a2336a29e003bb70d512fd31bd8b86201e5df25538a844ed9c7dbf45979d91
PatrickGTR/gta-open	c7630a5751827c23cf06308fd7b2d0095801e76e	.references/pawn/gamemodes/PatrickGTR--gta-open/gamemodes/core/player/player_arrest.inc	PatrickGTR--gta-open-source.zip	f4d8ee291bb84657a9752187ba46ff2cb258c765acbdbcae61fee18cf3ec2192
PatrickGTR/gta-open	c7630a5751827c23cf06308fd7b2d0095801e76e	.references/pawn/gamemodes/PatrickGTR--gta-open/gamemodes/core/player/player_hitpoint-save.inc	PatrickGTR--gta-open-source.zip	ba5bb92024def222632128bbfc0f18379fb43ce5978d6a92844d81e351c7b3d0
PatrickGTR/gta-open	c7630a5751827c23cf06308fd7b2d0095801e76e	.references/pawn/gamemodes/PatrickGTR--gta-open/gamemodes/core/player/player_bank.inc	PatrickGTR--gta-open-source.zip	25cc8481743c7f6356c5cd809cd24ac5c90009807931f7d14e0d969c46ffe4e1
PatrickGTR/gta-open	c7630a5751827c23cf06308fd7b2d0095801e76e	.references/pawn/gamemodes/PatrickGTR--gta-open/gamemodes/core/player/player_skin.inc	PatrickGTR--gta-open-source.zip	b3d218f29f3884b7d2c343867ff391ba9016907123750053f0147dee2602cc00
PatrickGTR/gta-open	c7630a5751827c23cf06308fd7b2d0095801e76e	.references/pawn/gamemodes/PatrickGTR--gta-open/gamemodes/core/player/player_items.inc	PatrickGTR--gta-open-source.zip	f27c53018052093f32cc631b39157f75f7243e83a83de9a980779ac9d2d0206f
PatrickGTR/gta-open	c7630a5751827c23cf06308fd7b2d0095801e76e	.references/pawn/gamemodes/PatrickGTR--gta-open/gamemodes/core/player/player_army.inc	PatrickGTR--gta-open-source.zip	6b4beb562d707a75f1aa94c46c1d7b936721dc33431322812d966fb4833583d7
PatrickGTR/gta-open	c7630a5751827c23cf06308fd7b2d0095801e76e	.references/pawn/gamemodes/PatrickGTR--gta-open/gamemodes/core/player/player_crimes.inc	PatrickGTR--gta-open-source.zip	1d843afa95ffcc7fd22747dfa6083c0480830a6c7fd0e38ba70463630e2efdbc
PatrickGTR/gta-open	c7630a5751827c23cf06308fd7b2d0095801e76e	.references/pawn/gamemodes/PatrickGTR--gta-open/gamemodes/core/player/player_shots.inc	PatrickGTR--gta-open-source.zip	d07d49167dab5ff38f082c0da8c1ddf924422e8df705a7f31fc2e3d419d6abe6
PatrickGTR/gta-open	c7630a5751827c23cf06308fd7b2d0095801e76e	.references/pawn/gamemodes/PatrickGTR--gta-open/gamemodes/core/player/player_class.inc	PatrickGTR--gta-open-source.zip	9834d3e7e145cbe600ddb8b9ba2e467d7b561d294351ae1903f15de01621966a
PatrickGTR/gta-open	c7630a5751827c23cf06308fd7b2d0095801e76e	.references/pawn/gamemodes/PatrickGTR--gta-open/gamemodes/core/anti-cheat/proaim.pwn	PatrickGTR--gta-open-source.zip	0ab3131786176cf45050095ecc30c694d7290b14a5d2513afd2e5d3a5892776b
PatrickGTR/gta-open	c7630a5751827c23cf06308fd7b2d0095801e76e	.references/pawn/gamemodes/PatrickGTR--gta-open/gamemodes/core/anti-cheat/anti-cheat_remotejack.inc	PatrickGTR--gta-open-source.zip	935ec3548848231a1ad29068051aade4417f0a18710af79459a512070f53b6c1
PatrickGTR/gta-open	c7630a5751827c23cf06308fd7b2d0095801e76e	.references/pawn/gamemodes/PatrickGTR--gta-open/gamemodes/core/anti-cheat/anti-cheat_airbreak.inc	PatrickGTR--gta-open-source.zip	7813a7b41d61629ad36c8a6e35eaa9cc15bf6778db04dabc5c8830b3e2ac870f
PatrickGTR/gta-open	c7630a5751827c23cf06308fd7b2d0095801e76e	.references/pawn/gamemodes/PatrickGTR--gta-open/gamemodes/core/anti-cheat/anti-cheat_bot-attack.inc	PatrickGTR--gta-open-source.zip	df16e6ef70ae578f3b1f21230ae435e9fa15a819400c9f7487f8be5685621f8c
PatrickGTR/gta-open	c7630a5751827c23cf06308fd7b2d0095801e76e	.references/pawn/gamemodes/PatrickGTR--gta-open/gamemodes/core/anti-cheat/anti-cheat_server-side-dmg.inc	PatrickGTR--gta-open-source.zip	c74f1fd9af880320c1c964158c88ad42644fc350fa4eb09ea5e84d3b07a2042c
PatrickGTR/gta-open	c7630a5751827c23cf06308fd7b2d0095801e76e	.references/pawn/gamemodes/PatrickGTR--gta-open/gamemodes/core/anti-cheat/autocbug.pwn	PatrickGTR--gta-open-source.zip	f1bc620d000d720a28158f60c862945c0122d55796f7fd0714869559e95bb776
PatrickGTR/gta-open	c7630a5751827c23cf06308fd7b2d0095801e76e	.references/pawn/gamemodes/PatrickGTR--gta-open/gamemodes/core/anti-cheat/anti-cheat_thermal-vision.inc	PatrickGTR--gta-open-source.zip	3fe6d0f872e6d6cd8cd07e92a4034b66cc13bb55592eeac73a1d7cba3668bd21
PatrickGTR/gta-open	c7630a5751827c23cf06308fd7b2d0095801e76e	.references/pawn/gamemodes/PatrickGTR--gta-open/gamemodes/core/anti-cheat/pickup_spam.pwn	PatrickGTR--gta-open-source.zip	1d776b507793f484ac6fdd2ac90010189f157ed5059912987da17a5534decd2a
PatrickGTR/gta-open	c7630a5751827c23cf06308fd7b2d0095801e76e	.references/pawn/gamemodes/PatrickGTR--gta-open/gamemodes/core/anti-cheat/anti-cheat_player-bugger.inc	PatrickGTR--gta-open-source.zip	ea0f7b76e96d3d8bd57205a458244ded3958f20072c155603b2c5680aea75b73
PatrickGTR/gta-open	c7630a5751827c23cf06308fd7b2d0095801e76e	.references/pawn/gamemodes/PatrickGTR--gta-open/gamemodes/core/anti-cheat/rapidfire.pwn	PatrickGTR--gta-open-source.zip	6cf2419e2813e3a202c24ddff0c5ce65763f6b4a73ca962728da6301b9df8898
PatrickGTR/gta-open	c7630a5751827c23cf06308fd7b2d0095801e76e	.references/pawn/gamemodes/PatrickGTR--gta-open/gamemodes/core/anti-cheat/anti-cheat_weapon.inc	PatrickGTR--gta-open-source.zip	b94d0058108186f3ff810acfe7c0a035c09fbbd35c0885d8ba58e11de575c90d
PatrickGTR/gta-open	c7630a5751827c23cf06308fd7b2d0095801e76e	.references/pawn/gamemodes/PatrickGTR--gta-open/gamemodes/core/anti-cheat/anti-cheat_carwarp.inc	PatrickGTR--gta-open-source.zip	883f1cef46c3b24ecfcdd299e453985553c15e356651bec9fd3bddcde4b36827
PatrickGTR/gta-open	c7630a5751827c23cf06308fd7b2d0095801e76e	.references/pawn/gamemodes/PatrickGTR--gta-open/gamemodes/core/anti-cheat/anti-cheat_vending-machines.inc	PatrickGTR--gta-open-source.zip	f04d98bfed8d31819889cdfa9fdeceed7597db68757ae4374d3770fdf7e61b0a
PatrickGTR/gta-open	c7630a5751827c23cf06308fd7b2d0095801e76e	.references/pawn/gamemodes/PatrickGTR--gta-open/gamemodes/core/anti-cheat/anti-cheat.inc	PatrickGTR--gta-open-source.zip	65bfff7d9b708e7f9b9f67784666036ade03c893c36584f269512a6a56e826ff
PatrickGTR/gta-open	c7630a5751827c23cf06308fd7b2d0095801e76e	.references/pawn/gamemodes/PatrickGTR--gta-open/gamemodes/core/anti-cheat/anti-cheat_flying.inc	PatrickGTR--gta-open-source.zip	8bbbfb90f27674832424e1a2233618aa00b772db8a75bf6177c808c23581f1da
PatrickGTR/gta-open	c7630a5751827c23cf06308fd7b2d0095801e76e	.references/pawn/gamemodes/PatrickGTR--gta-open/gamemodes/core/anti-cheat/anti-cheat_money.inc	PatrickGTR--gta-open-source.zip	0496c46f648cb68882e94d0f35fe68eb194bb07b8c52f8bbaf577f274ba11837
PatrickGTR/gta-open	c7630a5751827c23cf06308fd7b2d0095801e76e	.references/pawn/gamemodes/PatrickGTR--gta-open/gamemodes/core/anti-cheat/car_particle_spam.pwn	PatrickGTR--gta-open-source.zip	f30b5234e75c3bfeff2d11ce671e8d37c053692c8c3135aad21bbeb0df6a754d
PatrickGTR/gta-open	c7630a5751827c23cf06308fd7b2d0095801e76e	.references/pawn/gamemodes/PatrickGTR--gta-open/gamemodes/core/anti-cheat/anti-cheat_carmod.inc	PatrickGTR--gta-open-source.zip	43ea95752dabc326b05ca2ec031c8f0f98712b4bf5a6689390962cb3d056d57e
PatrickGTR/gta-open	c7630a5751827c23cf06308fd7b2d0095801e76e	.references/pawn/gamemodes/PatrickGTR--gta-open/gamemodes/core/systems/crack_system.inc	PatrickGTR--gta-open-source.zip	3206e85225daa22c7a664410dd8bc57171d880eb211ea085c22ccaf5dc09a8bc
PatrickGTR/gta-open	c7630a5751827c23cf06308fd7b2d0095801e76e	.references/pawn/gamemodes/PatrickGTR--gta-open/gamemodes/core/systems/atm_robbery.inc	PatrickGTR--gta-open-source.zip	7a2d09bbedb311e2b8ddb6537aac1b5216fdefe9119a45b6e231acda129dbf73
PatrickGTR/gta-open	c7630a5751827c23cf06308fd7b2d0095801e76e	.references/pawn/gamemodes/PatrickGTR--gta-open/gamemodes/core/systems/stores_system.inc	PatrickGTR--gta-open-source.zip	1f8220a3342c586fa4752f8b4776da05fb06ab10d9a9fee4735db2828a776810
PatrickGTR/gta-open	c7630a5751827c23cf06308fd7b2d0095801e76e	.references/pawn/gamemodes/PatrickGTR--gta-open/gamemodes/core/systems/moneybag_system.inc	PatrickGTR--gta-open-source.zip	20e38dde425802d25a0e570363ff7528819d0c0ec2a86e443efbed958d06c1a8
PatrickGTR/gta-open	c7630a5751827c23cf06308fd7b2d0095801e76e	.references/pawn/gamemodes/PatrickGTR--gta-open/gamemodes/core/systems/ghosthunting_system.inc	PatrickGTR--gta-open-source.zip	38706306d0d83b92f45afbefe9179bcf1eb21d0cfe077c8019f475590961f9f5
PatrickGTR/gta-open	c7630a5751827c23cf06308fd7b2d0095801e76e	.references/pawn/gamemodes/PatrickGTR--gta-open/gamemodes/core/systems/cityhall_system.inc	PatrickGTR--gta-open-source.zip	1f171481098543ff05d155e4130f9b30c627ceb35ecad4ab8b0827cfaa0b11d5
PatrickGTR/gta-open	c7630a5751827c23cf06308fd7b2d0095801e76e	.references/pawn/gamemodes/PatrickGTR--gta-open/gamemodes/core/systems/army_system.inc	PatrickGTR--gta-open-source.zip	30bcc67699db83403f79c72fe854dcda8ff4ab0a7114a02efa7283e0240ae73c
PatrickGTR/gta-open	c7630a5751827c23cf06308fd7b2d0095801e76e	.references/pawn/gamemodes/PatrickGTR--gta-open/gamemodes/core/systems/police_system.inc	PatrickGTR--gta-open-source.zip	a900025206f0e0ccfc45d89707ef0a29fdde08577c78b4d7c1c5c7240b7b4d85
PatrickGTR/gta-open	c7630a5751827c23cf06308fd7b2d0095801e76e	.references/pawn/gamemodes/PatrickGTR--gta-open/gamemodes/core/systems/system.inc	PatrickGTR--gta-open-source.zip	2b6ac77019f23c5f49301ba83779abb17d90b6156c8be14bfd01dc9fa00226ba
PatrickGTR/gta-open	c7630a5751827c23cf06308fd7b2d0095801e76e	.references/pawn/gamemodes/PatrickGTR--gta-open/gamemodes/core/systems/gps_system.inc	PatrickGTR--gta-open-source.zip	a23acf10fa6ef9edd762ed2e9deaeb5be10dcdeaedea1b056ec4b69133c8c5ff
PatrickGTR/gta-open	c7630a5751827c23cf06308fd7b2d0095801e76e	.references/pawn/gamemodes/PatrickGTR--gta-open/gamemodes/core/systems/weed_system.inc	PatrickGTR--gta-open-source.zip	3b78aa82defe87c3acdaaf202c0074ce4d0f698280ef39f0e24bfa27fded1d69
PatrickGTR/gta-open	c7630a5751827c23cf06308fd7b2d0095801e76e	.references/pawn/gamemodes/PatrickGTR--gta-open/gamemodes/core/systems/tower_system.inc	PatrickGTR--gta-open-source.zip	4e38c2424b24848d469727fa08dcb480caf9503e91fa2445dec370471d69e466
PatrickGTR/gta-open	c7630a5751827c23cf06308fd7b2d0095801e76e	.references/pawn/gamemodes/PatrickGTR--gta-open/gamemodes/core/systems/car_crusher.inc	PatrickGTR--gta-open-source.zip	6f599b8e948df8e34650dc34fb21e09654775b7c8b14f559db78365d657e126b
PatrickGTR/gta-open	c7630a5751827c23cf06308fd7b2d0095801e76e	.references/pawn/gamemodes/PatrickGTR--gta-open/gamemodes/core/systems/jailcell_system.inc	PatrickGTR--gta-open-source.zip	22ff77930d55fb828f3db5e118e8018df7379e5c96403c431248c51895d631b7
PatrickGTR/gta-open	c7630a5751827c23cf06308fd7b2d0095801e76e	.references/pawn/gamemodes/PatrickGTR--gta-open/gamemodes/core/systems/slot-machine_system.inc	PatrickGTR--gta-open-source.zip	2fe426ae858cf010d8cb95edda82775860ebec193fb0c3644b099b0b58a327b6
PatrickGTR/gta-open	c7630a5751827c23cf06308fd7b2d0095801e76e	.references/pawn/gamemodes/PatrickGTR--gta-open/gamemodes/core/systems/lotto_system.inc	PatrickGTR--gta-open-source.zip	cfc9c5ddb654a0c4ba36fc445592baddac07b5ff407dec3d6fe77456dba2201a
PatrickGTR/gta-open	c7630a5751827c23cf06308fd7b2d0095801e76e	.references/pawn/gamemodes/PatrickGTR--gta-open/gamemodes/core/systems/bomb_shop.inc	PatrickGTR--gta-open-source.zip	15ee918722b7b0f8d712145ed0e8c3f51cac6c4de512530ce69e51dab76b4067
PatrickGTR/gta-open	c7630a5751827c23cf06308fd7b2d0095801e76e	.references/pawn/gamemodes/PatrickGTR--gta-open/gamemodes/core/systems/hospital_system.inc	PatrickGTR--gta-open-source.zip	2d7a36a518ab22aa562da96175e47bea9c0c981be04e20a5eaf1120af86b8072
PatrickGTR/gta-open	c7630a5751827c23cf06308fd7b2d0095801e76e	.references/pawn/gamemodes/PatrickGTR--gta-open/gamemodes/core/systems/burglary_system.inc	PatrickGTR--gta-open-source.zip	fbb419957cd83e4da7ef1f1d345f931897875c6aa7f141611f3d21cfb4820a8a
PatrickGTR/gta-open	c7630a5751827c23cf06308fd7b2d0095801e76e	.references/pawn/gamemodes/PatrickGTR--gta-open/gamemodes/core/systems/dumpster_diving.inc	PatrickGTR--gta-open-source.zip	08776332c9c64abcccf74641c7efab7288546fc1baa1d96307dcb314e8469319
PatrickGTR/gta-open	c7630a5751827c23cf06308fd7b2d0095801e76e	.references/pawn/gamemodes/PatrickGTR--gta-open/gamemodes/core/account/account.inc	PatrickGTR--gta-open-source.zip	2fc8318b7a3cbc5809845bc7b758190f245d226a9810c03457e7d192cf0242da
PatrickGTR/gta-open	c7630a5751827c23cf06308fd7b2d0095801e76e	.references/pawn/gamemodes/PatrickGTR--gta-open/gamemodes/core/account/account_stats.inc	PatrickGTR--gta-open-source.zip	428e1c3a5b2ecc151d8aaaeca47ff6dad0d03b7853540d1f791832f66488881f
PatrickGTR/gta-open	c7630a5751827c23cf06308fd7b2d0095801e76e	.references/pawn/gamemodes/PatrickGTR--gta-open/gamemodes/core/account/account_wanted-level.inc	PatrickGTR--gta-open-source.zip	4a554fd39d916ec469b1d4c0fb59718991fb4711fe7eb68ae3beba6b210a5d87
PatrickGTR/gta-open	c7630a5751827c23cf06308fd7b2d0095801e76e	.references/pawn/gamemodes/PatrickGTR--gta-open/gamemodes/core/account/account_login.inc	PatrickGTR--gta-open-source.zip	c8904cd6f8a6ef15855f0fa72354f87bdec87b1b9a45bdec2550194e0b073e6e
PatrickGTR/gta-open	c7630a5751827c23cf06308fd7b2d0095801e76e	.references/pawn/gamemodes/PatrickGTR--gta-open/gamemodes/core/account/account_vip.inc	PatrickGTR--gta-open-source.zip	e503e4c21a2ecc099974985c778e21458849606f4dd9ea833ce128a240b1df73
PatrickGTR/gta-open	c7630a5751827c23cf06308fd7b2d0095801e76e	.references/pawn/gamemodes/PatrickGTR--gta-open/gamemodes/core/account/README.md	PatrickGTR--gta-open-source.zip	ec8cb601d6cbe7e74d7bfc72da102c92620355524a939f2f580fcf3394be4654
PatrickGTR/gta-open	c7630a5751827c23cf06308fd7b2d0095801e76e	.references/pawn/gamemodes/PatrickGTR--gta-open/gamemodes/core/account/account_create.inc	PatrickGTR--gta-open-source.zip	5e917ba051696639da224132cb88abdafae0305bff17ea85f5a38c1c684a741f
PatrickGTR/gta-open	c7630a5751827c23cf06308fd7b2d0095801e76e	.references/pawn/gamemodes/PatrickGTR--gta-open/gamemodes/core/houses/houses_impl.inc	PatrickGTR--gta-open-source.zip	bb9a2d79bbb0ceac06fd3c73f84f359eb1b94486e4283e8d2c70bcc2cadc0d7d
PatrickGTR/gta-open	c7630a5751827c23cf06308fd7b2d0095801e76e	.references/pawn/gamemodes/PatrickGTR--gta-open/gamemodes/core/houses/houses_interior-data.inc	PatrickGTR--gta-open-source.zip	bdc0fb2b28b840a16be02fbd015755ae08e8fb9184c88c19bbe67d6f4591421d
PatrickGTR/gta-open	c7630a5751827c23cf06308fd7b2d0095801e76e	.references/pawn/gamemodes/PatrickGTR--gta-open/gamemodes/core/houses/houses_key_holder.inc	PatrickGTR--gta-open-source.zip	2e37695673a70cf0524af526c7d8073958f1ca09b6809dfad5899f843c68e47c
PatrickGTR/gta-open	c7630a5751827c23cf06308fd7b2d0095801e76e	.references/pawn/gamemodes/PatrickGTR--gta-open/gamemodes/core/houses/houses_empty-interior.inc	PatrickGTR--gta-open-source.zip	bfd5c89b103686ff25803f4c1643bbc3ae12a19e7c13e3618fe9a89f428c5ef9
PatrickGTR/gta-open	c7630a5751827c23cf06308fd7b2d0095801e76e	.references/pawn/gamemodes/PatrickGTR--gta-open/gamemodes/core/houses/houses_cmd.inc	PatrickGTR--gta-open-source.zip	e0e2f51fc58ce3f18e18aa7d9aa9630875ec3939ca42df8c80cae0e1917fdfeb
PatrickGTR/gta-open	c7630a5751827c23cf06308fd7b2d0095801e76e	.references/pawn/gamemodes/PatrickGTR--gta-open/gamemodes/core/houses/houses_lock.inc	PatrickGTR--gta-open-source.zip	39ab58a8dba2a1f30dfec4dd53ed8426276bf2a9782498903bbe87fec279a491
PatrickGTR/gta-open	c7630a5751827c23cf06308fd7b2d0095801e76e	.references/pawn/gamemodes/PatrickGTR--gta-open/gamemodes/core/houses/houses_entext-handler.inc	PatrickGTR--gta-open-source.zip	92ead702b2549cf570223271979cd80ff04fba8670ad9fc910db3d34084b6739
PatrickGTR/gta-open	c7630a5751827c23cf06308fd7b2d0095801e76e	.references/pawn/gamemodes/PatrickGTR--gta-open/gamemodes/core/houses/houses.inc	PatrickGTR--gta-open-source.zip	a9b293ad9c00dfc0d1088f009288db877f213f19bf10413836d5e3a7caf19711
PatrickGTR/gta-open	c7630a5751827c23cf06308fd7b2d0095801e76e	.references/pawn/gamemodes/PatrickGTR--gta-open/gamemodes/core/cmds/cmds_arrest.inc	PatrickGTR--gta-open-source.zip	4e46ea5cb3a8d136ceadf91dbf0a9ee48c327b60e226a6dfa724df31378961e1
PatrickGTR/gta-open	c7630a5751827c23cf06308fd7b2d0095801e76e	.references/pawn/gamemodes/PatrickGTR--gta-open/gamemodes/core/cmds/cmds_rob.inc	PatrickGTR--gta-open-source.zip	3ee22e106665070e6a9d02ece4b31b3c9de15a284599a3ac2853eb16b2ea96e5
PatrickGTR/gta-open	c7630a5751827c23cf06308fd7b2d0095801e76e	.references/pawn/gamemodes/PatrickGTR--gta-open/gamemodes/core/cmds/cmds_cuff.inc	PatrickGTR--gta-open-source.zip	78505e00d9dc230b059b31e43db65c750dda89806d4ebd4ab52a02597c6e647d
PatrickGTR/gta-open	c7630a5751827c23cf06308fd7b2d0095801e76e	.references/pawn/gamemodes/PatrickGTR--gta-open/gamemodes/core/cmds/cmds_gps.inc	PatrickGTR--gta-open-source.zip	8e56905296edc9b1f10243a850060787d9d8adfcacf60746362c632618fe353d
PatrickGTR/gta-open	c7630a5751827c23cf06308fd7b2d0095801e76e	.references/pawn/gamemodes/PatrickGTR--gta-open/gamemodes/core/cmds/cmds_breakout.inc	PatrickGTR--gta-open-source.zip	199bc9b915feb6a36a36303975f663b5691cdf8c8bf2fb6b186671bdde740767
PatrickGTR/gta-open	c7630a5751827c23cf06308fd7b2d0095801e76e	.references/pawn/gamemodes/PatrickGTR--gta-open/gamemodes/core/cmds/cmds_breakcuff.inc	PatrickGTR--gta-open-source.zip	a3a44d235bcf894436eb2d83f1345fcc27d621aebe7a825e95c4803b58d8d4c3
PatrickGTR/gta-open	c7630a5751827c23cf06308fd7b2d0095801e76e	.references/pawn/gamemodes/PatrickGTR--gta-open/gamemodes/core/cmds/cmds_bail.inc	PatrickGTR--gta-open-source.zip	3cb6c415e467c15c7eb531b59bf6bb96dfaa7648fb298a11ae0b778f41102636
PatrickGTR/gta-open	c7630a5751827c23cf06308fd7b2d0095801e76e	.references/pawn/gamemodes/PatrickGTR--gta-open/gamemodes/core/cmds/cmds_pm.inc	PatrickGTR--gta-open-source.zip	49791f4561072101727c6a89d6635de46e305d9bcbd821bcb00841524073fdb5
PatrickGTR/gta-open	c7630a5751827c23cf06308fd7b2d0095801e76e	.references/pawn/gamemodes/PatrickGTR--gta-open/gamemodes/core/cmds/cmds_v.inc	PatrickGTR--gta-open-source.zip	c7d45e0fc296c1b87e31daef45c10808499e19a3daa77b8e7d340bbfc7dacb1a
PatrickGTR/gta-open	c7630a5751827c23cf06308fd7b2d0095801e76e	.references/pawn/gamemodes/PatrickGTR--gta-open/gamemodes/core/cmds/cmds_info.inc	PatrickGTR--gta-open-source.zip	c883b22215118c77fe3ae90774e9ea12cb335512e74a40efc301383fceccaf43
PatrickGTR/gta-open	c7630a5751827c23cf06308fd7b2d0095801e76e	.references/pawn/gamemodes/PatrickGTR--gta-open/gamemodes/core/cmds/cmds_ghosthunt.inc	PatrickGTR--gta-open-source.zip	4fbcf4d1b12f8c974904a0e99da43a5f815d2278fd99a2e573bae3a5c68dc25e
PatrickGTR/gta-open	c7630a5751827c23cf06308fd7b2d0095801e76e	.references/pawn/gamemodes/PatrickGTR--gta-open/gamemodes/core/cmds/cmds.inc	PatrickGTR--gta-open-source.zip	10263548ac23a281b7655798921d5b0513832cd9a9e1e7fc749634bb316fcbc0
PatrickGTR/gta-open	c7630a5751827c23cf06308fd7b2d0095801e76e	.references/pawn/gamemodes/PatrickGTR--gta-open/gamemodes/core/cmds/cmds_gang.inc	PatrickGTR--gta-open-source.zip	b91eadbdda44cf7bca74bd7134a7976b5389b5f79b770a230946ed3799ab8e92
PatrickGTR/gta-open	c7630a5751827c23cf06308fd7b2d0095801e76e	.references/pawn/gamemodes/PatrickGTR--gta-open/gamemodes/core/gangs/gang_stats.inc	PatrickGTR--gta-open-source.zip	0d5ccb536b7d8b00e54e7e371d1b2174373dcea8a9c341366e8fe28ee50228c4
PatrickGTR/gta-open	c7630a5751827c23cf06308fd7b2d0095801e76e	.references/pawn/gamemodes/PatrickGTR--gta-open/gamemodes/core/gangs/gangs.inc	PatrickGTR--gta-open-source.zip	2536d04abd53c3296ca0a9f5bbd237924019083c9bbfae0c7aac10ee1b894a97
PatrickGTR/gta-open	c7630a5751827c23cf06308fd7b2d0095801e76e	.references/pawn/gamemodes/PatrickGTR--gta-open/gamemodes/core/admin/fly_cmd.inc	PatrickGTR--gta-open-source.zip	afd567b9fd86506a40ce1a848edefc8f1dd331847284a09039196b3c7065ebb1
PatrickGTR/gta-open	c7630a5751827c23cf06308fd7b2d0095801e76e	.references/pawn/gamemodes/PatrickGTR--gta-open/gamemodes/core/admin/admin_ban-cmd.inc	PatrickGTR--gta-open-source.zip	1ca15907656899cf1a460f4b877670c245202071283058c7684bf1f80f5e1633
PatrickGTR/gta-open	c7630a5751827c23cf06308fd7b2d0095801e76e	.references/pawn/gamemodes/PatrickGTR--gta-open/gamemodes/core/admin/admin_cmd-entrance.inc	PatrickGTR--gta-open-source.zip	256703a61901398a57b49ab9b3e406ce146a0dd26e4efdf33e41fcb5ef439659
PatrickGTR/gta-open	c7630a5751827c23cf06308fd7b2d0095801e76e	.references/pawn/gamemodes/PatrickGTR--gta-open/gamemodes/core/admin/admin_cmd_lvl4.inc	PatrickGTR--gta-open-source.zip	522dbfea1626bc6a6be9b4713ea7a57ea1ca90b94ae7ffd1407aa9d6b7f4eeb0
PatrickGTR/gta-open	c7630a5751827c23cf06308fd7b2d0095801e76e	.references/pawn/gamemodes/PatrickGTR--gta-open/gamemodes/core/admin/admin_cmd_lvl3carscmds.inc	PatrickGTR--gta-open-source.zip	58c8a302b9d05b18d0a637d54cd5a77c0a47d6b9a99332693bc3fad0d1f9cf63
PatrickGTR/gta-open	c7630a5751827c23cf06308fd7b2d0095801e76e	.references/pawn/gamemodes/PatrickGTR--gta-open/gamemodes/core/admin/admin_cmd-atm.inc	PatrickGTR--gta-open-source.zip	4ce5a11966ba2b837b3f9b9310e5a71889c1a8a9be740a0c6788a7ca373ffba7
PatrickGTR/gta-open	c7630a5751827c23cf06308fd7b2d0095801e76e	.references/pawn/gamemodes/PatrickGTR--gta-open/gamemodes/core/admin/admin_cmd_lvl1.inc	PatrickGTR--gta-open-source.zip	e73ee14c8e6e90be1b6fb937c761db4bd1e71c8fdd1f848df44678ee1a419c61
PatrickGTR/gta-open	c7630a5751827c23cf06308fd7b2d0095801e76e	.references/pawn/gamemodes/PatrickGTR--gta-open/gamemodes/core/admin/admin.inc	PatrickGTR--gta-open-source.zip	1cea8c1ea9859055643fa8333a1dfeb9645c5a7e42a15afb88763f119528638c
PatrickGTR/gta-open	c7630a5751827c23cf06308fd7b2d0095801e76e	.references/pawn/gamemodes/PatrickGTR--gta-open/gamemodes/core/admin/admin_spec-cmd.inc	PatrickGTR--gta-open-source.zip	5927607635beec9adf91a559cac1d7ed687d7f60a54696c43c8249c901cf1c2c
PatrickGTR/gta-open	c7630a5751827c23cf06308fd7b2d0095801e76e	.references/pawn/gamemodes/PatrickGTR--gta-open/gamemodes/core/admin/admin_player-accuracy.inc	PatrickGTR--gta-open-source.zip	e56160a00afbb87df63a8173378b197e739222e15a68724558a08f1a3aafa15c
PatrickGTR/gta-open	c7630a5751827c23cf06308fd7b2d0095801e76e	.references/pawn/gamemodes/PatrickGTR--gta-open/gamemodes/core/admin/rcon_cmd.inc	PatrickGTR--gta-open-source.zip	1dca56da1c0a977c10e344ec898d14f1610a5eb9d6725cc4c7f58539b07a6423
PatrickGTR/gta-open	c7630a5751827c23cf06308fd7b2d0095801e76e	.references/pawn/gamemodes/PatrickGTR--gta-open/gamemodes/core/admin/admin_cmd_lvl3.inc	PatrickGTR--gta-open-source.zip	a1b77e9e2ffbe4786697e0bad54c5383a4bc22bdc816706504e25436c8c40918
PatrickGTR/gta-open	c7630a5751827c23cf06308fd7b2d0095801e76e	.references/pawn/gamemodes/PatrickGTR--gta-open/gamemodes/core/admin/admin_acmds.inc	PatrickGTR--gta-open-source.zip	7de97dea677def6e018f266b4206f60c0541805992d08c6acca3dadb5252f57b
PatrickGTR/gta-open	c7630a5751827c23cf06308fd7b2d0095801e76e	.references/pawn/gamemodes/PatrickGTR--gta-open/gamemodes/core/admin/README.md	PatrickGTR--gta-open-source.zip	c1c1e65d4eddfcbb457b38c0941bd1065c86613d4b4c27805614ce10ca8c11ea
PatrickGTR/gta-open	c7630a5751827c23cf06308fd7b2d0095801e76e	.references/pawn/gamemodes/PatrickGTR--gta-open/gamemodes/core/admin/admin_cmd_lvl5.inc	PatrickGTR--gta-open-source.zip	39d2ccb139f95e391bd2033df240bdedc44ab210ba8b7b87b4fc2c8d37198ed1
PatrickGTR/gta-open	c7630a5751827c23cf06308fd7b2d0095801e76e	.references/pawn/gamemodes/PatrickGTR--gta-open/gamemodes/core/admin/admin_ban.inc	PatrickGTR--gta-open-source.zip	f88481defd8271e9c627af68da2a0d4abedf629b64a060d9622a45976c5fac74
PatrickGTR/gta-open	c7630a5751827c23cf06308fd7b2d0095801e76e	.references/pawn/gamemodes/PatrickGTR--gta-open/gamemodes/core/admin/admin_cmd_lvl2.inc	PatrickGTR--gta-open-source.zip	c357f36c29d90af545a0852e2b32961cb423565566d96febbd328f2f9a033c2d
PatrickGTR/gta-open	c7630a5751827c23cf06308fd7b2d0095801e76e	.references/pawn/gamemodes/PatrickGTR--gta-open/gamemodes/core/admin/admin_account.inc	PatrickGTR--gta-open-source.zip	60ca105949b2f30bbe00273118edce4182f4c70658fb902e92fedddc549796c8
PatrickGTR/gta-open	c7630a5751827c23cf06308fd7b2d0095801e76e	.references/pawn/gamemodes/PatrickGTR--gta-open/gamemodes/core/admin/admin_remove-account.inc	PatrickGTR--gta-open-source.zip	7974e6eee0e36ab7499e4a0f1ce6e4d03f0d2056c44e181b5c6607ae32000511
PatrickGTR/gta-open	c7630a5751827c23cf06308fd7b2d0095801e76e	.references/pawn/gamemodes/PatrickGTR--gta-open/gamemodes/core/mapping/mapping.inc	PatrickGTR--gta-open-source.zip	91daf04f1ccd4f5f426f57245ca2cd2f0966a414c29673ea8d3c9d3816845f7a
PatrickGTR/gta-open	c7630a5751827c23cf06308fd7b2d0095801e76e	.references/pawn/gamemodes/PatrickGTR--gta-open/gamemodes/core/mapping/mapping_sv-casino.inc	PatrickGTR--gta-open-source.zip	252246bade01b286651572db97fda6a41f696b2da94f80f49a9f0b65d19cbe12
PatrickGTR/gta-open	c7630a5751827c23cf06308fd7b2d0095801e76e	.references/pawn/gamemodes/PatrickGTR--gta-open/gamemodes/core/mapping/mapping_cracklab.inc	PatrickGTR--gta-open-source.zip	771eabeb6282ef2f3ecad8b057421f39b3467e9e2368d77c0f2826fe51ced1f6
PatrickGTR/gta-open	c7630a5751827c23cf06308fd7b2d0095801e76e	.references/pawn/gamemodes/PatrickGTR--gta-open/gamemodes/core/mapping/mapping_grotti-exterior.inc	PatrickGTR--gta-open-source.zip	ede2f950f2d87a8ee1b955595110bef592e53bc3ceef381a5b5341dce62f4f4a
PatrickGTR/gta-open	c7630a5751827c23cf06308fd7b2d0095801e76e	.references/pawn/gamemodes/PatrickGTR--gta-open/gamemodes/core/mapping/mapping_army-base.inc	PatrickGTR--gta-open-source.zip	c67e5e004274e0343cb32aa8ce13b3b362cd703de4378590a1f73abe14de919d
PatrickGTR/gta-open	c7630a5751827c23cf06308fd7b2d0095801e76e	.references/pawn/gamemodes/PatrickGTR--gta-open/gamemodes/core/mapping/mapping_dealership.inc	PatrickGTR--gta-open-source.zip	42870f277e443875ef7ffb255036a08896c5a75b4e3615666ec476fa87240f5e
PatrickGTR/gta-open	c7630a5751827c23cf06308fd7b2d0095801e76e	.references/pawn/gamemodes/PatrickGTR--gta-open/gamemodes/core/user-interface/ui_info-box.inc	PatrickGTR--gta-open-source.zip	178ffacbc27784c5100543f79ae1cbb634a239185978473e87ba4c3d742f31a0
PatrickGTR/gta-open	c7630a5751827c23cf06308fd7b2d0095801e76e	.references/pawn/gamemodes/PatrickGTR--gta-open/gamemodes/core/user-interface/ui_wanted-lvl.inc	PatrickGTR--gta-open-source.zip	b684b93715983b8b6b0af111c88463ef26d52f9222932e30002eb35311753776
PatrickGTR/gta-open	c7630a5751827c23cf06308fd7b2d0095801e76e	.references/pawn/gamemodes/PatrickGTR--gta-open/gamemodes/core/user-interface/user-interface.inc	PatrickGTR--gta-open-source.zip	6eb4590f757089a9a42fd11f89db632d72699787fd86f54e388ac2a29c23cfcf
PatrickGTR/gta-open	c7630a5751827c23cf06308fd7b2d0095801e76e	.references/pawn/gamemodes/PatrickGTR--gta-open/gamemodes/core/user-interface/ui_fpspingpacket.inc	PatrickGTR--gta-open-source.zip	d4af1afbe2666f33ad236a513e6d3829752669471e300329bef32b26cf38425b
PatrickGTR/gta-open	c7630a5751827c23cf06308fd7b2d0095801e76e	.references/pawn/gamemodes/PatrickGTR--gta-open/gamemodes/core/user-interface/ui_time-left.inc	PatrickGTR--gta-open-source.zip	5b22c25e8e7138ff9b767ca3e749fcbc8a2fcd1ea38a5fce4c11dca94a9578db
PatrickGTR/gta-open	c7630a5751827c23cf06308fd7b2d0095801e76e	.references/pawn/gamemodes/PatrickGTR--gta-open/gamemodes/core/user-interface/ui_notify.inc	PatrickGTR--gta-open-source.zip	c56688d773adab009d663fdfed9004348354c4f9225263506e5cc8aa6180aef0
PatrickGTR/gta-open	c7630a5751827c23cf06308fd7b2d0095801e76e	.references/pawn/gamemodes/PatrickGTR--gta-open/gamemodes/core/user-interface/ui_connect-msg.inc	PatrickGTR--gta-open-source.zip	e9add7be3150da5cfe03ca969815550e1c94e75186774f28d046bfccba34c0fa
PatrickGTR/gta-open	c7630a5751827c23cf06308fd7b2d0095801e76e	.references/pawn/gamemodes/PatrickGTR--gta-open/gamemodes/core/user-interface/ui_peds.inc	PatrickGTR--gta-open-source.zip	d4efc525a0b5e694b1744d42a437b9ab55cfefcfc5488cffb585f294a878b9f7
PatrickGTR/gta-open	c7630a5751827c23cf06308fd7b2d0095801e76e	.references/pawn/gamemodes/PatrickGTR--gta-open/gamemodes/core/user-interface/ui_class-selection.inc	PatrickGTR--gta-open-source.zip	68ce2b3a850490b3931deccfc17ab53d8f17a7934a99273e4d33a35c7100b15d
PatrickGTR/gta-open	c7630a5751827c23cf06308fd7b2d0095801e76e	.references/pawn/gamemodes/PatrickGTR--gta-open/gamemodes/core/user-interface/ui_xp-bar.inc	PatrickGTR--gta-open-source.zip	2f0fd5b1425e19aa9b8e5aa2e29bd79d1cd1a53b07c49a34c3fb990ebf93bd6d
PatrickGTR/gta-open	c7630a5751827c23cf06308fd7b2d0095801e76e	.references/pawn/gamemodes/PatrickGTR--gta-open/gamemodes/core/user-interface/ui_gps.inc	PatrickGTR--gta-open-source.zip	776643b6fe71f7ec6a75f04a78b0bbdda7cbc4cfcfa443846e7001cb12745a09
PatrickGTR/gta-open	c7630a5751827c23cf06308fd7b2d0095801e76e	.references/pawn/gamemodes/PatrickGTR--gta-open/gamemodes/core/user-interface/ui_dealership.inc	PatrickGTR--gta-open-source.zip	9baac0f8b0347fa642f235276471f4ef7a47bacc06ff7781ff77a9d9af05930f
PatrickGTR/gta-open	c7630a5751827c23cf06308fd7b2d0095801e76e	.references/pawn/gamemodes/PatrickGTR--gta-open/gamemodes/core/user-interface/ui_prev-dialog.inc	PatrickGTR--gta-open-source.zip	29ca7380becdc94b66b4b3317c5b6e56f971b3b1667a7b09871d25925c7b4a1b
PatrickGTR/gta-open	c7630a5751827c23cf06308fd7b2d0095801e76e	.references/pawn/gamemodes/PatrickGTR--gta-open/gamemodes/core/user-interface/ui_gametime.inc	PatrickGTR--gta-open-source.zip	06238ba857f56777c7ef35e4b850d39116c36ec25d0bfe451dcc929ddf88a7ae
PatrickGTR/gta-open	c7630a5751827c23cf06308fd7b2d0095801e76e	.references/pawn/gamemodes/PatrickGTR--gta-open/gamemodes/core/user-interface/ui_money-notification.inc	PatrickGTR--gta-open-source.zip	5c1e2595106e500a89380db2cc3e7c71b9c2e42c1fff680861691be40d2f08ce
PatrickGTR/gta-open	c7630a5751827c23cf06308fd7b2d0095801e76e	.references/pawn/gamemodes/PatrickGTR--gta-open/gamemodes/core/user-interface/ui_gamefeed.inc	PatrickGTR--gta-open-source.zip	8276e8e37d842bedf20159f4d8e992cdb3244b5ff640a1637b35b44d454e4c48
PatrickGTR/gta-open	c7630a5751827c23cf06308fd7b2d0095801e76e	.references/pawn/gamemodes/PatrickGTR--gta-open/gamemodes/core/user-interface/ui_minigame.inc	PatrickGTR--gta-open-source.zip	ccc49de3b6a22b70d8d975a62f4270dd3d0a26084b5878fff178759823874cbc
PatrickGTR/gta-open	c7630a5751827c23cf06308fd7b2d0095801e76e	.references/pawn/gamemodes/PatrickGTR--gta-open/gamemodes/core/user-interface/ui_alert.inc	PatrickGTR--gta-open-source.zip	2db20c66b35e1ae128ea34e1044d044a3335185650e9f2ad945ec06a321c4765
PatrickGTR/gta-open	c7630a5751827c23cf06308fd7b2d0095801e76e	.references/pawn/gamemodes/PatrickGTR--gta-open/gamemodes/core/user-interface/ui_location.inc	PatrickGTR--gta-open-source.zip	333290b5d328880305753d3d330bb4456d233504ab5715e580ec9171580de58a
PatrickGTR/gta-open	c7630a5751827c23cf06308fd7b2d0095801e76e	.references/pawn/gamemodes/PatrickGTR--gta-open/gamemodes/core/user-interface/ui_error.inc	PatrickGTR--gta-open-source.zip	85e36626d555b23e00dd569d6df4ad5618eaca9179df4181e4c72f9c48d28308
PatrickGTR/gta-open	c7630a5751827c23cf06308fd7b2d0095801e76e	.references/pawn/gamemodes/PatrickGTR--gta-open/gamemodes/core/chat/chat_OnPlayerText.inc	PatrickGTR--gta-open-source.zip	1e021b49a19fd27c69fac7edd466a976afc6ec3e1def3e7192d09205b3e8d7db
PatrickGTR/gta-open	c7630a5751827c23cf06308fd7b2d0095801e76e	.references/pawn/gamemodes/PatrickGTR--gta-open/gamemodes/core/chat/chat_message.inc	PatrickGTR--gta-open-source.zip	7d02c826f17d9305ae41090ea8c7473308e947b3d539e875430849107e88cacc
PatrickGTR/gta-open	c7630a5751827c23cf06308fd7b2d0095801e76e	.references/pawn/gamemodes/PatrickGTR--gta-open/gamemodes/core/chat/chat_mentions.inc	PatrickGTR--gta-open-source.zip	653ed0e8432a93c6bb05c7278fc46af48ed4ff9c95143546f9564c2e6aa8d912
PatrickGTR/gta-open	c7630a5751827c23cf06308fd7b2d0095801e76e	.references/pawn/gamemodes/PatrickGTR--gta-open/gamemodes/core/chat/chat.inc	PatrickGTR--gta-open-source.zip	df3dac808c453d7f2f8c71fb2a33d55c5f0ce6b736c807c4f6cb635b99f81ff0
PatrickGTR/gta-open	c7630a5751827c23cf06308fd7b2d0095801e76e	.references/pawn/gamemodes/PatrickGTR--gta-open/gamemodes/core/chat/chat_mute.inc	PatrickGTR--gta-open-source.zip	d5a0642d704207a74a80562c6cb3a4f70cddd38f3e76352ffcd2ffc5e6e25802
PatrickGTR/gta-open	c7630a5751827c23cf06308fd7b2d0095801e76e	.references/pawn/gamemodes/PatrickGTR--gta-open/gamemodes/core/server/dealership/dealership.inc	PatrickGTR--gta-open-source.zip	75182bf94907201e5abb4d7edb42ef75d92073726b289c3ef503c45148bf6bd2
PatrickGTR/gta-open	c7630a5751827c23cf06308fd7b2d0095801e76e	.references/pawn/gamemodes/PatrickGTR--gta-open/gamemodes/core/server/dealership/dealership_vehicles-data.inc	PatrickGTR--gta-open-source.zip	0bbcafcba887a9f5b117e05e1cfed68845926bead1135087163db99f6282d77d
PatrickGTR/gta-open	c7630a5751827c23cf06308fd7b2d0095801e76e	.references/pawn/gamemodes/PatrickGTR--gta-open/gamemodes/core/player/attachment/attachment_setup-table.inc	PatrickGTR--gta-open-source.zip	ffeef309c3b729abaf2b209fbc582792883f836eef9ab00af51f267ca066b961
PatrickGTR/gta-open	c7630a5751827c23cf06308fd7b2d0095801e76e	.references/pawn/gamemodes/PatrickGTR--gta-open/gamemodes/core/player/attachment/attachment.inc	PatrickGTR--gta-open-source.zip	868ca3bed56cc88a81c6445a235429f3d140d99dbf0c128b5df83916749adf20
PatrickGTR/gta-open	c7630a5751827c23cf06308fd7b2d0095801e76e	.references/pawn/gamemodes/PatrickGTR--gta-open/gamemodes/core/player/attachment/attachment_impl.inc	PatrickGTR--gta-open-source.zip	3f157eb7b4f711ff35bd02030e0781c406077c4b57693ec361bbce6f2ad905eb
PatrickGTR/gta-open	c7630a5751827c23cf06308fd7b2d0095801e76e	.references/pawn/gamemodes/PatrickGTR--gta-open/gamemodes/core/player/attachment/attachment_data.inc	PatrickGTR--gta-open-source.zip	f36a51ed2bedd3ea6a1dd9f46bee0fd1899258e64aeffdd2a9378e2295aca7e1
PatrickGTR/gta-open	c7630a5751827c23cf06308fd7b2d0095801e76e	.references/pawn/gamemodes/PatrickGTR--gta-open/gamemodes/core/player/vehicle/vehicle_setup-table.inc	PatrickGTR--gta-open-source.zip	091ee4d1e2b6b13d1a643b9d35abab402fa2541f8c5c254526c4840f10798915
PatrickGTR/gta-open	c7630a5751827c23cf06308fd7b2d0095801e76e	.references/pawn/gamemodes/PatrickGTR--gta-open/gamemodes/core/player/vehicle/vehicle.inc	PatrickGTR--gta-open-source.zip	8f200e44cd3539dc29f9484d4769595e1ad9a3c3edda1c5e64d9bc4163c25278
PatrickGTR/gta-open	c7630a5751827c23cf06308fd7b2d0095801e76e	.references/pawn/gamemodes/PatrickGTR--gta-open/gamemodes/core/player/vehicle/vehicle_impl.inc	PatrickGTR--gta-open-source.zip	25947bc6658206f634171d9a3e15450f6e457579066e292fd52bb69ee5d56fa8
PatrickGTR/gta-open	c7630a5751827c23cf06308fd7b2d0095801e76e	.references/pawn/gamemodes/PatrickGTR--gta-open/gamemodes/core/player/job/job.inc	PatrickGTR--gta-open-source.zip	146d29acc908a465c0fae329ccf297bf71eea817f006d7cce19bd44859b47b1f
PatrickGTR/gta-open	c7630a5751827c23cf06308fd7b2d0095801e76e	.references/pawn/gamemodes/PatrickGTR--gta-open/gamemodes/core/player/job/job_drug-dealer.inc	PatrickGTR--gta-open-source.zip	7f450054546b298e0a8441a2b0dad1acdeec44a9317e966944cf52f98f46211a
PatrickGTR/gta-open	c7630a5751827c23cf06308fd7b2d0095801e76e	.references/pawn/gamemodes/PatrickGTR--gta-open/gamemodes/core/player/job/job_hitman.inc	PatrickGTR--gta-open-source.zip	11b2ed3a84eee20ca1c2254f96d94e6f96fdcbb337e69ddb2b2f56f19fd630e0
PatrickGTR/gta-open	c7630a5751827c23cf06308fd7b2d0095801e76e	.references/pawn/gamemodes/PatrickGTR--gta-open/gamemodes/core/player/job/job_weapon-dealer.inc	PatrickGTR--gta-open-source.zip	dcf59232d2d64dd318994e438ba3c238bf8538e25f18b8a36e7ada04103fe3d0
PatrickGTR/gta-open	c7630a5751827c23cf06308fd7b2d0095801e76e	.references/pawn/gamemodes/PatrickGTR--gta-open/gamemodes/core/player/job/job_mechanic.inc	PatrickGTR--gta-open-source.zip	ec2159d33155f1f026879dadd5560b9c014e2834fd4bbc7b035efbc4682051b7
PatrickGTR/gta-open	c7630a5751827c23cf06308fd7b2d0095801e76e	.references/pawn/gamemodes/PatrickGTR--gta-open/gamemodes/core/player/job/job_weapon-dealer(xomox).inc	PatrickGTR--gta-open-source.zip	a3b5c3ec1566070c253169f05670b4ad372d5867662bda3984beacef8ceda8a4
PatrickGTR/gta-open	c7630a5751827c23cf06308fd7b2d0095801e76e	.references/pawn/gamemodes/PatrickGTR--gta-open/gamemodes/core/player/job/job_rapist-impl.inc	PatrickGTR--gta-open-source.zip	f1d7499d2126732e55a3062320d62477ebc9b0321926ee3bf64405a181cd43f1
PatrickGTR/gta-open	c7630a5751827c23cf06308fd7b2d0095801e76e	.references/pawn/gamemodes/PatrickGTR--gta-open/gamemodes/core/player/job/job_weapon-dealer-table(xomox).inc	PatrickGTR--gta-open-source.zip	4959a5f7c7859fa4c6f4d046ab4fcd10fde330ca115464560690faf59be4c144
PatrickGTR/gta-open	c7630a5751827c23cf06308fd7b2d0095801e76e	.references/pawn/gamemodes/PatrickGTR--gta-open/gamemodes/core/player/job/job_terrorist.inc	PatrickGTR--gta-open-source.zip	2776248fc6fefa62dfb49b59979ae0e482712dce7ec8a244e83a15336aa419c1
PatrickGTR/gta-open	c7630a5751827c23cf06308fd7b2d0095801e76e	.references/pawn/gamemodes/PatrickGTR--gta-open/gamemodes/core/player/job/job_rapist.inc	PatrickGTR--gta-open-source.zip	d3fca3108853055be1577d73312f5ae352eb50a777cb66e848a92ae231729395
PatrickGTR/gta-open	c7630a5751827c23cf06308fd7b2d0095801e76e	.references/pawn/gamemodes/PatrickGTR--gta-open/gamemodes/core/systems/jobs/jobs.inc	PatrickGTR--gta-open-source.zip	faa09dfbe80e2ddc1ef8f8658e74b28036940f96e68e24fcaafd0f60d1db07db
PatrickGTR/gta-open	c7630a5751827c23cf06308fd7b2d0095801e76e	.references/pawn/gamemodes/PatrickGTR--gta-open/gamemodes/core/systems/jobs/trucker.inc	PatrickGTR--gta-open-source.zip	de49f499eb64e24007925c748e5fa2df6499a98fcb7f248df167bd3cc487df10
PatrickGTR/gta-open	c7630a5751827c23cf06308fd7b2d0095801e76e	.references/pawn/gamemodes/PatrickGTR--gta-open/gamemodes/core/systems/jobs/pizza_delivery.inc	PatrickGTR--gta-open-source.zip	b7c1d943cb43c7a360375cd10c877a2d1b0047a3be260fcbc08c42d6e57ba29c
PatrickGTR/gta-open	c7630a5751827c23cf06308fd7b2d0095801e76e	.references/pawn/gamemodes/PatrickGTR--gta-open/gamemodes/core/systems/jobs/garbage_collector.inc	PatrickGTR--gta-open-source.zip	e88bd71248b02a711f57ae1521bf529895af7561d9f53528b8c28277c2a164d6
PatrickGTR/gta-open	c7630a5751827c23cf06308fd7b2d0095801e76e	.references/pawn/gamemodes/PatrickGTR--gta-open/gamemodes/core/systems/jobs/police_mission.inc	PatrickGTR--gta-open-source.zip	46c34f70d36970f6214b5837c171e2b62af41b9becc04ef5fd911d874fc2b35d
PatrickGTR/gta-open	c7630a5751827c23cf06308fd7b2d0095801e76e	.references/pawn/gamemodes/PatrickGTR--gta-open/gamemodes/core/systems/jobs/road_cleaner.inc	PatrickGTR--gta-open-source.zip	cb548a2b546ffac530804fe8841d2d4ea82c4d42c38a2951bf3209dd8fb1eac5
PatrickGTR/gta-open	c7630a5751827c23cf06308fd7b2d0095801e76e	.references/pawn/gamemodes/PatrickGTR--gta-open/gamemodes/core/systems/mini-games/mini-games.inc	PatrickGTR--gta-open-source.zip	e3b0c44298fc1c149afbf4c8996fb92427ae41e4649b934ca495991b7852b855
PatrickGTR/gta-open	c7630a5751827c23cf06308fd7b2d0095801e76e	.references/pawn/gamemodes/PatrickGTR--gta-open/gamemodes/core/systems/side-jobs/side-jobs.inc	PatrickGTR--gta-open-source.zip	5499d51fc41b50fc66bfcfa82cd65fd1ff0c7de98812041e26bf459a22e62f54
PatrickGTR/gta-open	c7630a5751827c23cf06308fd7b2d0095801e76e	.references/pawn/gamemodes/PatrickGTR--gta-open/gamemodes/core/systems/mini-games/keymash/keymash.inc	PatrickGTR--gta-open-source.zip	48c9e646766321e2aca1fe83ed74df3b4868a5d565a3da3a2eb1076c7cb38421
PatrickGTR/gta-open	c7630a5751827c23cf06308fd7b2d0095801e76e	.references/pawn/gamemodes/PatrickGTR--gta-open/gamemodes/core/systems/side-jobs/farming/farming.inc	PatrickGTR--gta-open-source.zip	88c722a74a7ea0d0abd9260fff410894e4fc5070099fc96d3c59597d7d1c5794
PatrickGTR/gta-open	c7630a5751827c23cf06308fd7b2d0095801e76e	.references/pawn/gamemodes/PatrickGTR--gta-open/gamemodes/core/systems/side-jobs/farming/farming_minigame(moved).inc	PatrickGTR--gta-open-source.zip	2c497f4e5e6599d842c903dd0e50f7a858d0c4a60108f358b512379338129d70
PatrickGTR/gta-open	c7630a5751827c23cf06308fd7b2d0095801e76e	.references/pawn/gamemodes/PatrickGTR--gta-open/gamemodes/core/systems/side-jobs/farming/farmers_market.inc	PatrickGTR--gta-open-source.zip	0f612f80c39850301206ee2b4b2fa0d304babf7411d9147786655406d8031a3d
PatrickGTR/gta-open	c7630a5751827c23cf06308fd7b2d0095801e76e	.references/pawn/gamemodes/PatrickGTR--gta-open/gamemodes/core/systems/side-jobs/farming/orange-farm/orange-farm.inc	PatrickGTR--gta-open-source.zip	0f1b53aab3d8956672f13d3a3e870f8447d3199d9ef9b972371414066ece4562
PatrickGTR/gta-open	c7630a5751827c23cf06308fd7b2d0095801e76e	.references/pawn/gamemodes/PatrickGTR--gta-open/gamemodes/core/houses/furniture/furniture_data.inc	PatrickGTR--gta-open-source.zip	63e1b5ef70c916e0a103b874608e4ee0d6ab3ad23e5e9ec2bae53d62d610ad6a
PatrickGTR/gta-open	c7630a5751827c23cf06308fd7b2d0095801e76e	.references/pawn/gamemodes/PatrickGTR--gta-open/gamemodes/core/houses/furniture/furniture_cmd.inc	PatrickGTR--gta-open-source.zip	653a3bb78bd636ec35b68725415191a754a2a95b276b1d2bafb691cc2ca6717b
PatrickGTR/gta-open	c7630a5751827c23cf06308fd7b2d0095801e76e	.references/pawn/gamemodes/PatrickGTR--gta-open/gamemodes/core/houses/furniture/furniture.inc	PatrickGTR--gta-open-source.zip	19df4e04f43a2eac90c255d4c8a9371071f9d9aa1a85b0b2c235fadb10c7ece2
PatrickGTR/gta-open	c7630a5751827c23cf06308fd7b2d0095801e76e	.references/pawn/gamemodes/PatrickGTR--gta-open/gamemodes/core/houses/furniture/furniture_impl.inc	PatrickGTR--gta-open-source.zip	71cff76307fa68a5a946a7bc86965632af377a76af181a5d02954bf9cb54a475
PatrickGTR/gta-open	c7630a5751827c23cf06308fd7b2d0095801e76e	.references/pawn/gamemodes/PatrickGTR--gta-open/scriptfiles/vehicles/ls.txt	PatrickGTR--gta-open-source.zip	ea9452bf2e0e2d14471e8332da99f3becd81f7a803943e76d9ce02612d570b8d
PatrickGTR/gta-open	c7630a5751827c23cf06308fd7b2d0095801e76e	.references/pawn/gamemodes/PatrickGTR--gta-open/scriptfiles/YSI/fixes/.gitkeep	PatrickGTR--gta-open-source.zip	e3b0c44298fc1c149afbf4c8996fb92427ae41e4649b934ca495991b7852b855
PatrickGTR/gta-open	c7630a5751827c23cf06308fd7b2d0095801e76e	.references/pawn/gamemodes/PatrickGTR--gta-open/scriptfiles/YSI/temp/.gitkeep	PatrickGTR--gta-open-source.zip	e3b0c44298fc1c149afbf4c8996fb92427ae41e4649b934ca495991b7852b855
ST4NSB/samp-filterscripts	97705676aca06ae6849636e8e7dbeb66f14789ab	.references/pawn/filterscripts/ST4NSB--samp-filterscripts/README.md	ST4NSB--samp-filterscripts-source.zip	f1281b15b9f3cb151316e82b083ce9ab40923f05c2c37ff5ca85004a42061a0a
ST4NSB/samp-filterscripts	97705676aca06ae6849636e8e7dbeb66f14789ab	.references/pawn/filterscripts/ST4NSB--samp-filterscripts/filterscripts/object_editor.pwn	ST4NSB--samp-filterscripts-source.zip	f871cb67aa91144ef3c0c8c503c68337076f013ea2c8cccba23badbd6f3664d9
ST4NSB/samp-filterscripts	97705676aca06ae6849636e8e7dbeb66f14789ab	.references/pawn/filterscripts/ST4NSB--samp-filterscripts/filterscripts/pong_minigame.pwn	ST4NSB--samp-filterscripts-source.zip	b2366205703412c9d227260f80c4f352d684ef0cbfa2cc90db36c993109ec622
ST4NSB/samp-filterscripts	97705676aca06ae6849636e8e7dbeb66f14789ab	.references/pawn/filterscripts/ST4NSB--samp-filterscripts/filterscripts/map_points.pwn	ST4NSB--samp-filterscripts-source.zip	cf86e149c981e942db14ec9b8d01c1953a6da0c8eca36e444a86d7caf748220e
Southclaws/ScavengeSurvive	399ba8e8fd164243b32fb694f4bb6ce37fe40c35	.references/pawn/gamemodes/Southclaws--ScavengeSurvive/go.sum	Southclaws--ScavengeSurvive-source.zip	04ef3e6eae720c792584901e90de35b995b762adcfd5c33529d34185fc7e77d8
Southclaws/ScavengeSurvive	399ba8e8fd164243b32fb694f4bb6ce37fe40c35	.references/pawn/gamemodes/Southclaws--ScavengeSurvive/.gitignore	Southclaws--ScavengeSurvive-source.zip	34913b61e8bc44a670975b1e3c50d0840ca685154367d6f65cba6624fde09125
Southclaws/ScavengeSurvive	399ba8e8fd164243b32fb694f4bb6ce37fe40c35	.references/pawn/gamemodes/Southclaws--ScavengeSurvive/Dockerfile	Southclaws--ScavengeSurvive-source.zip	e5bfee15406ed6c625afb64462f7ac43d29a2af82bf9a1df80f39b3c7e409ee2
Southclaws/ScavengeSurvive	399ba8e8fd164243b32fb694f4bb6ce37fe40c35	.references/pawn/gamemodes/Southclaws--ScavengeSurvive/LICENSE	Southclaws--ScavengeSurvive-source.zip	1f256ecad192880510e84ad60474eab7589218784b9a50bc7ceee34c2b91f1d5
Southclaws/ScavengeSurvive	399ba8e8fd164243b32fb694f4bb6ce37fe40c35	.references/pawn/gamemodes/Southclaws--ScavengeSurvive/main.go	Southclaws--ScavengeSurvive-source.zip	41c0ea3b0b0873f6d3dc934955f9dbcc07dadd85945fb6054dd7e4efefd731b3
Southclaws/ScavengeSurvive	399ba8e8fd164243b32fb694f4bb6ce37fe40c35	.references/pawn/gamemodes/Southclaws--ScavengeSurvive/Taskfile.yml	Southclaws--ScavengeSurvive-source.zip	a92e721d228de7ed58d5067b467c537f033e4a399b3abce4b9e8fb5dbe0b5184
Southclaws/ScavengeSurvive	399ba8e8fd164243b32fb694f4bb6ce37fe40c35	.references/pawn/gamemodes/Southclaws--ScavengeSurvive/.prettierrc	Southclaws--ScavengeSurvive-source.zip	e93f197635318a09363b312948d6dfb353d14a9682a8eb6d8016777a35a0fae8
Southclaws/ScavengeSurvive	399ba8e8fd164243b32fb694f4bb6ce37fe40c35	.references/pawn/gamemodes/Southclaws--ScavengeSurvive/go.mod	Southclaws--ScavengeSurvive-source.zip	ff0c96e7c9bc909bec096bb206ca5b12c58c19c2e4c686fe9a9ce9ee46063748
Southclaws/ScavengeSurvive	399ba8e8fd164243b32fb694f4bb6ce37fe40c35	.references/pawn/gamemodes/Southclaws--ScavengeSurvive/README.md	Southclaws--ScavengeSurvive-source.zip	5e03c2b11237ea66764aaeb7900395b5c1c476d7af76469add79a8c2c4e872be
Southclaws/ScavengeSurvive	399ba8e8fd164243b32fb694f4bb6ce37fe40c35	.references/pawn/gamemodes/Southclaws--ScavengeSurvive/docker-compose.yml	Southclaws--ScavengeSurvive-source.zip	a7efbb0db7faa2913d0afc97c631d19fe225cd5ff043a1a3b2833e5d923cd0b8
Southclaws/ScavengeSurvive	399ba8e8fd164243b32fb694f4bb6ce37fe40c35	.references/pawn/gamemodes/Southclaws--ScavengeSurvive/pawn.json	Southclaws--ScavengeSurvive-source.zip	d3178434f15db56a3b821b85cead573d313ff3c852d2b90d7ca3431bb92521f6
Southclaws/ScavengeSurvive	399ba8e8fd164243b32fb694f4bb6ce37fe40c35	.references/pawn/gamemodes/Southclaws--ScavengeSurvive/.gitattributes	Southclaws--ScavengeSurvive-source.zip	9643c21f1674a8324dcbb7ed876d1f1dea120eda7a6455bfeb5fb565984a26cc
Southclaws/ScavengeSurvive	399ba8e8fd164243b32fb694f4bb6ce37fe40c35	.references/pawn/gamemodes/Southclaws--ScavengeSurvive/legacy/keys-inventory.inc	Southclaws--ScavengeSurvive-source.zip	1022ab00bc4216d9787eac575d3d427e3d4c052246bb2a841ed1f089a08b7753
Southclaws/ScavengeSurvive	399ba8e8fd164243b32fb694f4bb6ce37fe40c35	.references/pawn/gamemodes/Southclaws--ScavengeSurvive/legacy/item-list.inc	Southclaws--ScavengeSurvive-source.zip	bcd1db16b9fda41f6eaae47ef6689a660424355c139182d3657452002336dabf
Southclaws/ScavengeSurvive	399ba8e8fd164243b32fb694f4bb6ce37fe40c35	.references/pawn/gamemodes/Southclaws--ScavengeSurvive/legacy/debug-labels.inc	Southclaws--ScavengeSurvive-source.zip	9e267592a9f33cc62753c9fa1ab24b67cb5d56397ac77b6e1a928c0deab03677
Southclaws/ScavengeSurvive	399ba8e8fd164243b32fb694f4bb6ce37fe40c35	.references/pawn/gamemodes/Southclaws--ScavengeSurvive/legacy/item-serializer.inc	Southclaws--ScavengeSurvive-source.zip	4e949de80facf47cb1f72c40e6feea96b56e62cc995bd4dc80d1a999f1f26ecd
Southclaws/ScavengeSurvive	399ba8e8fd164243b32fb694f4bb6ce37fe40c35	.references/pawn/gamemodes/Southclaws--ScavengeSurvive/legacy/multi-button.inc	Southclaws--ScavengeSurvive-source.zip	b643cd04fcd47fea53338b479eb82f0e528e98a2d583521c7b28af1abe635d08
Southclaws/ScavengeSurvive	399ba8e8fd164243b32fb694f4bb6ce37fe40c35	.references/pawn/gamemodes/Southclaws--ScavengeSurvive/gamemodes/ScavengeSurvive.pwn	Southclaws--ScavengeSurvive-source.zip	1a369fdfe8f358038fb2d5c4f886c93d04d83024669aeffe3f4c80f4744a22c5
Southclaws/ScavengeSurvive	399ba8e8fd164243b32fb694f4bb6ce37fe40c35	.references/pawn/gamemodes/Southclaws--ScavengeSurvive/gamemodes/testing.pwn	Southclaws--ScavengeSurvive-source.zip	821feb3101d8ada4938cd80d6c0366a2478de29062d2fbe62f64e59a2921eea3
Southclaws/ScavengeSurvive	399ba8e8fd164243b32fb694f4bb6ce37fe40c35	.references/pawn/gamemodes/Southclaws--ScavengeSurvive/misc/ss-zones.pzn	Southclaws--ScavengeSurvive-source.zip	9c4e164abf71990b43201a38947c80fca3a1b35087ca966fd158d8d0c94ce745
Southclaws/ScavengeSurvive	399ba8e8fd164243b32fb694f4bb6ce37fe40c35	.references/pawn/gamemodes/Southclaws--ScavengeSurvive/misc/weapon-calc.py	Southclaws--ScavengeSurvive-source.zip	dcf495c040a27d36e846b23809971b232f147690a139958f9883f996e611eee3
Southclaws/ScavengeSurvive	399ba8e8fd164243b32fb694f4bb6ce37fe40c35	.references/pawn/gamemodes/Southclaws--ScavengeSurvive/misc/multibtndoor.pwn	Southclaws--ScavengeSurvive-source.zip	3ead5af2c7bb2f04eaad15ef382e124513cd04c86bfd5dfaabe87bb26cb6d0d7
Southclaws/ScavengeSurvive	399ba8e8fd164243b32fb694f4bb6ce37fe40c35	.references/pawn/gamemodes/Southclaws--ScavengeSurvive/misc/skills.py	Southclaws--ScavengeSurvive-source.zip	9dc518f2091320e28590347088f016cddda0768f338b051a5943d76c283000fc
Southclaws/ScavengeSurvive	399ba8e8fd164243b32fb694f4bb6ce37fe40c35	.references/pawn/gamemodes/Southclaws--ScavengeSurvive/misc/intinst.pwn	Southclaws--ScavengeSurvive-source.zip	d042caab047537e642062a429a1072311ef3ae4cbccd30cd38544509624342cb
Southclaws/ScavengeSurvive	399ba8e8fd164243b32fb694f4bb6ce37fe40c35	.references/pawn/gamemodes/Southclaws--ScavengeSurvive/misc/logmarkov.rb	Southclaws--ScavengeSurvive-source.zip	6e733598b9b4cab6e2fae1d3082488630cca501fe204ffd5188f453dad36b05f
Southclaws/ScavengeSurvive	399ba8e8fd164243b32fb694f4bb6ce37fe40c35	.references/pawn/gamemodes/Southclaws--ScavengeSurvive/misc/geoip.py	Southclaws--ScavengeSurvive-source.zip	7458106ca0cf87462a52cf75c82510f466e1ad97e01537b3ac253d20a993fbfc
Southclaws/ScavengeSurvive	399ba8e8fd164243b32fb694f4bb6ce37fe40c35	.references/pawn/gamemodes/Southclaws--ScavengeSurvive/misc/kmeans-map-sorter.py	Southclaws--ScavengeSurvive-source.zip	e34b5559651a14ba6362714019b1cd5357ba18c1032c5407a99829c9cdcc3752
Southclaws/ScavengeSurvive	399ba8e8fd164243b32fb694f4bb6ce37fe40c35	.references/pawn/gamemodes/Southclaws--ScavengeSurvive/misc/loot.py	Southclaws--ScavengeSurvive-source.zip	ed165d6b590bdf548b8dece715d1f5b4e995db38b2a955c28bd8da8863fda5b9
Southclaws/ScavengeSurvive	399ba8e8fd164243b32fb694f4bb6ce37fe40c35	.references/pawn/gamemodes/Southclaws--ScavengeSurvive/misc/json2ini.py	Southclaws--ScavengeSurvive-source.zip	5dd9f49d2ee5b078b00e5fc0b1228e3d896126aac713c0b0f6662115089c222a
Southclaws/ScavengeSurvive	399ba8e8fd164243b32fb694f4bb6ce37fe40c35	.references/pawn/gamemodes/Southclaws--ScavengeSurvive/misc/coordheatmap.py	Southclaws--ScavengeSurvive-source.zip	eb7649ba346d8156fcdae97240f5de3916db9e36dbef2452848d6f58cfb59b57
Southclaws/ScavengeSurvive	399ba8e8fd164243b32fb694f4bb6ce37fe40c35	.references/pawn/gamemodes/Southclaws--ScavengeSurvive/misc/water_fetch.py	Southclaws--ScavengeSurvive-source.zip	220357de54a607d96ac4f648029595808976b5114b24d3b5330aca48bded34ae
Southclaws/ScavengeSurvive	399ba8e8fd164243b32fb694f4bb6ce37fe40c35	.references/pawn/gamemodes/Southclaws--ScavengeSurvive/misc/lines.py	Southclaws--ScavengeSurvive-source.zip	34c92cac8ac5322736a60870915ef0029e4abfc59d4029f31f6dec2e02ff9734
Southclaws/ScavengeSurvive	399ba8e8fd164243b32fb694f4bb6ce37fe40c35	.references/pawn/gamemodes/Southclaws--ScavengeSurvive/misc/loot-convert.py	Southclaws--ScavengeSurvive-source.zip	a243c073a86b72d8ef2a543979c47bf27e8becf660e72e6e838e3f1645e127bf
Southclaws/ScavengeSurvive	399ba8e8fd164243b32fb694f4bb6ce37fe40c35	.references/pawn/gamemodes/Southclaws--ScavengeSurvive/docs/.gitignore	Southclaws--ScavengeSurvive-source.zip	7c2bf6ba263ba149a2885847a9f7186e0d7af58faae3e01f2e69a7465f7cfecc
Southclaws/ScavengeSurvive	399ba8e8fd164243b32fb694f4bb6ce37fe40c35	.references/pawn/gamemodes/Southclaws--ScavengeSurvive/docs/package-lock.json	Southclaws--ScavengeSurvive-source.zip	f625d8dd38869aa360a0af2cc3f30da64cc7325cce92addba91c01f9079ca00d
Southclaws/ScavengeSurvive	399ba8e8fd164243b32fb694f4bb6ce37fe40c35	.references/pawn/gamemodes/Southclaws--ScavengeSurvive/docs/babel.config.js	Southclaws--ScavengeSurvive-source.zip	599159185d1c4b953d9603f93fdf9a23a4f20fb78d03ae8bf4de77043969332e
Southclaws/ScavengeSurvive	399ba8e8fd164243b32fb694f4bb6ce37fe40c35	.references/pawn/gamemodes/Southclaws--ScavengeSurvive/docs/README.md	Southclaws--ScavengeSurvive-source.zip	a8cf85b569557a60776129291f95dc96e13d00639eadf47d05393948a32e0ead
Southclaws/ScavengeSurvive	399ba8e8fd164243b32fb694f4bb6ce37fe40c35	.references/pawn/gamemodes/Southclaws--ScavengeSurvive/docs/package.json	Southclaws--ScavengeSurvive-source.zip	824d15f5c36b79ef24e39e21bf58fde770081c891b2111ac53b2babaf9cfe630
Southclaws/ScavengeSurvive	399ba8e8fd164243b32fb694f4bb6ce37fe40c35	.references/pawn/gamemodes/Southclaws--ScavengeSurvive/docs/docusaurus.config.js	Southclaws--ScavengeSurvive-source.zip	e2b433263cbfb2686ad74f556f81211d7eff981e896cb605d7b07e9774ef9d5e
Southclaws/ScavengeSurvive	399ba8e8fd164243b32fb694f4bb6ce37fe40c35	.references/pawn/gamemodes/Southclaws--ScavengeSurvive/docs/sidebars.js	Southclaws--ScavengeSurvive-source.zip	117f15daeda788848a37a8715a943c6c963b38769db95ce4dbf01a4ca3cab827
Southclaws/ScavengeSurvive	399ba8e8fd164243b32fb694f4bb6ce37fe40c35	.references/pawn/gamemodes/Southclaws--ScavengeSurvive/pyss/setup.py	Southclaws--ScavengeSurvive-source.zip	e3b0c44298fc1c149afbf4c8996fb92427ae41e4649b934ca495991b7852b855
Southclaws/ScavengeSurvive	399ba8e8fd164243b32fb694f4bb6ce37fe40c35	.references/pawn/gamemodes/Southclaws--ScavengeSurvive/pyss/readme.md	Southclaws--ScavengeSurvive-source.zip	b471fe7ddfdba998af931ffcd7da8e06425db8cd8be319988bb623c4b2736402
Southclaws/ScavengeSurvive	399ba8e8fd164243b32fb694f4bb6ce37fe40c35	.references/pawn/gamemodes/Southclaws--ScavengeSurvive/pyss/generate_docs.py	Southclaws--ScavengeSurvive-source.zip	1d470cbafbbdddfdcb5008aaa6be16fe8d863828dac1645774583ccbc5b562d1
Southclaws/ScavengeSurvive	399ba8e8fd164243b32fb694f4bb6ce37fe40c35	.references/pawn/gamemodes/Southclaws--ScavengeSurvive/pyss/generate_trees.py	Southclaws--ScavengeSurvive-source.zip	83dc0ae8f9e23552a0c3d2c31af976591e313de5c993df11cb93506849ddf127
Southclaws/ScavengeSurvive	399ba8e8fd164243b32fb694f4bb6ce37fe40c35	.references/pawn/gamemodes/Southclaws--ScavengeSurvive/pyss/render_map.py	Southclaws--ScavengeSurvive-source.zip	65e9bad77a2acfdb662691276437945dd8174ecd97a3be3178d1498acbf23239
Southclaws/ScavengeSurvive	399ba8e8fd164243b32fb694f4bb6ce37fe40c35	.references/pawn/gamemodes/Southclaws--ScavengeSurvive/pyss/examples.py	Southclaws--ScavengeSurvive-source.zip	da3670bef260513ca721d182682a1c425948114b37e81e211a216fd693adb515
Southclaws/ScavengeSurvive	399ba8e8fd164243b32fb694f4bb6ce37fe40c35	.references/pawn/gamemodes/Southclaws--ScavengeSurvive/pyss/players.py	Southclaws--ScavengeSurvive-source.zip	54e74831c119ca180c0ebb2c99a9aadfa338191099c48813d622a634c050b19a
Southclaws/ScavengeSurvive	399ba8e8fd164243b32fb694f4bb6ce37fe40c35	.references/pawn/gamemodes/Southclaws--ScavengeSurvive/filterscripts/kpt.pwn	Southclaws--ScavengeSurvive-source.zip	b3950f5db9667a5b250481ee368e25145132756190aa1cc476fc7848e707ca3f
Southclaws/ScavengeSurvive	399ba8e8fd164243b32fb694f4bb6ce37fe40c35	.references/pawn/gamemodes/Southclaws--ScavengeSurvive/filterscripts/ysi4.pwn	Southclaws--ScavengeSurvive-source.zip	055e48da8b7bad6c2f47f667c841f44c4af58d07be86ebf29e2d0c12e5b96b15
Southclaws/ScavengeSurvive	399ba8e8fd164243b32fb694f4bb6ce37fe40c35	.references/pawn/gamemodes/Southclaws--ScavengeSurvive/filterscripts/fly.pwn	Southclaws--ScavengeSurvive-source.zip	337aedbc6056a876838d04a4767f5d10e4ff102cb39b677e63b1957d0364b70d
Southclaws/ScavengeSurvive	399ba8e8fd164243b32fb694f4bb6ce37fe40c35	.references/pawn/gamemodes/Southclaws--ScavengeSurvive/filterscripts/object-loader.pwn	Southclaws--ScavengeSurvive-source.zip	5986948100e44c4fc0afb655a7e4a8974f3638a9bc053165b7f806cc3032a967
Southclaws/ScavengeSurvive	399ba8e8fd164243b32fb694f4bb6ce37fe40c35	.references/pawn/gamemodes/Southclaws--ScavengeSurvive/filterscripts/MapMover.pwn	Southclaws--ScavengeSurvive-source.zip	902ec3b6423f0d6c243581184abec84d046770e9e9f69157b168e76fb847dfff
Southclaws/ScavengeSurvive	399ba8e8fd164243b32fb694f4bb6ce37fe40c35	.references/pawn/gamemodes/Southclaws--ScavengeSurvive/filterscripts/tent.pwn	Southclaws--ScavengeSurvive-source.zip	f8bf124679fdc32f323415c59154eed06021f54ac7cee23b3059b96a66088156
Southclaws/ScavengeSurvive	399ba8e8fd164243b32fb694f4bb6ce37fe40c35	.references/pawn/gamemodes/Southclaws--ScavengeSurvive/filterscripts/03z.pwn	Southclaws--ScavengeSurvive-source.zip	c18479a320be76cc8c19df295fc6908be0004d9ef77b30ed12fadebfbe73d3c9
Southclaws/ScavengeSurvive	399ba8e8fd164243b32fb694f4bb6ce37fe40c35	.references/pawn/gamemodes/Southclaws--ScavengeSurvive/filterscripts/sock.pwn	Southclaws--ScavengeSurvive-source.zip	2b4a08588ff6d569ce35f0fd21903b1401950ce10cb75f6a13c0f33995b75672
Southclaws/ScavengeSurvive	399ba8e8fd164243b32fb694f4bb6ce37fe40c35	.references/pawn/gamemodes/Southclaws--ScavengeSurvive/filterscripts/wait.pwn	Southclaws--ScavengeSurvive-source.zip	9a39fd37e20e40b1e2e70b7994ba288a49a9de3448ed40b2a4f9df9bf468c19f
Southclaws/ScavengeSurvive	399ba8e8fd164243b32fb694f4bb6ce37fe40c35	.references/pawn/gamemodes/Southclaws--ScavengeSurvive/filterscripts/keypad.pwn	Southclaws--ScavengeSurvive-source.zip	f8cadde92e08d6f392ee0114b3b88cece1549151608b59de22e21a576a0a45c3
Southclaws/ScavengeSurvive	399ba8e8fd164243b32fb694f4bb6ce37fe40c35	.references/pawn/gamemodes/Southclaws--ScavengeSurvive/filterscripts/rof.pwn	Southclaws--ScavengeSurvive-source.zip	a44681ec2726422cc7a42763352f5ce21f5d5402caa43248cc97e781efe7065c
Southclaws/ScavengeSurvive	399ba8e8fd164243b32fb694f4bb6ce37fe40c35	.references/pawn/gamemodes/Southclaws--ScavengeSurvive/filterscripts/texturemap.pwn	Southclaws--ScavengeSurvive-source.zip	11d5128112349198e7b11d4cef860c789df2dbb12e83859876bb5a89470649ea
Southclaws/ScavengeSurvive	399ba8e8fd164243b32fb694f4bb6ce37fe40c35	.references/pawn/gamemodes/Southclaws--ScavengeSurvive/filterscripts/camtrack.pwn	Southclaws--ScavengeSurvive-source.zip	580bd0044288fcad64911c8b5b1e8208f1f58bfc517779ce122dc728df3a4f28
Southclaws/ScavengeSurvive	399ba8e8fd164243b32fb694f4bb6ce37fe40c35	.references/pawn/gamemodes/Southclaws--ScavengeSurvive/filterscripts/tracer.pwn	Southclaws--ScavengeSurvive-source.zip	c3801d05741ebaebf963e8c9d9026b4f1a898875fe9b771ace0c3a4e3c536ee2
Southclaws/ScavengeSurvive	399ba8e8fd164243b32fb694f4bb6ce37fe40c35	.references/pawn/gamemodes/Southclaws--ScavengeSurvive/filterscripts/rn.pwn	Southclaws--ScavengeSurvive-source.zip	f9034fd6deb2601ce93cf1f8ed7b72d8f984f7a9f0b68ddfd4bc93f5604ed06b
Southclaws/ScavengeSurvive	399ba8e8fd164243b32fb694f4bb6ce37fe40c35	.references/pawn/gamemodes/Southclaws--ScavengeSurvive/filterscripts/utils.pwn	Southclaws--ScavengeSurvive-source.zip	90a4e8d5e15ef17b2c433020abe166ecb1ea08c23b4e30a9944366959f0f3bef
Southclaws/ScavengeSurvive	399ba8e8fd164243b32fb694f4bb6ce37fe40c35	.references/pawn/gamemodes/Southclaws--ScavengeSurvive/filterscripts/sc.pwn	Southclaws--ScavengeSurvive-source.zip	12d254c3a4e645566321abb5a2a77e7237f82d9b91d0a9428de475ff11d02c36
Southclaws/ScavengeSurvive	399ba8e8fd164243b32fb694f4bb6ce37fe40c35	.references/pawn/gamemodes/Southclaws--ScavengeSurvive/filterscripts/wp.pwn	Southclaws--ScavengeSurvive-source.zip	589ec251004cb8439deb2771db9ee5672e941ce5a44e100137b1fb86e6d16bcb
Southclaws/ScavengeSurvive	399ba8e8fd164243b32fb694f4bb6ce37fe40c35	.references/pawn/gamemodes/Southclaws--ScavengeSurvive/filterscripts/npc.pwn	Southclaws--ScavengeSurvive-source.zip	e83ea7beb1c36a902ff5a7fdc09335ca30b5ca05f852c2efba044d34056472e4
Southclaws/ScavengeSurvive	399ba8e8fd164243b32fb694f4bb6ce37fe40c35	.references/pawn/gamemodes/Southclaws--ScavengeSurvive/filterscripts/fps.pwn	Southclaws--ScavengeSurvive-source.zip	2e463d591c6f9a7b9f782309bda3af7afecd3576e583c84f41c8a4138efd6c75
Southclaws/ScavengeSurvive	399ba8e8fd164243b32fb694f4bb6ce37fe40c35	.references/pawn/gamemodes/Southclaws--ScavengeSurvive/filterscripts/defence.pwn	Southclaws--ScavengeSurvive-source.zip	370a3cfccdb22729411c070db3afed97ce467319042cebf4f5f71e999d32acdc
Southclaws/ScavengeSurvive	399ba8e8fd164243b32fb694f4bb6ce37fe40c35	.references/pawn/gamemodes/Southclaws--ScavengeSurvive/filterscripts/objtoggle.pwn	Southclaws--ScavengeSurvive-source.zip	0c43ebfcdfbf4de3864a91671f0e403d8ffb9f772e9c55ed9300b8364342f84c
Southclaws/ScavengeSurvive	399ba8e8fd164243b32fb694f4bb6ce37fe40c35	.references/pawn/gamemodes/Southclaws--ScavengeSurvive/filterscripts/aimpunch.pwn	Southclaws--ScavengeSurvive-source.zip	2058f51c93369b9321f3663f3e486f835bddf52cfeecb574c520dfabaab33417
Southclaws/ScavengeSurvive	399ba8e8fd164243b32fb694f4bb6ce37fe40c35	.references/pawn/gamemodes/Southclaws--ScavengeSurvive/filterscripts/fire.pwn	Southclaws--ScavengeSurvive-source.zip	77328ab978e7496313632b96f024a5750fff035ff316e35893784cd6b8f4c1e9
Southclaws/ScavengeSurvive	399ba8e8fd164243b32fb694f4bb6ce37fe40c35	.references/pawn/gamemodes/Southclaws--ScavengeSurvive/filterscripts/objtoloot.pwn	Southclaws--ScavengeSurvive-source.zip	dc45d033453e47482596c3ccdec2f2c9dee914d133be6972b6ddc29967c399a5
Southclaws/ScavengeSurvive	399ba8e8fd164243b32fb694f4bb6ce37fe40c35	.references/pawn/gamemodes/Southclaws--ScavengeSurvive/filterscripts/language.pwn	Southclaws--ScavengeSurvive-source.zip	2686942a861ef3ca625ae95d19ec3d4bc55c0c591de4e48ba6f720e0c5101bba
Southclaws/ScavengeSurvive	399ba8e8fd164243b32fb694f4bb6ce37fe40c35	.references/pawn/gamemodes/Southclaws--ScavengeSurvive/filterscripts/animtimer.pwn	Southclaws--ScavengeSurvive-source.zip	27c02843ef591d6012f0c2e8b7bec5433d34fbb173fc9ca30ad815afe4ded78f
Southclaws/ScavengeSurvive	399ba8e8fd164243b32fb694f4bb6ce37fe40c35	.references/pawn/gamemodes/Southclaws--ScavengeSurvive/filterscripts/dumplootspawns.pwn	Southclaws--ScavengeSurvive-source.zip	0d66951a7d2c9e2630dac37576b454ee498bacf384fde0cd3f60e06a2c17c349
Southclaws/ScavengeSurvive	399ba8e8fd164243b32fb694f4bb6ce37fe40c35	.references/pawn/gamemodes/Southclaws--ScavengeSurvive/filterscripts/worldfun.pwn	Southclaws--ScavengeSurvive-source.zip	72fa4ec45e4a966e9b3aeb14479c03b968a63b4db8b8729415ffe755c4e0df93
Southclaws/ScavengeSurvive	399ba8e8fd164243b32fb694f4bb6ce37fe40c35	.references/pawn/gamemodes/Southclaws--ScavengeSurvive/filterscripts/arrayshrink.pwn	Southclaws--ScavengeSurvive-source.zip	ed06204615e93fb35490177fd7d1bf97d50689e4c6e7f0ade61e5d9d4e0e69fa
Southclaws/ScavengeSurvive	399ba8e8fd164243b32fb694f4bb6ce37fe40c35	.references/pawn/gamemodes/Southclaws--ScavengeSurvive/filterscripts/rcon.pwn	Southclaws--ScavengeSurvive-source.zip	c02b3c5d4f66f0c48ce71cbd2512ba37e1e65ce12342edea56c5dea415cfac6c
Southclaws/ScavengeSurvive	399ba8e8fd164243b32fb694f4bb6ce37fe40c35	.references/pawn/gamemodes/Southclaws--ScavengeSurvive/filterscripts/TextDrawEditor.pwn	Southclaws--ScavengeSurvive-source.zip	747e4f082563a1105e341c90852e37baf0a953127c78727a851b2794dd55211b
Southclaws/ScavengeSurvive	399ba8e8fd164243b32fb694f4bb6ce37fe40c35	.references/pawn/gamemodes/Southclaws--ScavengeSurvive/filterscripts/vehdmg.pwn	Southclaws--ScavengeSurvive-source.zip	a74dcdc57d95c470f7a11b38ca6b4c522253be30b80bb78e72e1fdf412c57da9
Southclaws/ScavengeSurvive	399ba8e8fd164243b32fb694f4bb6ce37fe40c35	.references/pawn/gamemodes/Southclaws--ScavengeSurvive/filterscripts/test.pwn	Southclaws--ScavengeSurvive-source.zip	ba14ea083f4e1bf94e3c820c719b7b8cd0660b7965b06735919bb8080ff0f5ad
Southclaws/ScavengeSurvive	399ba8e8fd164243b32fb694f4bb6ce37fe40c35	.references/pawn/gamemodes/Southclaws--ScavengeSurvive/filterscripts/foliage.pwn	Southclaws--ScavengeSurvive-source.zip	4e0c650fca030f6ad08f04c2800f776b96b2dab02a3415741bf9ff12a51925e5
Southclaws/ScavengeSurvive	399ba8e8fd164243b32fb694f4bb6ce37fe40c35	.references/pawn/gamemodes/Southclaws--ScavengeSurvive/filterscripts/cam.pwn	Southclaws--ScavengeSurvive-source.zip	b51510694e322412c2ca02e0385a05e8a328e0bdb4b77d5c91af0e74b41978f0
Southclaws/ScavengeSurvive	399ba8e8fd164243b32fb694f4bb6ce37fe40c35	.references/pawn/gamemodes/Southclaws--ScavengeSurvive/filterscripts/ObjectMaterials.pwn	Southclaws--ScavengeSurvive-source.zip	71b96e837042515e063e72b4b3a05c6694ba3eeea431dcf2892044a81c920f6d
Southclaws/ScavengeSurvive	399ba8e8fd164243b32fb694f4bb6ce37fe40c35	.references/pawn/gamemodes/Southclaws--ScavengeSurvive/filterscripts/damage.pwn	Southclaws--ScavengeSurvive-source.zip	34cf4d8a8d6997221d9746eda92deae1a3b312ae56fea2c799c2b95e30f64811
Southclaws/ScavengeSurvive	399ba8e8fd164243b32fb694f4bb6ce37fe40c35	.references/pawn/gamemodes/Southclaws--ScavengeSurvive/filterscripts/tc.pwn	Southclaws--ScavengeSurvive-source.zip	892ca1c47a6fe57eb9caa90ba53a5409541724b084092a7916d0f27eebc25c20
Southclaws/ScavengeSurvive	399ba8e8fd164243b32fb694f4bb6ce37fe40c35	.references/pawn/gamemodes/Southclaws--ScavengeSurvive/filterscripts/Sound.pwn	Southclaws--ScavengeSurvive-source.zip	d6b02a9db07b3e690308af5105ed54c6d03accede3474d898f468bc22da4ab10
Southclaws/ScavengeSurvive	399ba8e8fd164243b32fb694f4bb6ce37fe40c35	.references/pawn/gamemodes/Southclaws--ScavengeSurvive/runner/settings.go	Southclaws--ScavengeSurvive-source.zip	2506cbff2323af89bd180854a9721c1cb1ecb8cbbfed5844c52e1f625c406268
Southclaws/ScavengeSurvive	399ba8e8fd164243b32fb694f4bb6ce37fe40c35	.references/pawn/gamemodes/Southclaws--ScavengeSurvive/runner/main.go	Southclaws--ScavengeSurvive-source.zip	a75cd88a4560d7aaac95fe660b45a54c482d66f694eed6b8856d7e3705f5a6b9
Southclaws/ScavengeSurvive	399ba8e8fd164243b32fb694f4bb6ce37fe40c35	.references/pawn/gamemodes/Southclaws--ScavengeSurvive/runner/config.go	Southclaws--ScavengeSurvive-source.zip	899e169400808b7e8623f094062c5c3925963c8b6e679329ed9ba80ddf3efc9d
Southclaws/ScavengeSurvive	399ba8e8fd164243b32fb694f4bb6ce37fe40c35	.references/pawn/gamemodes/Southclaws--ScavengeSurvive/runner/discord.go	Southclaws--ScavengeSurvive-source.zip	f290f84db25af17528aa7458779585320cf8238045744f653bb3352392a30b60
Southclaws/ScavengeSurvive	399ba8e8fd164243b32fb694f4bb6ce37fe40c35	.references/pawn/gamemodes/Southclaws--ScavengeSurvive/runner/ensure.go	Southclaws--ScavengeSurvive-source.zip	da2cba1b77a2e848824d43d463418fcb4410d3117587087d40b251aad5a7b1e5
Southclaws/ScavengeSurvive	399ba8e8fd164243b32fb694f4bb6ce37fe40c35	.references/pawn/gamemodes/Southclaws--ScavengeSurvive/runner/watcher.go	Southclaws--ScavengeSurvive-source.zip	6df985035f68b4269ea574669303bd6686f1f553dbdbb0b307b106ef4ab6e062
Southclaws/ScavengeSurvive	399ba8e8fd164243b32fb694f4bb6ce37fe40c35	.references/pawn/gamemodes/Southclaws--ScavengeSurvive/runner/logparse_test.go	Southclaws--ScavengeSurvive-source.zip	06e177cbfbd0453daad7fd7fd0928b3eeb8436f378bd77ef448ed95be6b4df04
Southclaws/ScavengeSurvive	399ba8e8fd164243b32fb694f4bb6ce37fe40c35	.references/pawn/gamemodes/Southclaws--ScavengeSurvive/runner/api.go	Southclaws--ScavengeSurvive-source.zip	db4a9f40d93d363172dcd5c8a1c594b71db4dd93855528b82545529560b13c12
Southclaws/ScavengeSurvive	399ba8e8fd164243b32fb694f4bb6ce37fe40c35	.references/pawn/gamemodes/Southclaws--ScavengeSurvive/runner/runner.go	Southclaws--ScavengeSurvive-source.zip	82e3fedc8a41274b3bea42b3c8fc0f07e3da7b762a8acff85f13458c4eb6d6db
Southclaws/ScavengeSurvive	399ba8e8fd164243b32fb694f4bb6ce37fe40c35	.references/pawn/gamemodes/Southclaws--ScavengeSurvive/runner/logparse.go	Southclaws--ScavengeSurvive-source.zip	44f9ca58f4c65101f0759595abc56f2115a09432175194423c30775ff05345ef
Southclaws/ScavengeSurvive	399ba8e8fd164243b32fb694f4bb6ce37fe40c35	.references/pawn/gamemodes/Southclaws--ScavengeSurvive/.vscode/launch.json	Southclaws--ScavengeSurvive-source.zip	f1695ff5a60558c0a2fca2df86a4a5e37f80e57457275d6ead25ee8be651507c
Southclaws/ScavengeSurvive	399ba8e8fd164243b32fb694f4bb6ce37fe40c35	.references/pawn/gamemodes/Southclaws--ScavengeSurvive/.vscode/tasks.json	Southclaws--ScavengeSurvive-source.zip	9eec5ac332f42230c4ee6d681a5355ab5693e183057cc7712dfc6b90517a0c16
Southclaws/ScavengeSurvive	399ba8e8fd164243b32fb694f4bb6ce37fe40c35	.references/pawn/gamemodes/Southclaws--ScavengeSurvive/gamemodes/sss/utils/camera.pwn	Southclaws--ScavengeSurvive-source.zip	af6d576782afc8c44276319f29eb5fa6b0c47f4ee1f2cb1152a0ab8a670429f1
Southclaws/ScavengeSurvive	399ba8e8fd164243b32fb694f4bb6ce37fe40c35	.references/pawn/gamemodes/Southclaws--ScavengeSurvive/gamemodes/sss/utils/message.pwn	Southclaws--ScavengeSurvive-source.zip	1a5246599d1b8ec7e340a058147b0e8a9fc3fea73c1a9145981b32748ba04ee5
Southclaws/ScavengeSurvive	399ba8e8fd164243b32fb694f4bb6ce37fe40c35	.references/pawn/gamemodes/Southclaws--ScavengeSurvive/gamemodes/sss/utils/vehicle-parts.pwn	Southclaws--ScavengeSurvive-source.zip	d18a2f38d210e2c6c1601866165bd7c8ed2a2a5cc7deb43248c80ed4fdd9fc57
Southclaws/ScavengeSurvive	399ba8e8fd164243b32fb694f4bb6ce37fe40c35	.references/pawn/gamemodes/Southclaws--ScavengeSurvive/gamemodes/sss/utils/zones.pwn	Southclaws--ScavengeSurvive-source.zip	5d433a20f3f677761171bed09521cc889363d6219e980cf2a968a378c525ba4f
Southclaws/ScavengeSurvive	399ba8e8fd164243b32fb694f4bb6ce37fe40c35	.references/pawn/gamemodes/Southclaws--ScavengeSurvive/gamemodes/sss/utils/item.pwn	Southclaws--ScavengeSurvive-source.zip	e14c717240dff100af7dbb795392756dfe67fa877ca3b5894ff87a3eefc34e76
Southclaws/ScavengeSurvive	399ba8e8fd164243b32fb694f4bb6ce37fe40c35	.references/pawn/gamemodes/Southclaws--ScavengeSurvive/gamemodes/sss/utils/time.pwn	Southclaws--ScavengeSurvive-source.zip	114b19954e90b2159d1340535c7d33ff1fc5244d2265de56607f0d1c1ee8902a
Southclaws/ScavengeSurvive	399ba8e8fd164243b32fb694f4bb6ce37fe40c35	.references/pawn/gamemodes/Southclaws--ScavengeSurvive/gamemodes/sss/utils/math.pwn	Southclaws--ScavengeSurvive-source.zip	13fadb759b358f615c2da48ea70e018ecb69bd959ee27d3435a8e7da6e897672
Southclaws/ScavengeSurvive	399ba8e8fd164243b32fb694f4bb6ce37fe40c35	.references/pawn/gamemodes/Southclaws--ScavengeSurvive/gamemodes/sss/utils/vehicle-data.pwn	Southclaws--ScavengeSurvive-source.zip	aea6d5139bffb6c716fb8141f9dd7e593995b61c516be1734d7eb9b0ce6829a0
Southclaws/ScavengeSurvive	399ba8e8fd164243b32fb694f4bb6ce37fe40c35	.references/pawn/gamemodes/Southclaws--ScavengeSurvive/gamemodes/sss/utils/misc.pwn	Southclaws--ScavengeSurvive-source.zip	d28d46ef8851ca704301bd998ce5db45c7a835a23ec98e72f9ee326d7286ac54
Southclaws/ScavengeSurvive	399ba8e8fd164243b32fb694f4bb6ce37fe40c35	.references/pawn/gamemodes/Southclaws--ScavengeSurvive/gamemodes/sss/utils/string.pwn	Southclaws--ScavengeSurvive-source.zip	b3edf8d5a647407feb8c404b0b505baa8bead5f67d6cf560c34609c921c8793b
Southclaws/ScavengeSurvive	399ba8e8fd164243b32fb694f4bb6ce37fe40c35	.references/pawn/gamemodes/Southclaws--ScavengeSurvive/gamemodes/sss/utils/logging.pwn	Southclaws--ScavengeSurvive-source.zip	de330f32d7faa83f122e6bead572b07503b6907f3053ec4749d2737fac7af24d
Southclaws/ScavengeSurvive	399ba8e8fd164243b32fb694f4bb6ce37fe40c35	.references/pawn/gamemodes/Southclaws--ScavengeSurvive/gamemodes/sss/utils/object.pwn	Southclaws--ScavengeSurvive-source.zip	a941d265f9354782062772d3ebb7d269397c17d493c4ee17409d8235baa40e4e
Southclaws/ScavengeSurvive	399ba8e8fd164243b32fb694f4bb6ce37fe40c35	.references/pawn/gamemodes/Southclaws--ScavengeSurvive/gamemodes/sss/utils/armouroffsets.pwn	Southclaws--ScavengeSurvive-source.zip	7a07c86b7fea24078a5f8c15c88ba4c793d95d90870eba92aa4c9842691f7fd5
Southclaws/ScavengeSurvive	399ba8e8fd164243b32fb694f4bb6ce37fe40c35	.references/pawn/gamemodes/Southclaws--ScavengeSurvive/gamemodes/sss/utils/dialog-pages.pwn	Southclaws--ScavengeSurvive-source.zip	bad910cd5c1260530b6749f2d941945c7ceab9e21a4785a411c5db8de1087307
Southclaws/ScavengeSurvive	399ba8e8fd164243b32fb694f4bb6ce37fe40c35	.references/pawn/gamemodes/Southclaws--ScavengeSurvive/gamemodes/sss/utils/headoffsets.pwn	Southclaws--ScavengeSurvive-source.zip	7de6de4bd0d1177613c0e4d56a57438874136b714bf9ae4ecaff326511aac678
Southclaws/ScavengeSurvive	399ba8e8fd164243b32fb694f4bb6ce37fe40c35	.references/pawn/gamemodes/Southclaws--ScavengeSurvive/gamemodes/sss/utils/player.pwn	Southclaws--ScavengeSurvive-source.zip	9f5df70602ea96703c76ed6b75af32000e004b7ae05d893c23c0d86f27c8bb1c
Southclaws/ScavengeSurvive	399ba8e8fd164243b32fb694f4bb6ce37fe40c35	.references/pawn/gamemodes/Southclaws--ScavengeSurvive/gamemodes/sss/utils/vehicle.pwn	Southclaws--ScavengeSurvive-source.zip	b239e154bf6678651e83ab0ec3aa08574d86a2a5317149306129d3ec81f0b265
Southclaws/ScavengeSurvive	399ba8e8fd164243b32fb694f4bb6ce37fe40c35	.references/pawn/gamemodes/Southclaws--ScavengeSurvive/gamemodes/sss/world-wasteland/world.pwn	Southclaws--ScavengeSurvive-source.zip	d8d8bbdde18b242b055eb1363a1956678a0c0418b1dc270371a255a0fab1e920
Southclaws/ScavengeSurvive	399ba8e8fd164243b32fb694f4bb6ce37fe40c35	.references/pawn/gamemodes/Southclaws--ScavengeSurvive/gamemodes/sss/world-wasteland/terrain.pwn	Southclaws--ScavengeSurvive-source.zip	3a2ff98971a6926bc32dfdc2a16685a19cedf614e5da9a8fd88ebd625bf1f115
Southclaws/ScavengeSurvive	399ba8e8fd164243b32fb694f4bb6ce37fe40c35	.references/pawn/gamemodes/Southclaws--ScavengeSurvive/gamemodes/sss/world-wasteland/tiles.pwn	Southclaws--ScavengeSurvive-source.zip	11d5b9cae2b62d7483a664c48b5e52230eb0f4e73540ec66e1fc4b53608f0664
Southclaws/ScavengeSurvive	399ba8e8fd164243b32fb694f4bb6ce37fe40c35	.references/pawn/gamemodes/Southclaws--ScavengeSurvive/gamemodes/sss/world-wasteland/spawn.pwn	Southclaws--ScavengeSurvive-source.zip	73e6e50f0fc0e17cdec6dc2a4e667a5efde9dd076a7de9bebbccb7b7ed504e28
Southclaws/ScavengeSurvive	399ba8e8fd164243b32fb694f4bb6ce37fe40c35	.references/pawn/gamemodes/Southclaws--ScavengeSurvive/gamemodes/sss/world-wasteland/generate.pwn	Southclaws--ScavengeSurvive-source.zip	2b93ac76c1bdcfcfb425cc9a9ffd799dfa97559c7120d4ddcd5c14a53a41c5a7
Southclaws/ScavengeSurvive	399ba8e8fd164243b32fb694f4bb6ce37fe40c35	.references/pawn/gamemodes/Southclaws--ScavengeSurvive/gamemodes/sss/world-bs/world.pwn	Southclaws--ScavengeSurvive-source.zip	ec9607e28da1eb625c31d17d06741017113aae14171c8bb5895c2becdfec3233
Southclaws/ScavengeSurvive	399ba8e8fd164243b32fb694f4bb6ce37fe40c35	.references/pawn/gamemodes/Southclaws--ScavengeSurvive/gamemodes/sss/world-bs/tr.pwn	Southclaws--ScavengeSurvive-source.zip	cf5c5441b32a677108b3b2339163bf8ba1bfe94a19105f5d4335b226e7f9b023
Southclaws/ScavengeSurvive	399ba8e8fd164243b32fb694f4bb6ce37fe40c35	.references/pawn/gamemodes/Southclaws--ScavengeSurvive/gamemodes/sss/world-bs/spawn.pwn	Southclaws--ScavengeSurvive-source.zip	9cb5a19b388ecf37cd691cf1431fc3c27a717ebf080e4d9b1ab53c56f3acb3c7
Southclaws/ScavengeSurvive	399ba8e8fd164243b32fb694f4bb6ce37fe40c35	.references/pawn/gamemodes/Southclaws--ScavengeSurvive/gamemodes/sss/world/world.pwn	Southclaws--ScavengeSurvive-source.zip	b67e66dc2eb8284d9d10d56aee50d32d819515d969f7925ccec6cae1c0edefc3
Southclaws/ScavengeSurvive	399ba8e8fd164243b32fb694f4bb6ce37fe40c35	.references/pawn/gamemodes/Southclaws--ScavengeSurvive/gamemodes/sss/world/objects.pwn	Southclaws--ScavengeSurvive-source.zip	296b4d956b6a1ed91b1fff6e36a3f6dd5b1341fa6f58d714a598f77277dd35b6
Southclaws/ScavengeSurvive	399ba8e8fd164243b32fb694f4bb6ce37fe40c35	.references/pawn/gamemodes/Southclaws--ScavengeSurvive/gamemodes/sss/world/houseloot.pwn	Southclaws--ScavengeSurvive-source.zip	40a6f51d6c04605799f1902c0e96277c42533f15a6f7b7b992eb7e26ac3c1c5d
Southclaws/ScavengeSurvive	399ba8e8fd164243b32fb694f4bb6ce37fe40c35	.references/pawn/gamemodes/Southclaws--ScavengeSurvive/gamemodes/sss/world/xmas.pwn	Southclaws--ScavengeSurvive-source.zip	f05b5a18cfa37e1db808bfdb1be6709657e725c69958de6ea3d7b1f53aeaec63
Southclaws/ScavengeSurvive	399ba8e8fd164243b32fb694f4bb6ce37fe40c35	.references/pawn/gamemodes/Southclaws--ScavengeSurvive/gamemodes/sss/world/spawn.pwn	Southclaws--ScavengeSurvive-source.zip	021033ed7037cf2968f60c39ef385efb1ad18b2004584b44967d00ecb8ca43e2
Southclaws/ScavengeSurvive	399ba8e8fd164243b32fb694f4bb6ce37fe40c35	.references/pawn/gamemodes/Southclaws--ScavengeSurvive/gamemodes/sss/core/server/save-block.pwn	Southclaws--ScavengeSurvive-source.zip	271ea6ace30488e929b96278ca86451dcfc8853c7c2551b8b46d37e11ea55d9d
Southclaws/ScavengeSurvive	399ba8e8fd164243b32fb694f4bb6ce37fe40c35	.references/pawn/gamemodes/Southclaws--ScavengeSurvive/gamemodes/sss/core/server/settings.pwn	Southclaws--ScavengeSurvive-source.zip	4638f8cce5af70e281f5445ff79d93a8ac11fc855df1b1f6385c3828eeda030a
Southclaws/ScavengeSurvive	399ba8e8fd164243b32fb694f4bb6ce37fe40c35	.references/pawn/gamemodes/Southclaws--ScavengeSurvive/gamemodes/sss/core/server/weather.pwn	Southclaws--ScavengeSurvive-source.zip	0bb344e86c0e1e5a3313e8591229169bf7a84603d0868c057467960c4a162cd1
Southclaws/ScavengeSurvive	399ba8e8fd164243b32fb694f4bb6ce37fe40c35	.references/pawn/gamemodes/Southclaws--ScavengeSurvive/gamemodes/sss/core/server/language.pwn	Southclaws--ScavengeSurvive-source.zip	8d146c922b1457c04a273308027070b9f02cb558bcd68ff23a53629bfa181cb0
Southclaws/ScavengeSurvive	399ba8e8fd164243b32fb694f4bb6ce37fe40c35	.references/pawn/gamemodes/Southclaws--ScavengeSurvive/gamemodes/sss/core/server/auto-save.pwn	Southclaws--ScavengeSurvive-source.zip	8c52d3ca0b0fcea817a74ff623af7b3f17042aec396226bde64d7c5c1b294786
Southclaws/ScavengeSurvive	399ba8e8fd164243b32fb694f4bb6ce37fe40c35	.references/pawn/gamemodes/Southclaws--ScavengeSurvive/gamemodes/sss/core/server/init.pwn	Southclaws--ScavengeSurvive-source.zip	28963e062a0d3b0541576895b6a446128382bc8d4e352c7b9f3ed470e154b81e
Southclaws/ScavengeSurvive	399ba8e8fd164243b32fb694f4bb6ce37fe40c35	.references/pawn/gamemodes/Southclaws--ScavengeSurvive/gamemodes/sss/core/server/hooks.pwn	Southclaws--ScavengeSurvive-source.zip	fb44827f0e6de68038f55a11ed918017c01e940c2afd1632ae686674acbecfbe
Southclaws/ScavengeSurvive	399ba8e8fd164243b32fb694f4bb6ce37fe40c35	.references/pawn/gamemodes/Southclaws--ScavengeSurvive/gamemodes/sss/core/server/text-tags.pwn	Southclaws--ScavengeSurvive-source.zip	e2a9660cc2fd1fa27669c56ec4d2b2ca4caf67b0b4f430210ba715dfa865d9c5
Southclaws/ScavengeSurvive	399ba8e8fd164243b32fb694f4bb6ce37fe40c35	.references/pawn/gamemodes/Southclaws--ScavengeSurvive/gamemodes/sss/core/server/info-message.pwn	Southclaws--ScavengeSurvive-source.zip	22d855bf57c2492945a2bfc437da69d1f0147fb1efb1b74780ebc6aaf6d70bca
Southclaws/ScavengeSurvive	399ba8e8fd164243b32fb694f4bb6ce37fe40c35	.references/pawn/gamemodes/Southclaws--ScavengeSurvive/gamemodes/sss/core/char/aim-shout.pwn	Southclaws--ScavengeSurvive-source.zip	2795d4d852dfc77d7626adbca11f6f19e390dd3766aaa2f8addae93011a6fed6
Southclaws/ScavengeSurvive	399ba8e8fd164243b32fb694f4bb6ce37fe40c35	.references/pawn/gamemodes/Southclaws--ScavengeSurvive/gamemodes/sss/core/char/headgear-pop.pwn	Southclaws--ScavengeSurvive-source.zip	890852f533dc9b12bca6fc4c9692cae9cc765950b70b2122af5dc78ba2a2ffbc
Southclaws/ScavengeSurvive	399ba8e8fd164243b32fb694f4bb6ce37fe40c35	.references/pawn/gamemodes/Southclaws--ScavengeSurvive/gamemodes/sss/core/char/disarm.pwn	Southclaws--ScavengeSurvive-source.zip	2eb0b553db3e80a2fd9019097cd95a155543b1dbe02c241b43aa5c258e622f8e
Southclaws/ScavengeSurvive	399ba8e8fd164243b32fb694f4bb6ce37fe40c35	.references/pawn/gamemodes/Southclaws--ScavengeSurvive/gamemodes/sss/core/char/food.pwn	Southclaws--ScavengeSurvive-source.zip	69dc16f096c82491439faca9563d7b6f7a11be54e78955b71a729aa7891cb893
Southclaws/ScavengeSurvive	399ba8e8fd164243b32fb694f4bb6ce37fe40c35	.references/pawn/gamemodes/Southclaws--ScavengeSurvive/gamemodes/sss/core/char/movement.pwn	Southclaws--ScavengeSurvive-source.zip	db93605b33970b89ecb539d931c77f756264bf0253889921c7d6f1cee0bf1e62
Southclaws/ScavengeSurvive	399ba8e8fd164243b32fb694f4bb6ce37fe40c35	.references/pawn/gamemodes/Southclaws--ScavengeSurvive/gamemodes/sss/core/char/drugfx.pwn	Southclaws--ScavengeSurvive-source.zip	0b526541468ddff511d5e8912ffaf49eaea11ae896f85102a95cd69bd73eeb4b
Southclaws/ScavengeSurvive	399ba8e8fd164243b32fb694f4bb6ce37fe40c35	.references/pawn/gamemodes/Southclaws--ScavengeSurvive/gamemodes/sss/core/char/knockout.pwn	Southclaws--ScavengeSurvive-source.zip	329cc097434e40b672aaf8c91dfb21ade0e8975d25e3bb23b480f915c6bba539
Southclaws/ScavengeSurvive	399ba8e8fd164243b32fb694f4bb6ce37fe40c35	.references/pawn/gamemodes/Southclaws--ScavengeSurvive/gamemodes/sss/core/char/handcuffs.pwn	Southclaws--ScavengeSurvive-source.zip	1b1bebb68a8bab13dd47c8fc746239595918401b61acfe915a73dedfa241a398
Southclaws/ScavengeSurvive	399ba8e8fd164243b32fb694f4bb6ce37fe40c35	.references/pawn/gamemodes/Southclaws--ScavengeSurvive/gamemodes/sss/core/char/travel-stats.pwn	Southclaws--ScavengeSurvive-source.zip	02715b1348ea2ac8260395f7912014ccc1288ccf16ed2e1b163aaa0196685ca3
Southclaws/ScavengeSurvive	399ba8e8fd164243b32fb694f4bb6ce37fe40c35	.references/pawn/gamemodes/Southclaws--ScavengeSurvive/gamemodes/sss/core/char/clothes.pwn	Southclaws--ScavengeSurvive-source.zip	733eb6bb693bcae6caeae51991d592bbf711fbc519fcf6b690c7e1467f05497d
Southclaws/ScavengeSurvive	399ba8e8fd164243b32fb694f4bb6ce37fe40c35	.references/pawn/gamemodes/Southclaws--ScavengeSurvive/gamemodes/sss/core/char/drugs.pwn	Southclaws--ScavengeSurvive-source.zip	538b5c4163686b11512b57acf56d601e0c5101b6c6b09e4aa79af06378924654
Southclaws/ScavengeSurvive	399ba8e8fd164243b32fb694f4bb6ce37fe40c35	.references/pawn/gamemodes/Southclaws--ScavengeSurvive/gamemodes/sss/core/char/tow-truck.pwn	Southclaws--ScavengeSurvive-source.zip	3361ee51e6a945c475f745ccaf1a32d5224dd9db7ac255d95c6f29e6257e538e
Southclaws/ScavengeSurvive	399ba8e8fd164243b32fb694f4bb6ce37fe40c35	.references/pawn/gamemodes/Southclaws--ScavengeSurvive/gamemodes/sss/core/char/inventory.pwn	Southclaws--ScavengeSurvive-source.zip	b33aa027ed8400d462c0b2f091656fccedb76a825a69cac737a2f799b4e17553
Southclaws/ScavengeSurvive	399ba8e8fd164243b32fb694f4bb6ce37fe40c35	.references/pawn/gamemodes/Southclaws--ScavengeSurvive/gamemodes/sss/core/char/animations.pwn	Southclaws--ScavengeSurvive-source.zip	db6eb9b1cc1fa95433f342b13257160b0bb7899ec586248acc0ec5b885ab7385
Southclaws/ScavengeSurvive	399ba8e8fd164243b32fb694f4bb6ce37fe40c35	.references/pawn/gamemodes/Southclaws--ScavengeSurvive/gamemodes/sss/core/char/overheat.pwn	Southclaws--ScavengeSurvive-source.zip	7a1202c8ba5f359b5401c89a0a4a99eeea818f4b2937f03663aaab0abf298f70
Southclaws/ScavengeSurvive	399ba8e8fd164243b32fb694f4bb6ce37fe40c35	.references/pawn/gamemodes/Southclaws--ScavengeSurvive/gamemodes/sss/core/char/infection.pwn	Southclaws--ScavengeSurvive-source.zip	cc628b3ca74e01ff4c26458a82369f463e30f8b165764c86f58a47eba28be3a1
Southclaws/ScavengeSurvive	399ba8e8fd164243b32fb694f4bb6ce37fe40c35	.references/pawn/gamemodes/Southclaws--ScavengeSurvive/gamemodes/sss/core/char/bleed.pwn	Southclaws--ScavengeSurvive-source.zip	9df57889555c146853c381f77e14f30b6901da5d1b80336e8e96a177bee6db25
Southclaws/ScavengeSurvive	399ba8e8fd164243b32fb694f4bb6ce37fe40c35	.references/pawn/gamemodes/Southclaws--ScavengeSurvive/gamemodes/sss/core/char/skills.pwn	Southclaws--ScavengeSurvive-source.zip	5487bafdc705886e36e9e0afb241bd124e84e7b26176f8334ef6fa93d6c3a3d9
Southclaws/ScavengeSurvive	399ba8e8fd164243b32fb694f4bb6ce37fe40c35	.references/pawn/gamemodes/Southclaws--ScavengeSurvive/gamemodes/sss/core/player/welcome-message.pwn	Southclaws--ScavengeSurvive-source.zip	aeec925742088c0ec20afdef826ff6c14be6058d7cc240189befbf26ffc88c39
Southclaws/ScavengeSurvive	399ba8e8fd164243b32fb694f4bb6ce37fe40c35	.references/pawn/gamemodes/Southclaws--ScavengeSurvive/gamemodes/sss/core/player/ipv4-log.pwn	Southclaws--ScavengeSurvive-source.zip	706ed157c58ecea139b2c3161f3531eb3391202dc395c1928a3e64221734fe0f
Southclaws/ScavengeSurvive	399ba8e8fd164243b32fb694f4bb6ce37fe40c35	.references/pawn/gamemodes/Southclaws--ScavengeSurvive/gamemodes/sss/core/player/gpci-whitelist.pwn	Southclaws--ScavengeSurvive-source.zip	e9865903a5b3218dfce7ece7a4254a949293e87e0844fa6e023ddc3826de0a2f
Southclaws/ScavengeSurvive	399ba8e8fd164243b32fb694f4bb6ce37fe40c35	.references/pawn/gamemodes/Southclaws--ScavengeSurvive/gamemodes/sss/core/player/gpci-log.pwn	Southclaws--ScavengeSurvive-source.zip	8b270cbb03418fbc15ea6482b214d8910bda1f1c6cc895e59f7dac4292d63087
Southclaws/ScavengeSurvive	399ba8e8fd164243b32fb694f4bb6ce37fe40c35	.references/pawn/gamemodes/Southclaws--ScavengeSurvive/gamemodes/sss/core/player/alt-tab-check.pwn	Southclaws--ScavengeSurvive-source.zip	943ef85afd1492e289204db97d9dfe879f1998e5a0e56f1131852da5503a9e2d
Southclaws/ScavengeSurvive	399ba8e8fd164243b32fb694f4bb6ce37fe40c35	.references/pawn/gamemodes/Southclaws--ScavengeSurvive/gamemodes/sss/core/player/save-load.pwn	Southclaws--ScavengeSurvive-source.zip	b013c35bc69da8acb6b483ebd2d8d9dc957fc6ad94858d0d290a6a7114efc3da
Southclaws/ScavengeSurvive	399ba8e8fd164243b32fb694f4bb6ce37fe40c35	.references/pawn/gamemodes/Southclaws--ScavengeSurvive/gamemodes/sss/core/player/host-log.pwn	Southclaws--ScavengeSurvive-source.zip	aeb6aa76000c7166651b8cdffb93177a3d4abc4bf407414db7c6e9c264ebafc4
Southclaws/ScavengeSurvive	399ba8e8fd164243b32fb694f4bb6ce37fe40c35	.references/pawn/gamemodes/Southclaws--ScavengeSurvive/gamemodes/sss/core/player/widescreen.pwn	Southclaws--ScavengeSurvive-source.zip	4b729b7d72819cb49388bba5cac99e1555baa7a0dc5e11d7e5472ac33ad00f34
Southclaws/ScavengeSurvive	399ba8e8fd164243b32fb694f4bb6ce37fe40c35	.references/pawn/gamemodes/Southclaws--ScavengeSurvive/gamemodes/sss/core/player/brightness.pwn	Southclaws--ScavengeSurvive-source.zip	2e2f74e2b5976150103b588d182da2e9e99042802409bb33f77079be65f6ee9a
Southclaws/ScavengeSurvive	399ba8e8fd164243b32fb694f4bb6ce37fe40c35	.references/pawn/gamemodes/Southclaws--ScavengeSurvive/gamemodes/sss/core/player/recipes.pwn	Southclaws--ScavengeSurvive-source.zip	2fd4e79d3463cfd8ce472c7e46ed97b8921cc041f868dcbd622e94abbce4fbe8
Southclaws/ScavengeSurvive	399ba8e8fd164243b32fb694f4bb6ce37fe40c35	.references/pawn/gamemodes/Southclaws--ScavengeSurvive/gamemodes/sss/core/player/afk-check.pwn	Southclaws--ScavengeSurvive-source.zip	576de8a86c0e6f0f0c1bbfabc3ca523d44615d2459d9f03fff9cfef3dad5cae1
Southclaws/ScavengeSurvive	399ba8e8fd164243b32fb694f4bb6ce37fe40c35	.references/pawn/gamemodes/Southclaws--ScavengeSurvive/gamemodes/sss/core/player/language.pwn	Southclaws--ScavengeSurvive-source.zip	6c26e1c629b6b846277380e5e46a3f17c4c9b6222e483ae3471dda72515ec466
Southclaws/ScavengeSurvive	399ba8e8fd164243b32fb694f4bb6ce37fe40c35	.references/pawn/gamemodes/Southclaws--ScavengeSurvive/gamemodes/sss/core/player/accounts.pwn	Southclaws--ScavengeSurvive-source.zip	dcf115ce88a02fd33f1bd98528ebe5ee14b3a375451ad4c738e023920dd292d1
Southclaws/ScavengeSurvive	399ba8e8fd164243b32fb694f4bb6ce37fe40c35	.references/pawn/gamemodes/Southclaws--ScavengeSurvive/gamemodes/sss/core/player/commands.pwn	Southclaws--ScavengeSurvive-source.zip	db8705b33e24a8e680739c98d1ddc4c003765564ff317707b53061dcd32fc4f3
Southclaws/ScavengeSurvive	399ba8e8fd164243b32fb694f4bb6ce37fe40c35	.references/pawn/gamemodes/Southclaws--ScavengeSurvive/gamemodes/sss/core/player/disallow-actions.pwn	Southclaws--ScavengeSurvive-source.zip	95dad9ae5f38e01f5a854ab289a92aff1b838e783836584cf4bd57513834f7d8
Southclaws/ScavengeSurvive	399ba8e8fd164243b32fb694f4bb6ce37fe40c35	.references/pawn/gamemodes/Southclaws--ScavengeSurvive/gamemodes/sss/core/player/aliases.pwn	Southclaws--ScavengeSurvive-source.zip	fe6710c26ffab4cc7a98d97e935e4152a477a8f9107f6b3a51f40d9235fcec53
Southclaws/ScavengeSurvive	399ba8e8fd164243b32fb694f4bb6ce37fe40c35	.references/pawn/gamemodes/Southclaws--ScavengeSurvive/gamemodes/sss/core/player/chat.pwn	Southclaws--ScavengeSurvive-source.zip	35b54e86b757d204280229c203682e991e6b94a157a151a65bc7b1ac40e4b3b0
Southclaws/ScavengeSurvive	399ba8e8fd164243b32fb694f4bb6ce37fe40c35	.references/pawn/gamemodes/Southclaws--ScavengeSurvive/gamemodes/sss/core/player/country.pwn	Southclaws--ScavengeSurvive-source.zip	f559107ccb06c8b28bd7137da5503fc7fcd92e76884e9413db9820d9f1d401d0
Southclaws/ScavengeSurvive	399ba8e8fd164243b32fb694f4bb6ce37fe40c35	.references/pawn/gamemodes/Southclaws--ScavengeSurvive/gamemodes/sss/core/player/spawn.pwn	Southclaws--ScavengeSurvive-source.zip	fad9e405ab34d5d740ed06980c3cac71f2825999d1e117f79a9ab02a9199d0a1
Southclaws/ScavengeSurvive	399ba8e8fd164243b32fb694f4bb6ce37fe40c35	.references/pawn/gamemodes/Southclaws--ScavengeSurvive/gamemodes/sss/core/player/profile.pwn	Southclaws--ScavengeSurvive-source.zip	576de8a86c0e6f0f0c1bbfabc3ca523d44615d2459d9f03fff9cfef3dad5cae1
Southclaws/ScavengeSurvive	399ba8e8fd164243b32fb694f4bb6ce37fe40c35	.references/pawn/gamemodes/Southclaws--ScavengeSurvive/gamemodes/sss/core/player/tutorial.pwn	Southclaws--ScavengeSurvive-source.zip	4ea25691f4154647f6eaed1c8661bfd44aa5fab5773a58431efd52eb8e7c17f4
Southclaws/ScavengeSurvive	399ba8e8fd164243b32fb694f4bb6ce37fe40c35	.references/pawn/gamemodes/Southclaws--ScavengeSurvive/gamemodes/sss/core/player/whitelist.pwn	Southclaws--ScavengeSurvive-source.zip	7968fa5f643387501eee56f260e0fda322fae850bd2eb56ef8ae49d241664f76
Southclaws/ScavengeSurvive	399ba8e8fd164243b32fb694f4bb6ce37fe40c35	.references/pawn/gamemodes/Southclaws--ScavengeSurvive/gamemodes/sss/core/player/damage.pwn	Southclaws--ScavengeSurvive-source.zip	c28b0bcafd00ffdfce8da3302a1ad2cee3414786da12017d82d5d6ecdd6fce75
Southclaws/ScavengeSurvive	399ba8e8fd164243b32fb694f4bb6ce37fe40c35	.references/pawn/gamemodes/Southclaws--ScavengeSurvive/gamemodes/sss/core/player/player.pwn	Southclaws--ScavengeSurvive-source.zip	76cb0d06e53d46c27c2157a011a489f140596836c81401c829e25e3051479613
Southclaws/ScavengeSurvive	399ba8e8fd164243b32fb694f4bb6ce37fe40c35	.references/pawn/gamemodes/Southclaws--ScavengeSurvive/gamemodes/sss/core/player/death.pwn	Southclaws--ScavengeSurvive-source.zip	81492ea5c22b65c46d744f1e67f47211e2b4f33004df503ef125228fd13a36f7
Southclaws/ScavengeSurvive	399ba8e8fd164243b32fb694f4bb6ce37fe40c35	.references/pawn/gamemodes/Southclaws--ScavengeSurvive/gamemodes/sss/core/player/cmd-process.pwn	Southclaws--ScavengeSurvive-source.zip	f08d247f3684f9f058b278bbc8e9f820e882c9d1247544c1e1828824f081b485
Southclaws/ScavengeSurvive	399ba8e8fd164243b32fb694f4bb6ce37fe40c35	.references/pawn/gamemodes/Southclaws--ScavengeSurvive/gamemodes/sss/core/apparel/policehelm.pwn	Southclaws--ScavengeSurvive-source.zip	60152923c1a37fd7f9c943da1d1ff1310c63b5ed8238a29a8f05e139ae3f6364
Southclaws/ScavengeSurvive	399ba8e8fd164243b32fb694f4bb6ce37fe40c35	.references/pawn/gamemodes/Southclaws--ScavengeSurvive/gamemodes/sss/core/apparel/HeartShapedBox.pwn	Southclaws--ScavengeSurvive-source.zip	1c7eac630416f1ec61768e77e859716865c45cd3eab1840790ba16d8e34e6b66
Southclaws/ScavengeSurvive	399ba8e8fd164243b32fb694f4bb6ce37fe40c35	.references/pawn/gamemodes/Southclaws--ScavengeSurvive/gamemodes/sss/core/apparel/Rucksack.pwn	Southclaws--ScavengeSurvive-source.zip	270a223c15aa123a4ff46626cd93eb00c2c7c421201bc0a275a0f98dc1b262a3
Southclaws/ScavengeSurvive	399ba8e8fd164243b32fb694f4bb6ce37fe40c35	.references/pawn/gamemodes/Southclaws--ScavengeSurvive/gamemodes/sss/core/apparel/Backpack.pwn	Southclaws--ScavengeSurvive-source.zip	388f6d18ad013f05e79d663a8b491cf1eb07068f2bcff10e46a7a228ef7bd4a8
Southclaws/ScavengeSurvive	399ba8e8fd164243b32fb694f4bb6ce37fe40c35	.references/pawn/gamemodes/Southclaws--ScavengeSurvive/gamemodes/sss/core/apparel/Satchel.pwn	Southclaws--ScavengeSurvive-source.zip	65e98f04dcbe58fd7bd45462b23a9f1a0f445035daf64b7d086843acb3421d1f
Southclaws/ScavengeSurvive	399ba8e8fd164243b32fb694f4bb6ce37fe40c35	.references/pawn/gamemodes/Southclaws--ScavengeSurvive/gamemodes/sss/core/apparel/boaterhat.pwn	Southclaws--ScavengeSurvive-source.zip	5c58980d2134167f893b80f5cbb0486ebac48d4797062d6e804b03f45408e232
Southclaws/ScavengeSurvive	399ba8e8fd164243b32fb694f4bb6ce37fe40c35	.references/pawn/gamemodes/Southclaws--ScavengeSurvive/gamemodes/sss/core/apparel/bandana.pwn	Southclaws--ScavengeSurvive-source.zip	de09255c5b28c8aaea7a788e98bf0199d110a2b17f7ede9d75a5b4b9cddc1216
Southclaws/ScavengeSurvive	399ba8e8fd164243b32fb694f4bb6ce37fe40c35	.references/pawn/gamemodes/Southclaws--ScavengeSurvive/gamemodes/sss/core/apparel/truckcap.pwn	Southclaws--ScavengeSurvive-source.zip	fc4d916957f137e2b0230489b1d7683818f28ca4b50d8a60b86c01ee01cf1969
Southclaws/ScavengeSurvive	399ba8e8fd164243b32fb694f4bb6ce37fe40c35	.references/pawn/gamemodes/Southclaws--ScavengeSurvive/gamemodes/sss/core/apparel/LargeBackpack.pwn	Southclaws--ScavengeSurvive-source.zip	bee1457e00f3c10150259b58018f567a4484198978bfaf34d2982b8b944cc9b8
Southclaws/ScavengeSurvive	399ba8e8fd164243b32fb694f4bb6ce37fe40c35	.references/pawn/gamemodes/Southclaws--ScavengeSurvive/gamemodes/sss/core/apparel/witcheshat.pwn	Southclaws--ScavengeSurvive-source.zip	71e4ea9e780817b97f6b04d6a85880d92265491316e8e48a465a973aa2e1faa2
Southclaws/ScavengeSurvive	399ba8e8fd164243b32fb694f4bb6ce37fe40c35	.references/pawn/gamemodes/Southclaws--ScavengeSurvive/gamemodes/sss/core/apparel/xmashat.pwn	Southclaws--ScavengeSurvive-source.zip	434f8f33b776af8437c6bb770f52c099b7aaa6326676c843e423d18f377d4b3a
Southclaws/ScavengeSurvive	399ba8e8fd164243b32fb694f4bb6ce37fe40c35	.references/pawn/gamemodes/Southclaws--ScavengeSurvive/gamemodes/sss/core/apparel/gasmask.pwn	Southclaws--ScavengeSurvive-source.zip	19b6dc3c296f0a77e7b4f266bcd9e93f4ec7acfae22bcbabb485a5316fceb226
Southclaws/ScavengeSurvive	399ba8e8fd164243b32fb694f4bb6ce37fe40c35	.references/pawn/gamemodes/Southclaws--ScavengeSurvive/gamemodes/sss/core/apparel/ParaBag.pwn	Southclaws--ScavengeSurvive-source.zip	1b954e805e89fac5e666d8d7f3c99fdded75b7d5d3006b05358907b91193a4b5
Southclaws/ScavengeSurvive	399ba8e8fd164243b32fb694f4bb6ce37fe40c35	.references/pawn/gamemodes/Southclaws--ScavengeSurvive/gamemodes/sss/core/apparel/cowboyhat.pwn	Southclaws--ScavengeSurvive-source.zip	5c4c444a1e997a9af8abde9ce577bd40dfce27001b3c0ff6a4991771344b5fcd
Southclaws/ScavengeSurvive	399ba8e8fd164243b32fb694f4bb6ce37fe40c35	.references/pawn/gamemodes/Southclaws--ScavengeSurvive/gamemodes/sss/core/apparel/zorromask.pwn	Southclaws--ScavengeSurvive-source.zip	fc48ce05523b9c0c8b91ff415a46f5cb6deb24add1a8b755b0992edab33e3ead
Southclaws/ScavengeSurvive	399ba8e8fd164243b32fb694f4bb6ce37fe40c35	.references/pawn/gamemodes/Southclaws--ScavengeSurvive/gamemodes/sss/core/apparel/policecap.pwn	Southclaws--ScavengeSurvive-source.zip	66ed117bb03425b0c813c8be9b18d4a62d0323bf75fb69b7a5818e799ba7ed1a
Southclaws/ScavengeSurvive	399ba8e8fd164243b32fb694f4bb6ce37fe40c35	.references/pawn/gamemodes/Southclaws--ScavengeSurvive/gamemodes/sss/core/apparel/armyhelm.pwn	Southclaws--ScavengeSurvive-source.zip	3f440cd82f1b700e2b5a87d90bd5ec0c2fdbffcb85b2acba239d798eeb4690b4
Southclaws/ScavengeSurvive	399ba8e8fd164243b32fb694f4bb6ce37fe40c35	.references/pawn/gamemodes/Southclaws--ScavengeSurvive/gamemodes/sss/core/apparel/hockeymask.pwn	Southclaws--ScavengeSurvive-source.zip	decbc9c93a7d0925ec52d604d2976cf183da676b48cb811206038af6417a79fb
Southclaws/ScavengeSurvive	399ba8e8fd164243b32fb694f4bb6ce37fe40c35	.references/pawn/gamemodes/Southclaws--ScavengeSurvive/gamemodes/sss/core/apparel/bowlerhat.pwn	Southclaws--ScavengeSurvive-source.zip	1740f5ba2f3e914613a1ee742728787dddcc23e0e3f854103714eabacc513c94
Southclaws/ScavengeSurvive	399ba8e8fd164243b32fb694f4bb6ce37fe40c35	.references/pawn/gamemodes/Southclaws--ScavengeSurvive/gamemodes/sss/core/apparel/tophat.pwn	Southclaws--ScavengeSurvive-source.zip	1088289481940f2cdc6364a1e6b612a1b39b5785569739f65e7470680c861c32
Southclaws/ScavengeSurvive	399ba8e8fd164243b32fb694f4bb6ce37fe40c35	.references/pawn/gamemodes/Southclaws--ScavengeSurvive/gamemodes/sss/core/apparel/Daypack.pwn	Southclaws--ScavengeSurvive-source.zip	2a913301533d538a63a9b218e7d9ba9ed3d70828c4ad0e19a051592d9581d7a9
Southclaws/ScavengeSurvive	399ba8e8fd164243b32fb694f4bb6ce37fe40c35	.references/pawn/gamemodes/Southclaws--ScavengeSurvive/gamemodes/sss/core/apparel/MediumBag.pwn	Southclaws--ScavengeSurvive-source.zip	3d986e7aa882a3568439642957b2ec38af3d857190ed161dae12b6095fdbf92c
Southclaws/ScavengeSurvive	399ba8e8fd164243b32fb694f4bb6ce37fe40c35	.references/pawn/gamemodes/Southclaws--ScavengeSurvive/gamemodes/sss/core/item/plot-pole.pwn	Southclaws--ScavengeSurvive-source.zip	8c8d5564870ea71933e81a0cc93f8e987042d28ad599ebb8a97fde845e29bacd
Southclaws/ScavengeSurvive	399ba8e8fd164243b32fb694f4bb6ce37fe40c35	.references/pawn/gamemodes/Southclaws--ScavengeSurvive/gamemodes/sss/core/item/headlight.pwn	Southclaws--ScavengeSurvive-source.zip	cf25306981296a9dccc4b9235b7fb2ddda67075cdd39bbd1f08623f92fbe3796
Southclaws/ScavengeSurvive	399ba8e8fd164243b32fb694f4bb6ce37fe40c35	.references/pawn/gamemodes/Southclaws--ScavengeSurvive/gamemodes/sss/core/item/screwdriver.pwn	Southclaws--ScavengeSurvive-source.zip	43f682863c2b4eef94e4284060ecfb124c6f369df14b431ade4cc7a9eae02051
Southclaws/ScavengeSurvive	399ba8e8fd164243b32fb694f4bb6ce37fe40c35	.references/pawn/gamemodes/Southclaws--ScavengeSurvive/gamemodes/sss/core/item/food.pwn	Southclaws--ScavengeSurvive-source.zip	79e472629867d85c50c56996f9c67ccf21cec07968aaf4934e34b6342ebcaeba
Southclaws/ScavengeSurvive	399ba8e8fd164243b32fb694f4bb6ce37fe40c35	.references/pawn/gamemodes/Southclaws--ScavengeSurvive/gamemodes/sss/core/item/water-purifier.pwn	Southclaws--ScavengeSurvive-source.zip	860d4a8057b9048c944e43a0b981fd2aeab65dec8c0be2e0a82f34384b6f3bf0
Southclaws/ScavengeSurvive	399ba8e8fd164243b32fb694f4bb6ce37fe40c35	.references/pawn/gamemodes/Southclaws--ScavengeSurvive/gamemodes/sss/core/item/pills.pwn	Southclaws--ScavengeSurvive-source.zip	cfa62da5f6518e909111d0f8e3aa6a188850049435741ec7b43ea548de326be6
Southclaws/ScavengeSurvive	399ba8e8fd164243b32fb694f4bb6ce37fe40c35	.references/pawn/gamemodes/Southclaws--ScavengeSurvive/gamemodes/sss/core/item/refine-machine.pwn	Southclaws--ScavengeSurvive-source.zip	49fe1892c61798bab230fc84ee3e2f6f4bff662371c95dc944aaa1be05022654
Southclaws/ScavengeSurvive	399ba8e8fd164243b32fb694f4bb6ce37fe40c35	.references/pawn/gamemodes/Southclaws--ScavengeSurvive/gamemodes/sss/core/item/tent.pwn	Southclaws--ScavengeSurvive-source.zip	c8a1261d871b5797c3d5fd16385eb38f5e69b369ac157c1431057e98e45bc048
Southclaws/ScavengeSurvive	399ba8e8fd164243b32fb694f4bb6ce37fe40c35	.references/pawn/gamemodes/Southclaws--ScavengeSurvive/gamemodes/sss/core/item/workbench.pwn	Southclaws--ScavengeSurvive-source.zip	b53503ed2138b8c8b044d5fcfe0a6dc22c4a7a0d5b910dab0f56d0ace3c6e83d
Southclaws/ScavengeSurvive	399ba8e8fd164243b32fb694f4bb6ce37fe40c35	.references/pawn/gamemodes/Southclaws--ScavengeSurvive/gamemodes/sss/core/item/parachute.pwn	Southclaws--ScavengeSurvive-source.zip	4db3a6bdacfc78175ad6de907decccb837446de706fc527bf37ad69d48cb05c8
Southclaws/ScavengeSurvive	399ba8e8fd164243b32fb694f4bb6ce37fe40c35	.references/pawn/gamemodes/Southclaws--ScavengeSurvive/gamemodes/sss/core/item/firework.pwn	Southclaws--ScavengeSurvive-source.zip	dc40d7a465109c03c61445896454f972fb03a4756bb3642d49a7b28ef1656143
Southclaws/ScavengeSurvive	399ba8e8fd164243b32fb694f4bb6ce37fe40c35	.references/pawn/gamemodes/Southclaws--ScavengeSurvive/gamemodes/sss/core/item/sign.pwn	Southclaws--ScavengeSurvive-source.zip	d5b553e26657516c015898f77a491fbe9c7766191fe1edd5ea48f707db2f07e6
Southclaws/ScavengeSurvive	399ba8e8fd164243b32fb694f4bb6ce37fe40c35	.references/pawn/gamemodes/Southclaws--ScavengeSurvive/gamemodes/sss/core/item/locker.pwn	Southclaws--ScavengeSurvive-source.zip	7ad23543a4c7eef1a54b732b968ad515f0901250a1b4b5fc912352bec39af421
Southclaws/ScavengeSurvive	399ba8e8fd164243b32fb694f4bb6ce37fe40c35	.references/pawn/gamemodes/Southclaws--ScavengeSurvive/gamemodes/sss/core/item/armour.pwn	Southclaws--ScavengeSurvive-source.zip	10cf0996c6e443d7febb712b565bf07b716aad86654a54b75a958b769a2366a7
Southclaws/ScavengeSurvive	399ba8e8fd164243b32fb694f4bb6ce37fe40c35	.references/pawn/gamemodes/Southclaws--ScavengeSurvive/gamemodes/sss/core/item/locksmithkit.pwn	Southclaws--ScavengeSurvive-source.zip	576de8a86c0e6f0f0c1bbfabc3ca523d44615d2459d9f03fff9cfef3dad5cae1
Southclaws/ScavengeSurvive	399ba8e8fd164243b32fb694f4bb6ce37fe40c35	.references/pawn/gamemodes/Southclaws--ScavengeSurvive/gamemodes/sss/core/item/liquid.pwn	Southclaws--ScavengeSurvive-source.zip	868b666eab9bc0d073054aa4ca36ae016c11c82fc5930376ce66a1093c93380a
Southclaws/ScavengeSurvive	399ba8e8fd164243b32fb694f4bb6ce37fe40c35	.references/pawn/gamemodes/Southclaws--ScavengeSurvive/gamemodes/sss/core/item/heartshapedbox.pwn	Southclaws--ScavengeSurvive-source.zip	d773676d020292d618f9c961cfb3c45f3997ab575c51873f561c2eb0261648f4
Southclaws/ScavengeSurvive	399ba8e8fd164243b32fb694f4bb6ce37fe40c35	.references/pawn/gamemodes/Southclaws--ScavengeSurvive/gamemodes/sss/core/item/campfire.pwn	Southclaws--ScavengeSurvive-source.zip	9e07609259690b72add1d392a75064f2ffa5fefd8379a0e93ec3a9aa524a0021
Southclaws/ScavengeSurvive	399ba8e8fd164243b32fb694f4bb6ce37fe40c35	.references/pawn/gamemodes/Southclaws--ScavengeSurvive/gamemodes/sss/core/item/fishingrod.pwn	Southclaws--ScavengeSurvive-source.zip	d2632687d4bd76c72a842095a326a48abda9878216f9402ff4ea56133f4b403f
Southclaws/ScavengeSurvive	399ba8e8fd164243b32fb694f4bb6ce37fe40c35	.references/pawn/gamemodes/Southclaws--ScavengeSurvive/gamemodes/sss/core/item/herpderp.pwn	Southclaws--ScavengeSurvive-source.zip	9baf96c64d6dacba39fcdec50bf8d157f95fe45cf6e0343e7eead09df5ea934e
Southclaws/ScavengeSurvive	399ba8e8fd164243b32fb694f4bb6ce37fe40c35	.references/pawn/gamemodes/Southclaws--ScavengeSurvive/gamemodes/sss/core/item/injector.pwn	Southclaws--ScavengeSurvive-source.zip	fab7382c1ddf1cb86a5359cd2ecc9f2de640cc573998e8d404f67f910ced4d79
Southclaws/ScavengeSurvive	399ba8e8fd164243b32fb694f4bb6ce37fe40c35	.references/pawn/gamemodes/Southclaws--ScavengeSurvive/gamemodes/sss/core/item/handcuffs.pwn	Southclaws--ScavengeSurvive-source.zip	745b7b48664cb04401867a2724622070fda44b1310150c4bc04920d4f62e74d8
Southclaws/ScavengeSurvive	399ba8e8fd164243b32fb694f4bb6ce37fe40c35	.references/pawn/gamemodes/Southclaws--ScavengeSurvive/gamemodes/sss/core/item/largeframe.pwn	Southclaws--ScavengeSurvive-source.zip	74a1e0a088b43a53c0791c9bd9e476b554c6b93de19541069ab42e6ded425c1b
Southclaws/ScavengeSurvive	399ba8e8fd164243b32fb694f4bb6ce37fe40c35	.references/pawn/gamemodes/Southclaws--ScavengeSurvive/gamemodes/sss/core/item/crowbar.pwn	Southclaws--ScavengeSurvive-source.zip	809900ad1d9ee51cf4d49b91aabf51f918699cda4a803d613486039d3eabd86a
Southclaws/ScavengeSurvive	399ba8e8fd164243b32fb694f4bb6ce37fe40c35	.references/pawn/gamemodes/Southclaws--ScavengeSurvive/gamemodes/sss/core/item/barbecue.pwn	Southclaws--ScavengeSurvive-source.zip	153da7776fb1eb0d9c2882607610b300699cb7df833a8a11072f50f9e2d1e71f
Southclaws/ScavengeSurvive	399ba8e8fd164243b32fb694f4bb6ce37fe40c35	.references/pawn/gamemodes/Southclaws--ScavengeSurvive/gamemodes/sss/core/item/torso.pwn	Southclaws--ScavengeSurvive-source.zip	7a3d22b82a9401513d1388bc5acd9f212c370e3147643428198773a59ee750d0
Southclaws/ScavengeSurvive	399ba8e8fd164243b32fb694f4bb6ce37fe40c35	.references/pawn/gamemodes/Southclaws--ScavengeSurvive/gamemodes/sss/core/item/note.pwn	Southclaws--ScavengeSurvive-source.zip	59f9ed34e914dca32dd95ddc33f485af0d678beadcf45c427db3db745281dadc
Southclaws/ScavengeSurvive	399ba8e8fd164243b32fb694f4bb6ce37fe40c35	.references/pawn/gamemodes/Southclaws--ScavengeSurvive/gamemodes/sss/core/item/shield.pwn	Southclaws--ScavengeSurvive-source.zip	2e30c4e871bce76d7c20826f14235aa1202208c54623a2e2f3405cd8e9af6024
Southclaws/ScavengeSurvive	399ba8e8fd164243b32fb694f4bb6ce37fe40c35	.references/pawn/gamemodes/Southclaws--ScavengeSurvive/gamemodes/sss/core/item/locator.pwn	Southclaws--ScavengeSurvive-source.zip	0505bfff8815ff81ae346892960cecbd9cbd2cd8bd1c177ebdd2a3bffe106f13
Southclaws/ScavengeSurvive	399ba8e8fd164243b32fb694f4bb6ce37fe40c35	.references/pawn/gamemodes/Southclaws--ScavengeSurvive/gamemodes/sss/core/item/wheel.pwn	Southclaws--ScavengeSurvive-source.zip	17bd046d878218c6cd8406899791c2e6c660e7a68c1fc385d8fbcac2c3c4499f
Southclaws/ScavengeSurvive	399ba8e8fd164243b32fb694f4bb6ce37fe40c35	.references/pawn/gamemodes/Southclaws--ScavengeSurvive/gamemodes/sss/core/item/seedbag.pwn	Southclaws--ScavengeSurvive-source.zip	b5f3839c9cfc8b232a28f98fcc9a38798d5284bd6ed829949adcab6922212266
Southclaws/ScavengeSurvive	399ba8e8fd164243b32fb694f4bb6ce37fe40c35	.references/pawn/gamemodes/Southclaws--ScavengeSurvive/gamemodes/sss/core/item/scrap-machine.pwn	Southclaws--ScavengeSurvive-source.zip	1099dcf9ed5df08ceb050a183cb05b76c05628241afafb262c2b96b605c3d42b
Southclaws/ScavengeSurvive	399ba8e8fd164243b32fb694f4bb6ce37fe40c35	.references/pawn/gamemodes/Southclaws--ScavengeSurvive/gamemodes/sss/core/item/stungun.pwn	Southclaws--ScavengeSurvive-source.zip	5bed30fe6055e5b8cb02eb115e478e434c1b870d408978cdb3e70702cb7bcf2f
Southclaws/ScavengeSurvive	399ba8e8fd164243b32fb694f4bb6ce37fe40c35	.references/pawn/gamemodes/Southclaws--ScavengeSurvive/gamemodes/sss/core/item/molotov.pwn	Southclaws--ScavengeSurvive-source.zip	6691c41e54d0e87ccf5604113a5186d691677fb0f7e13b91816cc5e0f43a1a9f
Southclaws/ScavengeSurvive	399ba8e8fd164243b32fb694f4bb6ce37fe40c35	.references/pawn/gamemodes/Southclaws--ScavengeSurvive/gamemodes/sss/core/item/dice.pwn	Southclaws--ScavengeSurvive-source.zip	80222ec1a6e548b34458b85bceb4a855273be1c61583fb50249672f9e03cbed6
Southclaws/ScavengeSurvive	399ba8e8fd164243b32fb694f4bb6ce37fe40c35	.references/pawn/gamemodes/Southclaws--ScavengeSurvive/gamemodes/sss/core/item/plantpot.pwn	Southclaws--ScavengeSurvive-source.zip	e8023bfead0d5cedcb0367a10a3878b24f2c0bea377f9ec60332531122015de2
Southclaws/ScavengeSurvive	399ba8e8fd164243b32fb694f4bb6ce37fe40c35	.references/pawn/gamemodes/Southclaws--ScavengeSurvive/gamemodes/sss/core/itemtype/furniture.pwn	Southclaws--ScavengeSurvive-source.zip	c2918c14c5a44347edb9a2c2604e7f846a8fafd4693e40851e9ae8fa79d80d8f
Southclaws/ScavengeSurvive	399ba8e8fd164243b32fb694f4bb6ce37fe40c35	.references/pawn/gamemodes/Southclaws--ScavengeSurvive/gamemodes/sss/core/itemtype/liquid-container.pwn	Southclaws--ScavengeSurvive-source.zip	5448529da0c3edce26255475803215c9114c1a71b6250c7bbff48b117b1b6d42
Southclaws/ScavengeSurvive	399ba8e8fd164243b32fb694f4bb6ce37fe40c35	.references/pawn/gamemodes/Southclaws--ScavengeSurvive/gamemodes/sss/core/itemtype/defences.pwn	Southclaws--ScavengeSurvive-source.zip	fcd3eda72b9e258b52a079166f0f598d70d547232d6b719c5769ce165ec9fd1e
Southclaws/ScavengeSurvive	399ba8e8fd164243b32fb694f4bb6ce37fe40c35	.references/pawn/gamemodes/Southclaws--ScavengeSurvive/gamemodes/sss/core/itemtype/backpack.pwn	Southclaws--ScavengeSurvive-source.zip	77c9fb0f4fc81fc0d4c70ae7b9e3b2a1ee319226df8f8964e8e12f7f0478d65f
Southclaws/ScavengeSurvive	399ba8e8fd164243b32fb694f4bb6ce37fe40c35	.references/pawn/gamemodes/Southclaws--ScavengeSurvive/gamemodes/sss/core/itemtype/masks.pwn	Southclaws--ScavengeSurvive-source.zip	26cc56e08acf922961453c87c97d15e81bbde3220e84bd6d21885ac8679cde68
Southclaws/ScavengeSurvive	399ba8e8fd164243b32fb694f4bb6ce37fe40c35	.references/pawn/gamemodes/Southclaws--ScavengeSurvive/gamemodes/sss/core/itemtype/machine.pwn	Southclaws--ScavengeSurvive-source.zip	29a877854db9d3ed66e0a2fd73e559e20f369ea5ddb80ec14a88b85cfc71a1b5
Southclaws/ScavengeSurvive	399ba8e8fd164243b32fb694f4bb6ce37fe40c35	.references/pawn/gamemodes/Southclaws--ScavengeSurvive/gamemodes/sss/core/itemtype/holster.pwn	Southclaws--ScavengeSurvive-source.zip	5036111538cc170a29d4fa69ec23dee788f63eb31bfeb5ee7e2aa914d2309229
Southclaws/ScavengeSurvive	399ba8e8fd164243b32fb694f4bb6ce37fe40c35	.references/pawn/gamemodes/Southclaws--ScavengeSurvive/gamemodes/sss/core/itemtype/medical.pwn	Southclaws--ScavengeSurvive-source.zip	92c36a7088cdc91ab6775a7098bb9a29d24bf9c4512a4aad5e84c5acd1041ab9
Southclaws/ScavengeSurvive	399ba8e8fd164243b32fb694f4bb6ce37fe40c35	.references/pawn/gamemodes/Southclaws--ScavengeSurvive/gamemodes/sss/core/itemtype/hats.pwn	Southclaws--ScavengeSurvive-source.zip	3c466959bea39c9e429f697ec1efa877fc3912c163331d24293c12dbe1a106d2
Southclaws/ScavengeSurvive	399ba8e8fd164243b32fb694f4bb6ce37fe40c35	.references/pawn/gamemodes/Southclaws--ScavengeSurvive/gamemodes/sss/core/itemtype/safebox.pwn	Southclaws--ScavengeSurvive-source.zip	61e6faa2b24f97ca1dd8f189235bde009eb863f0ac0856fba582219e3bd1fc32
Southclaws/ScavengeSurvive	399ba8e8fd164243b32fb694f4bb6ce37fe40c35	.references/pawn/gamemodes/Southclaws--ScavengeSurvive/gamemodes/sss/core/weapon/damage-explosive.pwn	Southclaws--ScavengeSurvive-source.zip	648180a123c0590a6ab53f45e2922e66271dd8d2aa5730f7586256813832f2f2
Southclaws/ScavengeSurvive	399ba8e8fd164243b32fb694f4bb6ce37fe40c35	.references/pawn/gamemodes/Southclaws--ScavengeSurvive/gamemodes/sss/core/weapon/interact.pwn	Southclaws--ScavengeSurvive-source.zip	acf4708869c90bc290aa64a224a186b3949d5ed04b1336d7ee4a896f87e6e64a
Southclaws/ScavengeSurvive	399ba8e8fd164243b32fb694f4bb6ce37fe40c35	.references/pawn/gamemodes/Southclaws--ScavengeSurvive/gamemodes/sss/core/weapon/damage-vehicle.pwn	Southclaws--ScavengeSurvive-source.zip	eea425d0df057285a9547098f900e7fe1f2c7b998203de9fdaf99da475cc89c3
Southclaws/ScavengeSurvive	399ba8e8fd164243b32fb694f4bb6ce37fe40c35	.references/pawn/gamemodes/Southclaws--ScavengeSurvive/gamemodes/sss/core/weapon/damage-firearm.pwn	Southclaws--ScavengeSurvive-source.zip	70d25b325813569b0a696ff182ca8a9f96b99ecfbef1f7c3d2397dbaf2479764
Southclaws/ScavengeSurvive	399ba8e8fd164243b32fb694f4bb6ce37fe40c35	.references/pawn/gamemodes/Southclaws--ScavengeSurvive/gamemodes/sss/core/weapon/animset.pwn	Southclaws--ScavengeSurvive-source.zip	f452c5d32bf1647a15f5edc7f2f382c540124423cb08a82f10a459762b6c0977
Southclaws/ScavengeSurvive	399ba8e8fd164243b32fb694f4bb6ce37fe40c35	.references/pawn/gamemodes/Southclaws--ScavengeSurvive/gamemodes/sss/core/weapon/damage-world.pwn	Southclaws--ScavengeSurvive-source.zip	caf0fe68a1a07463f94c85f2c8b0d0e2c539e7c73fec60b3e9233de9652475c7
Southclaws/ScavengeSurvive	399ba8e8fd164243b32fb694f4bb6ce37fe40c35	.references/pawn/gamemodes/Southclaws--ScavengeSurvive/gamemodes/sss/core/weapon/weapon.pwn	Southclaws--ScavengeSurvive-source.zip	4bc75cb6473552b0c4eeb6f6eecb80f0d94bb00c7ba007103108d02dee68bef7
Southclaws/ScavengeSurvive	399ba8e8fd164243b32fb694f4bb6ce37fe40c35	.references/pawn/gamemodes/Southclaws--ScavengeSurvive/gamemodes/sss/core/weapon/damage-melee.pwn	Southclaws--ScavengeSurvive-source.zip	3caf4f28bc010962b0941953e24288f663521ad8738b1eb629b8d938b6ea5ce7
Southclaws/ScavengeSurvive	399ba8e8fd164243b32fb694f4bb6ce37fe40c35	.references/pawn/gamemodes/Southclaws--ScavengeSurvive/gamemodes/sss/core/weapon/tracer.pwn	Southclaws--ScavengeSurvive-source.zip	2e147814d9241fd1774eb9efebe5049f908510a9e19128a484fee0856f9417ef
Southclaws/ScavengeSurvive	399ba8e8fd164243b32fb694f4bb6ce37fe40c35	.references/pawn/gamemodes/Southclaws--ScavengeSurvive/gamemodes/sss/core/weapon/ammunition.pwn	Southclaws--ScavengeSurvive-source.zip	8db17c37d33903c557c98004cc856ff2268ded7e9ff24f94dceaf45c36bbd749
Southclaws/ScavengeSurvive	399ba8e8fd164243b32fb694f4bb6ce37fe40c35	.references/pawn/gamemodes/Southclaws--ScavengeSurvive/gamemodes/sss/core/weapon/misc.pwn	Southclaws--ScavengeSurvive-source.zip	ac19148cf2ee0861244d9a89865f59e7f16eec761ef5a60329c8d3747dd3fd52
Southclaws/ScavengeSurvive	399ba8e8fd164243b32fb694f4bb6ce37fe40c35	.references/pawn/gamemodes/Southclaws--ScavengeSurvive/gamemodes/sss/core/weapon/loot.pwn	Southclaws--ScavengeSurvive-source.zip	7bfd78998aae8275acdbb5d63958fb88621fd2e50a3a828f13274e089323ae83
Southclaws/ScavengeSurvive	399ba8e8fd164243b32fb694f4bb6ce37fe40c35	.references/pawn/gamemodes/Southclaws--ScavengeSurvive/gamemodes/sss/core/weapon/anti-combat-log.pwn	Southclaws--ScavengeSurvive-source.zip	5afb74848b78231ec2ebb9da7becfc92e1614f23f705e9d883f799e14036c157
Southclaws/ScavengeSurvive	399ba8e8fd164243b32fb694f4bb6ce37fe40c35	.references/pawn/gamemodes/Southclaws--ScavengeSurvive/gamemodes/sss/core/weapon/damage.pwn	Southclaws--ScavengeSurvive-source.zip	1268c7ee43ae8e4e8e460e51e55427772f600bc2deb47fa1dc629bd8534cdca2
Southclaws/ScavengeSurvive	399ba8e8fd164243b32fb694f4bb6ce37fe40c35	.references/pawn/gamemodes/Southclaws--ScavengeSurvive/gamemodes/sss/core/io/item.pwn	Southclaws--ScavengeSurvive-source.zip	4bb1cbab18cf28b1e0a39d91a427f5a6290774c5e9b13bf56d72e815ce1bca89
Southclaws/ScavengeSurvive	399ba8e8fd164243b32fb694f4bb6ce37fe40c35	.references/pawn/gamemodes/Southclaws--ScavengeSurvive/gamemodes/sss/core/io/defence.pwn	Southclaws--ScavengeSurvive-source.zip	ee2ded012892b84207ab295a3ea31d5515ed4a45505732d593ebceef254744d2
Southclaws/ScavengeSurvive	399ba8e8fd164243b32fb694f4bb6ce37fe40c35	.references/pawn/gamemodes/Southclaws--ScavengeSurvive/gamemodes/sss/core/io/loot.pwn	Southclaws--ScavengeSurvive-source.zip	aeab9a09603e0cac5fa6c6afd17b533572d435b5fecd39040f79518a0513a490
Southclaws/ScavengeSurvive	399ba8e8fd164243b32fb694f4bb6ce37fe40c35	.references/pawn/gamemodes/Southclaws--ScavengeSurvive/gamemodes/sss/core/io/tree.pwn	Southclaws--ScavengeSurvive-source.zip	1ca691d7ecabb372be42a78966ad2d782bc47720129ddf4178aac8bed29f2026
Southclaws/ScavengeSurvive	399ba8e8fd164243b32fb694f4bb6ce37fe40c35	.references/pawn/gamemodes/Southclaws--ScavengeSurvive/gamemodes/sss/core/io/safebox.pwn	Southclaws--ScavengeSurvive-source.zip	80cc4b36035ce0d14904b5f93bd398fa68f2832f82fea69d22c041c3a7739861
Southclaws/ScavengeSurvive	399ba8e8fd164243b32fb694f4bb6ce37fe40c35	.references/pawn/gamemodes/Southclaws--ScavengeSurvive/gamemodes/sss/core/ui/body-preview.pwn	Southclaws--ScavengeSurvive-source.zip	a09d7a7bab3522e31fd4b4eb458c169123a641ee415fa9f6d1179b61f717760c
Southclaws/ScavengeSurvive	399ba8e8fd164243b32fb694f4bb6ce37fe40c35	.references/pawn/gamemodes/Southclaws--ScavengeSurvive/gamemodes/sss/core/ui/keypad.pwn	Southclaws--ScavengeSurvive-source.zip	a37e46bf47302594c061b29939009b742d65b2a30d7978b723f9ab356222e6cb
Southclaws/ScavengeSurvive	399ba8e8fd164243b32fb694f4bb6ce37fe40c35	.references/pawn/gamemodes/Southclaws--ScavengeSurvive/gamemodes/sss/core/ui/watch.pwn	Southclaws--ScavengeSurvive-source.zip	6cd7ed6ada190abb18573d7e57916705e1dcf2505642185c51244ab030c9da51
Southclaws/ScavengeSurvive	399ba8e8fd164243b32fb694f4bb6ce37fe40c35	.references/pawn/gamemodes/Southclaws--ScavengeSurvive/gamemodes/sss/core/ui/tool-tip.pwn	Southclaws--ScavengeSurvive-source.zip	c5fb0316f01d1593984b5f3b368d77af39f2473cfe732d46d0e0eead24621287
Southclaws/ScavengeSurvive	399ba8e8fd164243b32fb694f4bb6ce37fe40c35	.references/pawn/gamemodes/Southclaws--ScavengeSurvive/gamemodes/sss/core/ui/key-actions.pwn	Southclaws--ScavengeSurvive-source.zip	f9bbeaa022012615b2798ffa65c0cce73161b3f51485d95b6d20d1af3d123e6e
Southclaws/ScavengeSurvive	399ba8e8fd164243b32fb694f4bb6ce37fe40c35	.references/pawn/gamemodes/Southclaws--ScavengeSurvive/gamemodes/sss/core/ui/hold-action.pwn	Southclaws--ScavengeSurvive-source.zip	5c5a29a36ed0f4e5991bf2c27487ccc30663085b7b8a4271a11259f88e6a3374
Southclaws/ScavengeSurvive	399ba8e8fd164243b32fb694f4bb6ce37fe40c35	.references/pawn/gamemodes/Southclaws--ScavengeSurvive/gamemodes/sss/core/ui/status.pwn	Southclaws--ScavengeSurvive-source.zip	b56489ef2e3a463f58829d18e5357e06cca9aeb26704d56fe2278696e4cc3822
Southclaws/ScavengeSurvive	399ba8e8fd164243b32fb694f4bb6ce37fe40c35	.references/pawn/gamemodes/Southclaws--ScavengeSurvive/gamemodes/sss/core/ui/radio.pwn	Southclaws--ScavengeSurvive-source.zip	4e5132f7e709b3a2569d4e9531d432f0563636ec46060c18e96179a6a8772469
Southclaws/ScavengeSurvive	399ba8e8fd164243b32fb694f4bb6ce37fe40c35	.references/pawn/gamemodes/Southclaws--ScavengeSurvive/gamemodes/sss/core/vehicle/lock.pwn	Southclaws--ScavengeSurvive-source.zip	8fdb07c185c10de388ab8c51a91ba001614e48040f7a17dc7ab9bc6a292b544f
Southclaws/ScavengeSurvive	399ba8e8fd164243b32fb694f4bb6ce37fe40c35	.references/pawn/gamemodes/Southclaws--ScavengeSurvive/gamemodes/sss/core/vehicle/vehicle-type.pwn	Southclaws--ScavengeSurvive-source.zip	5ebab9e6a206361fe67d37ce94bca810dcd178fd0a0fa62598397c14109f5838
Southclaws/ScavengeSurvive	399ba8e8fd164243b32fb694f4bb6ce37fe40c35	.references/pawn/gamemodes/Southclaws--ScavengeSurvive/gamemodes/sss/core/vehicle/vehicles.md	Southclaws--ScavengeSurvive-source.zip	01f77599c779032e88b8e5e75a8d809c4f9f238529384e7c3db055bc77176752
Southclaws/ScavengeSurvive	399ba8e8fd164243b32fb694f4bb6ce37fe40c35	.references/pawn/gamemodes/Southclaws--ScavengeSurvive/gamemodes/sss/core/vehicle/interact.pwn	Southclaws--ScavengeSurvive-source.zip	d85c499a3a818d7beefb283a2cafc947f0e2fa8da8221673c10e360be3cd2027
Southclaws/ScavengeSurvive	399ba8e8fd164243b32fb694f4bb6ce37fe40c35	.references/pawn/gamemodes/Southclaws--ScavengeSurvive/gamemodes/sss/core/vehicle/loot-vehicle.pwn	Southclaws--ScavengeSurvive-source.zip	3735a41eeb9cb16e3b6fc6cad7b3525454e083f1f13c0c9b9d206ab8030fd261
Southclaws/ScavengeSurvive	399ba8e8fd164243b32fb694f4bb6ce37fe40c35	.references/pawn/gamemodes/Southclaws--ScavengeSurvive/gamemodes/sss/core/vehicle/lock-break.pwn	Southclaws--ScavengeSurvive-source.zip	db3f2c2b6df38e5ad94ba2dc1c467728db6abd4db6e0e4f749ee8dbaea8e91d6
Southclaws/ScavengeSurvive	399ba8e8fd164243b32fb694f4bb6ce37fe40c35	.references/pawn/gamemodes/Southclaws--ScavengeSurvive/gamemodes/sss/core/vehicle/locksmith.pwn	Southclaws--ScavengeSurvive-source.zip	1daf7249afe15efd53438c62cd249ed7c42e0d33833b45d26bdcc8bcba2d7575
Southclaws/ScavengeSurvive	399ba8e8fd164243b32fb694f4bb6ce37fe40c35	.references/pawn/gamemodes/Southclaws--ScavengeSurvive/gamemodes/sss/core/vehicle/carmour.pwn	Southclaws--ScavengeSurvive-source.zip	85b7dde8a1761f148ffcb0910af61fc7af933f68916f3ece82fd9280a9128373
Southclaws/ScavengeSurvive	399ba8e8fd164243b32fb694f4bb6ce37fe40c35	.references/pawn/gamemodes/Southclaws--ScavengeSurvive/gamemodes/sss/core/vehicle/anti-ninja.pwn	Southclaws--ScavengeSurvive-source.zip	1b4b69e594fdab7de2d1e625526a9ce949a42178342710aad085f4ceff804a69
Southclaws/ScavengeSurvive	399ba8e8fd164243b32fb694f4bb6ce37fe40c35	.references/pawn/gamemodes/Southclaws--ScavengeSurvive/gamemodes/sss/core/vehicle/trunk.pwn	Southclaws--ScavengeSurvive-source.zip	ae94d4d942de347761b1bcf4531db3efc04db2138b60552c5a02ce210a7086e3
Southclaws/ScavengeSurvive	399ba8e8fd164243b32fb694f4bb6ce37fe40c35	.references/pawn/gamemodes/Southclaws--ScavengeSurvive/gamemodes/sss/core/vehicle/player-vehicle.pwn	Southclaws--ScavengeSurvive-source.zip	0636df58e3abc512275fef7acb3691e1d989481a563da6e5351bf4c88a8b008d
Southclaws/ScavengeSurvive	399ba8e8fd164243b32fb694f4bb6ce37fe40c35	.references/pawn/gamemodes/Southclaws--ScavengeSurvive/gamemodes/sss/core/vehicle/trailer.pwn	Southclaws--ScavengeSurvive-source.zip	a7eb998ff93cdf7ba0dde30548a322484fdeb4c60283d46d2e9575b9b198d6d1
Southclaws/ScavengeSurvive	399ba8e8fd164243b32fb694f4bb6ce37fe40c35	.references/pawn/gamemodes/Southclaws--ScavengeSurvive/gamemodes/sss/core/vehicle/repair.pwn	Southclaws--ScavengeSurvive-source.zip	0414f5a288242dd546f436a0731f0f4bbe6b2bd6f2a58b9a2c78f3e670f067a7
Southclaws/ScavengeSurvive	399ba8e8fd164243b32fb694f4bb6ce37fe40c35	.references/pawn/gamemodes/Southclaws--ScavengeSurvive/gamemodes/sss/core/vehicle/spawn.pwn	Southclaws--ScavengeSurvive-source.zip	8c6959f077577e8737af76592cc1d8d14e2bcc5b64a4dd6ce1eb9508324dfb22
Southclaws/ScavengeSurvive	399ba8e8fd164243b32fb694f4bb6ce37fe40c35	.references/pawn/gamemodes/Southclaws--ScavengeSurvive/gamemodes/sss/core/vehicle/bike-collision.pwn	Southclaws--ScavengeSurvive-source.zip	5f1f619a2d75c87db72b9ade504644e4ac7ba9a8aad5d3b3f3e250be536232d9
Southclaws/ScavengeSurvive	399ba8e8fd164243b32fb694f4bb6ce37fe40c35	.references/pawn/gamemodes/Southclaws--ScavengeSurvive/gamemodes/sss/core/vehicle/vehicle.pwn	Southclaws--ScavengeSurvive-source.zip	e9965c26b93bf8b94f27999209bb9ca0603591aafcbee41d892580b15bd0aea5
Southclaws/ScavengeSurvive	399ba8e8fd164243b32fb694f4bb6ce37fe40c35	.references/pawn/gamemodes/Southclaws--ScavengeSurvive/gamemodes/sss/core/admin/player-list.pwn	Southclaws--ScavengeSurvive-source.zip	9d09340548dd83deb4e7835464266f32261f612be57f8e7de922b3cddf50f36d
Southclaws/ScavengeSurvive	399ba8e8fd164243b32fb694f4bb6ce37fe40c35	.references/pawn/gamemodes/Southclaws--ScavengeSurvive/gamemodes/sss/core/admin/spectate.pwn	Southclaws--ScavengeSurvive-source.zip	1c0c88e2b923f7dd3ac272402107d2c9059fcecb7f5362952bb8223bc0bf1905
Southclaws/ScavengeSurvive	399ba8e8fd164243b32fb694f4bb6ce37fe40c35	.references/pawn/gamemodes/Southclaws--ScavengeSurvive/gamemodes/sss/core/admin/level4.pwn	Southclaws--ScavengeSurvive-source.zip	dd223971341526cdf829dff5ed3df25d3c7bd882dd249400b1d415eaa7c37baa
Southclaws/ScavengeSurvive	399ba8e8fd164243b32fb694f4bb6ce37fe40c35	.references/pawn/gamemodes/Southclaws--ScavengeSurvive/gamemodes/sss/core/admin/level1.pwn	Southclaws--ScavengeSurvive-source.zip	d0e9e37cd19b4e889c02b1d4916e2ccea6e90295bbbb6d6d2a405cec662f851a
Southclaws/ScavengeSurvive	399ba8e8fd164243b32fb694f4bb6ce37fe40c35	.references/pawn/gamemodes/Southclaws--ScavengeSurvive/gamemodes/sss/core/admin/level2.pwn	Southclaws--ScavengeSurvive-source.zip	20c0b98d99e1ef811ab2b1409ffa0f2ded2c4a00ae4b3bdcbf117e8004e5858d
Southclaws/ScavengeSurvive	399ba8e8fd164243b32fb694f4bb6ce37fe40c35	.references/pawn/gamemodes/Southclaws--ScavengeSurvive/gamemodes/sss/core/admin/ban-list.pwn	Southclaws--ScavengeSurvive-source.zip	7d9bc7b6d86a86766c26b6f405ef39bea76547374377b3238b19417a36d6810b
Southclaws/ScavengeSurvive	399ba8e8fd164243b32fb694f4bb6ce37fe40c35	.references/pawn/gamemodes/Southclaws--ScavengeSurvive/gamemodes/sss/core/admin/bug-report.pwn	Southclaws--ScavengeSurvive-source.zip	27a1493f3fb3f906e1487c52ca4d4df92e46693433ad8b484df1006ca5e02e24
Southclaws/ScavengeSurvive	399ba8e8fd164243b32fb694f4bb6ce37fe40c35	.references/pawn/gamemodes/Southclaws--ScavengeSurvive/gamemodes/sss/core/admin/detfield-cmds.pwn	Southclaws--ScavengeSurvive-source.zip	ba0bc857dfa63a9e307fe4be76950921bc2a677e0d69ae3f4f7c8dc07ea67d1d
Southclaws/ScavengeSurvive	399ba8e8fd164243b32fb694f4bb6ce37fe40c35	.references/pawn/gamemodes/Southclaws--ScavengeSurvive/gamemodes/sss/core/admin/freeze.pwn	Southclaws--ScavengeSurvive-source.zip	a9196b2ed893884b9a3060129b25f0de4789957bf81d66ca6f930e807ac4a286
Southclaws/ScavengeSurvive	399ba8e8fd164243b32fb694f4bb6ce37fe40c35	.references/pawn/gamemodes/Southclaws--ScavengeSurvive/gamemodes/sss/core/admin/report-cmds.pwn	Southclaws--ScavengeSurvive-source.zip	a91dbf03799e778ac296d732ff7a7bc4ae763ec5cc31df80878ca4a632cab9ac
Southclaws/ScavengeSurvive	399ba8e8fd164243b32fb694f4bb6ce37fe40c35	.references/pawn/gamemodes/Southclaws--ScavengeSurvive/gamemodes/sss/core/admin/hack-detect.pwn	Southclaws--ScavengeSurvive-source.zip	842796f333af3e81779294bcd9fd5a334f3a3be5c33d9921a92ed42e97bc481b
Southclaws/ScavengeSurvive	399ba8e8fd164243b32fb694f4bb6ce37fe40c35	.references/pawn/gamemodes/Southclaws--ScavengeSurvive/gamemodes/sss/core/admin/ban-command.pwn	Southclaws--ScavengeSurvive-source.zip	0533416b6584797fd1068d433514649a915bbd3aadffcb047a629f89d7bb10b5
Southclaws/ScavengeSurvive	399ba8e8fd164243b32fb694f4bb6ce37fe40c35	.references/pawn/gamemodes/Southclaws--ScavengeSurvive/gamemodes/sss/core/admin/level3.pwn	Southclaws--ScavengeSurvive-source.zip	d4233c8db1eeffdb1ca3d314d0b07f8d28bc35ccec29135df227c3442f9398fa
Southclaws/ScavengeSurvive	399ba8e8fd164243b32fb694f4bb6ce37fe40c35	.references/pawn/gamemodes/Southclaws--ScavengeSurvive/gamemodes/sss/core/admin/mute.pwn	Southclaws--ScavengeSurvive-source.zip	adc4550d7688108040a46cc37a4f7cfe7670a3018fadf853e9e8e5f8074f7915
Southclaws/ScavengeSurvive	399ba8e8fd164243b32fb694f4bb6ce37fe40c35	.references/pawn/gamemodes/Southclaws--ScavengeSurvive/gamemodes/sss/core/admin/name-tags.pwn	Southclaws--ScavengeSurvive-source.zip	bd187963cc71f50e261479f2fa78a439a90860db6c3368e896b40fdc947f6dd2
Southclaws/ScavengeSurvive	399ba8e8fd164243b32fb694f4bb6ce37fe40c35	.references/pawn/gamemodes/Southclaws--ScavengeSurvive/gamemodes/sss/core/admin/detfield.pwn	Southclaws--ScavengeSurvive-source.zip	2c57f35328b16e2dba7de1292f90f3af4a01835e9a61de0d74b313f531a5d7ea
Southclaws/ScavengeSurvive	399ba8e8fd164243b32fb694f4bb6ce37fe40c35	.references/pawn/gamemodes/Southclaws--ScavengeSurvive/gamemodes/sss/core/admin/hack-trap.pwn	Southclaws--ScavengeSurvive-source.zip	2228c3b5c9742ebed73e5426ef3d257ddeb9d56ac2f72728db160f40558f9cfd
Southclaws/ScavengeSurvive	399ba8e8fd164243b32fb694f4bb6ce37fe40c35	.references/pawn/gamemodes/Southclaws--ScavengeSurvive/gamemodes/sss/core/admin/report.pwn	Southclaws--ScavengeSurvive-source.zip	1769f241d4f8fbeabd4a8f6d078a27356f403d4f3c7d5365cf62c488f4f81853
Southclaws/ScavengeSurvive	399ba8e8fd164243b32fb694f4bb6ce37fe40c35	.references/pawn/gamemodes/Southclaws--ScavengeSurvive/gamemodes/sss/core/admin/rcon.pwn	Southclaws--ScavengeSurvive-source.zip	8ad9593c3bf588bb8ea36aa25e696955db08ed95fdc68ac15f3ed34877cc771a
Southclaws/ScavengeSurvive	399ba8e8fd164243b32fb694f4bb6ce37fe40c35	.references/pawn/gamemodes/Southclaws--ScavengeSurvive/gamemodes/sss/core/admin/detfield-draw.pwn	Southclaws--ScavengeSurvive-source.zip	ee7781f4f67edf07247ba92f2ff0ac45b4b1bf905272086d89045f4e10a564ba
Southclaws/ScavengeSurvive	399ba8e8fd164243b32fb694f4bb6ce37fe40c35	.references/pawn/gamemodes/Southclaws--ScavengeSurvive/gamemodes/sss/core/admin/admin.pwn	Southclaws--ScavengeSurvive-source.zip	fa73a974bd51629ab246f6fefea923b386b2891e445dd4b0b461de132229fc2a
Southclaws/ScavengeSurvive	399ba8e8fd164243b32fb694f4bb6ce37fe40c35	.references/pawn/gamemodes/Southclaws--ScavengeSurvive/gamemodes/sss/core/admin/level5.pwn	Southclaws--ScavengeSurvive-source.zip	a320a575add18c9a7e545ea939d61ca138e9561ffc88a546260260a0481d6afb
Southclaws/ScavengeSurvive	399ba8e8fd164243b32fb694f4bb6ce37fe40c35	.references/pawn/gamemodes/Southclaws--ScavengeSurvive/gamemodes/sss/core/admin/ban.pwn	Southclaws--ScavengeSurvive-source.zip	4c067d8a89a52e5d96a29af7df52b1cf3314adb1878853fca8c9b383895b1f22
Southclaws/ScavengeSurvive	399ba8e8fd164243b32fb694f4bb6ce37fe40c35	.references/pawn/gamemodes/Southclaws--ScavengeSurvive/gamemodes/sss/core/world/explosive.pwn	Southclaws--ScavengeSurvive-source.zip	a4cc4337ea7a69fb34d7f4a7109851e2412543a2b42f645489de43698466a1c1
Southclaws/ScavengeSurvive	399ba8e8fd164243b32fb694f4bb6ce37fe40c35	.references/pawn/gamemodes/Southclaws--ScavengeSurvive/gamemodes/sss/core/world/craft-construct.pwn	Southclaws--ScavengeSurvive-source.zip	72eeaf670b4a42bc0751028394a18c799dd438c3101c6216b814983757afd038
Southclaws/ScavengeSurvive	399ba8e8fd164243b32fb694f4bb6ce37fe40c35	.references/pawn/gamemodes/Southclaws--ScavengeSurvive/gamemodes/sss/core/world/item-tweak.pwn	Southclaws--ScavengeSurvive-source.zip	a7207c5d93b5349007263d6e22529637ade06e4aa7948777a396cf1450bd6738
Southclaws/ScavengeSurvive	399ba8e8fd164243b32fb694f4bb6ce37fe40c35	.references/pawn/gamemodes/Southclaws--ScavengeSurvive/gamemodes/sss/core/world/weapons-cache.pwn	Southclaws--ScavengeSurvive-source.zip	29439fb1d46de0ce33695a0bb06ecf89422d2f185369243c2e4ab74c2971ec8e
Southclaws/ScavengeSurvive	399ba8e8fd164243b32fb694f4bb6ce37fe40c35	.references/pawn/gamemodes/Southclaws--ScavengeSurvive/gamemodes/sss/core/world/loot.pwn	Southclaws--ScavengeSurvive-source.zip	211f702681bdacb635e676be46ad7698767e2bb53a996b595357347efd9594e5
Southclaws/ScavengeSurvive	399ba8e8fd164243b32fb694f4bb6ce37fe40c35	.references/pawn/gamemodes/Southclaws--ScavengeSurvive/gamemodes/sss/core/world/supply-crate.pwn	Southclaws--ScavengeSurvive-source.zip	b377be6083963f8bef39ddc4c9bb3e43402ae2e1e430d4bbc3e50f51a9aa3c35
Southclaws/ScavengeSurvive	399ba8e8fd164243b32fb694f4bb6ce37fe40c35	.references/pawn/gamemodes/Southclaws--ScavengeSurvive/gamemodes/sss/core/world/tree.pwn	Southclaws--ScavengeSurvive-source.zip	3eeb615b300a7c463ebf1cc0781e8c4be9d554bc61e7717ee2bdec9e44fc5b6e
Southclaws/ScavengeSurvive	399ba8e8fd164243b32fb694f4bb6ce37fe40c35	.references/pawn/gamemodes/Southclaws--ScavengeSurvive/gamemodes/sss/core/world/fuel.pwn	Southclaws--ScavengeSurvive-source.zip	84abe1d21a90832f119576df9bce2450006492935ee553f971bb2f276d601db4
Southclaws/ScavengeSurvive	399ba8e8fd164243b32fb694f4bb6ce37fe40c35	.references/pawn/gamemodes/Southclaws--ScavengeSurvive/gamemodes/sss/world/zones/tr.pwn	Southclaws--ScavengeSurvive-source.zip	876b633d283a10755ff728cfebb46c9749a1e4a5b37e16e8ceb4f4e91450bdd2
Southclaws/ScavengeSurvive	399ba8e8fd164243b32fb694f4bb6ce37fe40c35	.references/pawn/gamemodes/Southclaws--ScavengeSurvive/gamemodes/sss/world/zones/bc.pwn	Southclaws--ScavengeSurvive-source.zip	20d3b11bd20db318a438db7cdec45a38b586e74a9a419768dc51aa1b81fd2999
Southclaws/ScavengeSurvive	399ba8e8fd164243b32fb694f4bb6ce37fe40c35	.references/pawn/gamemodes/Southclaws--ScavengeSurvive/gamemodes/sss/world/zones/ls.pwn	Southclaws--ScavengeSurvive-source.zip	62b811141e3077ee6637706a7004ee8bb01b33893361d5cd59332cb1f28613c5
Southclaws/ScavengeSurvive	399ba8e8fd164243b32fb694f4bb6ce37fe40c35	.references/pawn/gamemodes/Southclaws--ScavengeSurvive/gamemodes/sss/world/zones/fc.pwn	Southclaws--ScavengeSurvive-source.zip	aca27fad63441db8833ea7afb962d0a63b02533e006d311365d0a07ff01fd974
Southclaws/ScavengeSurvive	399ba8e8fd164243b32fb694f4bb6ce37fe40c35	.references/pawn/gamemodes/Southclaws--ScavengeSurvive/gamemodes/sss/world/zones/rc.pwn	Southclaws--ScavengeSurvive-source.zip	52198a7c94afc8a8bce69cbac5995118cc2c63e88351370e151e4853be35eee0
Southclaws/ScavengeSurvive	399ba8e8fd164243b32fb694f4bb6ce37fe40c35	.references/pawn/gamemodes/Southclaws--ScavengeSurvive/gamemodes/sss/world/zones/lv.pwn	Southclaws--ScavengeSurvive-source.zip	7ce427095b25c81d7252c05f3901ad09aa83043a3b397acf1bf8734dfbd2cabb
Southclaws/ScavengeSurvive	399ba8e8fd164243b32fb694f4bb6ce37fe40c35	.references/pawn/gamemodes/Southclaws--ScavengeSurvive/gamemodes/sss/world/zones/sf.pwn	Southclaws--ScavengeSurvive-source.zip	e00d1acf95c34e56158b2d47001cb3f437d89a8cbebb074eaa358cd270bb4455
Southclaws/ScavengeSurvive	399ba8e8fd164243b32fb694f4bb6ce37fe40c35	.references/pawn/gamemodes/Southclaws--ScavengeSurvive/gamemodes/sss/world/misc/ls_apartments2.pwn	Southclaws--ScavengeSurvive-source.zip	791ff434eab4d4f578f88090f9cd2d06abef3b4420cb21f8339c068e28a52af6
Southclaws/ScavengeSurvive	399ba8e8fd164243b32fb694f4bb6ce37fe40c35	.references/pawn/gamemodes/Southclaws--ScavengeSurvive/gamemodes/sss/world/misc/ls_beachside.pwn	Southclaws--ScavengeSurvive-source.zip	6f65b09633f766b4b77a8f44f94f6c05d99af970b2e7db3f343f96de95062deb
Southclaws/ScavengeSurvive	399ba8e8fd164243b32fb694f4bb6ce37fe40c35	.references/pawn/gamemodes/Southclaws--ScavengeSurvive/gamemodes/sss/world/misc/ls_apartments1.pwn	Southclaws--ScavengeSurvive-source.zip	bf220435bb46ff60363470d5ec9c733cd219641a5e1bf3beff23fcbc69921ffa
Southclaws/ScavengeSurvive	399ba8e8fd164243b32fb694f4bb6ce37fe40c35	.references/pawn/gamemodes/Southclaws--ScavengeSurvive/gamemodes/sss/world/misc/sf_zombotech.pwn	Southclaws--ScavengeSurvive-source.zip	0d0889ebc33888ed334df2ba65d50220f30fb4691cf1ea289718cb0a6b3683ff
Southclaws/ScavengeSurvive	399ba8e8fd164243b32fb694f4bb6ce37fe40c35	.references/pawn/gamemodes/Southclaws--ScavengeSurvive/gamemodes/sss/world/puzzles/codehunt.pwn	Southclaws--ScavengeSurvive-source.zip	b856cd5ab0f804207197a3858d422d0d8c7ec27532ed9610fc12ca82938f4f02
Southclaws/ScavengeSurvive	399ba8e8fd164243b32fb694f4bb6ce37fe40c35	.references/pawn/gamemodes/Southclaws--ScavengeSurvive/gamemodes/sss/world/puzzles/ranch.pwn	Southclaws--ScavengeSurvive-source.zip	9bd4eefb9c67618c868606f1c817a647c1cfb28b870b3aa5d1b94ce9009ecafa
Southclaws/ScavengeSurvive	399ba8e8fd164243b32fb694f4bb6ce37fe40c35	.references/pawn/gamemodes/Southclaws--ScavengeSurvive/gamemodes/sss/world/puzzles/mtchill.pwn	Southclaws--ScavengeSurvive-source.zip	ce37283e9c4ec149b324ad0762c937aee0718e0aef5da4e274e6e9ecf99e75dd
Southclaws/ScavengeSurvive	399ba8e8fd164243b32fb694f4bb6ce37fe40c35	.references/pawn/gamemodes/Southclaws--ScavengeSurvive/gamemodes/sss/world/puzzles/lockboxlv.pwn	Southclaws--ScavengeSurvive-source.zip	df73aac271cbee5bcfbbb679e8d244decc7f0c0ba1828eeccbcfea92b0654b04
Southclaws/ScavengeSurvive	399ba8e8fd164243b32fb694f4bb6ce37fe40c35	.references/pawn/gamemodes/Southclaws--ScavengeSurvive/gamemodes/sss/world/puzzles/area69.pwn	Southclaws--ScavengeSurvive-source.zip	d639c565c64041c6f34b104f34074c805f4be810e87aff7bf3bf09b83d8190dd
Southclaws/ScavengeSurvive	399ba8e8fd164243b32fb694f4bb6ce37fe40c35	.references/pawn/gamemodes/Southclaws--ScavengeSurvive/misc/maps/FortCarssonHouse1FIXED.map	Southclaws--ScavengeSurvive-source.zip	e81559cc004f9e943b80a7a66000726eede186fd6f2ad2e0087a3724292665fc
Southclaws/ScavengeSurvive	399ba8e8fd164243b32fb694f4bb6ce37fe40c35	.references/pawn/gamemodes/Southclaws--ScavengeSurvive/misc/maps/QuarryCave1.map	Southclaws--ScavengeSurvive-source.zip	f9d5909936a5933c993e72b60bdba9a71236e27be307eed1f223eabe0f2fdee2
Southclaws/ScavengeSurvive	399ba8e8fd164243b32fb694f4bb6ce37fe40c35	.references/pawn/gamemodes/Southclaws--ScavengeSurvive/misc/maps/QuarryCave3.map	Southclaws--ScavengeSurvive-source.zip	e5474a0b17d4a5cf4a18c82551f0bfa2e50e20cb90cc477a9063e0849ee5c223
Southclaws/ScavengeSurvive	399ba8e8fd164243b32fb694f4bb6ce37fe40c35	.references/pawn/gamemodes/Southclaws--ScavengeSurvive/misc/maps/FortCarssonHouse2FIXED.map	Southclaws--ScavengeSurvive-source.zip	3962e9380ca078a1b3af11c927eafae1a84871a13bf522dc2379c09c280dba1f
Southclaws/ScavengeSurvive	399ba8e8fd164243b32fb694f4bb6ce37fe40c35	.references/pawn/gamemodes/Southclaws--ScavengeSurvive/misc/maps/newobjs.map	Southclaws--ScavengeSurvive-source.zip	25ef6c04052117e83dd3292a78f71b464bee670c1e5d0e992ef8107842716e21
Southclaws/ScavengeSurvive	399ba8e8fd164243b32fb694f4bb6ce37fe40c35	.references/pawn/gamemodes/Southclaws--ScavengeSurvive/misc/maps/Frieght.map	Southclaws--ScavengeSurvive-source.zip	c07fc3b174140d4cfd4cf0230d7f2d32accf98efea2be22af22a8f4faf50ef0f
Southclaws/ScavengeSurvive	399ba8e8fd164243b32fb694f4bb6ce37fe40c35	.references/pawn/gamemodes/Southclaws--ScavengeSurvive/misc/maps/DogmeatDungeon.map	Southclaws--ScavengeSurvive-source.zip	cec35b639c16bba55987cbf568bc35cadc91892992f70fbe523f36c535eab9fb
Southclaws/ScavengeSurvive	399ba8e8fd164243b32fb694f4bb6ce37fe40c35	.references/pawn/gamemodes/Southclaws--ScavengeSurvive/misc/maps/QuarryCave2.map	Southclaws--ScavengeSurvive-source.zip	d31347fc650d95791a1d174a814adbb549d87581cd24d437e1b45022eabf8d01
Southclaws/ScavengeSurvive	399ba8e8fd164243b32fb694f4bb6ce37fe40c35	.references/pawn/gamemodes/Southclaws--ScavengeSurvive/misc/maps/Fort Metro.map	Southclaws--ScavengeSurvive-source.zip	0451e2446b4cb10ddaa04c2b37cb03fff69913582a01550bc462de5b1b964fa2
Southclaws/ScavengeSurvive	399ba8e8fd164243b32fb694f4bb6ce37fe40c35	.references/pawn/gamemodes/Southclaws--ScavengeSurvive/misc/maps/Station.map	Southclaws--ScavengeSurvive-source.zip	188c0ad1a35d5fc000628e18002d00e0d176ee5dde56f9524702bf1fc131efc6
Southclaws/ScavengeSurvive	399ba8e8fd164243b32fb694f4bb6ce37fe40c35	.references/pawn/gamemodes/Southclaws--ScavengeSurvive/misc/maps/sort/lennox_mapping.map	Southclaws--ScavengeSurvive-source.zip	af9543f5880f6993de89b6bd9603fad291bd11cebd724cf003805f0e13b47b2a
Southclaws/ScavengeSurvive	399ba8e8fd164243b32fb694f4bb6ce37fe40c35	.references/pawn/gamemodes/Southclaws--ScavengeSurvive/misc/maps/old-dm-maps/Bridge.map	Southclaws--ScavengeSurvive-source.zip	329825c1c1f63d670e88afb49d5697f0b55d30a07f07e4a7137096f2cbd38dcc
Southclaws/ScavengeSurvive	399ba8e8fd164243b32fb694f4bb6ce37fe40c35	.references/pawn/gamemodes/Southclaws--ScavengeSurvive/misc/maps/old-dm-maps/Bunker.map	Southclaws--ScavengeSurvive-source.zip	21a1a5ba45ff3b8f1d26592b0ca8f4432cc2728b074c4d21edd982dc933d31c4
Southclaws/ScavengeSurvive	399ba8e8fd164243b32fb694f4bb6ce37fe40c35	.references/pawn/gamemodes/Southclaws--ScavengeSurvive/misc/maps/old-dm-maps/Backlot.map	Southclaws--ScavengeSurvive-source.zip	beecbbc8f22fe307b7b219bddc935fd74fa63620070c34de4074a61c95020a51
Southclaws/ScavengeSurvive	399ba8e8fd164243b32fb694f4bb6ce37fe40c35	.references/pawn/gamemodes/Southclaws--ScavengeSurvive/misc/maps/old-dm-maps/Derelict.map	Southclaws--ScavengeSurvive-source.zip	e3f79c11948a032d7c22f8455678f3875bff05331d06dfc4aac82450255207a2
Southclaws/ScavengeSurvive	399ba8e8fd164243b32fb694f4bb6ce37fe40c35	.references/pawn/gamemodes/Southclaws--ScavengeSurvive/misc/maps/old-dm-maps/Rusty.map	Southclaws--ScavengeSurvive-source.zip	891dae964e8f7f88fcc6d1947d4aa2f8e08946d142e0845d8e6ccb9d1be29e34
Southclaws/ScavengeSurvive	399ba8e8fd164243b32fb694f4bb6ce37fe40c35	.references/pawn/gamemodes/Southclaws--ScavengeSurvive/misc/maps/old-dm-maps/Sandy.map	Southclaws--ScavengeSurvive-source.zip	aac3785ad93e8875bdbb45601939eb6e5f0c56973b3b9a2d03da95aec8cedf89
Southclaws/ScavengeSurvive	399ba8e8fd164243b32fb694f4bb6ce37fe40c35	.references/pawn/gamemodes/Southclaws--ScavengeSurvive/misc/maps/old-dm-maps/Hideout.map	Southclaws--ScavengeSurvive-source.zip	ce587dceb4c55dd763626bae493829138adc2b78cde06288a12149953dcc5ceb
Southclaws/ScavengeSurvive	399ba8e8fd164243b32fb694f4bb6ce37fe40c35	.references/pawn/gamemodes/Southclaws--ScavengeSurvive/misc/maps/old-dm-maps/Island.map	Southclaws--ScavengeSurvive-source.zip	f5005319401b58d8b8d9e7eeeb92d77f69e9204d50734cd1f46a16d6f15f9e97
Southclaws/ScavengeSurvive	399ba8e8fd164243b32fb694f4bb6ce37fe40c35	.references/pawn/gamemodes/Southclaws--ScavengeSurvive/misc/maps/old-dm-maps/Sewers.map	Southclaws--ScavengeSurvive-source.zip	b8c2149597f3d9c744d33cddb31c8222e72016db59735353903f4e683bc49864
Southclaws/ScavengeSurvive	399ba8e8fd164243b32fb694f4bb6ce37fe40c35	.references/pawn/gamemodes/Southclaws--ScavengeSurvive/misc/maps/old-dm-maps/Desolate.map	Southclaws--ScavengeSurvive-source.zip	bd4a0def69ce721dfe09d28d60a3dbe9f41d68df473f5107e5f434de27d34f6e
Southclaws/ScavengeSurvive	399ba8e8fd164243b32fb694f4bb6ce37fe40c35	.references/pawn/gamemodes/Southclaws--ScavengeSurvive/misc/maps/old-dm-maps/Carson.map	Southclaws--ScavengeSurvive-source.zip	7cbcf0354b68d422218064140379b2edb5ca4e435ae34ca32fc5cc77ffdcc5b1
Southclaws/ScavengeSurvive	399ba8e8fd164243b32fb694f4bb6ce37fe40c35	.references/pawn/gamemodes/Southclaws--ScavengeSurvive/misc/maps/old-dm-maps/Lagoon.map	Southclaws--ScavengeSurvive-source.zip	32978f814d629d26f6dc91d7744d59cf3a60c60c6ddb3e44f6dc72561baf8f28
Southclaws/ScavengeSurvive	399ba8e8fd164243b32fb694f4bb6ce37fe40c35	.references/pawn/gamemodes/Southclaws--ScavengeSurvive/misc/maps/old-dm-maps/Outskirts.map	Southclaws--ScavengeSurvive-source.zip	c4348824bc18b0389c0d40293a87b3b84aaa046b56d0b53122bff4723741267f
Southclaws/ScavengeSurvive	399ba8e8fd164243b32fb694f4bb6ce37fe40c35	.references/pawn/gamemodes/Southclaws--ScavengeSurvive/misc/maps/old-dm-maps/Frieght.map	Southclaws--ScavengeSurvive-source.zip	54646550664b54475556846233e8e4eb91e6322c8a46e1630d55dc59dfc1ae89
Southclaws/ScavengeSurvive	399ba8e8fd164243b32fb694f4bb6ce37fe40c35	.references/pawn/gamemodes/Southclaws--ScavengeSurvive/misc/maps/old-dm-maps/Orick.map	Southclaws--ScavengeSurvive-source.zip	eeef235233ae05911ee4f289a09c1fdcf16928932eb4ea94dff96d46d05f7c5e
Southclaws/ScavengeSurvive	399ba8e8fd164243b32fb694f4bb6ce37fe40c35	.references/pawn/gamemodes/Southclaws--ScavengeSurvive/misc/maps/old-dm-maps/Leafy Hollow.map	Southclaws--ScavengeSurvive-source.zip	3e4336e39c0a84dd2728d540db2e0bd84157932f62f70e6bb368c4b1f3ab7863
Southclaws/ScavengeSurvive	399ba8e8fd164243b32fb694f4bb6ce37fe40c35	.references/pawn/gamemodes/Southclaws--ScavengeSurvive/misc/maps/old-dm-maps/Barrancas.map	Southclaws--ScavengeSurvive-source.zip	d09b542f917b38c67c0de8ce3a22c85ce7992366a7731040d8800f79e5ab56b6
Southclaws/ScavengeSurvive	399ba8e8fd164243b32fb694f4bb6ce37fe40c35	.references/pawn/gamemodes/Southclaws--ScavengeSurvive/misc/maps/old-dm-maps/Trainyard.map	Southclaws--ScavengeSurvive-source.zip	c1de7075b34e60594b864332f31dfe86ff196db4eb82a7c1eee0845f655b05fe
Southclaws/ScavengeSurvive	399ba8e8fd164243b32fb694f4bb6ce37fe40c35	.references/pawn/gamemodes/Southclaws--ScavengeSurvive/misc/maps/old-dm-maps/Peninsula.map	Southclaws--ScavengeSurvive-source.zip	00b4f9b15408bd36f0c2e805e9b8a37e63c8bd767fdc0f5ea11652cc7d11275b
Southclaws/ScavengeSurvive	399ba8e8fd164243b32fb694f4bb6ce37fe40c35	.references/pawn/gamemodes/Southclaws--ScavengeSurvive/misc/maps/old-dm-maps/Area 69.map	Southclaws--ScavengeSurvive-source.zip	847a2b154e4635f24147bf705ac3945ce1aa45bd4e4ac08d388c5eef8222b230
Southclaws/ScavengeSurvive	399ba8e8fd164243b32fb694f4bb6ce37fe40c35	.references/pawn/gamemodes/Southclaws--ScavengeSurvive/misc/maps/old-dm-maps/Woodlands.map	Southclaws--ScavengeSurvive-source.zip	9df2e6fc2ba8177e3424fa78d1b378acc6db82c8d6dc51b336a5cbb716b0ed73
Southclaws/ScavengeSurvive	399ba8e8fd164243b32fb694f4bb6ce37fe40c35	.references/pawn/gamemodes/Southclaws--ScavengeSurvive/misc/maps/old-dm-maps/Desert.map	Southclaws--ScavengeSurvive-source.zip	5ff3ef5093d757dd161d2d688dbdb6143c2ca8c08102ec53c3c84805c7ebaa4f
Southclaws/ScavengeSurvive	399ba8e8fd164243b32fb694f4bb6ce37fe40c35	.references/pawn/gamemodes/Southclaws--ScavengeSurvive/misc/maps/old-dm-maps/Isles.map	Southclaws--ScavengeSurvive-source.zip	18392ab3a81e378afe33e022e6dee73829a94644788dbdac409e81378a308934
Southclaws/ScavengeSurvive	399ba8e8fd164243b32fb694f4bb6ce37fe40c35	.references/pawn/gamemodes/Southclaws--ScavengeSurvive/scriptfiles/languages/Español	Southclaws--ScavengeSurvive-source.zip	ef4cfa96fc31a6936aee7bf6039930143b1fd3a2f7b2638b8e67e541af18b8b1
Southclaws/ScavengeSurvive	399ba8e8fd164243b32fb694f4bb6ce37fe40c35	.references/pawn/gamemodes/Southclaws--ScavengeSurvive/scriptfiles/languages/Russian	Southclaws--ScavengeSurvive-source.zip	da81ddedbf12daa5798ff00eb9cd747dc1d3652484fe1052141ca908766e40bb
Southclaws/ScavengeSurvive	399ba8e8fd164243b32fb694f4bb6ce37fe40c35	.references/pawn/gamemodes/Southclaws--ScavengeSurvive/scriptfiles/languages/Cestina-Srpski	Southclaws--ScavengeSurvive-source.zip	b19058b8017820e65f0514915ee73eec9e9f1d8ea6b4119b17182d69a8d4a493
Southclaws/ScavengeSurvive	399ba8e8fd164243b32fb694f4bb6ce37fe40c35	.references/pawn/gamemodes/Southclaws--ScavengeSurvive/scriptfiles/languages/English	Southclaws--ScavengeSurvive-source.zip	3ad239356d477fa43583856fc038053c63121f7f48f328e25cb793bc5fba3fa7
Southclaws/ScavengeSurvive	399ba8e8fd164243b32fb694f4bb6ce37fe40c35	.references/pawn/gamemodes/Southclaws--ScavengeSurvive/scriptfiles/languages/Bosanski-Hrvatski-Srpski	Southclaws--ScavengeSurvive-source.zip	1261293573d535f44c389fa1e50da535466a51ce20d09d4f5004dab652b6b2a5
Southclaws/ScavengeSurvive	399ba8e8fd164243b32fb694f4bb6ce37fe40c35	.references/pawn/gamemodes/Southclaws--ScavengeSurvive/scriptfiles/languages/Indonesian	Southclaws--ScavengeSurvive-source.zip	6488617965abdc76dd50cc39cb89b9cf1a05348a8f8d49594cfc582f78713334
Southclaws/ScavengeSurvive	399ba8e8fd164243b32fb694f4bb6ce37fe40c35	.references/pawn/gamemodes/Southclaws--ScavengeSurvive/scriptfiles/languages/Português	Southclaws--ScavengeSurvive-source.zip	f29668bad4e4b03fe6b0f291a6a6c802891caeabf72d1b7792f4393f2fe48b29
Southclaws/ScavengeSurvive	399ba8e8fd164243b32fb694f4bb6ce37fe40c35	.references/pawn/gamemodes/Southclaws--ScavengeSurvive/scriptfiles/languages/Romanian	Southclaws--ScavengeSurvive-source.zip	d4e325486b355722c3ab78416b53804326abac83c00902869769ccf648ff93c9
Southclaws/ScavengeSurvive	399ba8e8fd164243b32fb694f4bb6ce37fe40c35	.references/pawn/gamemodes/Southclaws--ScavengeSurvive/scriptfiles/languages/Português do Brasil	Southclaws--ScavengeSurvive-source.zip	72ad112cede7166f837664af5ef9cd570ccd2c82cb9a5ac11ae54f4066d4187e
Southclaws/ScavengeSurvive	399ba8e8fd164243b32fb694f4bb6ce37fe40c35	.references/pawn/gamemodes/Southclaws--ScavengeSurvive/scriptfiles/languages/Français	Southclaws--ScavengeSurvive-source.zip	f072d44ef4efa11efae7ecbcf474ce211e935bda9a341c692745bc1a58e3fd9a
Southclaws/ScavengeSurvive	399ba8e8fd164243b32fb694f4bb6ce37fe40c35	.references/pawn/gamemodes/Southclaws--ScavengeSurvive/scriptfiles/loot/world_civilian.ltb	Southclaws--ScavengeSurvive-source.zip	7fb22523e7b91657260c685ccb0161c4344ebe97aeecddc73b97da979cf5a063
Southclaws/ScavengeSurvive	399ba8e8fd164243b32fb694f4bb6ce37fe40c35	.references/pawn/gamemodes/Southclaws--ScavengeSurvive/scriptfiles/loot/vehicle_civilian.ltb	Southclaws--ScavengeSurvive-source.zip	353c134879deea436a006dd09f24ccd1bf4e25085bb7f53bb2a8d30ffe15613f
Southclaws/ScavengeSurvive	399ba8e8fd164243b32fb694f4bb6ce37fe40c35	.references/pawn/gamemodes/Southclaws--ScavengeSurvive/scriptfiles/loot/world_industrial.ltb	Southclaws--ScavengeSurvive-source.zip	550d7f4ddb638de4ddec3007ba3efd9a05ea29e6a65cb511d3e98e4d6532f645
Southclaws/ScavengeSurvive	399ba8e8fd164243b32fb694f4bb6ce37fe40c35	.references/pawn/gamemodes/Southclaws--ScavengeSurvive/scriptfiles/loot/airdrop_low_weapons.ltb	Southclaws--ScavengeSurvive-source.zip	89bc5e0e0a09453dcb5257b25b6d602f9db68ecd3c09cdeebe56db446befb802
Southclaws/ScavengeSurvive	399ba8e8fd164243b32fb694f4bb6ce37fe40c35	.references/pawn/gamemodes/Southclaws--ScavengeSurvive/scriptfiles/loot/vehicle_police.ltb	Southclaws--ScavengeSurvive-source.zip	7b4005d0afa3eb8ee827ee6d7c57101604f4bac90106f989394e201d10b22449
Southclaws/ScavengeSurvive	399ba8e8fd164243b32fb694f4bb6ce37fe40c35	.references/pawn/gamemodes/Southclaws--ScavengeSurvive/scriptfiles/loot/vehicle_industrial.ltb	Southclaws--ScavengeSurvive-source.zip	a1be96f15f0a344b803a85e315902fdc6702a92ae96c9d55f08b1591802e63d8
Southclaws/ScavengeSurvive	399ba8e8fd164243b32fb694f4bb6ce37fe40c35	.references/pawn/gamemodes/Southclaws--ScavengeSurvive/scriptfiles/loot/vehicle_military.ltb	Southclaws--ScavengeSurvive-source.zip	d2b12d6d84240e314861cc13e5a252aabffb005fd7f7b444c8f13485b4e5bfcc
Southclaws/ScavengeSurvive	399ba8e8fd164243b32fb694f4bb6ce37fe40c35	.references/pawn/gamemodes/Southclaws--ScavengeSurvive/scriptfiles/loot/world_medical.ltb	Southclaws--ScavengeSurvive-source.zip	d12342b7dbddb85c7998142737463b2f172cdd12a25f6843b59b3bf3edd56278
Southclaws/ScavengeSurvive	399ba8e8fd164243b32fb694f4bb6ce37fe40c35	.references/pawn/gamemodes/Southclaws--ScavengeSurvive/scriptfiles/loot/world_military.ltb	Southclaws--ScavengeSurvive-source.zip	36f9d9049c6d7dfc07eed08b3c2d6c25b6f7b7b4ad93dc161d84b0f2d676ae7c
Southclaws/ScavengeSurvive	399ba8e8fd164243b32fb694f4bb6ce37fe40c35	.references/pawn/gamemodes/Southclaws--ScavengeSurvive/scriptfiles/loot/world_survivor.ltb	Southclaws--ScavengeSurvive-source.zip	47a4b12d4276c46666f6c48f13c8b9062b4b28eec4e21ca10fe21ec448f4f028
Southclaws/ScavengeSurvive	399ba8e8fd164243b32fb694f4bb6ce37fe40c35	.references/pawn/gamemodes/Southclaws--ScavengeSurvive/scriptfiles/loot/world_police.ltb	Southclaws--ScavengeSurvive-source.zip	99863bdf17c2c12af58914a6b718e9d264cf252a9b95e56350e2a63edd812f49
Southclaws/ScavengeSurvive	399ba8e8fd164243b32fb694f4bb6ce37fe40c35	.references/pawn/gamemodes/Southclaws--ScavengeSurvive/scriptfiles/loot/airdrop_military_weapons.ltb	Southclaws--ScavengeSurvive-source.zip	abc4b8b5f47d0a43d5d09d4f837d00fbb21b1ebce50867743ee7ca6f9feab46e
Southclaws/ScavengeSurvive	399ba8e8fd164243b32fb694f4bb6ce37fe40c35	.references/pawn/gamemodes/Southclaws--ScavengeSurvive/scriptfiles/loot/airdrop_industrial.ltb	Southclaws--ScavengeSurvive-source.zip	e6535a24fee340a8685be40234b09785abb9d00c8eddd951a4c135606a519de2
Southclaws/ScavengeSurvive	399ba8e8fd164243b32fb694f4bb6ce37fe40c35	.references/pawn/gamemodes/Southclaws--ScavengeSurvive/scriptfiles/loot/airdrop_ordnance.ltb	Southclaws--ScavengeSurvive-source.zip	5181c713c0d41881f9c70840fef52e188f82a5068e25bc7bc00c2e3a52bd58ab
Southclaws/ScavengeSurvive	399ba8e8fd164243b32fb694f4bb6ce37fe40c35	.references/pawn/gamemodes/Southclaws--ScavengeSurvive/scriptfiles/loot/airdrop_food_medical.ltb	Southclaws--ScavengeSurvive-source.zip	32caf0966006c4a51b3c9537df7dfeebc05d710e27d2f5d4c133ede1b30f749f
Southclaws/ScavengeSurvive	399ba8e8fd164243b32fb694f4bb6ce37fe40c35	.references/pawn/gamemodes/Southclaws--ScavengeSurvive/scriptfiles/maps/.gitignore	Southclaws--ScavengeSurvive-source.zip	eafa6460d5e56f16803c6d615cc9a1fd6900d2fdd14ab4ebffb7427695c40609
Southclaws/ScavengeSurvive	399ba8e8fd164243b32fb694f4bb6ce37fe40c35	.references/pawn/gamemodes/Southclaws--ScavengeSurvive/scriptfiles/maps/LICENSE	Southclaws--ScavengeSurvive-source.zip	62db44892b5eb17bfb10edf26ce5be58523a6868a4a278d341431bbc1d7c7e3c
Southclaws/ScavengeSurvive	399ba8e8fd164243b32fb694f4bb6ce37fe40c35	.references/pawn/gamemodes/Southclaws--ScavengeSurvive/scriptfiles/maps/README.md	Southclaws--ScavengeSurvive-source.zip	030b86e07c37aec7513a4799fd78f414b6c221589458bcc5298776cf6a266df2
Southclaws/ScavengeSurvive	399ba8e8fd164243b32fb694f4bb6ce37fe40c35	.references/pawn/gamemodes/Southclaws--ScavengeSurvive/scriptfiles/vspawn/LS_Housing3.vpl	Southclaws--ScavengeSurvive-source.zip	69fc641eeb5bc301e0fc80d13e8c9dcbb88d21d7e21378b13d2f025ce227f957
Southclaws/ScavengeSurvive	399ba8e8fd164243b32fb694f4bb6ce37fe40c35	.references/pawn/gamemodes/Southclaws--ScavengeSurvive/scriptfiles/vspawn/RC_Dillimore.vpl	Southclaws--ScavengeSurvive-source.zip	c9d15040f8a52404c3c3dec9e42eb294766093bc9d7e1efecb8b974e7d7da21d
Southclaws/ScavengeSurvive	399ba8e8fd164243b32fb694f4bb6ce37fe40c35	.references/pawn/gamemodes/Southclaws--ScavengeSurvive/scriptfiles/vspawn/LS_CIty2.vpl	Southclaws--ScavengeSurvive-source.zip	4f245049bf17975d00cdbf785d98f90693154dddffbafa90665ac6c7afe1c8f6
Southclaws/ScavengeSurvive	399ba8e8fd164243b32fb694f4bb6ce37fe40c35	.references/pawn/gamemodes/Southclaws--ScavengeSurvive/scriptfiles/vspawn/LV_Housing2.vpl	Southclaws--ScavengeSurvive-source.zip	403f1b8c0f7e5e5f2455f80c0442d98466b109768e1471e9a02627b888a25973
Southclaws/ScavengeSurvive	399ba8e8fd164243b32fb694f4bb6ce37fe40c35	.references/pawn/gamemodes/Southclaws--ScavengeSurvive/scriptfiles/vspawn/FC_Chem.vpl	Southclaws--ScavengeSurvive-source.zip	1491897ccef98a00b68f753d453d02447e0f32eb5000fd2d16984d5a09ed7882
Southclaws/ScavengeSurvive	399ba8e8fd164243b32fb694f4bb6ce37fe40c35	.references/pawn/gamemodes/Southclaws--ScavengeSurvive/scriptfiles/vspawn/LS_Docks.vpl	Southclaws--ScavengeSurvive-source.zip	6cb608ba6355c7eec3e1b03bd1e6a8ef95ac3adf6542b49df3d727fab7bbd5ab
Southclaws/ScavengeSurvive	399ba8e8fd164243b32fb694f4bb6ce37fe40c35	.references/pawn/gamemodes/Southclaws--ScavengeSurvive/scriptfiles/vspawn/BC_Ear.vpl	Southclaws--ScavengeSurvive-source.zip	279b606f32f88fe638c5d5785987cffc4b9b6b3b41b9357b7c678491f503a660
Southclaws/ScavengeSurvive	399ba8e8fd164243b32fb694f4bb6ce37fe40c35	.references/pawn/gamemodes/Southclaws--ScavengeSurvive/scriptfiles/vspawn/LS_Housing2.vpl	Southclaws--ScavengeSurvive-source.zip	ee7a7ce1030a6d1b167988b30c371f1c3fc53455f90502bda21c3b8fd02e1b32
Southclaws/ScavengeSurvive	399ba8e8fd164243b32fb694f4bb6ce37fe40c35	.references/pawn/gamemodes/Southclaws--ScavengeSurvive/scriptfiles/vspawn/LS_City3.vpl	Southclaws--ScavengeSurvive-source.zip	25f2ca58304007fe69eebaeed7b1e2e0d55176afaf4d7eda2edb29578f498355
Southclaws/ScavengeSurvive	399ba8e8fd164243b32fb694f4bb6ce37fe40c35	.references/pawn/gamemodes/Southclaws--ScavengeSurvive/scriptfiles/vspawn/misc.vpl	Southclaws--ScavengeSurvive-source.zip	0cb3ddcb7a3090f3a1b484195062e759b796b21f6154dca6af2d8b49d21b7efd
Southclaws/ScavengeSurvive	399ba8e8fd164243b32fb694f4bb6ce37fe40c35	.references/pawn/gamemodes/Southclaws--ScavengeSurvive/scriptfiles/vspawn/BC_East.vpl	Southclaws--ScavengeSurvive-source.zip	7db9ac92c72657a99d6722f47a4704f9efe04c5c9fdfc341626e870659d60628
Southclaws/ScavengeSurvive	399ba8e8fd164243b32fb694f4bb6ce37fe40c35	.references/pawn/gamemodes/Southclaws--ScavengeSurvive/scriptfiles/vspawn/SF_Airport.vpl	Southclaws--ScavengeSurvive-source.zip	ce810e86f85eb6615a74286866338423050541229692eac2356981bdd1862319
Southclaws/ScavengeSurvive	399ba8e8fd164243b32fb694f4bb6ce37fe40c35	.references/pawn/gamemodes/Southclaws--ScavengeSurvive/scriptfiles/vspawn/FC_Beacon.vpl	Southclaws--ScavengeSurvive-source.zip	6b50527582f29da8b41e67aacd033d75e79fea535acb05a45e72492f527c9898
Southclaws/ScavengeSurvive	399ba8e8fd164243b32fb694f4bb6ce37fe40c35	.references/pawn/gamemodes/Southclaws--ScavengeSurvive/scriptfiles/vspawn/LS_City1.vpl	Southclaws--ScavengeSurvive-source.zip	c06f5dea12d17a9330b62438d518bd6e10b851de5ac7278a06cb70a670f127a7
Southclaws/ScavengeSurvive	399ba8e8fd164243b32fb694f4bb6ce37fe40c35	.references/pawn/gamemodes/Southclaws--ScavengeSurvive/scriptfiles/vspawn/BC_Ghost.vpl	Southclaws--ScavengeSurvive-source.zip	168ec6549c23c69a70677e59dd5c4b78f420eb55cbae09dbfb7434ec46b4436e
Southclaws/ScavengeSurvive	399ba8e8fd164243b32fb694f4bb6ce37fe40c35	.references/pawn/gamemodes/Southclaws--ScavengeSurvive/scriptfiles/vspawn/SF_Bayfront.vpl	Southclaws--ScavengeSurvive-source.zip	f340166ea8a40f519e78dbb69ebf4ed1fa18d2e1c542d8b8651c237604166d13
Southclaws/ScavengeSurvive	399ba8e8fd164243b32fb694f4bb6ce37fe40c35	.references/pawn/gamemodes/Southclaws--ScavengeSurvive/scriptfiles/vspawn/SF_Naval.vpl	Southclaws--ScavengeSurvive-source.zip	eb7bc1824f513dd0339bd86b19ce97aef0bc484e23bb4876bedfaf39d701ffc3
Southclaws/ScavengeSurvive	399ba8e8fd164243b32fb694f4bb6ce37fe40c35	.references/pawn/gamemodes/Southclaws--ScavengeSurvive/scriptfiles/vspawn/LS_Seafront.vpl	Southclaws--ScavengeSurvive-source.zip	f424b1420e5884fb477cca0f2ea6094e358909002852d37b7d1f5f9a9c566ed6
Southclaws/ScavengeSurvive	399ba8e8fd164243b32fb694f4bb6ce37fe40c35	.references/pawn/gamemodes/Southclaws--ScavengeSurvive/scriptfiles/vspawn/LV_City1.vpl	Southclaws--ScavengeSurvive-source.zip	9a6e27f463682301750c3fa8306189f9837ff9b4e1db4597b04cd4bc6623629f
Southclaws/ScavengeSurvive	399ba8e8fd164243b32fb694f4bb6ce37fe40c35	.references/pawn/gamemodes/Southclaws--ScavengeSurvive/scriptfiles/vspawn/RC_Farm2.vpl	Southclaws--ScavengeSurvive-source.zip	8fabbb343ee2b93f98d3019540ef22c6063f4c3e238a9667e9300df631f40890
Southclaws/ScavengeSurvive	399ba8e8fd164243b32fb694f4bb6ce37fe40c35	.references/pawn/gamemodes/Southclaws--ScavengeSurvive/scriptfiles/vspawn/BC.vpl	Southclaws--ScavengeSurvive-source.zip	a9d4de62ad8826e77958120833dda7a480d0d2be9077fbbe5470d6c7e6aa7a3e
Southclaws/ScavengeSurvive	399ba8e8fd164243b32fb694f4bb6ce37fe40c35	.references/pawn/gamemodes/Southclaws--ScavengeSurvive/scriptfiles/vspawn/LV_City2.vpl	Southclaws--ScavengeSurvive-source.zip	131726b4b3be05fe1db1676c3ef47b9944836aeb09596fce7407d44ff70ad6da
Southclaws/ScavengeSurvive	399ba8e8fd164243b32fb694f4bb6ce37fe40c35	.references/pawn/gamemodes/Southclaws--ScavengeSurvive/scriptfiles/vspawn/TR.vpl	Southclaws--ScavengeSurvive-source.zip	e2cc58377a810503dcc01bca58cd07e7c76cf05a9ff8bb358cbde2e76d353473
Southclaws/ScavengeSurvive	399ba8e8fd164243b32fb694f4bb6ce37fe40c35	.references/pawn/gamemodes/Southclaws--ScavengeSurvive/scriptfiles/vspawn/LV_Housing3.vpl	Southclaws--ScavengeSurvive-source.zip	5680df299d63e08ca83ab69da698c5ca2d1470116d92e1ea97630dae69410306
Southclaws/ScavengeSurvive	399ba8e8fd164243b32fb694f4bb6ce37fe40c35	.references/pawn/gamemodes/Southclaws--ScavengeSurvive/scriptfiles/vspawn/SF_MontFost.vpl	Southclaws--ScavengeSurvive-source.zip	ad671320e9c45ffad63ef8a3ccfc854c25a366e12ddd2b15e00586edb31ba310
Southclaws/ScavengeSurvive	399ba8e8fd164243b32fb694f4bb6ce37fe40c35	.references/pawn/gamemodes/Southclaws--ScavengeSurvive/scriptfiles/vspawn/BC_Area69.vpl	Southclaws--ScavengeSurvive-source.zip	86d7056699eb7914af03d0ea234a3c0fd7174f9c5cb151f8b356fc4c054fd75a
Southclaws/ScavengeSurvive	399ba8e8fd164243b32fb694f4bb6ce37fe40c35	.references/pawn/gamemodes/Southclaws--ScavengeSurvive/scriptfiles/vspawn/SF_City1.vpl	Southclaws--ScavengeSurvive-source.zip	6c3ddb9c8393b1cab26d9e3b124c5740ba8114ef5e0d8381adac58b9cd62509a
Southclaws/ScavengeSurvive	399ba8e8fd164243b32fb694f4bb6ce37fe40c35	.references/pawn/gamemodes/Southclaws--ScavengeSurvive/scriptfiles/vspawn/SF_Housing1.vpl	Southclaws--ScavengeSurvive-source.zip	45a5fd3f76fdb3f1df04df1d1ff79e99e4bb907d8f17c49049156fcd57b7b93b
Southclaws/ScavengeSurvive	399ba8e8fd164243b32fb694f4bb6ce37fe40c35	.references/pawn/gamemodes/Southclaws--ScavengeSurvive/scriptfiles/vspawn/BC_Playasdas.vpl	Southclaws--ScavengeSurvive-source.zip	dde89812c54587357be6ac0908b6596328d3c268c12467b5dd92094ec9707907
Southclaws/ScavengeSurvive	399ba8e8fd164243b32fb694f4bb6ce37fe40c35	.references/pawn/gamemodes/Southclaws--ScavengeSurvive/scriptfiles/vspawn/RC_Blueberry.vpl	Southclaws--ScavengeSurvive-source.zip	c71bf6789da99f86bce25ab513d1909c724be2e4935c4f9a91ad30e08f2c5ce1
Southclaws/ScavengeSurvive	399ba8e8fd164243b32fb694f4bb6ce37fe40c35	.references/pawn/gamemodes/Southclaws--ScavengeSurvive/scriptfiles/vspawn/BC_Verdant.vpl	Southclaws--ScavengeSurvive-source.zip	40b0e75dd3a1ce78b0ebd3a45eb5d31bb2b19ebc05b7da1121d882bc4d71ef3f
Southclaws/ScavengeSurvive	399ba8e8fd164243b32fb694f4bb6ce37fe40c35	.references/pawn/gamemodes/Southclaws--ScavengeSurvive/scriptfiles/vspawn/FC_Trailer2.vpl	Southclaws--ScavengeSurvive-source.zip	3fbb37b5648e8ebcbf2c45cb5f21f137abf78dcd300ad5ed3e5db0ec8e7f33ea
Southclaws/ScavengeSurvive	399ba8e8fd164243b32fb694f4bb6ce37fe40c35	.references/pawn/gamemodes/Southclaws--ScavengeSurvive/scriptfiles/vspawn/LS_Housing4.vpl	Southclaws--ScavengeSurvive-source.zip	fc83a9cbea374e0ae218e22a57f5bf90a2a8d749ae41ddf298d270085fa2eb84
Southclaws/ScavengeSurvive	399ba8e8fd164243b32fb694f4bb6ce37fe40c35	.references/pawn/gamemodes/Southclaws--ScavengeSurvive/scriptfiles/vspawn/BC_Ocultado.vpl	Southclaws--ScavengeSurvive-source.zip	b4aba60769bfa88093d0e20cd102d76c77d0e748b423b0facdd3cfcb657260aa
Southclaws/ScavengeSurvive	399ba8e8fd164243b32fb694f4bb6ce37fe40c35	.references/pawn/gamemodes/Southclaws--ScavengeSurvive/scriptfiles/vspawn/FC_FallenTree.vpl	Southclaws--ScavengeSurvive-source.zip	9cd45568bf887d20592cc257770a03f2433a308629ecbbd37c7fba71894ac88d
Southclaws/ScavengeSurvive	399ba8e8fd164243b32fb694f4bb6ce37fe40c35	.references/pawn/gamemodes/Southclaws--ScavengeSurvive/scriptfiles/vspawn/LS_VerdantBluffs.vpl	Southclaws--ScavengeSurvive-source.zip	6e5d163ef6135dc56f1cd341036f554e2dc7357258e60cb6321b7cf3adbe76da
Southclaws/ScavengeSurvive	399ba8e8fd164243b32fb694f4bb6ce37fe40c35	.references/pawn/gamemodes/Southclaws--ScavengeSurvive/scriptfiles/vspawn/FC_Farm1.vpl	Southclaws--ScavengeSurvive-source.zip	cfe2722f02c4eadd0689b8b57f4c72fff123ce5a245fa402771108c93ec2bf05
Southclaws/ScavengeSurvive	399ba8e8fd164243b32fb694f4bb6ce37fe40c35	.references/pawn/gamemodes/Southclaws--ScavengeSurvive/scriptfiles/vspawn/LS_Industrial.vpl	Southclaws--ScavengeSurvive-source.zip	07da5c044a9573964d4d994eeb6f6ab0dd577478abe73ff232a2259b2039a27a
Southclaws/ScavengeSurvive	399ba8e8fd164243b32fb694f4bb6ce37fe40c35	.references/pawn/gamemodes/Southclaws--ScavengeSurvive/scriptfiles/vspawn/FC_Scrapyard.vpl	Southclaws--ScavengeSurvive-source.zip	6f63c58cb146ffa9a0ca64d9d0adb3785efe08db398180e93466bbc258950e21
Southclaws/ScavengeSurvive	399ba8e8fd164243b32fb694f4bb6ce37fe40c35	.references/pawn/gamemodes/Southclaws--ScavengeSurvive/scriptfiles/vspawn/BC_Octane.vpl	Southclaws--ScavengeSurvive-source.zip	9639375af96e8b00708034e5389788d2bd84fa368d92dc3800a1a640ebfa91eb
Southclaws/ScavengeSurvive	399ba8e8fd164243b32fb694f4bb6ce37fe40c35	.references/pawn/gamemodes/Southclaws--ScavengeSurvive/scriptfiles/vspawn/LV_Airport.vpl	Southclaws--ScavengeSurvive-source.zip	b85493bf0d89c176c0a60b9e6e318869e07ea4b1ccaf4c174dc35a1b977a911c
Southclaws/ScavengeSurvive	399ba8e8fd164243b32fb694f4bb6ce37fe40c35	.references/pawn/gamemodes/Southclaws--ScavengeSurvive/scriptfiles/vspawn/LS_Airport.vpl	Southclaws--ScavengeSurvive-source.zip	d2f72400bfc32ca431deaba3615f440ffc6ec6009f8ec22a0ce60f3c3e1ffda6
Southclaws/ScavengeSurvive	399ba8e8fd164243b32fb694f4bb6ce37fe40c35	.references/pawn/gamemodes/Southclaws--ScavengeSurvive/scriptfiles/vspawn/FC_Angel.vpl	Southclaws--ScavengeSurvive-source.zip	5fa1547c9b81683a3c3fb2215ecbba7958604e65d38093919d08c6c1bc5a85b1
Southclaws/ScavengeSurvive	399ba8e8fd164243b32fb694f4bb6ce37fe40c35	.references/pawn/gamemodes/Southclaws--ScavengeSurvive/scriptfiles/vspawn/RC_BlueAcres.vpl	Southclaws--ScavengeSurvive-source.zip	170f45b495ce3c65bec2bea4e1993c4c9472d95c76d4bb5615f1f8b62ba30b67
Southclaws/ScavengeSurvive	399ba8e8fd164243b32fb694f4bb6ce37fe40c35	.references/pawn/gamemodes/Southclaws--ScavengeSurvive/scriptfiles/vspawn/SF_Housing2.vpl	Southclaws--ScavengeSurvive-source.zip	a76536700b060ab9317751b807c0de1bf8707045499aa2bbf258c7d6ec983cc1
Southclaws/ScavengeSurvive	399ba8e8fd164243b32fb694f4bb6ce37fe40c35	.references/pawn/gamemodes/Southclaws--ScavengeSurvive/scriptfiles/vspawn/FC_Trailer1.vpl	Southclaws--ScavengeSurvive-source.zip	d92aba5e7a9b794e94727c46630874642c0ccc7697758db949aa893082f14973
Southclaws/ScavengeSurvive	399ba8e8fd164243b32fb694f4bb6ce37fe40c35	.references/pawn/gamemodes/Southclaws--ScavengeSurvive/scriptfiles/vspawn/SF_City2.vpl	Southclaws--ScavengeSurvive-source.zip	de5f39927f1b668a4e68bd1e69d89cda708b1aaa50528215a07561a8e345edb8
Southclaws/ScavengeSurvive	399ba8e8fd164243b32fb694f4bb6ce37fe40c35	.references/pawn/gamemodes/Southclaws--ScavengeSurvive/scriptfiles/vspawn/FC.vpl	Southclaws--ScavengeSurvive-source.zip	aa793c4a31d129ed7c1238028f7a29ebda375335950f1d33058b5d9093a0c759
Southclaws/ScavengeSurvive	399ba8e8fd164243b32fb694f4bb6ce37fe40c35	.references/pawn/gamemodes/Southclaws--ScavengeSurvive/scriptfiles/vspawn/RC_Farm1.vpl	Southclaws--ScavengeSurvive-source.zip	c79128764d0c84fe0e8e54050cdc14b8dc6faede1cba8f4eaf9f7e7e1959068f
Southclaws/ScavengeSurvive	399ba8e8fd164243b32fb694f4bb6ce37fe40c35	.references/pawn/gamemodes/Southclaws--ScavengeSurvive/scriptfiles/vspawn/LS_Housing1.vpl	Southclaws--ScavengeSurvive-source.zip	7161fc6393e8d9e12a94c19450f161612c6596854a2901a41ea381244bfd8f81
Southclaws/ScavengeSurvive	399ba8e8fd164243b32fb694f4bb6ce37fe40c35	.references/pawn/gamemodes/Southclaws--ScavengeSurvive/scriptfiles/vspawn/LV_Housing1.vpl	Southclaws--ScavengeSurvive-source.zip	18c6903bb59261d3f389f22537033f2e045c0ca058e4c12dae9394a816a8c52c
Southclaws/ScavengeSurvive	399ba8e8fd164243b32fb694f4bb6ce37fe40c35	.references/pawn/gamemodes/Southclaws--ScavengeSurvive/scriptfiles/vspawn/BC_Probe.vpl	Southclaws--ScavengeSurvive-source.zip	b9115dab5919c74a9a4f370a2f5bc8b9fa7ee2e879300f89870204b6f7dc8801
Southclaws/ScavengeSurvive	399ba8e8fd164243b32fb694f4bb6ce37fe40c35	.references/pawn/gamemodes/Southclaws--ScavengeSurvive/scriptfiles/vspawn/SF_Industrial.vpl	Southclaws--ScavengeSurvive-source.zip	e25eea456fd7fbbad0ae5541a037f91ea978635171f82a65e520dd7ba89ec574
Southclaws/ScavengeSurvive	399ba8e8fd164243b32fb694f4bb6ce37fe40c35	.references/pawn/gamemodes/Southclaws--ScavengeSurvive/scriptfiles/vspawn/FC_Chilliad.vpl	Southclaws--ScavengeSurvive-source.zip	8b7558b818537e25e817bb03e91d2433c8b7e43c2db775e2cf0312527953db82
Southclaws/ScavengeSurvive	399ba8e8fd164243b32fb694f4bb6ce37fe40c35	.references/pawn/gamemodes/Southclaws--ScavengeSurvive/scriptfiles/vspawn/BC_Carson.vpl	Southclaws--ScavengeSurvive-source.zip	73f0a550af26b79ed62cfd7fc378f43c6e60ff91993c47edba814bd1b9e6738a
Southclaws/ScavengeSurvive	399ba8e8fd164243b32fb694f4bb6ce37fe40c35	.references/pawn/gamemodes/Southclaws--ScavengeSurvive/scriptfiles/vspawn/FC_FlintRange.vpl	Southclaws--ScavengeSurvive-source.zip	a364a645cc80e61c85a341e9dffd9e87ed0df8782cb8822edde8783f383e9562
Southclaws/ScavengeSurvive	399ba8e8fd164243b32fb694f4bb6ce37fe40c35	.references/pawn/gamemodes/Southclaws--ScavengeSurvive/scriptfiles/vspawn/RC_Palmino.vpl	Southclaws--ScavengeSurvive-source.zip	f32b557f74b6238e8be573bd17341618fff4b4b430746de064539e660c5394c7
Southclaws/ScavengeSurvive	399ba8e8fd164243b32fb694f4bb6ce37fe40c35	.references/pawn/gamemodes/Southclaws--ScavengeSurvive/scriptfiles/vspawn/LV_Strip.vpl	Southclaws--ScavengeSurvive-source.zip	6ba3f3bf51081392f0b8d62b3b43a2f78758bd5bd8658c5652c2808d56d124b4
Southclaws/ScavengeSurvive	399ba8e8fd164243b32fb694f4bb6ce37fe40c35	.references/pawn/gamemodes/Southclaws--ScavengeSurvive/scriptfiles/vspawn/FC_Farm2.vpl	Southclaws--ScavengeSurvive-source.zip	ca4312b380650c073abac2237a4df253e349e07da2c9a6334dcc0634ae8854d3
Southclaws/ScavengeSurvive	399ba8e8fd164243b32fb694f4bb6ce37fe40c35	.references/pawn/gamemodes/Southclaws--ScavengeSurvive/scriptfiles/vspawn/RC_Logging.vpl	Southclaws--ScavengeSurvive-source.zip	ae3e87a5532cd66c61c17f58d58797342a14f28f656411711e92534e211c9ef7
Southclaws/ScavengeSurvive	399ba8e8fd164243b32fb694f4bb6ce37fe40c35	.references/pawn/gamemodes/Southclaws--ScavengeSurvive/scriptfiles/vspawn/LV_Industrial2.vpl	Southclaws--ScavengeSurvive-source.zip	c45d8869fcc3bf27779bbf0555368c000fff6e7b00b5614a4df9c86d65e8b94d
Southclaws/ScavengeSurvive	399ba8e8fd164243b32fb694f4bb6ce37fe40c35	.references/pawn/gamemodes/Southclaws--ScavengeSurvive/scriptfiles/vspawn/TR_Quebrados.vpl	Southclaws--ScavengeSurvive-source.zip	811090b6288f7405fa3866a1e14a534625ba6157c02e8bc67136b3458810d0b1
Southclaws/ScavengeSurvive	399ba8e8fd164243b32fb694f4bb6ce37fe40c35	.references/pawn/gamemodes/Southclaws--ScavengeSurvive/scriptfiles/vspawn/RC_Montgomery.vpl	Southclaws--ScavengeSurvive-source.zip	2b02f2446c420505f780d18945eeca83f60786ecc28a6dbc8fc00fc633cc31a5
Southclaws/ScavengeSurvive	399ba8e8fd164243b32fb694f4bb6ce37fe40c35	.references/pawn/gamemodes/Southclaws--ScavengeSurvive/scriptfiles/vspawn/FC_East.vpl	Southclaws--ScavengeSurvive-source.zip	c2718dd9011824a00a37311529ad998ef923bea82e988d8f8d3f6b8b5231b77c
Southclaws/ScavengeSurvive	399ba8e8fd164243b32fb694f4bb6ce37fe40c35	.references/pawn/gamemodes/Southclaws--ScavengeSurvive/scriptfiles/vspawn/RC.vpl	Southclaws--ScavengeSurvive-source.zip	57484ed5a36712b138c6fa35cb21637875fd435fee14caef400a8157c6380781
Southclaws/ScavengeSurvive	399ba8e8fd164243b32fb694f4bb6ce37fe40c35	.references/pawn/gamemodes/Southclaws--ScavengeSurvive/scriptfiles/vspawn/RC_Farm3.vpl	Southclaws--ScavengeSurvive-source.zip	038c04a878686c5b5eb1c638932abb92859d5b3aa17d48c155f627dfdcc5fbe4
Southclaws/ScavengeSurvive	399ba8e8fd164243b32fb694f4bb6ce37fe40c35	.references/pawn/gamemodes/Southclaws--ScavengeSurvive/scriptfiles/vspawn/TR_Bayside.vpl	Southclaws--ScavengeSurvive-source.zip	4a8d9b3929163edb2dee23a2e4b796c85640fd359b8247251864222893d42abd
Southclaws/ScavengeSurvive	399ba8e8fd164243b32fb694f4bb6ce37fe40c35	.references/pawn/gamemodes/Southclaws--ScavengeSurvive/scriptfiles/vspawn/RC_Brewery.vpl	Southclaws--ScavengeSurvive-source.zip	a5c5f2754750fc45852e50c3a32c2774a2d7783d7adb3c49f39ac283e8625bad
Southclaws/ScavengeSurvive	399ba8e8fd164243b32fb694f4bb6ce37fe40c35	.references/pawn/gamemodes/Southclaws--ScavengeSurvive/scriptfiles/vspawn/TR_Barrancas.vpl	Southclaws--ScavengeSurvive-source.zip	ce59684f132f92e53855498c76f418e95838849b955d607440cc964dd77ef3bf
Southclaws/ScavengeSurvive	399ba8e8fd164243b32fb694f4bb6ce37fe40c35	.references/pawn/gamemodes/Southclaws--ScavengeSurvive/scriptfiles/vspawn/FC_Leafy.vpl	Southclaws--ScavengeSurvive-source.zip	e714fd1835e3c54e152aee6cf29088d007f9c048c73d1704b760673a8c61f983
Southclaws/ScavengeSurvive	399ba8e8fd164243b32fb694f4bb6ce37fe40c35	.references/pawn/gamemodes/Southclaws--ScavengeSurvive/scriptfiles/vspawn/BC_Hunter.vpl	Southclaws--ScavengeSurvive-source.zip	123f63bddd05b3efd4400563d2f3a4be89bc3048f4aacca00f4f4b945ec573d9
Southclaws/ScavengeSurvive	399ba8e8fd164243b32fb694f4bb6ce37fe40c35	.references/pawn/gamemodes/Southclaws--ScavengeSurvive/scriptfiles/vspawn/LV_Industrial1.vpl	Southclaws--ScavengeSurvive-source.zip	d13f7ff1d7ac3d42a6ad22b42e5ba357caba6d05d3882b7d3b4b5d184578a61b
Southclaws/ScavengeSurvive	399ba8e8fd164243b32fb694f4bb6ce37fe40c35	.references/pawn/gamemodes/Southclaws--ScavengeSurvive/scriptfiles/vspawn/RC_Trailer.vpl	Southclaws--ScavengeSurvive-source.zip	5b86241bf759b3a020eed001e37349dea3b344536b3865d20c3ed091d7156b85
Southclaws/ScavengeSurvive	399ba8e8fd164243b32fb694f4bb6ce37fe40c35	.references/pawn/gamemodes/Southclaws--ScavengeSurvive/scriptfiles/maps/OCEAN/StackBase1.map	Southclaws--ScavengeSurvive-source.zip	438b67334b3d1456f70d64c7d8edcebd6cd4b233c99767e75aed1f13db64c44a
Southclaws/ScavengeSurvive	399ba8e8fd164243b32fb694f4bb6ce37fe40c35	.references/pawn/gamemodes/Southclaws--ScavengeSurvive/scriptfiles/maps/OCEAN/Island.map	Southclaws--ScavengeSurvive-source.zip	b3e32306ea81182e8a21835707dce13ad6bbfd98fe7bb0118a210d43637f5895
Southclaws/ScavengeSurvive	399ba8e8fd164243b32fb694f4bb6ce37fe40c35	.references/pawn/gamemodes/Southclaws--ScavengeSurvive/scriptfiles/maps/OCEAN/WaterworldTown.old.map	Southclaws--ScavengeSurvive-source.zip	6d7f1839530ed93c31969bf4c0e56b8233e7c04e74584c5349954f8bc982caf8
Southclaws/ScavengeSurvive	399ba8e8fd164243b32fb694f4bb6ce37fe40c35	.references/pawn/gamemodes/Southclaws--ScavengeSurvive/scriptfiles/maps/OCEAN/WaterworldTown.map	Southclaws--ScavengeSurvive-source.zip	e6d2fc63ec396b4d7ad87ed4edd89dbca887d5a7ad8d2655406a7b36a740cbfc
Southclaws/ScavengeSurvive	399ba8e8fd164243b32fb694f4bb6ce37fe40c35	.references/pawn/gamemodes/Southclaws--ScavengeSurvive/scriptfiles/maps/OCEAN/Frieght.map	Southclaws--ScavengeSurvive-source.zip	090339a2a5f4729601b65a8644b924044521c43671c0bdc7c5b70b572e8be6a2
Southclaws/ScavengeSurvive	399ba8e8fd164243b32fb694f4bb6ce37fe40c35	.references/pawn/gamemodes/Southclaws--ScavengeSurvive/scriptfiles/maps/OCEAN/SinkingShip.map	Southclaws--ScavengeSurvive-source.zip	8f7fd3f7d4c24e4e1d05172b6dc74527cb79d72afd69461fcee30379c3de3ce9
Southclaws/ScavengeSurvive	399ba8e8fd164243b32fb694f4bb6ce37fe40c35	.references/pawn/gamemodes/Southclaws--ScavengeSurvive/scriptfiles/maps/OCEAN/Peninsula.map	Southclaws--ScavengeSurvive-source.zip	31075a5e5dcacb68a5ce9c1b8182b37c36e03ad243e0024f25999f57941de01f
Southclaws/ScavengeSurvive	399ba8e8fd164243b32fb694f4bb6ce37fe40c35	.references/pawn/gamemodes/Southclaws--ScavengeSurvive/scriptfiles/maps/SF/Brokenfac.map	Southclaws--ScavengeSurvive-source.zip	fcc9e7c562a6f0ce745c95d8cb8585aab3b020c07f76fb822d4cbc2c7c14f221
Southclaws/ScavengeSurvive	399ba8e8fd164243b32fb694f4bb6ce37fe40c35	.references/pawn/gamemodes/Southclaws--ScavengeSurvive/scriptfiles/maps/SF/ZomboRoadBlock5.map	Southclaws--ScavengeSurvive-source.zip	94a271ac9a0731a12a5aa06f3dc17c28baa98ddf52a0424d256c1af63e7d3725
Southclaws/ScavengeSurvive	399ba8e8fd164243b32fb694f4bb6ce37fe40c35	.references/pawn/gamemodes/Southclaws--ScavengeSurvive/scriptfiles/maps/SF/SFtoAPtunnelJunk.map	Southclaws--ScavengeSurvive-source.zip	105d771de633a69cf39708adba768b38abfa50e2d60b38b64a4c86c09d2c5572
Southclaws/ScavengeSurvive	399ba8e8fd164243b32fb694f4bb6ce37fe40c35	.references/pawn/gamemodes/Southclaws--ScavengeSurvive/scriptfiles/maps/SF/ZomboRoadBlock3.map	Southclaws--ScavengeSurvive-source.zip	ec5022c86a675bb5046028a64c6384b09e14dfc8a1ae071826b5254b13fb1898
Southclaws/ScavengeSurvive	399ba8e8fd164243b32fb694f4bb6ce37fe40c35	.references/pawn/gamemodes/Southclaws--ScavengeSurvive/scriptfiles/maps/SF/ZomboRoadBlock1.map	Southclaws--ScavengeSurvive-source.zip	be79bdba1847a1e47e91f4b93a0acc3b5a758849e8ed80f2b2c5dbe854f21c45
Southclaws/ScavengeSurvive	399ba8e8fd164243b32fb694f4bb6ce37fe40c35	.references/pawn/gamemodes/Southclaws--ScavengeSurvive/scriptfiles/maps/SF/BridgeBlocks.map	Southclaws--ScavengeSurvive-source.zip	02dc46721331aa0733d1c2567985ea8ef95ce0ae8474619249e7a1227e4ee374
Southclaws/ScavengeSurvive	399ba8e8fd164243b32fb694f4bb6ce37fe40c35	.references/pawn/gamemodes/Southclaws--ScavengeSurvive/scriptfiles/maps/SF/HouseInterior1.map	Southclaws--ScavengeSurvive-source.zip	0f8b222be818cbd59a96b676e5bb79613172e164ea9c21fd12802b06dcaea9fa
Southclaws/ScavengeSurvive	399ba8e8fd164243b32fb694f4bb6ce37fe40c35	.references/pawn/gamemodes/Southclaws--ScavengeSurvive/scriptfiles/maps/SF/GasRoom1.map	Southclaws--ScavengeSurvive-source.zip	9554085a28140eb8586e6a65f7e2fed3a542eec8dbac648dc6432ff0e06cc9f6
Southclaws/ScavengeSurvive	399ba8e8fd164243b32fb694f4bb6ce37fe40c35	.references/pawn/gamemodes/Southclaws--ScavengeSurvive/scriptfiles/maps/SF/Houses.map	Southclaws--ScavengeSurvive-source.zip	20eb7cadb6595b4f5f914cb8e7f3b28a9f8b3a05273659f2892ffea87116b88d
Southclaws/ScavengeSurvive	399ba8e8fd164243b32fb694f4bb6ce37fe40c35	.references/pawn/gamemodes/Southclaws--ScavengeSurvive/scriptfiles/maps/SF/ZomboRoadBlock2.map	Southclaws--ScavengeSurvive-source.zip	1a2d08eb7330b6e0dc2bfec0236b1905531e772cc30423c339662275f148cbe1
Southclaws/ScavengeSurvive	399ba8e8fd164243b32fb694f4bb6ce37fe40c35	.references/pawn/gamemodes/Southclaws--ScavengeSurvive/scriptfiles/maps/SF/SFtoAPBridge.map	Southclaws--ScavengeSurvive-source.zip	4601354182cd42afbd7b826b803ea982f304f0812a12dd3e96529fff9dd9ece2
Southclaws/ScavengeSurvive	399ba8e8fd164243b32fb694f4bb6ce37fe40c35	.references/pawn/gamemodes/Southclaws--ScavengeSurvive/scriptfiles/maps/SF/AlleyStuff.map	Southclaws--ScavengeSurvive-source.zip	24e3cf063dd1fe36964ac21ea69bcc310d3cc8299a3eb298df8ce7d26d95dec1
Southclaws/ScavengeSurvive	399ba8e8fd164243b32fb694f4bb6ce37fe40c35	.references/pawn/gamemodes/Southclaws--ScavengeSurvive/scriptfiles/maps/SF/colfixes.map	Southclaws--ScavengeSurvive-source.zip	0b5510d402ea5b215703fd78b201860ca5fd67ff40fa6c8d2d5fa413198d25a9
Southclaws/ScavengeSurvive	399ba8e8fd164243b32fb694f4bb6ce37fe40c35	.references/pawn/gamemodes/Southclaws--ScavengeSurvive/scriptfiles/maps/SF/badroad.map	Southclaws--ScavengeSurvive-source.zip	2d15f7e54fb45619eb81c082a6ede8a4f8915d68c8faa94b8cdd259947a25d81
Southclaws/ScavengeSurvive	399ba8e8fd164243b32fb694f4bb6ce37fe40c35	.references/pawn/gamemodes/Southclaws--ScavengeSurvive/scriptfiles/maps/SF/ZomboRoadBlock4.map	Southclaws--ScavengeSurvive-source.zip	fcc073e448c12bd495a414c0fe2c7189f8776a80f38d9fc608451341d3fa40a6
Southclaws/ScavengeSurvive	399ba8e8fd164243b32fb694f4bb6ce37fe40c35	.references/pawn/gamemodes/Southclaws--ScavengeSurvive/scriptfiles/maps/SF/Naval Base.map	Southclaws--ScavengeSurvive-source.zip	e10140e3ca4783915ec137c532510b7253c98d770ca64f1d207c378792a356b5
Southclaws/ScavengeSurvive	399ba8e8fd164243b32fb694f4bb6ce37fe40c35	.references/pawn/gamemodes/Southclaws--ScavengeSurvive/scriptfiles/maps/SF/SfLockup.map	Southclaws--ScavengeSurvive-source.zip	a91d3c53579753ad8f7932c188f70ee8b9d5a46169a1753afad93b4f1e756917
Southclaws/ScavengeSurvive	399ba8e8fd164243b32fb694f4bb6ce37fe40c35	.references/pawn/gamemodes/Southclaws--ScavengeSurvive/scriptfiles/maps/SF/OceanFlatsStuff.map	Southclaws--ScavengeSurvive-source.zip	1bea703ac79ef07ff98fc33abf62bb7fb0e5a65bf37ba7708bb87374edd3bea0
Southclaws/ScavengeSurvive	399ba8e8fd164243b32fb694f4bb6ce37fe40c35	.references/pawn/gamemodes/Southclaws--ScavengeSurvive/scriptfiles/maps/SF/DrivingSchool.map	Southclaws--ScavengeSurvive-source.zip	b00206bf55fce18ecbe82ca7cae58a3434c561dc380cffc3e48751c429be4f30
Southclaws/ScavengeSurvive	399ba8e8fd164243b32fb694f4bb6ce37fe40c35	.references/pawn/gamemodes/Southclaws--ScavengeSurvive/scriptfiles/maps/SF/Zombo.map	Southclaws--ScavengeSurvive-source.zip	130ffce79ef4b3199a53c706c945cec5ce63ca1553b5e7512dcd71923c825c4c
Southclaws/ScavengeSurvive	399ba8e8fd164243b32fb694f4bb6ce37fe40c35	.references/pawn/gamemodes/Southclaws--ScavengeSurvive/scriptfiles/maps/SF/NavalSFjunk.map	Southclaws--ScavengeSurvive-source.zip	341b5862f6ce1d3fbbc689224976c454f631313cc97770a1cf76572b410d9f52
Southclaws/ScavengeSurvive	399ba8e8fd164243b32fb694f4bb6ce37fe40c35	.references/pawn/gamemodes/Southclaws--ScavengeSurvive/scriptfiles/maps/SF/DowntownJP.map	Southclaws--ScavengeSurvive-source.zip	de8b4a9f419f2e223158eb56f85b5044e957abf76e299a991f131a604f86396b
Southclaws/ScavengeSurvive	399ba8e8fd164243b32fb694f4bb6ce37fe40c35	.references/pawn/gamemodes/Southclaws--ScavengeSurvive/scriptfiles/maps/SF/SFAirportEntranceJunk.map	Southclaws--ScavengeSurvive-source.zip	e43d3ef46f9606b85e7f511fbd2a98815ba4b9a52a2939f79772787626abd75a
Southclaws/ScavengeSurvive	399ba8e8fd164243b32fb694f4bb6ce37fe40c35	.references/pawn/gamemodes/Southclaws--ScavengeSurvive/scriptfiles/maps/SF/Treehouse.map	Southclaws--ScavengeSurvive-source.zip	bf080700f2c0eb1df4b7b3ab1e82b3fbeda2acf3560004247c106c3d8f3cbb72
Southclaws/ScavengeSurvive	399ba8e8fd164243b32fb694f4bb6ce37fe40c35	.references/pawn/gamemodes/Southclaws--ScavengeSurvive/scriptfiles/maps/GEN/PaySprayBlockages.map	Southclaws--ScavengeSurvive-source.zip	ab957148637d3ce6d612dc7e9b0cc435536159d67a3227833d42a74133cc7965
Southclaws/ScavengeSurvive	399ba8e8fd164243b32fb694f4bb6ce37fe40c35	.references/pawn/gamemodes/Southclaws--ScavengeSurvive/scriptfiles/maps/RC/LvBridgeBlockaid.map	Southclaws--ScavengeSurvive-source.zip	75090bd145828d1011c8740e90bcf9889562d877d92300cb91cf319a24c7efd5
Southclaws/ScavengeSurvive	399ba8e8fd164243b32fb694f4bb6ce37fe40c35	.references/pawn/gamemodes/Southclaws--ScavengeSurvive/scriptfiles/maps/RC/BlueberryHouses.map	Southclaws--ScavengeSurvive-source.zip	cd72e55e7f8c113333b3070e49c850de0447aa95a7af363cf566e99cf1097698
Southclaws/ScavengeSurvive	399ba8e8fd164243b32fb694f4bb6ce37fe40c35	.references/pawn/gamemodes/Southclaws--ScavengeSurvive/scriptfiles/maps/RC/BlueberryFarm.map	Southclaws--ScavengeSurvive-source.zip	bd7360da6a64ed1b882ea52d050820d7b7ea5edd4d45107c5e4a6542f977b9a1
Southclaws/ScavengeSurvive	399ba8e8fd164243b32fb694f4bb6ce37fe40c35	.references/pawn/gamemodes/Southclaws--ScavengeSurvive/scriptfiles/maps/RC/LStoDilimoreRoadBlock.map	Southclaws--ScavengeSurvive-source.zip	8ebf90e5b2230cd1651e713981d7d0021aa383b032098c40017c20178113611a
Southclaws/ScavengeSurvive	399ba8e8fd164243b32fb694f4bb6ce37fe40c35	.references/pawn/gamemodes/Southclaws--ScavengeSurvive/scriptfiles/maps/RC/DilimoreHouses.map	Southclaws--ScavengeSurvive-source.zip	950a82ff1ee0963c8efcd2774f6ef3c586d63a02a7c4ed25fe54f31c26c27a9e
Southclaws/ScavengeSurvive	399ba8e8fd164243b32fb694f4bb6ce37fe40c35	.references/pawn/gamemodes/Southclaws--ScavengeSurvive/scriptfiles/maps/RC/BlueberryHouses3.map	Southclaws--ScavengeSurvive-source.zip	69f5a69563b9e6fbb56f7a527934ebd9265b42031aeb390553bc8a282bf47227
Southclaws/ScavengeSurvive	399ba8e8fd164243b32fb694f4bb6ce37fe40c35	.references/pawn/gamemodes/Southclaws--ScavengeSurvive/scriptfiles/maps/RC/Lagoon.map	Southclaws--ScavengeSurvive-source.zip	31fafa03e24e7600e77f704e5bde86d17ae10196d7400fc0c7a5707c1a4efe34
Southclaws/ScavengeSurvive	399ba8e8fd164243b32fb694f4bb6ce37fe40c35	.references/pawn/gamemodes/Southclaws--ScavengeSurvive/scriptfiles/maps/RC/colfixes.map	Southclaws--ScavengeSurvive-source.zip	13979ba41e38907304d14713c14d92b0d8dba54fd8d6e88e6465319294073778
Southclaws/ScavengeSurvive	399ba8e8fd164243b32fb694f4bb6ce37fe40c35	.references/pawn/gamemodes/Southclaws--ScavengeSurvive/scriptfiles/maps/RC/Fort Southclaw.map	Southclaws--ScavengeSurvive-source.zip	dd5cefcd94700df16c4a0bbca33df480850183e43bd10a877f705a644261700a
Southclaws/ScavengeSurvive	399ba8e8fd164243b32fb694f4bb6ce37fe40c35	.references/pawn/gamemodes/Southclaws--ScavengeSurvive/scriptfiles/maps/RC/BlueberryHouses2.map	Southclaws--ScavengeSurvive-source.zip	8f75f880408c90a86410074ec99c3b367542a7dc3c22236c886d4ea75459e051
Southclaws/ScavengeSurvive	399ba8e8fd164243b32fb694f4bb6ce37fe40c35	.references/pawn/gamemodes/Southclaws--ScavengeSurvive/scriptfiles/maps/RC/DillimoreGas.map	Southclaws--ScavengeSurvive-source.zip	fa16b1196b28f2c275e6e7558855dc6728965f5e17c4fe0f9d77c655060c38ee
Southclaws/ScavengeSurvive	399ba8e8fd164243b32fb694f4bb6ce37fe40c35	.references/pawn/gamemodes/Southclaws--ScavengeSurvive/scriptfiles/maps/COLFIX/FIX_RC_1.map	Southclaws--ScavengeSurvive-source.zip	42320bb8116034a3d7476696a27f5a3a84975420effceecfe21b0b721f5c1696
Southclaws/ScavengeSurvive	399ba8e8fd164243b32fb694f4bb6ce37fe40c35	.references/pawn/gamemodes/Southclaws--ScavengeSurvive/scriptfiles/maps/COLFIX/FIX_LV_City2_3.map	Southclaws--ScavengeSurvive-source.zip	32ca42733058bb80aa5093394f756698b8dd06475e652f2d6d13f4d0d73aba33
Southclaws/ScavengeSurvive	399ba8e8fd164243b32fb694f4bb6ce37fe40c35	.references/pawn/gamemodes/Southclaws--ScavengeSurvive/scriptfiles/maps/COLFIX/FIX_LS_City1_2.map	Southclaws--ScavengeSurvive-source.zip	1c939e325c6de9e131ed6485e217071c1ae28780668cddf92829e2833823819f
Southclaws/ScavengeSurvive	399ba8e8fd164243b32fb694f4bb6ce37fe40c35	.references/pawn/gamemodes/Southclaws--ScavengeSurvive/scriptfiles/maps/COLFIX/FIX_LV_Strip_3.map	Southclaws--ScavengeSurvive-source.zip	382e848d3abdfe05ab5ba6772523f8b80186afd39f7676f56db8647403630c8f
Southclaws/ScavengeSurvive	399ba8e8fd164243b32fb694f4bb6ce37fe40c35	.references/pawn/gamemodes/Southclaws--ScavengeSurvive/scriptfiles/maps/COLFIX/FIX_LV_City2_4.map	Southclaws--ScavengeSurvive-source.zip	f2d0cffad5ac05f186036d93d19b7d888330bbac4ed24c88975afe9149b3673b
Southclaws/ScavengeSurvive	399ba8e8fd164243b32fb694f4bb6ce37fe40c35	.references/pawn/gamemodes/Southclaws--ScavengeSurvive/scriptfiles/maps/COLFIX/FIX_TR_1.map	Southclaws--ScavengeSurvive-source.zip	fe3eb28d1ac8154c805fef2ef35c444c882e52993151efa9ff29c974869dce11
Southclaws/ScavengeSurvive	399ba8e8fd164243b32fb694f4bb6ce37fe40c35	.references/pawn/gamemodes/Southclaws--ScavengeSurvive/scriptfiles/maps/COLFIX/FIX_LS_CIty2_5.map	Southclaws--ScavengeSurvive-source.zip	1dd511dcc37d7c17c3a6bbecc39fe8dbec49f28cc3dd5ef44c95910590282f8b
Southclaws/ScavengeSurvive	399ba8e8fd164243b32fb694f4bb6ce37fe40c35	.references/pawn/gamemodes/Southclaws--ScavengeSurvive/scriptfiles/maps/COLFIX/FIX_LS_10.map	Southclaws--ScavengeSurvive-source.zip	a8692c841812aa80d4a602035717ac8328128bbb357a99ddf81332a89f725324
Southclaws/ScavengeSurvive	399ba8e8fd164243b32fb694f4bb6ce37fe40c35	.references/pawn/gamemodes/Southclaws--ScavengeSurvive/scriptfiles/maps/COLFIX/FIX_SF_2.map	Southclaws--ScavengeSurvive-source.zip	77c333384288eb19a6df02ea20340af90fdb50ca15415de8a785a5ed79973dde
Southclaws/ScavengeSurvive	399ba8e8fd164243b32fb694f4bb6ce37fe40c35	.references/pawn/gamemodes/Southclaws--ScavengeSurvive/scriptfiles/maps/COLFIX/FIX_LS_6.map	Southclaws--ScavengeSurvive-source.zip	b879ee74b233c032a9920411885d7175fb8cb20b8332f71da8f38e120e202360
Southclaws/ScavengeSurvive	399ba8e8fd164243b32fb694f4bb6ce37fe40c35	.references/pawn/gamemodes/Southclaws--ScavengeSurvive/scriptfiles/maps/COLFIX/FIX_SF_14.map	Southclaws--ScavengeSurvive-source.zip	77794f82d9ef15831694101d5f6684d8b4d61d846c9e6cafc2ea44810137bb67
Southclaws/ScavengeSurvive	399ba8e8fd164243b32fb694f4bb6ce37fe40c35	.references/pawn/gamemodes/Southclaws--ScavengeSurvive/scriptfiles/maps/COLFIX/FIX_LV_City2_1.map	Southclaws--ScavengeSurvive-source.zip	fbc23140b77f040ad147d77914bf16e258bd85accdffdfe9c650fcdf5e625476
Southclaws/ScavengeSurvive	399ba8e8fd164243b32fb694f4bb6ce37fe40c35	.references/pawn/gamemodes/Southclaws--ScavengeSurvive/scriptfiles/maps/COLFIX/FIX_LV_3.map	Southclaws--ScavengeSurvive-source.zip	f1ed9ab4ea84ff9e1e37438f9c843950cfc1154d25ce95219d955f928e7cfd5e
Southclaws/ScavengeSurvive	399ba8e8fd164243b32fb694f4bb6ce37fe40c35	.references/pawn/gamemodes/Southclaws--ScavengeSurvive/scriptfiles/maps/COLFIX/FIX_LV_9.map	Southclaws--ScavengeSurvive-source.zip	9fc63d258d7f7a7c408d508af35ccc55d07bdaee9681e964dd420b16d39cab21
Southclaws/ScavengeSurvive	399ba8e8fd164243b32fb694f4bb6ce37fe40c35	.references/pawn/gamemodes/Southclaws--ScavengeSurvive/scriptfiles/maps/COLFIX/FIX_SF_12.map	Southclaws--ScavengeSurvive-source.zip	d07aea3a6c6bc997f89d26bec32bdbdc8cea8cc136f9d935c25285b4662d7b90
Southclaws/ScavengeSurvive	399ba8e8fd164243b32fb694f4bb6ce37fe40c35	.references/pawn/gamemodes/Southclaws--ScavengeSurvive/scriptfiles/maps/COLFIX/FIX_LS_CIty2_4.map	Southclaws--ScavengeSurvive-source.zip	7edc3a8c6dc4471b6dac78e4f60de97c2a2126e57d4c4ba93db3c4e2627e6a0c
Southclaws/ScavengeSurvive	399ba8e8fd164243b32fb694f4bb6ce37fe40c35	.references/pawn/gamemodes/Southclaws--ScavengeSurvive/scriptfiles/maps/COLFIX/FIX_SF_City2_1.map	Southclaws--ScavengeSurvive-source.zip	3d5f7aab691efa322a1e44ea17797bc2b122be5785fd4414f61b22adb074e264
Southclaws/ScavengeSurvive	399ba8e8fd164243b32fb694f4bb6ce37fe40c35	.references/pawn/gamemodes/Southclaws--ScavengeSurvive/scriptfiles/maps/COLFIX/FIX_LS_11.map	Southclaws--ScavengeSurvive-source.zip	0af9603c615f1be277f1d52878e8747c2820e701f65144263cd5a6ecf171c11c
Southclaws/ScavengeSurvive	399ba8e8fd164243b32fb694f4bb6ce37fe40c35	.references/pawn/gamemodes/Southclaws--ScavengeSurvive/scriptfiles/maps/COLFIX/FIX_LV_City2_2.map	Southclaws--ScavengeSurvive-source.zip	f01f264556e8eb2dd516ae96c2f91230b4fb6188b1e34a435faddae469c3afea
Southclaws/ScavengeSurvive	399ba8e8fd164243b32fb694f4bb6ce37fe40c35	.references/pawn/gamemodes/Southclaws--ScavengeSurvive/scriptfiles/maps/COLFIX/FIX_LV_8.map	Southclaws--ScavengeSurvive-source.zip	61bb9cb3b2218c5d86eba99e6af3ce54bdaa1c72fbd871f1df97e95111bf9a8d
Southclaws/ScavengeSurvive	399ba8e8fd164243b32fb694f4bb6ce37fe40c35	.references/pawn/gamemodes/Southclaws--ScavengeSurvive/scriptfiles/maps/COLFIX/FIX_LS_8.map	Southclaws--ScavengeSurvive-source.zip	fae102d46476f8b084856eb211b6e5cd4d3823b3e557be18a1893a2887777278
Southclaws/ScavengeSurvive	399ba8e8fd164243b32fb694f4bb6ce37fe40c35	.references/pawn/gamemodes/Southclaws--ScavengeSurvive/scriptfiles/maps/COLFIX/FIX_LS_CIty2_3.map	Southclaws--ScavengeSurvive-source.zip	aadbceb5fd8adff563135da5b6b6e20ce26b8177ef6c5c1bfef94a58ccc1b803
Southclaws/ScavengeSurvive	399ba8e8fd164243b32fb694f4bb6ce37fe40c35	.references/pawn/gamemodes/Southclaws--ScavengeSurvive/scriptfiles/maps/COLFIX/FIX_LV_Strip_1.map	Southclaws--ScavengeSurvive-source.zip	cf338445800d01d7234f965a067e32b63c6593cb454c9707c34aa8aebb8e0f3c
Southclaws/ScavengeSurvive	399ba8e8fd164243b32fb694f4bb6ce37fe40c35	.references/pawn/gamemodes/Southclaws--ScavengeSurvive/scriptfiles/maps/COLFIX/FIX_SF_Housing2_1.map	Southclaws--ScavengeSurvive-source.zip	55086745bdb6c1571679d07534083010cee60ba605694c98035dae9f45b658be
Southclaws/ScavengeSurvive	399ba8e8fd164243b32fb694f4bb6ce37fe40c35	.references/pawn/gamemodes/Southclaws--ScavengeSurvive/scriptfiles/maps/COLFIX/FIX_SF_8.map	Southclaws--ScavengeSurvive-source.zip	384f01d15ae92109e07863f013fa2360fbcc275e665e63fbcc984586870538ec
Southclaws/ScavengeSurvive	399ba8e8fd164243b32fb694f4bb6ce37fe40c35	.references/pawn/gamemodes/Southclaws--ScavengeSurvive/scriptfiles/maps/COLFIX/FIX_SF_Housing2_2.map	Southclaws--ScavengeSurvive-source.zip	b7203f4d711b090932e07dca39a933c88ddb70570837fadf676b760c5020df16
Southclaws/ScavengeSurvive	399ba8e8fd164243b32fb694f4bb6ce37fe40c35	.references/pawn/gamemodes/Southclaws--ScavengeSurvive/scriptfiles/maps/COLFIX/FIX_LS_CIty2_6.map	Southclaws--ScavengeSurvive-source.zip	5911adf4066628458a6355d8ad92d7a5dcdcb2e41749615ea941df49ddfcfa86
Southclaws/ScavengeSurvive	399ba8e8fd164243b32fb694f4bb6ce37fe40c35	.references/pawn/gamemodes/Southclaws--ScavengeSurvive/scriptfiles/maps/COLFIX/FIX_LV_2.map	Southclaws--ScavengeSurvive-source.zip	1090158a53e800b1e513baecaa8f1cf52e4817f3a593639dfdd3f382db7fa58e
Southclaws/ScavengeSurvive	399ba8e8fd164243b32fb694f4bb6ce37fe40c35	.references/pawn/gamemodes/Southclaws--ScavengeSurvive/scriptfiles/maps/COLFIX/FIX_BC_Ghost_1.map	Southclaws--ScavengeSurvive-source.zip	f6cd61e807b6f74df1763fa301d4369c5ac6d4b4224428a6b2e34bd3c58c0033
Southclaws/ScavengeSurvive	399ba8e8fd164243b32fb694f4bb6ce37fe40c35	.references/pawn/gamemodes/Southclaws--ScavengeSurvive/scriptfiles/maps/COLFIX/FIX_LS_City1_1.map	Southclaws--ScavengeSurvive-source.zip	691c7c92322b15f470c3a0fd600880eb546a76549be0b8942f3cbe353c7ddf0e
Southclaws/ScavengeSurvive	399ba8e8fd164243b32fb694f4bb6ce37fe40c35	.references/pawn/gamemodes/Southclaws--ScavengeSurvive/scriptfiles/maps/COLFIX/FIX_SF_13.map	Southclaws--ScavengeSurvive-source.zip	87802747aaaedf628137dc46286f78b904520ed9831ca6bb8e9d2b5728528842
Southclaws/ScavengeSurvive	399ba8e8fd164243b32fb694f4bb6ce37fe40c35	.references/pawn/gamemodes/Southclaws--ScavengeSurvive/scriptfiles/maps/COLFIX/FIX_LV_5.map	Southclaws--ScavengeSurvive-source.zip	e7cdbe67bb2f8a49e9f9a93890dd329cad7c8f9d1265a86efd77ae91ad481004
Southclaws/ScavengeSurvive	399ba8e8fd164243b32fb694f4bb6ce37fe40c35	.references/pawn/gamemodes/Southclaws--ScavengeSurvive/scriptfiles/maps/COLFIX/FIX_LV_Housing3_2.map	Southclaws--ScavengeSurvive-source.zip	e527ab96819e50457aa7588ff09c4fdbd1d172adf4471fb7b44f3166208e937c
Southclaws/ScavengeSurvive	399ba8e8fd164243b32fb694f4bb6ce37fe40c35	.references/pawn/gamemodes/Southclaws--ScavengeSurvive/scriptfiles/maps/COLFIX/FIX_LS_7.map	Southclaws--ScavengeSurvive-source.zip	91a9e76f18d9782a4c1f01af5025d85a6b4e65023c80a25dccde48434170cf5f
Southclaws/ScavengeSurvive	399ba8e8fd164243b32fb694f4bb6ce37fe40c35	.references/pawn/gamemodes/Southclaws--ScavengeSurvive/scriptfiles/maps/COLFIX/FIX_LS_CIty2_7.map	Southclaws--ScavengeSurvive-source.zip	ac7e5d2ba1e00cc80bf508852a989b48b0588de1f2a047834d0e5c4b1430bbf4
Southclaws/ScavengeSurvive	399ba8e8fd164243b32fb694f4bb6ce37fe40c35	.references/pawn/gamemodes/Southclaws--ScavengeSurvive/scriptfiles/maps/COLFIX/FIX_LS_City3_1.map	Southclaws--ScavengeSurvive-source.zip	10715a87d8422e1224b7f18aef499cc368e70e5dd494dbd4580be71e8b398116
Southclaws/ScavengeSurvive	399ba8e8fd164243b32fb694f4bb6ce37fe40c35	.references/pawn/gamemodes/Southclaws--ScavengeSurvive/scriptfiles/maps/COLFIX/FIX_LV_1.map	Southclaws--ScavengeSurvive-source.zip	151dd22031136ce9fcf419e227ac960fbe19b001f6adebb0fcc3a71108e9d74d
Southclaws/ScavengeSurvive	399ba8e8fd164243b32fb694f4bb6ce37fe40c35	.references/pawn/gamemodes/Southclaws--ScavengeSurvive/scriptfiles/maps/COLFIX/FIX_TR_2.map	Southclaws--ScavengeSurvive-source.zip	c4dce57a8d4705addbbde5cf42adde4d3a1fe6696be7e73150785f4793883b20
Southclaws/ScavengeSurvive	399ba8e8fd164243b32fb694f4bb6ce37fe40c35	.references/pawn/gamemodes/Southclaws--ScavengeSurvive/scriptfiles/maps/COLFIX/FIX_FC_4.map	Southclaws--ScavengeSurvive-source.zip	de9a0c0e3e57143d0aa6f934755317e7aabe799368a229ef72f09c046ad7572d
Southclaws/ScavengeSurvive	399ba8e8fd164243b32fb694f4bb6ce37fe40c35	.references/pawn/gamemodes/Southclaws--ScavengeSurvive/scriptfiles/maps/COLFIX/FIX_FC_2.map	Southclaws--ScavengeSurvive-source.zip	b26ed6c48e963da1456cc7bc77ba4f03304d1d55641613c1769058d04ef834ee
Southclaws/ScavengeSurvive	399ba8e8fd164243b32fb694f4bb6ce37fe40c35	.references/pawn/gamemodes/Southclaws--ScavengeSurvive/scriptfiles/maps/COLFIX/FIX_LS_9.map	Southclaws--ScavengeSurvive-source.zip	d18f899f54263f81b5052aed6b3b6f3c7af5730aa3470658f3e6398b522b11a3
Southclaws/ScavengeSurvive	399ba8e8fd164243b32fb694f4bb6ce37fe40c35	.references/pawn/gamemodes/Southclaws--ScavengeSurvive/scriptfiles/maps/COLFIX/FIX_LV_Strip_2.map	Southclaws--ScavengeSurvive-source.zip	e8a7cb6d60cbdd0d211201e04f270db562ae66041b4f36211f2149af373d60ac
Southclaws/ScavengeSurvive	399ba8e8fd164243b32fb694f4bb6ce37fe40c35	.references/pawn/gamemodes/Southclaws--ScavengeSurvive/scriptfiles/maps/COLFIX/FIX_LV_Strip_5.map	Southclaws--ScavengeSurvive-source.zip	10382354a516d639f372ef1c7130963ee932aa3d0312b6f142ab1a963af41ead
Southclaws/ScavengeSurvive	399ba8e8fd164243b32fb694f4bb6ce37fe40c35	.references/pawn/gamemodes/Southclaws--ScavengeSurvive/scriptfiles/maps/COLFIX/FIX_LS_3.map	Southclaws--ScavengeSurvive-source.zip	cafd5b21b6d858ad98d7dafbcc53a799eebac9bfbd2e11e87cdce49289598c22
Southclaws/ScavengeSurvive	399ba8e8fd164243b32fb694f4bb6ce37fe40c35	.references/pawn/gamemodes/Southclaws--ScavengeSurvive/scriptfiles/maps/COLFIX/FIX_SF_City2_3.map	Southclaws--ScavengeSurvive-source.zip	6734e4a7fb9331a5b962cf1a23407d40e9de9a528d8ec236e320d4966eeee4bb
Southclaws/ScavengeSurvive	399ba8e8fd164243b32fb694f4bb6ce37fe40c35	.references/pawn/gamemodes/Southclaws--ScavengeSurvive/scriptfiles/maps/COLFIX/FIX_SF_City2_2.map	Southclaws--ScavengeSurvive-source.zip	74ac9a00ae6698f2326d017c2e294a4ad500b900e2a90dd223e0666fdac4e213
Southclaws/ScavengeSurvive	399ba8e8fd164243b32fb694f4bb6ce37fe40c35	.references/pawn/gamemodes/Southclaws--ScavengeSurvive/scriptfiles/maps/COLFIX/FIX_LV_Housing3_1.map	Southclaws--ScavengeSurvive-source.zip	7887db3324287c42d9de839ec6a3de096f0cc96f916e78c851127c864b298e64
Southclaws/ScavengeSurvive	399ba8e8fd164243b32fb694f4bb6ce37fe40c35	.references/pawn/gamemodes/Southclaws--ScavengeSurvive/scriptfiles/maps/COLFIX/FIX_LS_Housing1_1.map	Southclaws--ScavengeSurvive-source.zip	48be2c6ab57daeafc84f7f8d0e8876b7e73330e27ae86275bc49be88ddf6eccd
Southclaws/ScavengeSurvive	399ba8e8fd164243b32fb694f4bb6ce37fe40c35	.references/pawn/gamemodes/Southclaws--ScavengeSurvive/scriptfiles/maps/COLFIX/FIX_SF_4.map	Southclaws--ScavengeSurvive-source.zip	4e29b5eb1a0b93bd1c41eb1489f45512beefe3ae727fb48eca4562721bf8a954
Southclaws/ScavengeSurvive	399ba8e8fd164243b32fb694f4bb6ce37fe40c35	.references/pawn/gamemodes/Southclaws--ScavengeSurvive/scriptfiles/maps/COLFIX/FIX_LV_4.map	Southclaws--ScavengeSurvive-source.zip	97d728852dd8c6d59263cefc76e0480df329e5fa19efd76698a634d253ec7e2e
Southclaws/ScavengeSurvive	399ba8e8fd164243b32fb694f4bb6ce37fe40c35	.references/pawn/gamemodes/Southclaws--ScavengeSurvive/scriptfiles/maps/COLFIX/FIX_FC_1.map	Southclaws--ScavengeSurvive-source.zip	a7e2965db1aa0521494ea63098b26badef55351d71f8df945af3d4c2f0b26e01
Southclaws/ScavengeSurvive	399ba8e8fd164243b32fb694f4bb6ce37fe40c35	.references/pawn/gamemodes/Southclaws--ScavengeSurvive/scriptfiles/maps/COLFIX/FIX_SF_6.map	Southclaws--ScavengeSurvive-source.zip	2ff3360e42904e0bb4af52d4d03ba5330d70e0d13687563652ba4b83004a3be3
Southclaws/ScavengeSurvive	399ba8e8fd164243b32fb694f4bb6ce37fe40c35	.references/pawn/gamemodes/Southclaws--ScavengeSurvive/scriptfiles/maps/COLFIX/FIX_SF_7.map	Southclaws--ScavengeSurvive-source.zip	c84f5431d2d3666d1f61e25910e414c462ca489b40d907196d6b8aa8c06beacc
Southclaws/ScavengeSurvive	399ba8e8fd164243b32fb694f4bb6ce37fe40c35	.references/pawn/gamemodes/Southclaws--ScavengeSurvive/scriptfiles/maps/COLFIX/FIX_LS_Industrial_1.map	Southclaws--ScavengeSurvive-source.zip	56fc740595b46835876c3202aef4fe31cf5dd759c712c6560d1041df0b23ff17
Southclaws/ScavengeSurvive	399ba8e8fd164243b32fb694f4bb6ce37fe40c35	.references/pawn/gamemodes/Southclaws--ScavengeSurvive/scriptfiles/maps/COLFIX/FIX_SF_1.map	Southclaws--ScavengeSurvive-source.zip	994b4979c419d7fb5dde5da23a0bace3617784d6f5a12cfda8d5b8e5bdec5a30
Southclaws/ScavengeSurvive	399ba8e8fd164243b32fb694f4bb6ce37fe40c35	.references/pawn/gamemodes/Southclaws--ScavengeSurvive/scriptfiles/maps/COLFIX/FIX_SF_9.map	Southclaws--ScavengeSurvive-source.zip	bef45344edde474e9c155c52ce71a9d06d137f982dcdf272e68413caa3c70d21
Southclaws/ScavengeSurvive	399ba8e8fd164243b32fb694f4bb6ce37fe40c35	.references/pawn/gamemodes/Southclaws--ScavengeSurvive/scriptfiles/maps/COLFIX/FIX_RC_3.map	Southclaws--ScavengeSurvive-source.zip	7ddfd90bf0a64bf2912d435859a49fecb9dbaa48485de4e9875e2e3409986588
Southclaws/ScavengeSurvive	399ba8e8fd164243b32fb694f4bb6ce37fe40c35	.references/pawn/gamemodes/Southclaws--ScavengeSurvive/scriptfiles/maps/COLFIX/FIX_BC_Carson_1.map	Southclaws--ScavengeSurvive-source.zip	a98e19c90e290fa586da3be552ae45109830569447a420e49ce1ab109c26c11f
Southclaws/ScavengeSurvive	399ba8e8fd164243b32fb694f4bb6ce37fe40c35	.references/pawn/gamemodes/Southclaws--ScavengeSurvive/scriptfiles/maps/COLFIX/FIX_LS_Housing3_1.map	Southclaws--ScavengeSurvive-source.zip	1d99c3504e0ea3138628ac325831004e317a453997a3d08cc208f5fc6c956b0a
Southclaws/ScavengeSurvive	399ba8e8fd164243b32fb694f4bb6ce37fe40c35	.references/pawn/gamemodes/Southclaws--ScavengeSurvive/scriptfiles/maps/COLFIX/FIX_LV_7.map	Southclaws--ScavengeSurvive-source.zip	11c726414155b9116cedd12f08d59d7e679cd07280c477e2d9f217a18608cff6
Southclaws/ScavengeSurvive	399ba8e8fd164243b32fb694f4bb6ce37fe40c35	.references/pawn/gamemodes/Southclaws--ScavengeSurvive/scriptfiles/maps/COLFIX/FIX_LS_City3_3.map	Southclaws--ScavengeSurvive-source.zip	52f49d44c36115831441441316d5a90fdb5cf76ade4926141fc3e3348c692306
Southclaws/ScavengeSurvive	399ba8e8fd164243b32fb694f4bb6ce37fe40c35	.references/pawn/gamemodes/Southclaws--ScavengeSurvive/scriptfiles/maps/COLFIX/FIX_RC_2.map	Southclaws--ScavengeSurvive-source.zip	ba2b4c7f35ce1fae188b29def35ae685f32389e54b4f7273202ca3c826a6395d
Southclaws/ScavengeSurvive	399ba8e8fd164243b32fb694f4bb6ce37fe40c35	.references/pawn/gamemodes/Southclaws--ScavengeSurvive/scriptfiles/maps/COLFIX/FIX_SF_10.map	Southclaws--ScavengeSurvive-source.zip	795fe15bee9602fe941ac25f1a5342c6082deb0588f13e5346e330fe0492ef8c
Southclaws/ScavengeSurvive	399ba8e8fd164243b32fb694f4bb6ce37fe40c35	.references/pawn/gamemodes/Southclaws--ScavengeSurvive/scriptfiles/maps/COLFIX/FIX_SF_3.map	Southclaws--ScavengeSurvive-source.zip	ce9557845ededab89f9d56b410a1b936080f9a2d78f283e66c3c3f7aa70eeb09
Southclaws/ScavengeSurvive	399ba8e8fd164243b32fb694f4bb6ce37fe40c35	.references/pawn/gamemodes/Southclaws--ScavengeSurvive/scriptfiles/maps/COLFIX/FIX_SF_5.map	Southclaws--ScavengeSurvive-source.zip	16cfc4714bc6e709b9439aa19a8f1c2758ab3d6b2ee0fd4f7f2afc3f79942407
Southclaws/ScavengeSurvive	399ba8e8fd164243b32fb694f4bb6ce37fe40c35	.references/pawn/gamemodes/Southclaws--ScavengeSurvive/scriptfiles/maps/COLFIX/FIX_FC_3.map	Southclaws--ScavengeSurvive-source.zip	a903cd89fa646d157b01d3fca8452ebf8cde963d0d4deeea04503f92fda3fbfb
Southclaws/ScavengeSurvive	399ba8e8fd164243b32fb694f4bb6ce37fe40c35	.references/pawn/gamemodes/Southclaws--ScavengeSurvive/scriptfiles/maps/COLFIX/FIX_LV_Strip_4.map	Southclaws--ScavengeSurvive-source.zip	38cae37a1d328cfe00361cf850283d47a16f983e3de57ad5ecd17a1995f1dc2f
Southclaws/ScavengeSurvive	399ba8e8fd164243b32fb694f4bb6ce37fe40c35	.references/pawn/gamemodes/Southclaws--ScavengeSurvive/scriptfiles/maps/COLFIX/FIX_LS_5.map	Southclaws--ScavengeSurvive-source.zip	bac4f99bee6f90f68408b5099186c96e815eb8fd64ffb27cdc5e6890e2fa8f6d
Southclaws/ScavengeSurvive	399ba8e8fd164243b32fb694f4bb6ce37fe40c35	.references/pawn/gamemodes/Southclaws--ScavengeSurvive/scriptfiles/maps/COLFIX/FIX_LS_CIty2_2.map	Southclaws--ScavengeSurvive-source.zip	4aa9f98547ee64971b6927d2e3d7bddbc712e405f308996da27753fda0db4bf4
Southclaws/ScavengeSurvive	399ba8e8fd164243b32fb694f4bb6ce37fe40c35	.references/pawn/gamemodes/Southclaws--ScavengeSurvive/scriptfiles/maps/COLFIX/FIX_LV_City2_5.map	Southclaws--ScavengeSurvive-source.zip	a9e23c164cc48d5df555a6d5da9477bcdb8510658b99c7d8db734c6be943d7d3
Southclaws/ScavengeSurvive	399ba8e8fd164243b32fb694f4bb6ce37fe40c35	.references/pawn/gamemodes/Southclaws--ScavengeSurvive/scriptfiles/maps/COLFIX/FIX_BC_1.map	Southclaws--ScavengeSurvive-source.zip	8557de19e4a2ab95c3718820bd38b639d6fd18b1dacc6de17ef1363bfbc4d354
Southclaws/ScavengeSurvive	399ba8e8fd164243b32fb694f4bb6ce37fe40c35	.references/pawn/gamemodes/Southclaws--ScavengeSurvive/scriptfiles/maps/COLFIX/FIX_BC_Carson_2.map	Southclaws--ScavengeSurvive-source.zip	ee524cf522a97e3becd25f439f6bcb9b68caeddcf13ee8ebb99cf052b14fdf0f
Southclaws/ScavengeSurvive	399ba8e8fd164243b32fb694f4bb6ce37fe40c35	.references/pawn/gamemodes/Southclaws--ScavengeSurvive/scriptfiles/maps/COLFIX/FIX_LS_CIty2_1.map	Southclaws--ScavengeSurvive-source.zip	90cc272d3435604b095d147f88584e55e073139faebc964c12eab3753048a982
Southclaws/ScavengeSurvive	399ba8e8fd164243b32fb694f4bb6ce37fe40c35	.references/pawn/gamemodes/Southclaws--ScavengeSurvive/scriptfiles/maps/COLFIX/FIX_LS_4.map	Southclaws--ScavengeSurvive-source.zip	6aab8c71f0293a764d3898b3021b6b7e563355f769e00ba09dfa311aaede69f6
Southclaws/ScavengeSurvive	399ba8e8fd164243b32fb694f4bb6ce37fe40c35	.references/pawn/gamemodes/Southclaws--ScavengeSurvive/scriptfiles/maps/COLFIX/FIX_SF_11.map	Southclaws--ScavengeSurvive-source.zip	3d3e0c3a47d50235bf228611f298929e61d003e4de05162f593c80bd6ab65781
Southclaws/ScavengeSurvive	399ba8e8fd164243b32fb694f4bb6ce37fe40c35	.references/pawn/gamemodes/Southclaws--ScavengeSurvive/scriptfiles/maps/COLFIX/FIX_LV_6.map	Southclaws--ScavengeSurvive-source.zip	c972aac734269acf0ab91ffa30125d76fff4182a78b95fa7dc98a268edc26325
Southclaws/ScavengeSurvive	399ba8e8fd164243b32fb694f4bb6ce37fe40c35	.references/pawn/gamemodes/Southclaws--ScavengeSurvive/scriptfiles/maps/COLFIX/FIX_LS_City3_2.map	Southclaws--ScavengeSurvive-source.zip	7ae5087cba9a6c65e464882727177d19a60d6adab36aba183ff5ba06ffd48264
Southclaws/ScavengeSurvive	399ba8e8fd164243b32fb694f4bb6ce37fe40c35	.references/pawn/gamemodes/Southclaws--ScavengeSurvive/scriptfiles/maps/COLFIX/FIX_LV_Airport_1.map	Southclaws--ScavengeSurvive-source.zip	6a81fdb7577cdc964df123fc0bb11b29ff8140a57c9ef91d884cea3bb2c6f2bd
Southclaws/ScavengeSurvive	399ba8e8fd164243b32fb694f4bb6ce37fe40c35	.references/pawn/gamemodes/Southclaws--ScavengeSurvive/scriptfiles/maps/COLFIX/FIX_LS_2.map	Southclaws--ScavengeSurvive-source.zip	4c263da695c0fb2076d38be9c1d39ddb6b15a7c4958c35f4e9a6310681e60faf
Southclaws/ScavengeSurvive	399ba8e8fd164243b32fb694f4bb6ce37fe40c35	.references/pawn/gamemodes/Southclaws--ScavengeSurvive/scriptfiles/maps/COLFIX/FIX_LS_1.map	Southclaws--ScavengeSurvive-source.zip	64ffb0fe851d1d763aec6601bfe6bc628a1f929af3d3b895f711e71ec20ea794
Southclaws/ScavengeSurvive	399ba8e8fd164243b32fb694f4bb6ce37fe40c35	.references/pawn/gamemodes/Southclaws--ScavengeSurvive/scriptfiles/maps/COLFIX/FIX_LV_City2_6.map	Southclaws--ScavengeSurvive-source.zip	6aa37ea93d615aef43cb99e7fd51306232ac5ec83e512efb2f16a900a3608ad2
Southclaws/ScavengeSurvive	399ba8e8fd164243b32fb694f4bb6ce37fe40c35	.references/pawn/gamemodes/Southclaws--ScavengeSurvive/scriptfiles/maps/TR/Fort Myst.map	Southclaws--ScavengeSurvive-source.zip	fe2a5639ccf994e2a89dea451e0ec60a06804c9b41f305231d429eec781a57b7
Southclaws/ScavengeSurvive	399ba8e8fd164243b32fb694f4bb6ce37fe40c35	.references/pawn/gamemodes/Southclaws--ScavengeSurvive/scriptfiles/maps/TR/ElQuebrados.map	Southclaws--ScavengeSurvive-source.zip	31e5514bbc485aac0c03df85c433974cc72a8c7784342db14fec53af6c610cac
Southclaws/ScavengeSurvive	399ba8e8fd164243b32fb694f4bb6ce37fe40c35	.references/pawn/gamemodes/Southclaws--ScavengeSurvive/scriptfiles/maps/TR/BcBridgeBlockaid.map	Southclaws--ScavengeSurvive-source.zip	a891ca6cb38c6454325baa70698ecf1675da1f1ab4d611c35e75a7f95bdc1783
Southclaws/ScavengeSurvive	399ba8e8fd164243b32fb694f4bb6ce37fe40c35	.references/pawn/gamemodes/Southclaws--ScavengeSurvive/scriptfiles/maps/TR/FortCarssonBridge.map	Southclaws--ScavengeSurvive-source.zip	5ffa57091d7a1c04cd48320693514cdecac9d472f1a4716f3932434642014db9
Southclaws/ScavengeSurvive	399ba8e8fd164243b32fb694f4bb6ce37fe40c35	.references/pawn/gamemodes/Southclaws--ScavengeSurvive/scriptfiles/maps/TR/LindenSideJunk.map	Southclaws--ScavengeSurvive-source.zip	11d9b8d0e87de1a46c76acb80931e5bbd051391de0aa47b745863c2efec8464f
Southclaws/ScavengeSurvive	399ba8e8fd164243b32fb694f4bb6ce37fe40c35	.references/pawn/gamemodes/Southclaws--ScavengeSurvive/scriptfiles/maps/TR/BaysideFoliage.map	Southclaws--ScavengeSurvive-source.zip	a7b0aad23c07688ae39456f75afda221277cb05282dcab5e00b06c3ff9774753
Southclaws/ScavengeSurvive	399ba8e8fd164243b32fb694f4bb6ce37fe40c35	.references/pawn/gamemodes/Southclaws--ScavengeSurvive/scriptfiles/maps/TR/Barrancas.map	Southclaws--ScavengeSurvive-source.zip	49a1ce90b8dbccbbb214c730ba5281f14b3b9e2451337ae9d51cf349fd5ac183
Southclaws/ScavengeSurvive	399ba8e8fd164243b32fb694f4bb6ce37fe40c35	.references/pawn/gamemodes/Southclaws--ScavengeSurvive/scriptfiles/maps/TR/TRCliffStuff.map	Southclaws--ScavengeSurvive-source.zip	82f349605655f64f3ceabcef78749c0ff67a43a851cfb26f7927b88de8a4caf9
Southclaws/ScavengeSurvive	399ba8e8fd164243b32fb694f4bb6ce37fe40c35	.references/pawn/gamemodes/Southclaws--ScavengeSurvive/scriptfiles/maps/TR/DamBlockaid.map	Southclaws--ScavengeSurvive-source.zip	05cb363a696da8ba726abc0bf96c3f6a814c2ffdfc0584b49a8a16dfe5f5e3e1
Southclaws/ScavengeSurvive	399ba8e8fd164243b32fb694f4bb6ce37fe40c35	.references/pawn/gamemodes/Southclaws--ScavengeSurvive/scriptfiles/maps/LV/LVHighwayBridgeWestJunk.map	Southclaws--ScavengeSurvive-source.zip	e8dd2af180dd1cec9d1ed85fa92a3c5d9ab0e209516038f7f2623740adb27ddc
Southclaws/ScavengeSurvive	399ba8e8fd164243b32fb694f4bb6ce37fe40c35	.references/pawn/gamemodes/Southclaws--ScavengeSurvive/scriptfiles/maps/LV/LV West Back Alley.map	Southclaws--ScavengeSurvive-source.zip	957b65ce6e946155dde70307960917e6db368c9f23412c1dc443ac494e5251fb
Southclaws/ScavengeSurvive	399ba8e8fd164243b32fb694f4bb6ce37fe40c35	.references/pawn/gamemodes/Southclaws--ScavengeSurvive/scriptfiles/maps/LV/StripSouthJunk.map	Southclaws--ScavengeSurvive-source.zip	f410f5d308e55b6354689a294154630b6b3192b01e982fc02188acc68b20c409
Southclaws/ScavengeSurvive	399ba8e8fd164243b32fb694f4bb6ce37fe40c35	.references/pawn/gamemodes/Southclaws--ScavengeSurvive/scriptfiles/maps/LV/NorthLevelCrossingBlock.map	Southclaws--ScavengeSurvive-source.zip	266d1917524c231a50f9d6ef017e212d499e090b70a84409e2cafa01f673ca7a
Southclaws/ScavengeSurvive	399ba8e8fd164243b32fb694f4bb6ce37fe40c35	.references/pawn/gamemodes/Southclaws--ScavengeSurvive/scriptfiles/maps/LV/Houses.map	Southclaws--ScavengeSurvive-source.zip	be762c9554e8cdad5c669020ffa07489549afce3e695b6dbf5d1af8021d2cc93
Southclaws/ScavengeSurvive	399ba8e8fd164243b32fb694f4bb6ce37fe40c35	.references/pawn/gamemodes/Southclaws--ScavengeSurvive/scriptfiles/maps/LV/colfixes.map	Southclaws--ScavengeSurvive-source.zip	a6b30275c2231c9d78ae3f749a20713d79f8ce1b6a284cf4952cc20b84970148
Southclaws/ScavengeSurvive	399ba8e8fd164243b32fb694f4bb6ce37fe40c35	.references/pawn/gamemodes/Southclaws--ScavengeSurvive/scriptfiles/maps/LV/-SS-LV-Edit.mtamap	Southclaws--ScavengeSurvive-source.zip	efb06b90a0499c9957f1c611c1bbd0bd70f513250e1ffecb273f679fe055dfe8
Southclaws/ScavengeSurvive	399ba8e8fd164243b32fb694f4bb6ce37fe40c35	.references/pawn/gamemodes/Southclaws--ScavengeSurvive/scriptfiles/maps/LV/LVAirPortJunk.map	Southclaws--ScavengeSurvive-source.zip	93f95a84828d72957c41b07ff05e440334407699ce527b5ea491d28a5be54f11
Southclaws/ScavengeSurvive	399ba8e8fd164243b32fb694f4bb6ce37fe40c35	.references/pawn/gamemodes/Southclaws--ScavengeSurvive/scriptfiles/maps/LV/ComeAlotRoofStuffDONE.map	Southclaws--ScavengeSurvive-source.zip	f1e83a977089e96d1a99a64f182b2c78b9b9ac00a49f3f12bfb9ed26fcf0b783
Southclaws/ScavengeSurvive	399ba8e8fd164243b32fb694f4bb6ce37fe40c35	.references/pawn/gamemodes/Southclaws--ScavengeSurvive/scriptfiles/maps/LV/KACC.map	Southclaws--ScavengeSurvive-source.zip	c0a72fe643e3ac91cca898ab30e3b6b2ec7be69ff668848ed74c3194f241bdee
Southclaws/ScavengeSurvive	399ba8e8fd164243b32fb694f4bb6ce37fe40c35	.references/pawn/gamemodes/Southclaws--ScavengeSurvive/scriptfiles/maps/LV/LvRemovalOgSign.map	Southclaws--ScavengeSurvive-source.zip	371d7d0da811dc32f6f4e31957a53618315e7e307705a71994ba03ce0d755f4d
Southclaws/ScavengeSurvive	399ba8e8fd164243b32fb694f4bb6ce37fe40c35	.references/pawn/gamemodes/Southclaws--ScavengeSurvive/scriptfiles/maps/LV/Dogmeat.map	Southclaws--ScavengeSurvive-source.zip	99ca206d70f999d48f3fa0afa13091212c446482e311648d4a9302ccbbd72ffa
Southclaws/ScavengeSurvive	399ba8e8fd164243b32fb694f4bb6ce37fe40c35	.references/pawn/gamemodes/Southclaws--ScavengeSurvive/scriptfiles/maps/LS/LSdocksBridgeBlock.map	Southclaws--ScavengeSurvive-source.zip	977d0355a310f4faccc4c4d1609d62d6ddb43fc8c91a8d1d14d2957070de3842
Southclaws/ScavengeSurvive	399ba8e8fd164243b32fb694f4bb6ce37fe40c35	.references/pawn/gamemodes/Southclaws--ScavengeSurvive/scriptfiles/maps/LS/LSApartments1.map	Southclaws--ScavengeSurvive-source.zip	8223712aeeff3bf211f44997c8fec48a66970d49a04485848d809fc5afa6d08d
Southclaws/ScavengeSurvive	399ba8e8fd164243b32fb694f4bb6ce37fe40c35	.references/pawn/gamemodes/Southclaws--ScavengeSurvive/scriptfiles/maps/LS/LSAirPortJunk.map	Southclaws--ScavengeSurvive-source.zip	5c646d3a656471c75ee8e613cf471f3b59928708fbb26be3c8c16356c549eeee
Southclaws/ScavengeSurvive	399ba8e8fd164243b32fb694f4bb6ce37fe40c35	.references/pawn/gamemodes/Southclaws--ScavengeSurvive/scriptfiles/maps/LS/NorthCrossroadJunk.map	Southclaws--ScavengeSurvive-source.zip	f6785b571a34b185cbfe9929061e4a865454f3c4b8e4a56f252872e20fcfbb78
Southclaws/ScavengeSurvive	399ba8e8fd164243b32fb694f4bb6ce37fe40c35	.references/pawn/gamemodes/Southclaws--ScavengeSurvive/scriptfiles/maps/LS/Beachside.map	Southclaws--ScavengeSurvive-source.zip	f4ea06a962ad1c98ba59643caf26311e1cdaed2181b3618b48ae9bc29462ace9
Southclaws/ScavengeSurvive	399ba8e8fd164243b32fb694f4bb6ce37fe40c35	.references/pawn/gamemodes/Southclaws--ScavengeSurvive/scriptfiles/maps/LS/LSdocksBlock3.map	Southclaws--ScavengeSurvive-source.zip	71ec7acb225a11ad0bf8e97e14faaa2724535614d04833b8f2f6671fc316e285
Southclaws/ScavengeSurvive	399ba8e8fd164243b32fb694f4bb6ce37fe40c35	.references/pawn/gamemodes/Southclaws--ScavengeSurvive/scriptfiles/maps/LS/Prison.map	Southclaws--ScavengeSurvive-source.zip	d4ddac20fb255541325b40185c2e2c1e37b769b1854e90d1d88da58cb8ef97b8
Southclaws/ScavengeSurvive	399ba8e8fd164243b32fb694f4bb6ce37fe40c35	.references/pawn/gamemodes/Southclaws--ScavengeSurvive/scriptfiles/maps/LS/LasColinasJP.map	Southclaws--ScavengeSurvive-source.zip	6b77deb3c55621a8cb6596e39d9f9349e86309b3128a16fdf45db79c28c72fc5
Southclaws/ScavengeSurvive	399ba8e8fd164243b32fb694f4bb6ce37fe40c35	.references/pawn/gamemodes/Southclaws--ScavengeSurvive/scriptfiles/maps/LS/DocksBuildingNorth.map	Southclaws--ScavengeSurvive-source.zip	dbed5e0fda6eda04a8c89d753a76524ca815896652af88769fc113a1173475e4
Southclaws/ScavengeSurvive	399ba8e8fd164243b32fb694f4bb6ce37fe40c35	.references/pawn/gamemodes/Southclaws--ScavengeSurvive/scriptfiles/maps/LS/WellsFargo.map	Southclaws--ScavengeSurvive-source.zip	be5a5fe54fa53f3ea59bbfb537b8742e68801445eda9f4046861c3f08dd8c5d0
Southclaws/ScavengeSurvive	399ba8e8fd164243b32fb694f4bb6ce37fe40c35	.references/pawn/gamemodes/Southclaws--ScavengeSurvive/scriptfiles/maps/LS/Houses.map	Southclaws--ScavengeSurvive-source.zip	a7edad92a122663d9ccc4a7deaea37a0d7cd1533f9ac3dca250aaead118eff23
Southclaws/ScavengeSurvive	399ba8e8fd164243b32fb694f4bb6ce37fe40c35	.references/pawn/gamemodes/Southclaws--ScavengeSurvive/scriptfiles/maps/LS/colfixes.map	Southclaws--ScavengeSurvive-source.zip	0af9603c615f1be277f1d52878e8747c2820e701f65144263cd5a6ecf171c11c
Southclaws/ScavengeSurvive	399ba8e8fd164243b32fb694f4bb6ce37fe40c35	.references/pawn/gamemodes/Southclaws--ScavengeSurvive/scriptfiles/maps/LS/LSBackAlleyJunkFIXED.map	Southclaws--ScavengeSurvive-source.zip	63f7469acced8b836709bb899fe1b146d85ca961b39de5a263244ba643c9fead
Southclaws/ScavengeSurvive	399ba8e8fd164243b32fb694f4bb6ce37fe40c35	.references/pawn/gamemodes/Southclaws--ScavengeSurvive/scriptfiles/maps/LS/LSdocksBlock2.map	Southclaws--ScavengeSurvive-source.zip	f466199d9a4d99952d0d2fd87c22acab7e2af032a141b8206f61c352f18edd25
Southclaws/ScavengeSurvive	399ba8e8fd164243b32fb694f4bb6ce37fe40c35	.references/pawn/gamemodes/Southclaws--ScavengeSurvive/scriptfiles/maps/LS/LSHouses2FIXED.map	Southclaws--ScavengeSurvive-source.zip	6d26afaa989c6d31c25c3d1c2bd178cb9abc8dfb1b226d9f22b1214b5ff6635b
Southclaws/ScavengeSurvive	399ba8e8fd164243b32fb694f4bb6ce37fe40c35	.references/pawn/gamemodes/Southclaws--ScavengeSurvive/scriptfiles/maps/LS/LSHouses1FIXED.map	Southclaws--ScavengeSurvive-source.zip	14e0fdba114e90644a2e62f0471021a56af6916beedf9d003d014492f83627bb
Southclaws/ScavengeSurvive	399ba8e8fd164243b32fb694f4bb6ce37fe40c35	.references/pawn/gamemodes/Southclaws--ScavengeSurvive/scriptfiles/maps/LS/Fort Defiance.map	Southclaws--ScavengeSurvive-source.zip	b0779418680fa456142bcdf4a859f3968fab94317b0d1f5118c7972d7952896b
Southclaws/ScavengeSurvive	399ba8e8fd164243b32fb694f4bb6ce37fe40c35	.references/pawn/gamemodes/Southclaws--ScavengeSurvive/scriptfiles/maps/LS/LA Map.txt	Southclaws--ScavengeSurvive-source.zip	f1459d4809029c558805f921efc175f10d2a0d294f6f924fc6abac7ee3da9256
Southclaws/ScavengeSurvive	399ba8e8fd164243b32fb694f4bb6ce37fe40c35	.references/pawn/gamemodes/Southclaws--ScavengeSurvive/scriptfiles/maps/LS/DowntownJP.map	Southclaws--ScavengeSurvive-source.zip	8d5f4519cfcd5e98b01567a210c53ffeebcc5c09d72d05dcdd74a496c47ec9a7
Southclaws/ScavengeSurvive	399ba8e8fd164243b32fb694f4bb6ce37fe40c35	.references/pawn/gamemodes/Southclaws--ScavengeSurvive/scriptfiles/maps/FC/Shipwreck.map	Southclaws--ScavengeSurvive-source.zip	eca80428868ea7b08dc38822af453289f51035f096c1b9ddb0a14db16e3f5b2d
Southclaws/ScavengeSurvive	399ba8e8fd164243b32fb694f4bb6ce37fe40c35	.references/pawn/gamemodes/Southclaws--ScavengeSurvive/scriptfiles/maps/FC/AngelPineCabin.map	Southclaws--ScavengeSurvive-source.zip	50f1005b8bf6b2c919dcee486b2aedb1884b2eff85eb31e6c3e5302c3dfc5733
Southclaws/ScavengeSurvive	399ba8e8fd164243b32fb694f4bb6ce37fe40c35	.references/pawn/gamemodes/Southclaws--ScavengeSurvive/scriptfiles/maps/FC/Chilliad1.map	Southclaws--ScavengeSurvive-source.zip	dced47b12c1d688fd88da28ae17e1a13db925d769938603aef161c980019ea25
Southclaws/ScavengeSurvive	399ba8e8fd164243b32fb694f4bb6ce37fe40c35	.references/pawn/gamemodes/Southclaws--ScavengeSurvive/scriptfiles/maps/FC/Farm Place.map	Southclaws--ScavengeSurvive-source.zip	42b91dec973d02b96a5651225e34b1ccc18ac4619e5b831cb4c1cb90c835d1fa
Southclaws/ScavengeSurvive	399ba8e8fd164243b32fb694f4bb6ce37fe40c35	.references/pawn/gamemodes/Southclaws--ScavengeSurvive/scriptfiles/maps/FC/Leafy Hollow.map	Southclaws--ScavengeSurvive-source.zip	4707bdc563f556ae11e7e08998b256d8a832c5642468897830ee3a01fa5c565d
Southclaws/ScavengeSurvive	399ba8e8fd164243b32fb694f4bb6ce37fe40c35	.references/pawn/gamemodes/Southclaws--ScavengeSurvive/scriptfiles/maps/FC/ChilliadSheds.map	Southclaws--ScavengeSurvive-source.zip	623db3c45f256c564dc52e4d5212ecefec31aee7ecb30392089ce6c11775a438
Southclaws/ScavengeSurvive	399ba8e8fd164243b32fb694f4bb6ce37fe40c35	.references/pawn/gamemodes/Southclaws--ScavengeSurvive/scriptfiles/maps/FC/LStoSFTunnelJunk.map	Southclaws--ScavengeSurvive-source.zip	344589dd2e33f579fb449986a1fdc0fcc7763bbe40df854dbe2580c8fd03e2c4
Southclaws/ScavengeSurvive	399ba8e8fd164243b32fb694f4bb6ce37fe40c35	.references/pawn/gamemodes/Southclaws--ScavengeSurvive/scriptfiles/maps/FC/Chilliad3.map	Southclaws--ScavengeSurvive-source.zip	af3a215c9b6ec566a4e8fbc62b66aa461b8c2ed68ef670fbfc6f68ec25d960e1
Southclaws/ScavengeSurvive	399ba8e8fd164243b32fb694f4bb6ce37fe40c35	.references/pawn/gamemodes/Southclaws--ScavengeSurvive/scriptfiles/maps/FC/AngelPineHouses.map	Southclaws--ScavengeSurvive-source.zip	364010ad83df3421675e823f49be8d48a2450db676645717258147d0018680dc
Southclaws/ScavengeSurvive	399ba8e8fd164243b32fb694f4bb6ce37fe40c35	.references/pawn/gamemodes/Southclaws--ScavengeSurvive/scriptfiles/maps/FC/ForestBridge.map	Southclaws--ScavengeSurvive-source.zip	f92e048c676381be3dd8da6748898b577aa454de6c5bff84c3554b2ee005dfef
Southclaws/ScavengeSurvive	399ba8e8fd164243b32fb694f4bb6ce37fe40c35	.references/pawn/gamemodes/Southclaws--ScavengeSurvive/scriptfiles/maps/FC/ChilRadio.map	Southclaws--ScavengeSurvive-source.zip	0b70e5e683763b1ca9ee49feb375ed36eaca18d2b4c2cac18094e965917c1d4b
Southclaws/ScavengeSurvive	399ba8e8fd164243b32fb694f4bb6ce37fe40c35	.references/pawn/gamemodes/Southclaws--ScavengeSurvive/scriptfiles/maps/BC/northvillage.map	Southclaws--ScavengeSurvive-source.zip	f51a470d786970ef22d28f68ca3c747058f2fe0c03df0a5c24b765df79b86bfb
Southclaws/ScavengeSurvive	399ba8e8fd164243b32fb694f4bb6ce37fe40c35	.references/pawn/gamemodes/Southclaws--ScavengeSurvive/scriptfiles/maps/BC/Area69.map	Southclaws--ScavengeSurvive-source.zip	3a653e1b9d9fceaddb1988517993e7ffc83cd9b882e8f93d489374c3e6cb6a2b
Southclaws/ScavengeSurvive	399ba8e8fd164243b32fb694f4bb6ce37fe40c35	.references/pawn/gamemodes/Southclaws--ScavengeSurvive/scriptfiles/maps/BC/Sandy.map	Southclaws--ScavengeSurvive-source.zip	3e0069f0146541a9430b63386119b216f99951d323c823e10c006b2f5138cf6d
Southclaws/ScavengeSurvive	399ba8e8fd164243b32fb694f4bb6ce37fe40c35	.references/pawn/gamemodes/Southclaws--ScavengeSurvive/scriptfiles/maps/BC/Rivet.map	Southclaws--ScavengeSurvive-source.zip	88077e83eb5f6cc6d22a11d5edf1cdc6445c08372b51f22d5843d1c0c33a6524
Southclaws/ScavengeSurvive	399ba8e8fd164243b32fb694f4bb6ce37fe40c35	.references/pawn/gamemodes/Southclaws--ScavengeSurvive/scriptfiles/maps/BC/LvGasFactoryEntrance.map	Southclaws--ScavengeSurvive-source.zip	b7b8d25c8dd642001295ca174bbd77bb78c8acb89d2cb77e7ad0fd74566ec9c5
Southclaws/ScavengeSurvive	399ba8e8fd164243b32fb694f4bb6ce37fe40c35	.references/pawn/gamemodes/Southclaws--ScavengeSurvive/scriptfiles/maps/BC/Carsoncave.map	Southclaws--ScavengeSurvive-source.zip	f8630a2dacbe215065438ebb254543c58764eb372757b0e9d73ea18c6ae25f10
Southclaws/ScavengeSurvive	399ba8e8fd164243b32fb694f4bb6ce37fe40c35	.references/pawn/gamemodes/Southclaws--ScavengeSurvive/scriptfiles/maps/BC/MineHideout.map	Southclaws--ScavengeSurvive-source.zip	7794ac067fa42a2d9e51a58084caf502a5d4ef519133241fa106c73b6fb75b85
Southclaws/ScavengeSurvive	399ba8e8fd164243b32fb694f4bb6ce37fe40c35	.references/pawn/gamemodes/Southclaws--ScavengeSurvive/scriptfiles/maps/BC/HunterQuarry.map	Southclaws--ScavengeSurvive-source.zip	d8eca5c7ea22b18c237c6a078e45aa65ed47c6edb1445ef32cea619c1682f5cb
Southclaws/ScavengeSurvive	399ba8e8fd164243b32fb694f4bb6ce37fe40c35	.references/pawn/gamemodes/Southclaws--ScavengeSurvive/scriptfiles/maps/BC/FortCarsonFarms.map	Southclaws--ScavengeSurvive-source.zip	621fd9baef4af6fcc4aefd612c3803d41d359ad7d4fda850124bf2e69842c27a
Southclaws/ScavengeSurvive	399ba8e8fd164243b32fb694f4bb6ce37fe40c35	.references/pawn/gamemodes/Southclaws--ScavengeSurvive/scriptfiles/maps/BC/ghost.map	Southclaws--ScavengeSurvive-source.zip	2248c271241b499435c5db1f5c3b50a833b487e5b1b514d6b4d9e313e9b9bb15
Southclaws/ScavengeSurvive	399ba8e8fd164243b32fb694f4bb6ce37fe40c35	.references/pawn/gamemodes/Southclaws--ScavengeSurvive/scriptfiles/maps/BC/Carson.map	Southclaws--ScavengeSurvive-source.zip	d16e4ea6620be3bbf7785f742c2e37c2a7757430ff8d87ea9f9bea06a8b1c9a0
Southclaws/ScavengeSurvive	399ba8e8fd164243b32fb694f4bb6ce37fe40c35	.references/pawn/gamemodes/Southclaws--ScavengeSurvive/scriptfiles/maps/BC/verdant.map	Southclaws--ScavengeSurvive-source.zip	3292956048ed13cb84edf4ba1328142292692232b1686f7d48c41fe2e22e2cf2
Southclaws/ScavengeSurvive	399ba8e8fd164243b32fb694f4bb6ce37fe40c35	.references/pawn/gamemodes/Southclaws--ScavengeSurvive/scriptfiles/maps/BC/BoneCliffJunk.map	Southclaws--ScavengeSurvive-source.zip	5d2942dc417b3b2cf00c80c1dafd0ad508825f122cd4ef3d7751aca33e148ade
Southclaws/ScavengeSurvive	399ba8e8fd164243b32fb694f4bb6ce37fe40c35	.references/pawn/gamemodes/Southclaws--ScavengeSurvive/scriptfiles/maps/BC/QuarryShack.map	Southclaws--ScavengeSurvive-source.zip	ba647dc910dfe59c45830875d5495e55c6cb84f1e4c774dcdb0a18c65ecfcfc9
Southclaws/ScavengeSurvive	399ba8e8fd164243b32fb694f4bb6ce37fe40c35	.references/pawn/gamemodes/Southclaws--ScavengeSurvive/scriptfiles/maps/BC/BoneBridgeJunk.map	Southclaws--ScavengeSurvive-source.zip	4b857ccc5189b1c563f5fab4a600f9bb61f9c33573758181d77c050289c46f0b
Southclaws/ScavengeSurvive	399ba8e8fd164243b32fb694f4bb6ce37fe40c35	.references/pawn/gamemodes/Southclaws--ScavengeSurvive/scriptfiles/maps/BC/CarsonRailroadJunk.map	Southclaws--ScavengeSurvive-source.zip	718bf674f700f9bee5f34d1290b90590bb21fb7672d08b0dd5596ad028f2d493
Southclaws/ScavengeSurvive	399ba8e8fd164243b32fb694f4bb6ce37fe40c35	.references/pawn/gamemodes/Southclaws--ScavengeSurvive/scriptfiles/maps/OCEAN/OilRig/Rig_northmideast.map	Southclaws--ScavengeSurvive-source.zip	f8e3d99b5e90dd715a63f2c2a69b1a03a710db80e2e19a54b0688b02399750a2
Southclaws/ScavengeSurvive	399ba8e8fd164243b32fb694f4bb6ce37fe40c35	.references/pawn/gamemodes/Southclaws--ScavengeSurvive/scriptfiles/maps/OCEAN/OilRig/Rig_east.map	Southclaws--ScavengeSurvive-source.zip	e6e27fc7a53f4cd73bf9ec7f59f68f85ce02310dc01cf69929245357eb7c4689
Southclaws/ScavengeSurvive	399ba8e8fd164243b32fb694f4bb6ce37fe40c35	.references/pawn/gamemodes/Southclaws--ScavengeSurvive/scriptfiles/maps/OCEAN/OilRig/Rig_south.map	Southclaws--ScavengeSurvive-source.zip	76605f8f995be402bb0530d91ca7a683d88e1fbd0f840d57470b2028f043753a
Southclaws/ScavengeSurvive	399ba8e8fd164243b32fb694f4bb6ce37fe40c35	.references/pawn/gamemodes/Southclaws--ScavengeSurvive/scriptfiles/maps/OCEAN/OilRig/Rig_northfar.map	Southclaws--ScavengeSurvive-source.zip	43f979f60112858eebf19bf976da4df9dc9a30f54f76631c4711de9612902911
Southclaws/ScavengeSurvive	399ba8e8fd164243b32fb694f4bb6ce37fe40c35	.references/pawn/gamemodes/Southclaws--ScavengeSurvive/scriptfiles/maps/OCEAN/OilRig/Rig_northeast.map	Southclaws--ScavengeSurvive-source.zip	d8eccdd55f76fa90dc51689573ed1436bb8e56644ddff2d8e35f1afb6cbf59ba
Southclaws/ScavengeSurvive	399ba8e8fd164243b32fb694f4bb6ce37fe40c35	.references/pawn/gamemodes/Southclaws--ScavengeSurvive/scriptfiles/maps/OCEAN/OilRig/Rig_southfar.map	Southclaws--ScavengeSurvive-source.zip	1ee668a8f66fd7a2923409895bcd632c916d5192ee21c6e12fe31ee5ef16d64b
Southclaws/ScavengeSurvive	399ba8e8fd164243b32fb694f4bb6ce37fe40c35	.references/pawn/gamemodes/Southclaws--ScavengeSurvive/scriptfiles/maps/OCEAN/OilRig/Rig_southmideast.map	Southclaws--ScavengeSurvive-source.zip	c8c286c191a7327858215cad9fbc0feb4fe0c6c3d2d7abe998542a62323dc84b
Southclaws/ScavengeSurvive	399ba8e8fd164243b32fb694f4bb6ce37fe40c35	.references/pawn/gamemodes/Southclaws--ScavengeSurvive/scriptfiles/maps/OCEAN/OilRig/Rig_eastfar.map	Southclaws--ScavengeSurvive-source.zip	be8f0432cd0f6d33f21c3dbd2e0e41f3e18e938e8297c11f1f1b0d83085abb4b
Southclaws/ScavengeSurvive	399ba8e8fd164243b32fb694f4bb6ce37fe40c35	.references/pawn/gamemodes/Southclaws--ScavengeSurvive/scriptfiles/maps/OCEAN/OilRig/Rig_westfar.map	Southclaws--ScavengeSurvive-source.zip	acd047df54d0a3ed7215a286d7abbff70c73b2cdb8fea683633fb5df1887a6a7
Southclaws/ScavengeSurvive	399ba8e8fd164243b32fb694f4bb6ce37fe40c35	.references/pawn/gamemodes/Southclaws--ScavengeSurvive/scriptfiles/maps/OCEAN/OilRig/Rig_northwest.map	Southclaws--ScavengeSurvive-source.zip	98f17050cbe1620d2307960dc78399e9d2368f321ca11bfa25c2b6e7ae48187f
Southclaws/ScavengeSurvive	399ba8e8fd164243b32fb694f4bb6ce37fe40c35	.references/pawn/gamemodes/Southclaws--ScavengeSurvive/scriptfiles/maps/OCEAN/OilRig/Rig_west.map	Southclaws--ScavengeSurvive-source.zip	ff77f4418eea5fb47056472e5e11ed565ad60b577178ec223ea00f11ae2326f0
Southclaws/ScavengeSurvive	399ba8e8fd164243b32fb694f4bb6ce37fe40c35	.references/pawn/gamemodes/Southclaws--ScavengeSurvive/scriptfiles/maps/OCEAN/OilRig/Rig_southeast.map	Southclaws--ScavengeSurvive-source.zip	f01f55e59ccc064033baf53faf3e75142b26350702705fa4c112e0cb156fd43b
Southclaws/ScavengeSurvive	399ba8e8fd164243b32fb694f4bb6ce37fe40c35	.references/pawn/gamemodes/Southclaws--ScavengeSurvive/scriptfiles/maps/OCEAN/OilRig/Rig_southwest.map	Southclaws--ScavengeSurvive-source.zip	77e03f661871007c9e19f9f847c969b99a37e6e2f29869cb9c714d5a34674393
Southclaws/ScavengeSurvive	399ba8e8fd164243b32fb694f4bb6ce37fe40c35	.references/pawn/gamemodes/Southclaws--ScavengeSurvive/scriptfiles/maps/OCEAN/OilRig/Rig_north.map	Southclaws--ScavengeSurvive-source.zip	956d582a1d581c30824a3b2a219e2de0be299c3103f5ff43a4e2bfcd28ac5788
Southclaws/ScavengeSurvive	399ba8e8fd164243b32fb694f4bb6ce37fe40c35	.references/pawn/gamemodes/Southclaws--ScavengeSurvive/scriptfiles/maps/OCEAN/OilRig/Rig_southmidwest.map	Southclaws--ScavengeSurvive-source.zip	be57c6efdf454f840b196d4fe9d2b0429eb08c56c8e3f478fc3cc788313d17d3
Southclaws/ScavengeSurvive	399ba8e8fd164243b32fb694f4bb6ce37fe40c35	.references/pawn/gamemodes/Southclaws--ScavengeSurvive/scriptfiles/maps/OCEAN/OilRig/Rig_northmidwest.map	Southclaws--ScavengeSurvive-source.zip	721aa1f7f981cea1a5d1dc08274cc057c71adff9738d2ceff9eee7573d3e8c3e
Southclaws/ScavengeSurvive	399ba8e8fd164243b32fb694f4bb6ce37fe40c35	.references/pawn/gamemodes/Southclaws--ScavengeSurvive/scriptfiles/maps/OCEAN/OilRig/Rig_westmidsouth.map	Southclaws--ScavengeSurvive-source.zip	7263b49c1d820ab3b489930e33648fac8d2a70f64dda2a4b27cefd1ca6ae0476
Southclaws/ScavengeSurvive	399ba8e8fd164243b32fb694f4bb6ce37fe40c35	.references/pawn/gamemodes/Southclaws--ScavengeSurvive/scriptfiles/maps/OCEAN/OilRig/Rig_eastmidnorth.map	Southclaws--ScavengeSurvive-source.zip	584b1fc0b3199c905075dab19e84f2a6874c5ee6ec84e3d1d3fafeefed1bc398
Southclaws/ScavengeSurvive	399ba8e8fd164243b32fb694f4bb6ce37fe40c35	.references/pawn/gamemodes/Southclaws--ScavengeSurvive/scriptfiles/maps/OCEAN/OilRig/Rig_westmidnorth.map	Southclaws--ScavengeSurvive-source.zip	3f13e351ad04b02e737049005e63d42d2d2160f7869603ec356de534fda0ab0d
Southclaws/ScavengeSurvive	399ba8e8fd164243b32fb694f4bb6ce37fe40c35	.references/pawn/gamemodes/Southclaws--ScavengeSurvive/scriptfiles/maps/OCEAN/OilRig/Rig_eastmidsouth.map	Southclaws--ScavengeSurvive-source.zip	ff10f4281a56b44e136968efac37f4c7071007544ec896e2fcb58555a9406d76
Southclaws/ScavengeSurvive	399ba8e8fd164243b32fb694f4bb6ce37fe40c35	.references/pawn/gamemodes/Southclaws--ScavengeSurvive/scriptfiles/maps/OCEAN/OilRig/development/Rig_center.txt	Southclaws--ScavengeSurvive-source.zip	af72bf95016fd872cd42c5807c48d681f2b5a135f9eb2191ec6ad33273433f57
Southclaws/ScavengeSurvive	399ba8e8fd164243b32fb694f4bb6ce37fe40c35	.references/pawn/gamemodes/Southclaws--ScavengeSurvive/scriptfiles/maps/OCEAN/OilRig/development/build_walls.txt	Southclaws--ScavengeSurvive-source.zip	bdfdba3e225744ba99695a8faa7400405f20198d57291078bd3e2d5df020ea8f
Southclaws/ScavengeSurvive	399ba8e8fd164243b32fb694f4bb6ce37fe40c35	.references/pawn/gamemodes/Southclaws--ScavengeSurvive/scriptfiles/maps/OCEAN/OilRig/development/build_floors.txt	Southclaws--ScavengeSurvive-source.zip	3cda470a3cf25c48ddf5b678e69312f22e731d9a3de6adb44d8fd44eef8b904b
Southclaws/ScavengeSurvive	399ba8e8fd164243b32fb694f4bb6ce37fe40c35	.references/pawn/gamemodes/Southclaws--ScavengeSurvive/scriptfiles/maps/RC/Foliage/002.map	Southclaws--ScavengeSurvive-source.zip	9e4c125232c52e620f67d8b26a04551848b2b02edd92c5bd952ea26bb73f850a
Southclaws/ScavengeSurvive	399ba8e8fd164243b32fb694f4bb6ce37fe40c35	.references/pawn/gamemodes/Southclaws--ScavengeSurvive/scriptfiles/maps/RC/Foliage/001.map	Southclaws--ScavengeSurvive-source.zip	14c4a4fd1de3ed2525d13d39f2d115db28d2272cff4fbdc1746a44de311547c4
Southclaws/ScavengeSurvive	399ba8e8fd164243b32fb694f4bb6ce37fe40c35	.references/pawn/gamemodes/Southclaws--ScavengeSurvive/scriptfiles/maps/RC/Foliage/003.map	Southclaws--ScavengeSurvive-source.zip	3f3056964222116610ed8ee5b0ad22d5867350c4a7af9bfa8c376be852bade2c
Southclaws/ScavengeSurvive	399ba8e8fd164243b32fb694f4bb6ce37fe40c35	.references/pawn/gamemodes/Southclaws--ScavengeSurvive/scriptfiles/maps/RC/Foliage/006.map	Southclaws--ScavengeSurvive-source.zip	a5651d9e36485c3acd67f501d46792919cc003e3330bd7ab3aab308fb9bdc54a
Southclaws/ScavengeSurvive	399ba8e8fd164243b32fb694f4bb6ce37fe40c35	.references/pawn/gamemodes/Southclaws--ScavengeSurvive/scriptfiles/maps/RC/Foliage/004.map	Southclaws--ScavengeSurvive-source.zip	2c5a960c1a42bbd28349291d19c41329e9657a29bc12ed17fa39cace75b2b63a
Southclaws/ScavengeSurvive	399ba8e8fd164243b32fb694f4bb6ce37fe40c35	.references/pawn/gamemodes/Southclaws--ScavengeSurvive/scriptfiles/maps/RC/Foliage/005.map	Southclaws--ScavengeSurvive-source.zip	df53ffb5b413211c5b235ff52238ca2b59baa4de12af695fd618afcbd6707b3d
Southclaws/ScavengeSurvive	399ba8e8fd164243b32fb694f4bb6ce37fe40c35	.references/pawn/gamemodes/Southclaws--ScavengeSurvive/scriptfiles/maps/LS/Mall/interior.map	Southclaws--ScavengeSurvive-source.zip	ec4c973727f51001ed42f1689e14f1948635e56a92532957d11e9eac7b94abc6
Southclaws/ScavengeSurvive	399ba8e8fd164243b32fb694f4bb6ce37fe40c35	.references/pawn/gamemodes/Southclaws--ScavengeSurvive/scriptfiles/maps/LS/Mall/exterior.map	Southclaws--ScavengeSurvive-source.zip	3413347a650a9b329083d6b23839dae9f0f09705d868dc40d7c90f5c5c5f4ef4
Southclaws/ScavengeSurvive	399ba8e8fd164243b32fb694f4bb6ce37fe40c35	.references/pawn/gamemodes/Southclaws--ScavengeSurvive/scriptfiles/maps/FC/Foliage/Foliage1.map	Southclaws--ScavengeSurvive-source.zip	c10d893b8ff840f26e6763bf259e49d8b1b8afa51989b0bb36baebc267ddfe15
Southclaws/ScavengeSurvive	399ba8e8fd164243b32fb694f4bb6ce37fe40c35	.references/pawn/gamemodes/Southclaws--ScavengeSurvive/scriptfiles/maps/BC/pipes/bc_a51.map	Southclaws--ScavengeSurvive-source.zip	3d7e6d94b27e679a3993844bdce73c09369148f10271a4a506ac7b7eef827a05
Southclaws/ScavengeSurvive	399ba8e8fd164243b32fb694f4bb6ce37fe40c35	.references/pawn/gamemodes/Southclaws--ScavengeSurvive/scriptfiles/maps/BC/Probe/ProbeInt.map	Southclaws--ScavengeSurvive-source.zip	f2f3437afd4f24c639298730442a9c63b40ce0f62c6c2f981391ea2687071ae1
Southclaws/ScavengeSurvive	399ba8e8fd164243b32fb694f4bb6ce37fe40c35	.references/pawn/gamemodes/Southclaws--ScavengeSurvive/scriptfiles/maps/BC/Probe/ProbeExt.map	Southclaws--ScavengeSurvive-source.zip	5ffb9af900cf8dbd1d6fd845cb41c5a098fecc5c174e3550f47bab4124ec3c57
Southclaws/ScavengeSurvive	399ba8e8fd164243b32fb694f4bb6ce37fe40c35	.references/pawn/gamemodes/Southclaws--ScavengeSurvive/docs/docs/a.md	Southclaws--ScavengeSurvive-source.zip	c463c04ced8b31436f907804f5aa9e16676dfc46f805ad7e0bb9bac41099cb78
Southclaws/ScavengeSurvive	399ba8e8fd164243b32fb694f4bb6ce37fe40c35	.references/pawn/gamemodes/Southclaws--ScavengeSurvive/docs/static/.nojekyll	Southclaws--ScavengeSurvive-source.zip	e3b0c44298fc1c149afbf4c8996fb92427ae41e4649b934ca495991b7852b855
Southclaws/ScavengeSurvive	399ba8e8fd164243b32fb694f4bb6ce37fe40c35	.references/pawn/gamemodes/Southclaws--ScavengeSurvive/docs/static/scavengesurvive_pages_current.xml	Southclaws--ScavengeSurvive-source.zip	260a0a45984042ee1445b5a6057a0a341a967705ba986908440fc6252278948f
Southclaws/ScavengeSurvive	399ba8e8fd164243b32fb694f4bb6ce37fe40c35	.references/pawn/gamemodes/Southclaws--ScavengeSurvive/docs/i18n/pt/code.json	Southclaws--ScavengeSurvive-source.zip	c85ff18cba60a83805b011f93e772893ae0ba85d6806ed664b82ea333cc5bf88
Southclaws/ScavengeSurvive	399ba8e8fd164243b32fb694f4bb6ce37fe40c35	.references/pawn/gamemodes/Southclaws--ScavengeSurvive/docs/i18n/en/code.json	Southclaws--ScavengeSurvive-source.zip	d63ec96ad7a28b2298fcf1b3b93f43f13ddc30c9c35e7faf9c70fb14c764907e
Southclaws/ScavengeSurvive	399ba8e8fd164243b32fb694f4bb6ce37fe40c35	.references/pawn/gamemodes/Southclaws--ScavengeSurvive/docs/i18n/pt/docusaurus-plugin-content-docs/current.json	Southclaws--ScavengeSurvive-source.zip	19d42536b06fb2a922c6a796d40be570fa27ea2c788c27624be1e45c15ce4aad
Southclaws/ScavengeSurvive	399ba8e8fd164243b32fb694f4bb6ce37fe40c35	.references/pawn/gamemodes/Southclaws--ScavengeSurvive/docs/i18n/pt/docusaurus-theme-classic/footer.json	Southclaws--ScavengeSurvive-source.zip	8e2be47b1eddc5c441b2989414a2822f21e002c8d5e2713013cfd8be9b26ad13
Southclaws/ScavengeSurvive	399ba8e8fd164243b32fb694f4bb6ce37fe40c35	.references/pawn/gamemodes/Southclaws--ScavengeSurvive/docs/i18n/pt/docusaurus-theme-classic/navbar.json	Southclaws--ScavengeSurvive-source.zip	9fb85cbfcf2b98397c32cc69f646cd65751c4b1bde9399a634eea5cc6da79afb
Southclaws/ScavengeSurvive	399ba8e8fd164243b32fb694f4bb6ce37fe40c35	.references/pawn/gamemodes/Southclaws--ScavengeSurvive/docs/i18n/pt/docusaurus-plugin-content-docs/current/a.md	Southclaws--ScavengeSurvive-source.zip	83ab23634aec31794e3091468f4d27bd82d1c701b0f8ebcd6ca81bd460cff92a
Southclaws/ScavengeSurvive	399ba8e8fd164243b32fb694f4bb6ce37fe40c35	.references/pawn/gamemodes/Southclaws--ScavengeSurvive/docs/i18n/pt/docusaurus-plugin-content-docs/current/character/drugs.md	Southclaws--ScavengeSurvive-source.zip	cdcf1d6d4ea5b9b574c03b7b5d765c7e4f6d866f1b56d88f3fb35e5ee1dbd28c
Southclaws/ScavengeSurvive	399ba8e8fd164243b32fb694f4bb6ce37fe40c35	.references/pawn/gamemodes/Southclaws--ScavengeSurvive/docs/i18n/pt/docusaurus-plugin-content-docs/current/character/inventory.md	Southclaws--ScavengeSurvive-source.zip	0b818d35194bb0d1c18d420914f090ffd6a16ea9e15d3a209c2ad0b3d89faadd
Southclaws/ScavengeSurvive	399ba8e8fd164243b32fb694f4bb6ce37fe40c35	.references/pawn/gamemodes/Southclaws--ScavengeSurvive/docs/i18n/pt/docusaurus-plugin-content-docs/current/character/weapons.md	Southclaws--ScavengeSurvive-source.zip	639af63037e233176c42568a89a9db38de5f7084819a6cea84fa194d73f9c5eb
Southclaws/ScavengeSurvive	399ba8e8fd164243b32fb694f4bb6ce37fe40c35	.references/pawn/gamemodes/Southclaws--ScavengeSurvive/docs/i18n/pt/docusaurus-plugin-content-docs/current/character/surrender.md	Southclaws--ScavengeSurvive-source.zip	19761adaf276fdc953fe6a5b0a87b16b34c6b5a0dc9a93c654d801ec59e70e3e
Southclaws/ScavengeSurvive	399ba8e8fd164243b32fb694f4bb6ce37fe40c35	.references/pawn/gamemodes/Southclaws--ScavengeSurvive/docs/i18n/pt/docusaurus-plugin-content-docs/current/character/aimshout.md	Southclaws--ScavengeSurvive-source.zip	1607ad968bdb62fa68eaeb0f1bd82669e1be3ddfec8c4d5394005cdb2d263836
Southclaws/ScavengeSurvive	399ba8e8fd164243b32fb694f4bb6ce37fe40c35	.references/pawn/gamemodes/Southclaws--ScavengeSurvive/docs/i18n/pt/docusaurus-plugin-content-docs/current/character/holster.md	Southclaws--ScavengeSurvive-source.zip	5d3eacfacd18ca89615690a43f3bec7122d59d0bf4e4a2fa56481d12ba36f694
Southclaws/ScavengeSurvive	399ba8e8fd164243b32fb694f4bb6ce37fe40c35	.references/pawn/gamemodes/Southclaws--ScavengeSurvive/docs/i18n/pt/docusaurus-plugin-content-docs/current/character/health.md	Southclaws--ScavengeSurvive-source.zip	b181149b5f33d8cf2f07bc429b9b3b3f51918b75541a2d501abaff4701509660
Southclaws/ScavengeSurvive	399ba8e8fd164243b32fb694f4bb6ce37fe40c35	.references/pawn/gamemodes/Southclaws--ScavengeSurvive/docs/i18n/pt/docusaurus-plugin-content-docs/current/crafting/workbench.md	Southclaws--ScavengeSurvive-source.zip	e6d3fb537b6bb330e8ca264791494580b5f585af1d0f6e911d387ad9fa0f7b41
Southclaws/ScavengeSurvive	399ba8e8fd164243b32fb694f4bb6ce37fe40c35	.references/pawn/gamemodes/Southclaws--ScavengeSurvive/docs/i18n/pt/docusaurus-plugin-content-docs/current/crafting/inventory.md	Southclaws--ScavengeSurvive-source.zip	51b7ef9e797bcad96ae86a8d1300b7e9e188705944e018133efe5fdfceabc91e
Southclaws/ScavengeSurvive	399ba8e8fd164243b32fb694f4bb6ce37fe40c35	.references/pawn/gamemodes/Southclaws--ScavengeSurvive/docs/i18n/pt/docusaurus-plugin-content-docs/current/crafting/constructing.md	Southclaws--ScavengeSurvive-source.zip	207c0cbbd7079f6eacbd23f199586936a5fb7f55564b0189cd106c555dce3e9f
Southclaws/ScavengeSurvive	399ba8e8fd164243b32fb694f4bb6ce37fe40c35	.references/pawn/gamemodes/Southclaws--ScavengeSurvive/docs/i18n/pt/docusaurus-plugin-content-docs/current/crafting/machines.md	Southclaws--ScavengeSurvive-source.zip	757d3492465424d0431a2beac7b8bd653f0156f94c48b70ee3bcf0279796c014
Southclaws/ScavengeSurvive	399ba8e8fd164243b32fb694f4bb6ce37fe40c35	.references/pawn/gamemodes/Southclaws--ScavengeSurvive/docs/i18n/pt/docusaurus-plugin-content-docs/current/items/tools.md	Southclaws--ScavengeSurvive-source.zip	4eefb800cd7f0c28152fd43141562906ddb91259342b8499a35cc524787b5051
Southclaws/ScavengeSurvive	399ba8e8fd164243b32fb694f4bb6ce37fe40c35	.references/pawn/gamemodes/Southclaws--ScavengeSurvive/docs/i18n/pt/docusaurus-plugin-content-docs/current/items/campfire.md	Southclaws--ScavengeSurvive-source.zip	6bfe78472b7ef4326409b4345351a758ae8ae69c3756e7d4c923b8ecb98b0e46
Southclaws/ScavengeSurvive	399ba8e8fd164243b32fb694f4bb6ce37fe40c35	.references/pawn/gamemodes/Southclaws--ScavengeSurvive/docs/i18n/pt/docusaurus-plugin-content-docs/current/items/explosives.md	Southclaws--ScavengeSurvive-source.zip	1c5c116378b172155c97ed79a76ad27ab3b05e5bce56b4f207f50667ee6e5de2
Southclaws/ScavengeSurvive	399ba8e8fd164243b32fb694f4bb6ce37fe40c35	.references/pawn/gamemodes/Southclaws--ScavengeSurvive/docs/i18n/pt/docusaurus-plugin-content-docs/current/items/tent.md	Southclaws--ScavengeSurvive-source.zip	4d73f4bef90324bbcc014f638aaf0339780dd5dd0a4d48ba4d89f5e0ccbd4c7f
Southclaws/ScavengeSurvive	399ba8e8fd164243b32fb694f4bb6ce37fe40c35	.references/pawn/gamemodes/Southclaws--ScavengeSurvive/docs/i18n/pt/docusaurus-plugin-content-docs/current/items/molotov.md	Southclaws--ScavengeSurvive-source.zip	a9a679c400db4005d0b945aa26e8e9eeee876fedb1d7f0deb4b9da6b2812f664
Southclaws/ScavengeSurvive	399ba8e8fd164243b32fb694f4bb6ce37fe40c35	.references/pawn/gamemodes/Southclaws--ScavengeSurvive/docs/i18n/pt/docusaurus-plugin-content-docs/current/items/scrap.md	Southclaws--ScavengeSurvive-source.zip	a6237b761c377693e7a0b6b031fc20b881f54843a76a25c3ca8a44c7ad83201e
Southclaws/ScavengeSurvive	399ba8e8fd164243b32fb694f4bb6ce37fe40c35	.references/pawn/gamemodes/Southclaws--ScavengeSurvive/docs/i18n/pt/docusaurus-plugin-content-docs/current/items/defences.md	Southclaws--ScavengeSurvive-source.zip	d6a833cdaf1a635272b0aec54e80ddd7ea052e639d87544cd1fcb008d9e2033e
Southclaws/ScavengeSurvive	399ba8e8fd164243b32fb694f4bb6ce37fe40c35	.references/pawn/gamemodes/Southclaws--ScavengeSurvive/docs/i18n/pt/docusaurus-plugin-content-docs/current/items/containers.md	Southclaws--ScavengeSurvive-source.zip	badf2b080edda5fd5808e7ca0bd7fbf659646273b8e042b6ff7b9f63f5162a5e
Southclaws/ScavengeSurvive	399ba8e8fd164243b32fb694f4bb6ce37fe40c35	.references/pawn/gamemodes/Southclaws--ScavengeSurvive/docs/i18n/pt/docusaurus-plugin-content-docs/current/items/knife.md	Southclaws--ScavengeSurvive-source.zip	0af17283b5cf4077ca2aaa2ad74873501225357f23bccc5340a2c4b0e66f41a7
Southclaws/ScavengeSurvive	399ba8e8fd164243b32fb694f4bb6ce37fe40c35	.references/pawn/gamemodes/Southclaws--ScavengeSurvive/docs/i18n/pt/docusaurus-plugin-content-docs/current/world/vehicles.md	Southclaws--ScavengeSurvive-source.zip	0710b622d94072744ae71eacbf75dc2e8e2586b8d20045787ee1644428c6f1b9
Southclaws/ScavengeSurvive	399ba8e8fd164243b32fb694f4bb6ce37fe40c35	.references/pawn/gamemodes/Southclaws--ScavengeSurvive/docs/i18n/pt/docusaurus-plugin-content-docs/current/world/fuel-outlet.md	Southclaws--ScavengeSurvive-source.zip	7a4d9f10df38ba3097d612a1721f4b335266f16f20d205f2cd1245f669aecd9d
Southclaws/ScavengeSurvive	399ba8e8fd164243b32fb694f4bb6ce37fe40c35	.references/pawn/gamemodes/Southclaws--ScavengeSurvive/docs/i18n/pt/docusaurus-plugin-content-docs/current/world/supply-drop.md	Southclaws--ScavengeSurvive-source.zip	b5692ea0ad4af1f7fee3f6309139ceed76dce7a0766e849295f18bed7fad1081
Southclaws/ScavengeSurvive	399ba8e8fd164243b32fb694f4bb6ce37fe40c35	.references/pawn/gamemodes/Southclaws--ScavengeSurvive/docs/i18n/pt/docusaurus-plugin-content-docs/current/world/save-block.md	Southclaws--ScavengeSurvive-source.zip	001a5ec9725106ab6cd54f52c0677dc9bdf563be8cbb09ff6ad544b7bad56ae3
Southclaws/ScavengeSurvive	399ba8e8fd164243b32fb694f4bb6ce37fe40c35	.references/pawn/gamemodes/Southclaws--ScavengeSurvive/docs/i18n/en/docusaurus-plugin-content-docs/current.json	Southclaws--ScavengeSurvive-source.zip	33ee97e5f410b9e02e42cf061883ee8e23baf886c843f757fa5dae7dad861a33
Southclaws/ScavengeSurvive	399ba8e8fd164243b32fb694f4bb6ce37fe40c35	.references/pawn/gamemodes/Southclaws--ScavengeSurvive/docs/i18n/en/docusaurus-theme-classic/footer.json	Southclaws--ScavengeSurvive-source.zip	0c06134f558fa7e9daf96cdc4c88af5f7aa9d5993fbb54e735e53e2f4f66908f
Southclaws/ScavengeSurvive	399ba8e8fd164243b32fb694f4bb6ce37fe40c35	.references/pawn/gamemodes/Southclaws--ScavengeSurvive/docs/i18n/en/docusaurus-theme-classic/navbar.json	Southclaws--ScavengeSurvive-source.zip	efaf064bd093bf607ddc0ea2ee71302eb32ea815271d9c58358e3b98d0141d55
Southclaws/ScavengeSurvive	399ba8e8fd164243b32fb694f4bb6ce37fe40c35	.references/pawn/gamemodes/Southclaws--ScavengeSurvive/docs/src/css/custom.css	Southclaws--ScavengeSurvive-source.zip	f54a34838f6431212bad05cf55e4329502ce9a8828437ea016a6afec60a9f95d
Southclaws/ScavengeSurvive	399ba8e8fd164243b32fb694f4bb6ce37fe40c35	.references/pawn/gamemodes/Southclaws--ScavengeSurvive/docs/src/data/servers.js	Southclaws--ScavengeSurvive-source.zip	064abee6d546444ddf6b757291cae6ea2a367b66820d67c949c710303ae66506
Southclaws/ScavengeSurvive	399ba8e8fd164243b32fb694f4bb6ce37fe40c35	.references/pawn/gamemodes/Southclaws--ScavengeSurvive/docs/src/models/Server.js	Southclaws--ScavengeSurvive-source.zip	73eb2bb82395fc70c374875e1285de8c75c798ce402ea397bd741a73c161bc19
Southclaws/ScavengeSurvive	399ba8e8fd164243b32fb694f4bb6ce37fe40c35	.references/pawn/gamemodes/Southclaws--ScavengeSurvive/docs/src/services/StaticServers.js	Southclaws--ScavengeSurvive-source.zip	fdfbb5022015800e535e6ebbbf1612c86eb5388c687f0574603f497da255d717
Southclaws/ScavengeSurvive	399ba8e8fd164243b32fb694f4bb6ce37fe40c35	.references/pawn/gamemodes/Southclaws--ScavengeSurvive/docs/src/services/OpenMpServers.js	Southclaws--ScavengeSurvive-source.zip	0b50a6ff9c3f204ec837f29e7fa1f6d1fb5fdafa66bbc913faa9b83353f64b35
Southclaws/ScavengeSurvive	399ba8e8fd164243b32fb694f4bb6ce37fe40c35	.references/pawn/gamemodes/Southclaws--ScavengeSurvive/docs/src/components/ServersTable.js	Southclaws--ScavengeSurvive-source.zip	00c027bc711a1775fb014ee11166060f6a45a923d3382629f75d22860ed9070c
Southclaws/ScavengeSurvive	399ba8e8fd164243b32fb694f4bb6ce37fe40c35	.references/pawn/gamemodes/Southclaws--ScavengeSurvive/docs/src/pages/servers.mdx	Southclaws--ScavengeSurvive-source.zip	0d8fffe872b0ab93ed952e19c80770501a634b93ef4027449b9de3300d270944
Southclaws/ScavengeSurvive	399ba8e8fd164243b32fb694f4bb6ce37fe40c35	.references/pawn/gamemodes/Southclaws--ScavengeSurvive/docs/src/pages/styles.module.css	Southclaws--ScavengeSurvive-source.zip	2f6a9799f2185b1a014dcaa5237caf786e156087e174c241e29adc1df492265a
Southclaws/ScavengeSurvive	399ba8e8fd164243b32fb694f4bb6ce37fe40c35	.references/pawn/gamemodes/Southclaws--ScavengeSurvive/docs/src/pages/index.js	Southclaws--ScavengeSurvive-source.zip	314f5ae832b65b7c2c5818be37fa2e6640bf67c73fda7def181613e078239b13
Southclaws/ScavengeSurvive	399ba8e8fd164243b32fb694f4bb6ce37fe40c35	.references/pawn/gamemodes/Southclaws--ScavengeSurvive/docs/docs/character/drugs.md	Southclaws--ScavengeSurvive-source.zip	47bb30ef0e9eb3dc0aa23ad5d2ad2f0dd06020aa6a9b6263acc10e67700970fd
Southclaws/ScavengeSurvive	399ba8e8fd164243b32fb694f4bb6ce37fe40c35	.references/pawn/gamemodes/Southclaws--ScavengeSurvive/docs/docs/character/inventory.md	Southclaws--ScavengeSurvive-source.zip	4c7578cc8c256673739c8e8629540cd6e5d2576ba621be38180e6e48c42655f8
Southclaws/ScavengeSurvive	399ba8e8fd164243b32fb694f4bb6ce37fe40c35	.references/pawn/gamemodes/Southclaws--ScavengeSurvive/docs/docs/character/weapons.md	Southclaws--ScavengeSurvive-source.zip	fd1e8a3f6c45cac687802281615016fce390566c76fb76b973731667394013b0
Southclaws/ScavengeSurvive	399ba8e8fd164243b32fb694f4bb6ce37fe40c35	.references/pawn/gamemodes/Southclaws--ScavengeSurvive/docs/docs/character/surrender.md	Southclaws--ScavengeSurvive-source.zip	23772e74b2026b9d995150a7d18e1b4031caa393da6217af389ee7235d583d82
Southclaws/ScavengeSurvive	399ba8e8fd164243b32fb694f4bb6ce37fe40c35	.references/pawn/gamemodes/Southclaws--ScavengeSurvive/docs/docs/character/aimshout.md	Southclaws--ScavengeSurvive-source.zip	32c4c019dbe547e7478cded0a45f58a5f26734a65c83440567b7aa1db80f39b3
Southclaws/ScavengeSurvive	399ba8e8fd164243b32fb694f4bb6ce37fe40c35	.references/pawn/gamemodes/Southclaws--ScavengeSurvive/docs/docs/character/holster.md	Southclaws--ScavengeSurvive-source.zip	643781c6a61c7b7f22b344f6026c4d74252126f868adeaca2bea5eefc9f7b2a1
Southclaws/ScavengeSurvive	399ba8e8fd164243b32fb694f4bb6ce37fe40c35	.references/pawn/gamemodes/Southclaws--ScavengeSurvive/docs/docs/character/health.md	Southclaws--ScavengeSurvive-source.zip	42a21ca468c95f56a2ce5aeb44b9f9ee15400651dd37f52bbf10c845b8f254d4
Southclaws/ScavengeSurvive	399ba8e8fd164243b32fb694f4bb6ce37fe40c35	.references/pawn/gamemodes/Southclaws--ScavengeSurvive/docs/docs/crafting/workbench.md	Southclaws--ScavengeSurvive-source.zip	6b7bc5f7734930b9450eb81d8f5d6fff2b8896c49e7cd61ca88e3d55d7318c1d
Southclaws/ScavengeSurvive	399ba8e8fd164243b32fb694f4bb6ce37fe40c35	.references/pawn/gamemodes/Southclaws--ScavengeSurvive/docs/docs/crafting/inventory.md	Southclaws--ScavengeSurvive-source.zip	5d4ab04e7a731c784b2138277d658b9b0b5d51625398ffdfa9612e5d9d79c153
Southclaws/ScavengeSurvive	399ba8e8fd164243b32fb694f4bb6ce37fe40c35	.references/pawn/gamemodes/Southclaws--ScavengeSurvive/docs/docs/crafting/constructing.md	Southclaws--ScavengeSurvive-source.zip	90e376749b649401a7da5b1fdbe0ad40ea17a3075f807d5f38e7b76c0c68341b
Southclaws/ScavengeSurvive	399ba8e8fd164243b32fb694f4bb6ce37fe40c35	.references/pawn/gamemodes/Southclaws--ScavengeSurvive/docs/docs/crafting/machines.md	Southclaws--ScavengeSurvive-source.zip	da0e863ef53610f202670dfdb65f90b1e6edfb5e74983be6fd7985da974cc2cc
Southclaws/ScavengeSurvive	399ba8e8fd164243b32fb694f4bb6ce37fe40c35	.references/pawn/gamemodes/Southclaws--ScavengeSurvive/docs/docs/items/tools.md	Southclaws--ScavengeSurvive-source.zip	ebfd1de1e514cd19dd9e6356b92e40e98abc2d9f03ecbb177d264b7f46f55076
Southclaws/ScavengeSurvive	399ba8e8fd164243b32fb694f4bb6ce37fe40c35	.references/pawn/gamemodes/Southclaws--ScavengeSurvive/docs/docs/items/campfire.md	Southclaws--ScavengeSurvive-source.zip	e8922922d2a1371b71545fe04fae78885c8c96c72e27a4bf1d06bd7c38de798b
Southclaws/ScavengeSurvive	399ba8e8fd164243b32fb694f4bb6ce37fe40c35	.references/pawn/gamemodes/Southclaws--ScavengeSurvive/docs/docs/items/explosives.md	Southclaws--ScavengeSurvive-source.zip	1ac8534b44f3ddf1a534fc5b40b79685f7038314a6a58bbc0107d541e92be5df
Southclaws/ScavengeSurvive	399ba8e8fd164243b32fb694f4bb6ce37fe40c35	.references/pawn/gamemodes/Southclaws--ScavengeSurvive/docs/docs/items/tent.md	Southclaws--ScavengeSurvive-source.zip	c088cab1e977af3aed7eafe55e6bc8242a639e25c76dfdc441f4f602c762817d
Southclaws/ScavengeSurvive	399ba8e8fd164243b32fb694f4bb6ce37fe40c35	.references/pawn/gamemodes/Southclaws--ScavengeSurvive/docs/docs/items/molotov.md	Southclaws--ScavengeSurvive-source.zip	7e349dcb19a90f2e3239ddc74365f722171218b85951779e73bfdc604d649755
Southclaws/ScavengeSurvive	399ba8e8fd164243b32fb694f4bb6ce37fe40c35	.references/pawn/gamemodes/Southclaws--ScavengeSurvive/docs/docs/items/scrap.md	Southclaws--ScavengeSurvive-source.zip	2fb6bb4c2d6f0503e327fd2e09c23ff5aa8e0c341411513605f9ed09e2569b97
Southclaws/ScavengeSurvive	399ba8e8fd164243b32fb694f4bb6ce37fe40c35	.references/pawn/gamemodes/Southclaws--ScavengeSurvive/docs/docs/items/defences.md	Southclaws--ScavengeSurvive-source.zip	abcd194ced45a37413a0c707f602edad2b034e61755adfef5b79644ca0c8e4b3
Southclaws/ScavengeSurvive	399ba8e8fd164243b32fb694f4bb6ce37fe40c35	.references/pawn/gamemodes/Southclaws--ScavengeSurvive/docs/docs/items/containers.md	Southclaws--ScavengeSurvive-source.zip	974ae597943f2866d2dfbcb6c87607584510f6a25e4d942afcdacf271839e93b
Southclaws/ScavengeSurvive	399ba8e8fd164243b32fb694f4bb6ce37fe40c35	.references/pawn/gamemodes/Southclaws--ScavengeSurvive/docs/docs/items/knife.md	Southclaws--ScavengeSurvive-source.zip	e07547173f8e128ebabdddd84c446093f7f97db70da09bf8d4fe78f6e25d7d5d
Southclaws/ScavengeSurvive	399ba8e8fd164243b32fb694f4bb6ce37fe40c35	.references/pawn/gamemodes/Southclaws--ScavengeSurvive/docs/docs/world/vehicles.md	Southclaws--ScavengeSurvive-source.zip	6f9e878fa13889efb2281dec12df7541fc921a99d2abfdd8cf9b62263a9d57a9
Southclaws/ScavengeSurvive	399ba8e8fd164243b32fb694f4bb6ce37fe40c35	.references/pawn/gamemodes/Southclaws--ScavengeSurvive/docs/docs/world/fuel-outlet.md	Southclaws--ScavengeSurvive-source.zip	2c20d89830cf5c71806303ed236467d6729d7b0a30c894cf06560b4d0bc2fbb8
Southclaws/ScavengeSurvive	399ba8e8fd164243b32fb694f4bb6ce37fe40c35	.references/pawn/gamemodes/Southclaws--ScavengeSurvive/docs/docs/world/supply-drop.md	Southclaws--ScavengeSurvive-source.zip	7caa690c79766cf873b3b2222f63813887963b537ac84adf38f9676c52644441
Southclaws/ScavengeSurvive	399ba8e8fd164243b32fb694f4bb6ce37fe40c35	.references/pawn/gamemodes/Southclaws--ScavengeSurvive/docs/docs/world/save-block.md	Southclaws--ScavengeSurvive-source.zip	289be267454128a009c0bd404de80976829cba5712b0d670a689c1b390f995eb
Southclaws/ScavengeSurvive	399ba8e8fd164243b32fb694f4bb6ce37fe40c35	.references/pawn/gamemodes/Southclaws--ScavengeSurvive/pyss/data/regions.json	Southclaws--ScavengeSurvive-source.zip	769f6f6f090b762d7c990caa733828f8f5ce082c702a3d7953dbc16fe180ece2
Southclaws/ScavengeSurvive	399ba8e8fd164243b32fb694f4bb6ce37fe40c35	.references/pawn/gamemodes/Southclaws--ScavengeSurvive/pyss/pyss/__init__.py	Southclaws--ScavengeSurvive-source.zip	e3b0c44298fc1c149afbf4c8996fb92427ae41e4649b934ca495991b7852b855
Southclaws/ScavengeSurvive	399ba8e8fd164243b32fb694f4bb6ce37fe40c35	.references/pawn/gamemodes/Southclaws--ScavengeSurvive/pyss/pyss/utility/object_placement.py	Southclaws--ScavengeSurvive-source.zip	9d8c45e9afe47b74a6a152ca48e3303cfaca39384890d863eb990ce16303fefa
Southclaws/ScavengeSurvive	399ba8e8fd164243b32fb694f4bb6ce37fe40c35	.references/pawn/gamemodes/Southclaws--ScavengeSurvive/pyss/pyss/utility/vehicle_spawns.py	Southclaws--ScavengeSurvive-source.zip	b37a5c8fee771861e2777e367ec716df9d5b71122e1f80325f8794c1f609374c
Southclaws/ScavengeSurvive	399ba8e8fd164243b32fb694f4bb6ce37fe40c35	.references/pawn/gamemodes/Southclaws--ScavengeSurvive/pyss/pyss/utility/regions.py	Southclaws--ScavengeSurvive-source.zip	ae9a6d53894baa4859ddb7d5b7123aece17be5904d9e0b9908ee848a0d94fe90
Southclaws/ScavengeSurvive	399ba8e8fd164243b32fb694f4bb6ce37fe40c35	.references/pawn/gamemodes/Southclaws--ScavengeSurvive/pyss/pyss/utility/bitmap.py	Southclaws--ScavengeSurvive-source.zip	d5841d3fa1af49a5a33a678ca5b494177732a37402a1452d5f16bc2bf212ded0
Southclaws/ScavengeSurvive	399ba8e8fd164243b32fb694f4bb6ce37fe40c35	.references/pawn/gamemodes/Southclaws--ScavengeSurvive/pyss/pyss/utility/map_andreas.py	Southclaws--ScavengeSurvive-source.zip	c158d0fc8f9d0b810b5893f42652ba53388aee3ab1f2501dfb7ee2808729b748
Southclaws/ScavengeSurvive	399ba8e8fd164243b32fb694f4bb6ce37fe40c35	.references/pawn/gamemodes/Southclaws--ScavengeSurvive/pyss/pyss/utility/loot_spawns.py	Southclaws--ScavengeSurvive-source.zip	ca03c674bb4092c8446c66df28e3f618321a816110cd3d0c97c4f5871136dae0
Southclaws/ScavengeSurvive	399ba8e8fd164243b32fb694f4bb6ce37fe40c35	.references/pawn/gamemodes/Southclaws--ScavengeSurvive/pyss/pyss/scavengesurvive/player.py	Southclaws--ScavengeSurvive-source.zip	ed93620946703f7457ca0def19fc6d4e8936fd2497bcee68482f43ed852736d0
Southclaws/ScavengeSurvive	399ba8e8fd164243b32fb694f4bb6ce37fe40c35	.references/pawn/gamemodes/Southclaws--ScavengeSurvive/pyss/pyss/scavengesurvive/player_db.py	Southclaws--ScavengeSurvive-source.zip	e97b7365c6fb4964b044fe9e440858977c91addba4bdfe6727402f1ba601142d
Southclaws/ScavengeSurvive	399ba8e8fd164243b32fb694f4bb6ce37fe40c35	.references/pawn/gamemodes/Southclaws--ScavengeSurvive/pyss/pyss/scavengesurvive/players.py	Southclaws--ScavengeSurvive-source.zip	497b5d4f9e88d1fca407a2bdf03bc15d3c30d8f4b986619bc64bf14e53f0e8b3
Southclaws/ScavengeSurvive	399ba8e8fd164243b32fb694f4bb6ce37fe40c35	.references/pawn/gamemodes/Southclaws--ScavengeSurvive/pyss/pyss/sif/item.py	Southclaws--ScavengeSurvive-source.zip	5d054015a68aa6cbd5d24ec7f208ff4a390c01f5f1bd78c18e9d78f23d301824
Southclaws/ScavengeSurvive	399ba8e8fd164243b32fb694f4bb6ce37fe40c35	.references/pawn/gamemodes/Southclaws--ScavengeSurvive/pyss/pyss/sif/item_sequence.py	Southclaws--ScavengeSurvive-source.zip	8d6ddada073cdcd974d40bf195e36770c1d34354d1f9b3fe2868cfcc5c29ef91
Southclaws/ScavengeSurvive	399ba8e8fd164243b32fb694f4bb6ce37fe40c35	.references/pawn/gamemodes/Southclaws--ScavengeSurvive/filterscripts/inc/virtualcanvas.inc	Southclaws--ScavengeSurvive-source.zip	1d9c9f0aa9734ee69b6a1a66e91aec46e3cec9f4fb320f8a474dfbc400ee9729
Southclaws/ScavengeSurvive	399ba8e8fd164243b32fb694f4bb6ce37fe40c35	.references/pawn/gamemodes/Southclaws--ScavengeSurvive/.github/workflows/build.yml	Southclaws--ScavengeSurvive-source.zip	eb97382be88d18d66664d95fa378be81cd27abb42b044cc15732010482b413c4
Southclaws/ScavengeSurvive	399ba8e8fd164243b32fb694f4bb6ce37fe40c35	.references/pawn/gamemodes/Southclaws--ScavengeSurvive/.github/workflows/runner.yml	Southclaws--ScavengeSurvive-source.zip	0c8eea10e06deb0a759a26dada819d9f4d4014e155c57d4a2da972449957d280
Southclaws/samp-animbrowse	058fc1578bb3ad542a5c0d5735fbf308e347ba1f	.references/pawn/filterscripts/Southclaws--samp-animbrowse/.gitignore	Southclaws--samp-animbrowse-source.zip	6f3507be39819ab8d678905e9d92e466027431a8ee90eb42dc293c68a8b24e06
Southclaws/samp-animbrowse	058fc1578bb3ad542a5c0d5735fbf308e347ba1f	.references/pawn/filterscripts/Southclaws--samp-animbrowse/animbrowse.pwn	Southclaws--samp-animbrowse-source.zip	17c6bfac84dd104d02ddffdddc747fb424a53d3cadd25d99d998047bf1c58614
Southclaws/samp-animbrowse	058fc1578bb3ad542a5c0d5735fbf308e347ba1f	.references/pawn/filterscripts/Southclaws--samp-animbrowse/README.md	Southclaws--samp-animbrowse-source.zip	8ca4606c2d62b9aced90a31eb16cbfb7911b1e10d04352e4a7c22e71c83c4afa
Southclaws/samp-animbrowse	058fc1578bb3ad542a5c0d5735fbf308e347ba1f	.references/pawn/filterscripts/Southclaws--samp-animbrowse/pawn.json	Southclaws--samp-animbrowse-source.zip	9d404b733453c8153934e4a5c97a184f4bf376fbecb448a3797a7f98d039e3d5
Southclaws/samp-animbrowse	058fc1578bb3ad542a5c0d5735fbf308e347ba1f	.references/pawn/filterscripts/Southclaws--samp-animbrowse/.vscode/tasks.json	Southclaws--samp-animbrowse-source.zip	500638970982a366d5962737a1ced51fb7a5c377fcb3ebe55b46d160bf321c8b
Southclaws/samp-texture-workshop	51304879d0da52900b41107bfeaf07513691b488	.references/pawn/filterscripts/Southclaws--samp-texture-workshop/.gitignore	Southclaws--samp-texture-workshop-source.zip	6f3507be39819ab8d678905e9d92e466027431a8ee90eb42dc293c68a8b24e06
Southclaws/samp-texture-workshop	51304879d0da52900b41107bfeaf07513691b488	.references/pawn/filterscripts/Southclaws--samp-texture-workshop/texture-workshop.pwn	Southclaws--samp-texture-workshop-source.zip	d92d33c659faded2317426f255b43262a0d6e76ff681fd81b2417c22718f7ae4
Southclaws/samp-texture-workshop	51304879d0da52900b41107bfeaf07513691b488	.references/pawn/filterscripts/Southclaws--samp-texture-workshop/README.md	Southclaws--samp-texture-workshop-source.zip	5749cffa5b2a7cbd416bb6fc2bd1472643b42787c7a651965bb2ea39c67c89be
Southclaws/samp-texture-workshop	51304879d0da52900b41107bfeaf07513691b488	.references/pawn/filterscripts/Southclaws--samp-texture-workshop/pawn.json	Southclaws--samp-texture-workshop-source.zip	edf114ac57773c3f9466d7d085b64e8021dde839fe2cbee736349d42c9a22e30
Southclaws/samp-texture-workshop	51304879d0da52900b41107bfeaf07513691b488	.references/pawn/filterscripts/Southclaws--samp-texture-workshop/.vscode/tasks.json	Southclaws--samp-texture-workshop-source.zip	500638970982a366d5962737a1ced51fb7a5c377fcb3ebe55b46d160bf321c8b
ins1x/useful-samp-stuff	86f74b45523ac3d459c367d8416162c61e0f304a	.references/pawn/collections/ins1x--useful-samp-stuff/LICENSE	ins1x--useful-samp-stuff-source.zip	fb30be8398f595aeede38b213a85c3999721a7dec529e35e83fcaeed73b59ec7
ins1x/useful-samp-stuff	86f74b45523ac3d459c367d8416162c61e0f304a	.references/pawn/collections/ins1x--useful-samp-stuff/README.md	ins1x--useful-samp-stuff-source.zip	cc10df2c461716747dc7985bd153bd0b5fad801f1b72001326043dab1f49831a
ins1x/useful-samp-stuff	86f74b45523ac3d459c367d8416162c61e0f304a	.references/pawn/collections/ins1x--useful-samp-stuff/.gitattributes	ins1x--useful-samp-stuff-source.zip	a0149e48cea9944ea6b7765b82bc249ad083b347a41cb92ebdac36ab952ad447
ins1x/useful-samp-stuff	86f74b45523ac3d459c367d8416162c61e0f304a	.references/pawn/collections/ins1x--useful-samp-stuff/docs/README.md	ins1x--useful-samp-stuff-source.zip	6479c04f773ee1a8ee58215bb5674e7afc4ad89524a9c5cec679906cb745feef
ins1x/useful-samp-stuff	86f74b45523ac3d459c367d8416162c61e0f304a	.references/pawn/collections/ins1x--useful-samp-stuff/docs/Awesome.md	ins1x--useful-samp-stuff-source.zip	d728e799f22c53cd4809e2842f573249f03664f041539e9a4088239afee751d3
ins1x/useful-samp-stuff	86f74b45523ac3d459c367d8416162c61e0f304a	.references/pawn/collections/ins1x--useful-samp-stuff/gamemodes/1nsanedeathmatch/server.cfg	ins1x--useful-samp-stuff-source.zip	8d524c41d0d39cdb2931140947412bb42e878e8494761cec16281a75a2b5d966
ins1x/useful-samp-stuff	86f74b45523ac3d459c367d8416162c61e0f304a	.references/pawn/collections/ins1x--useful-samp-stuff/gamemodes/1nsanedeathmatch/changelog.txt	ins1x--useful-samp-stuff-source.zip	04eed50927b8984dd58e7aad1e08eb544c5754273102c22e17e02713444110c4
ins1x/useful-samp-stuff	86f74b45523ac3d459c367d8416162c61e0f304a	.references/pawn/collections/ins1x--useful-samp-stuff/gamemodes/1nsanedeathmatch/README.md	ins1x--useful-samp-stuff-source.zip	b5f9fbd8e7f280cef9540f164002cd0b3e1ea32a0147690ed3e1c155350e762e
ins1x/useful-samp-stuff	86f74b45523ac3d459c367d8416162c61e0f304a	.references/pawn/collections/ins1x--useful-samp-stuff/gamemodes/1nsanedeathmatch/restartserver.cmd	ins1x--useful-samp-stuff-source.zip	d6c2c2f84b7397aba7a47a747674409a619fd5d7d9bde83830f93b5674a4416a
ins1x/useful-samp-stuff	86f74b45523ac3d459c367d8416162c61e0f304a	.references/pawn/collections/ins1x--useful-samp-stuff/gamemodes/1nsanedeathmatch/clearlogs.sh	ins1x--useful-samp-stuff-source.zip	704e99123243ace9fd17c9693af83fd4c27f02bea5ba81056961c32d48a6210b
ins1x/useful-samp-stuff	86f74b45523ac3d459c367d8416162c61e0f304a	.references/pawn/collections/ins1x--useful-samp-stuff/gamemodes/debug-gamemode/server.cfg	ins1x--useful-samp-stuff-source.zip	d99a3508f483730e661822380111214e2f98afac7cc3214e12c7bd27ba69096b
ins1x/useful-samp-stuff	86f74b45523ac3d459c367d8416162c61e0f304a	.references/pawn/collections/ins1x--useful-samp-stuff/gamemodes/debug-gamemode/LICENSE.txt	ins1x--useful-samp-stuff-source.zip	cf9ed83f126ba124de5f375b5bd36c5cb2949daf3baad6ab52cb426da02f3c48
ins1x/useful-samp-stuff	86f74b45523ac3d459c367d8416162c61e0f304a	.references/pawn/collections/ins1x--useful-samp-stuff/gamemodes/debug-gamemode/README.md	ins1x--useful-samp-stuff-source.zip	92b7a7d6d18cf31f7e3b511714996ea39be0ded4d30e53aaca5b63f4be8a7c1f
ins1x/useful-samp-stuff	86f74b45523ac3d459c367d8416162c61e0f304a	.references/pawn/collections/ins1x--useful-samp-stuff/gamemodes/Texture-Studio-2.1-Mtools/server.cfg	ins1x--useful-samp-stuff-source.zip	60631b6c4a29683d7bbadc7c79ccc9b8d378415df2ff542dec8ec9c4ad96d330
ins1x/useful-samp-stuff	86f74b45523ac3d459c367d8416162c61e0f304a	.references/pawn/collections/ins1x--useful-samp-stuff/gamemodes/Texture-Studio-2.1-Mtools/README.md	ins1x--useful-samp-stuff-source.zip	a5fd33203b5285a929a75cb94c553e106d0526f45b39f0ceb252be6a6d6106b1
ins1x/useful-samp-stuff	86f74b45523ac3d459c367d8416162c61e0f304a	.references/pawn/collections/ins1x--useful-samp-stuff/gamemodes/Texture-Studio-2.1-Mtools/restartserver.cmd	ins1x--useful-samp-stuff-source.zip	b0f80d43a80b1e41e5a9eb8c0ab11447a07489427a44922f80bd61af38904217
ins1x/useful-samp-stuff	86f74b45523ac3d459c367d8416162c61e0f304a	.references/pawn/collections/ins1x--useful-samp-stuff/gamemodes/RSC-Public/README.md	ins1x--useful-samp-stuff-source.zip	e67a1aaff95f1ba12950d80597619e78579a64ceb8cf6f4c830c749dd2072a6b
ins1x/useful-samp-stuff	86f74b45523ac3d459c367d8416162c61e0f304a	.references/pawn/collections/ins1x--useful-samp-stuff/gamemodes/1nsanedeathmatch/pawno/pawn.cfg	ins1x--useful-samp-stuff-source.zip	2c659a7a7f516bce5780cadeae4a84d9cb03a9116fd37cddbf4b8312f2b7ded8
ins1x/useful-samp-stuff	86f74b45523ac3d459c367d8416162c61e0f304a	.references/pawn/collections/ins1x--useful-samp-stuff/gamemodes/1nsanedeathmatch/plugins/pawnraknet.cfg	ins1x--useful-samp-stuff-source.zip	65dff023893d842fb0068d2ffc2609743965fb663fb34c98a253ebad696c04fd
ins1x/useful-samp-stuff	86f74b45523ac3d459c367d8416162c61e0f304a	.references/pawn/collections/ins1x--useful-samp-stuff/gamemodes/1nsanedeathmatch/gamemodes/insanedm.pwn	ins1x--useful-samp-stuff-source.zip	3c8ff1ebded42c4bfbc7c6dd2e6c408fcf235f9d500f1d145f120f6eacd76b83
ins1x/useful-samp-stuff	86f74b45523ac3d459c367d8416162c61e0f304a	.references/pawn/collections/ins1x--useful-samp-stuff/gamemodes/1nsanedeathmatch/oldredistlibs/README.txt	ins1x--useful-samp-stuff-source.zip	328877e3bf66bc5881010d44d0251970768c5789d6c341c92972d31a268e6572
ins1x/useful-samp-stuff	86f74b45523ac3d459c367d8416162c61e0f304a	.references/pawn/collections/ins1x--useful-samp-stuff/gamemodes/1nsanedeathmatch/scriptfiles/HwBan.txt	ins1x--useful-samp-stuff-source.zip	e3b0c44298fc1c149afbf4c8996fb92427ae41e4649b934ca495991b7852b855
ins1x/useful-samp-stuff	86f74b45523ac3d459c367d8416162c61e0f304a	.references/pawn/collections/ins1x--useful-samp-stuff/gamemodes/1nsanedeathmatch/scriptfiles/connect.bat	ins1x--useful-samp-stuff-source.zip	fdc061cfd5a9f769bce64799f430675385793da393ba28efa0755c488d98656b
ins1x/useful-samp-stuff	86f74b45523ac3d459c367d8416162c61e0f304a	.references/pawn/collections/ins1x--useful-samp-stuff/gamemodes/1nsanedeathmatch/scriptfiles/sampcac_gameoption.ini	ins1x--useful-samp-stuff-source.zip	4dad0615fdc14d306a6bbe6b00abc3bbd89bcea5be7044c85ac03ebe20c5be63
ins1x/useful-samp-stuff	86f74b45523ac3d459c367d8416162c61e0f304a	.references/pawn/collections/ins1x--useful-samp-stuff/gamemodes/1nsanedeathmatch/scriptfiles/sampcac_glitch.ini	ins1x--useful-samp-stuff-source.zip	b590b0d5140c00e831edb252532049a196c8ee816e179b15bf7620f622ba00e0
ins1x/useful-samp-stuff	86f74b45523ac3d459c367d8416162c61e0f304a	.references/pawn/collections/ins1x--useful-samp-stuff/gamemodes/1nsanedeathmatch/scriptfiles/sampcac_base.ini	ins1x--useful-samp-stuff-source.zip	d1f75d98ff8eb9f5189e331463e6e0280446c6abf8448e032213afa8462011ec
ins1x/useful-samp-stuff	86f74b45523ac3d459c367d8416162c61e0f304a	.references/pawn/collections/ins1x--useful-samp-stuff/gamemodes/1nsanedeathmatch/scriptfiles/gangzonesnew.txt	ins1x--useful-samp-stuff-source.zip	959c75503b5bae0837f8c90d8220aa8207233c41f880d49f8379f1e8f0e24e73
ins1x/useful-samp-stuff	86f74b45523ac3d459c367d8416162c61e0f304a	.references/pawn/collections/ins1x--useful-samp-stuff/gamemodes/1nsanedeathmatch/scriptfiles/sampcac_gameresource.ini	ins1x--useful-samp-stuff-source.zip	5e96b5567d49ce38ce27f49ddbce61a61bdfa79e77ca573a385595c460787002
ins1x/useful-samp-stuff	86f74b45523ac3d459c367d8416162c61e0f304a	.references/pawn/collections/ins1x--useful-samp-stuff/gamemodes/1nsanedeathmatch/scriptfiles/mod.ini	ins1x--useful-samp-stuff-source.zip	43246da118d1e8bc712da00fbfa3d9b85cdf93d719445577ed5206f4919d20d3
ins1x/useful-samp-stuff	86f74b45523ac3d459c367d8416162c61e0f304a	.references/pawn/collections/ins1x--useful-samp-stuff/gamemodes/1nsanedeathmatch/scriptfiles/BadWords.txt	ins1x--useful-samp-stuff-source.zip	289f301f10fba09513ff26ad6c840a92eb0503d2c7c9c9f155112d07a40c367e
ins1x/useful-samp-stuff	86f74b45523ac3d459c367d8416162c61e0f304a	.references/pawn/collections/ins1x--useful-samp-stuff/gamemodes/1nsanedeathmatch/scriptfiles/ASAN_Config.ini	ins1x--useful-samp-stuff-source.zip	d68bb41aa6d4c7dc58302e927859aca241b3171fcd0bd71130a7c359d7717e69
ins1x/useful-samp-stuff	86f74b45523ac3d459c367d8416162c61e0f304a	.references/pawn/collections/ins1x--useful-samp-stuff/gamemodes/1nsanedeathmatch/filterscripts/sampcac_base.pwn	ins1x--useful-samp-stuff-source.zip	20b79a2f1b42b87a5c8910e75f675f1c31493d4a17b2fd7875e857977204e814
ins1x/useful-samp-stuff	86f74b45523ac3d459c367d8416162c61e0f304a	.references/pawn/collections/ins1x--useful-samp-stuff/gamemodes/1nsanedeathmatch/filterscripts/sampcac_gameresource.pwn	ins1x--useful-samp-stuff-source.zip	86f043a7443dc510961f1349c9a6b0c42013679fe973170ec5b8767c6f384c0b
ins1x/useful-samp-stuff	86f74b45523ac3d459c367d8416162c61e0f304a	.references/pawn/collections/ins1x--useful-samp-stuff/gamemodes/1nsanedeathmatch/filterscripts/sampcac_gameoption.pwn	ins1x--useful-samp-stuff-source.zip	d7dc832809e9a0d3c8aec995fe66bcd4762ec411f192be56ae20dda989854695
ins1x/useful-samp-stuff	86f74b45523ac3d459c367d8416162c61e0f304a	.references/pawn/collections/ins1x--useful-samp-stuff/gamemodes/1nsanedeathmatch/filterscripts/sampcac_glitch.pwn	ins1x--useful-samp-stuff-source.zip	726052b26d5e13deb59ca996af2a8088e10a0fc5259a6225a89d892dab0ed2b4
ins1x/useful-samp-stuff	86f74b45523ac3d459c367d8416162c61e0f304a	.references/pawn/collections/ins1x--useful-samp-stuff/gamemodes/1nsanedeathmatch/pawno/include/remdefobj.inc	ins1x--useful-samp-stuff-source.zip	c001a81ab9c5ce6bc56d38c467f6673251cbaf56b2d17714b3d282a26ea63177
ins1x/useful-samp-stuff	86f74b45523ac3d459c367d8416162c61e0f304a	.references/pawn/collections/ins1x--useful-samp-stuff/gamemodes/1nsanedeathmatch/pawno/include/uf.inc	ins1x--useful-samp-stuff-source.zip	2e7083290d736613da0f84aa47ea7fdf4aafd15050aefeaf309ac0cc019feab9
ins1x/useful-samp-stuff	86f74b45523ac3d459c367d8416162c61e0f304a	.references/pawn/collections/ins1x--useful-samp-stuff/gamemodes/1nsanedeathmatch/pawno/include/airbreak.inc	ins1x--useful-samp-stuff-source.zip	69f382c560dbfeb8d10dea80668dfac52cede8da30b26f702d64a7fef98fce98
ins1x/useful-samp-stuff	86f74b45523ac3d459c367d8416162c61e0f304a	.references/pawn/collections/ins1x--useful-samp-stuff/gamemodes/1nsanedeathmatch/pawno/include/geoip.inc	ins1x--useful-samp-stuff-source.zip	477916b0835e53f8afb7816450a87676f9b2a7f71458cc4f2bec07ec16345df5
ins1x/useful-samp-stuff	86f74b45523ac3d459c367d8416162c61e0f304a	.references/pawn/collections/ins1x--useful-samp-stuff/gamemodes/1nsanedeathmatch/pawno/include/callbacks.inc	ins1x--useful-samp-stuff-source.zip	fc3fb37fb5dff789833f553755e3b99c37412b6143086a02207a3310d9436fc1
ins1x/useful-samp-stuff	86f74b45523ac3d459c367d8416162c61e0f304a	.references/pawn/collections/ins1x--useful-samp-stuff/gamemodes/1nsanedeathmatch/pawno/include/colandreas.inc	ins1x--useful-samp-stuff-source.zip	2dcf02d379ef578b819d8aeb7caf5984cab645d7360ea84325030bba899d72b5
ins1x/useful-samp-stuff	86f74b45523ac3d459c367d8416162c61e0f304a	.references/pawn/collections/ins1x--useful-samp-stuff/gamemodes/1nsanedeathmatch/pawno/include/mselect.inc	ins1x--useful-samp-stuff-source.zip	378274acaf1d86c605f21f4aa72552467090383b66b88fdf2d08c42411458982
ins1x/useful-samp-stuff	86f74b45523ac3d459c367d8416162c61e0f304a	.references/pawn/collections/ins1x--useful-samp-stuff/gamemodes/1nsanedeathmatch/pawno/include/a_objects.inc	ins1x--useful-samp-stuff-source.zip	dbec4c90242e42a9cd963ac9b65d4e176d3d55c8ba9bb01e3a94014c390eb949
ins1x/useful-samp-stuff	86f74b45523ac3d459c367d8416162c61e0f304a	.references/pawn/collections/ins1x--useful-samp-stuff/gamemodes/1nsanedeathmatch/pawno/include/file.inc	ins1x--useful-samp-stuff-source.zip	272ed31ef7e2567fe12298cfa1083aa9b9a3ba11c9ba870a628181cd301a32af
ins1x/useful-samp-stuff	86f74b45523ac3d459c367d8416162c61e0f304a	.references/pawn/collections/ins1x--useful-samp-stuff/gamemodes/1nsanedeathmatch/pawno/include/tde_tdinfo.inc	ins1x--useful-samp-stuff-source.zip	23ad1495d0e431987bf4647a1ce0b4a37ff15576c63d4d82380e0347c0a3d7fe
ins1x/useful-samp-stuff	86f74b45523ac3d459c367d8416162c61e0f304a	.references/pawn/collections/ins1x--useful-samp-stuff/gamemodes/1nsanedeathmatch/pawno/include/a_vehicles.inc	ins1x--useful-samp-stuff-source.zip	6654a2aa910b78d1292f6ab2a30deeb0e0b235d97f1beccd68802fa0b12c44ec
ins1x/useful-samp-stuff	86f74b45523ac3d459c367d8416162c61e0f304a	.references/pawn/collections/ins1x--useful-samp-stuff/gamemodes/1nsanedeathmatch/pawno/include/a_actor.inc	ins1x--useful-samp-stuff-source.zip	436c3a5a9ddbad72d414340066b4f64f0df8deabe958fae9f258c0a40d185f9f
ins1x/useful-samp-stuff	86f74b45523ac3d459c367d8416162c61e0f304a	.references/pawn/collections/ins1x--useful-samp-stuff/gamemodes/1nsanedeathmatch/pawno/include/memory.inc	ins1x--useful-samp-stuff-source.zip	7bdd50c13eea904e69ab053f13c9e23aa1770b40fdcd66699ae6dc951d09cce6
ins1x/useful-samp-stuff	86f74b45523ac3d459c367d8416162c61e0f304a	.references/pawn/collections/ins1x--useful-samp-stuff/gamemodes/1nsanedeathmatch/pawno/include/Pawn.CMD.inc	ins1x--useful-samp-stuff-source.zip	3de00d547f07ceef54503b305c2a9c49525edf2e1c61faa5039ceec83acda295
ins1x/useful-samp-stuff	86f74b45523ac3d459c367d8416162c61e0f304a	.references/pawn/collections/ins1x--useful-samp-stuff/gamemodes/1nsanedeathmatch/pawno/include/a_mysql.inc	ins1x--useful-samp-stuff-source.zip	3500e399200dda5ce7f23072ac4bedbc588b311b5a854585cadb5029c641655e
ins1x/useful-samp-stuff	86f74b45523ac3d459c367d8416162c61e0f304a	.references/pawn/collections/ins1x--useful-samp-stuff/gamemodes/1nsanedeathmatch/pawno/include/YSF.inc	ins1x--useful-samp-stuff-source.zip	cc09fa44db8b12827ebabf8005dff05b49aac68cc3529255d232ecec2d0db668
ins1x/useful-samp-stuff	86f74b45523ac3d459c367d8416162c61e0f304a	.references/pawn/collections/ins1x--useful-samp-stuff/gamemodes/1nsanedeathmatch/pawno/include/a_players.inc	ins1x--useful-samp-stuff-source.zip	90ab5636bd25d787f8eee05b21d1d2e8a61ee161c576430b1e589d7d1c7a44bc
ins1x/useful-samp-stuff	86f74b45523ac3d459c367d8416162c61e0f304a	.references/pawn/collections/ins1x--useful-samp-stuff/gamemodes/1nsanedeathmatch/pawno/include/Dini.inc	ins1x--useful-samp-stuff-source.zip	660ea3cf67a43bde48abbec0a19edc8ce49ea428ea0a30f321e380bfe80f5416
ins1x/useful-samp-stuff	86f74b45523ac3d459c367d8416162c61e0f304a	.references/pawn/collections/ins1x--useful-samp-stuff/gamemodes/1nsanedeathmatch/pawno/include/sscanf.inc	ins1x--useful-samp-stuff-source.zip	27922da75156d0bbaeca646cd599e801a3bd3d7b0aa3885bc801f197006eb658
ins1x/useful-samp-stuff	86f74b45523ac3d459c367d8416162c61e0f304a	.references/pawn/collections/ins1x--useful-samp-stuff/gamemodes/1nsanedeathmatch/pawno/include/gl_common.inc	ins1x--useful-samp-stuff-source.zip	c54e428dad2052b08c784eb06b8d6149120f5e0c90f60305bd426531c0103d23
ins1x/useful-samp-stuff	86f74b45523ac3d459c367d8416162c61e0f304a	.references/pawn/collections/ins1x--useful-samp-stuff/gamemodes/1nsanedeathmatch/pawno/include/fix_attachments.inc	ins1x--useful-samp-stuff-source.zip	738449afd759aef42865b151728820935344117a73038da01a592ff067977639
ins1x/useful-samp-stuff	86f74b45523ac3d459c367d8416162c61e0f304a	.references/pawn/collections/ins1x--useful-samp-stuff/gamemodes/1nsanedeathmatch/pawno/include/time.inc	ins1x--useful-samp-stuff-source.zip	2b45200810ae38c4d9517e0a748de53838697ee0f1bb8cb457216c54cced6432
ins1x/useful-samp-stuff	86f74b45523ac3d459c367d8416162c61e0f304a	.references/pawn/collections/ins1x--useful-samp-stuff/gamemodes/1nsanedeathmatch/pawno/include/foreach.inc	ins1x--useful-samp-stuff-source.zip	162045bf6b592d8bacf4695dc9d58995be6a6f4b6e79fe52b08b9dba4379745d
ins1x/useful-samp-stuff	86f74b45523ac3d459c367d8416162c61e0f304a	.references/pawn/collections/ins1x--useful-samp-stuff/gamemodes/1nsanedeathmatch/pawno/include/sampcac.inc	ins1x--useful-samp-stuff-source.zip	f8604ab0ad2c097b7b7c45bbe9f980121bdf44b34ddf0f8c3f15c8257711cefb
ins1x/useful-samp-stuff	86f74b45523ac3d459c367d8416162c61e0f304a	.references/pawn/collections/ins1x--useful-samp-stuff/gamemodes/1nsanedeathmatch/pawno/include/mapfix.inc	ins1x--useful-samp-stuff-source.zip	4a9ecd5d128c61b0076800335a114d0083aa17df7595573ded4beb31b7402b68
ins1x/useful-samp-stuff	86f74b45523ac3d459c367d8416162c61e0f304a	.references/pawn/collections/ins1x--useful-samp-stuff/gamemodes/1nsanedeathmatch/pawno/include/float.inc	ins1x--useful-samp-stuff-source.zip	4884346ed93ac32f16c541901c6350c6d1e3140777b046f03914273c672df279
ins1x/useful-samp-stuff	86f74b45523ac3d459c367d8416162c61e0f304a	.references/pawn/collections/ins1x--useful-samp-stuff/gamemodes/1nsanedeathmatch/pawno/include/a_npc.inc	ins1x--useful-samp-stuff-source.zip	c1ef3b98fc3524bc0b8eb9b5df0f418c163f2f4d7ecd507de187bf71b28ec73f
ins1x/useful-samp-stuff	86f74b45523ac3d459c367d8416162c61e0f304a	.references/pawn/collections/ins1x--useful-samp-stuff/gamemodes/1nsanedeathmatch/pawno/include/crashdetect.inc	ins1x--useful-samp-stuff-source.zip	fb8aeb0ee8a0f1055e17480fc51f75e08db8c57c0e247aca09fe405f9fa59506
ins1x/useful-samp-stuff	86f74b45523ac3d459c367d8416162c61e0f304a	.references/pawn/collections/ins1x--useful-samp-stuff/gamemodes/1nsanedeathmatch/pawno/include/alltextures.inc	ins1x--useful-samp-stuff-source.zip	3fecf08f65e094ec817b16cf1673979fbc7387248415eccb102b2084290fdb4a
ins1x/useful-samp-stuff	86f74b45523ac3d459c367d8416162c61e0f304a	.references/pawn/collections/ins1x--useful-samp-stuff/gamemodes/1nsanedeathmatch/pawno/include/utils.inc	ins1x--useful-samp-stuff-source.zip	4a762eca7badb1c5c2a4f46d1bd54a63e6d02cd065083c52052862cc2969caab
ins1x/useful-samp-stuff	86f74b45523ac3d459c367d8416162c61e0f304a	.references/pawn/collections/ins1x--useful-samp-stuff/gamemodes/1nsanedeathmatch/pawno/include/dutils.inc	ins1x--useful-samp-stuff-source.zip	17566c2911dc2483529ec6eab7699b1c6336bb86a436b1c464ef88624bde5787
ins1x/useful-samp-stuff	86f74b45523ac3d459c367d8416162c61e0f304a	.references/pawn/collections/ins1x--useful-samp-stuff/gamemodes/1nsanedeathmatch/pawno/include/ASAN_FS.inc	ins1x--useful-samp-stuff-source.zip	8bbecb12d37cd1519cdffd325b5130bc497338f0241e8d4c4025ead07220607d
ins1x/useful-samp-stuff	86f74b45523ac3d459c367d8416162c61e0f304a	.references/pawn/collections/ins1x--useful-samp-stuff/gamemodes/1nsanedeathmatch/pawno/include/ASAN.inc	ins1x--useful-samp-stuff-source.zip	a9b8a2c467cad3bcf4224ebc72335885afd34b49902c861884aff00c249d7ee0
ins1x/useful-samp-stuff	86f74b45523ac3d459c367d8416162c61e0f304a	.references/pawn/collections/ins1x--useful-samp-stuff/gamemodes/1nsanedeathmatch/pawno/include/streamer.inc	ins1x--useful-samp-stuff-source.zip	71a547d07291133b51fe1e5956e67d6285f29619a7bea3a95c2f6934dec806a6
ins1x/useful-samp-stuff	86f74b45523ac3d459c367d8416162c61e0f304a	.references/pawn/collections/ins1x--useful-samp-stuff/gamemodes/1nsanedeathmatch/pawno/include/3dmenu.inc	ins1x--useful-samp-stuff-source.zip	dbb959963eaea07c5c0401df50cddd3adcc2516cc4fdc9c65ee906f659fb98ff
ins1x/useful-samp-stuff	86f74b45523ac3d459c367d8416162c61e0f304a	.references/pawn/collections/ins1x--useful-samp-stuff/gamemodes/1nsanedeathmatch/pawno/include/tdcutils.inc	ins1x--useful-samp-stuff-source.zip	de5a7b538ec59bc71be0ba7e9ecce3067241779fa0cffcd1ae2da53ef7eea9e3
ins1x/useful-samp-stuff	86f74b45523ac3d459c367d8416162c61e0f304a	.references/pawn/collections/ins1x--useful-samp-stuff/gamemodes/1nsanedeathmatch/pawno/include/a_http.inc	ins1x--useful-samp-stuff-source.zip	986dd9281b31b3910966bfeeb9ff71c33593d079827c9623067aa02d5a46e407
ins1x/useful-samp-stuff	86f74b45523ac3d459c367d8416162c61e0f304a	.references/pawn/collections/ins1x--useful-samp-stuff/gamemodes/1nsanedeathmatch/pawno/include/mxINI.inc	ins1x--useful-samp-stuff-source.zip	2657caabf0a96a3023b303f323b730e82cdae47e35bc4194f8e53b1e9faabb15
ins1x/useful-samp-stuff	86f74b45523ac3d459c367d8416162c61e0f304a	.references/pawn/collections/ins1x--useful-samp-stuff/gamemodes/1nsanedeathmatch/pawno/include/string.inc	ins1x--useful-samp-stuff-source.zip	72515fd1ca961c28192d0607bb615c5b9949f5558dfd560848fc655cf76fe62e
ins1x/useful-samp-stuff	86f74b45523ac3d459c367d8416162c61e0f304a	.references/pawn/collections/ins1x--useful-samp-stuff/gamemodes/1nsanedeathmatch/pawno/include/removeroadobjects.inc	ins1x--useful-samp-stuff-source.zip	1203d12dbed5d8e4936502f830b2416cec27da6349ee2bee564c4baffb19d0eb
ins1x/useful-samp-stuff	86f74b45523ac3d459c367d8416162c61e0f304a	.references/pawn/collections/ins1x--useful-samp-stuff/gamemodes/1nsanedeathmatch/pawno/include/strlib.inc	ins1x--useful-samp-stuff-source.zip	f7c5e1afc8aa5a07e54ae5cdb0b92a3cbdddc514c7718c0b5c086ab6ed42d30a
ins1x/useful-samp-stuff	86f74b45523ac3d459c367d8416162c61e0f304a	.references/pawn/collections/ins1x--useful-samp-stuff/gamemodes/1nsanedeathmatch/pawno/include/geolocation.inc	ins1x--useful-samp-stuff-source.zip	6ba5a6bc85871db5daf02dcbb7b04ffb2e0230922c6d9c87f3437a50205c53df
ins1x/useful-samp-stuff	86f74b45523ac3d459c367d8416162c61e0f304a	.references/pawn/collections/ins1x--useful-samp-stuff/gamemodes/1nsanedeathmatch/pawno/include/tdcudb.inc	ins1x--useful-samp-stuff-source.zip	a312783c91142f5da2d3521ea20046d221746c4db661779d4bb6360d1954227f
ins1x/useful-samp-stuff	86f74b45523ac3d459c367d8416162c61e0f304a	.references/pawn/collections/ins1x--useful-samp-stuff/gamemodes/1nsanedeathmatch/pawno/include/core.inc	ins1x--useful-samp-stuff-source.zip	0a2a2363a4130e250422bbf54652c544a45913f729b2c401dbeebd3a564ed585
ins1x/useful-samp-stuff	86f74b45523ac3d459c367d8416162c61e0f304a	.references/pawn/collections/ins1x--useful-samp-stuff/gamemodes/1nsanedeathmatch/pawno/include/jit.inc	ins1x--useful-samp-stuff-source.zip	999d11413decf36ea0fc391d269691d1dc87806e732d9c9a1cfdf043e14b1a70
ins1x/useful-samp-stuff	86f74b45523ac3d459c367d8416162c61e0f304a	.references/pawn/collections/ins1x--useful-samp-stuff/gamemodes/1nsanedeathmatch/pawno/include/YSI.inc	ins1x--useful-samp-stuff-source.zip	932aa00df255ed31afa99509d34e9acc4cea91be903ed5f3c63827be7e3f30e3
ins1x/useful-samp-stuff	86f74b45523ac3d459c367d8416162c61e0f304a	.references/pawn/collections/ins1x--useful-samp-stuff/gamemodes/1nsanedeathmatch/pawno/include/a_sampdb.inc	ins1x--useful-samp-stuff-source.zip	83ceb7574a02933ca0fa252470479697b202f6e008a511aa509cd5a35f251201
ins1x/useful-samp-stuff	86f74b45523ac3d459c367d8416162c61e0f304a	.references/pawn/collections/ins1x--useful-samp-stuff/gamemodes/1nsanedeathmatch/pawno/include/datagram.inc	ins1x--useful-samp-stuff-source.zip	1ad61ddf42e6ed3734e7aee457d2ec323f45066d2250f119c264201e62a5c5e5
ins1x/useful-samp-stuff	86f74b45523ac3d459c367d8416162c61e0f304a	.references/pawn/collections/ins1x--useful-samp-stuff/gamemodes/1nsanedeathmatch/pawno/include/a_samp.inc	ins1x--useful-samp-stuff-source.zip	0289588bc8608ac7e1bbf8f49df27e31ef9abf5450ad9231e2a66f4f1dce84ac
ins1x/useful-samp-stuff	86f74b45523ac3d459c367d8416162c61e0f304a	.references/pawn/collections/ins1x--useful-samp-stuff/gamemodes/1nsanedeathmatch/pawno/include/dialog.inc	ins1x--useful-samp-stuff-source.zip	87ee1503c94685a53a02169534d11d4e855eb407ba49ae813391bef90982a38a
ins1x/useful-samp-stuff	86f74b45523ac3d459c367d8416162c61e0f304a	.references/pawn/collections/ins1x--useful-samp-stuff/gamemodes/1nsanedeathmatch/pawno/include/zcmd.inc	ins1x--useful-samp-stuff-source.zip	baf72d3b93aec5e4dd4f0dd93db49fdb77f0399572846bfc91eae4d8a98cd1ca
ins1x/useful-samp-stuff	86f74b45523ac3d459c367d8416162c61e0f304a	.references/pawn/collections/ins1x--useful-samp-stuff/gamemodes/1nsanedeathmatch/pawno/include/crp.inc	ins1x--useful-samp-stuff-source.zip	11e666193b11e30c21a1ec5504fc9c8ae7c48fd903cfcc5f69bd0b2d98106ca4
ins1x/useful-samp-stuff	86f74b45523ac3d459c367d8416162c61e0f304a	.references/pawn/collections/ins1x--useful-samp-stuff/gamemodes/1nsanedeathmatch/pawno/include/sscanf2.inc	ins1x--useful-samp-stuff-source.zip	c0b5a38ab23b2d0dfce8197e7858caead959f8ca1d6334b40c7de9dec4bcdde0
ins1x/useful-samp-stuff	86f74b45523ac3d459c367d8416162c61e0f304a	.references/pawn/collections/ins1x--useful-samp-stuff/gamemodes/1nsanedeathmatch/pawno/include/Pawn.RakNet.inc	ins1x--useful-samp-stuff-source.zip	8451c5a9070abf93c7f60e47386e0dc88b91eb17bdfe37bb32e6b0622ad5a2b1
ins1x/useful-samp-stuff	86f74b45523ac3d459c367d8416162c61e0f304a	.references/pawn/collections/ins1x--useful-samp-stuff/gamemodes/1nsanedeathmatch/pawno/include/Examples/fixes.inc	ins1x--useful-samp-stuff-source.zip	187898b3ba22bc9314ddd87fe46066039c93f1d20bf0cedea2e3f90a938395fc
ins1x/useful-samp-stuff	86f74b45523ac3d459c367d8416162c61e0f304a	.references/pawn/collections/ins1x--useful-samp-stuff/gamemodes/1nsanedeathmatch/pawno/include/YSI/y_writemem.inc	ins1x--useful-samp-stuff-source.zip	ae20db724a95b4eaf364252264e92d23dbef96e788ed6aa6e7e4185aa7998a8d
ins1x/useful-samp-stuff	86f74b45523ac3d459c367d8416162c61e0f304a	.references/pawn/collections/ins1x--useful-samp-stuff/gamemodes/1nsanedeathmatch/pawno/include/YSI/y_debug.inc	ins1x--useful-samp-stuff-source.zip	f2d9c8ebf05539c242a7ade942e0e1fe956d892d4ea643b1a582da9a75ab56a5
ins1x/useful-samp-stuff	86f74b45523ac3d459c367d8416162c61e0f304a	.references/pawn/collections/ins1x--useful-samp-stuff/gamemodes/1nsanedeathmatch/pawno/include/YSI/y_users.inc	ins1x--useful-samp-stuff-source.zip	be1e93aa9c3a2dbfe7d214e88865a3167b8fac185e3e27312eada3cc8a9e8afa
ins1x/useful-samp-stuff	86f74b45523ac3d459c367d8416162c61e0f304a	.references/pawn/collections/ins1x--useful-samp-stuff/gamemodes/1nsanedeathmatch/pawno/include/YSI/y_inline.inc	ins1x--useful-samp-stuff-source.zip	3809905173d84c508b1fd3120d35971241ff1368bbebcc42c3e7ca267fdb7f52
ins1x/useful-samp-stuff	86f74b45523ac3d459c367d8416162c61e0f304a	.references/pawn/collections/ins1x--useful-samp-stuff/gamemodes/1nsanedeathmatch/pawno/include/YSI/y_td.inc	ins1x--useful-samp-stuff-source.zip	81b455268b6b2e7d5eacef0eb8fafc0cd624692805e33d5297eaef8ed1b5fed3
ins1x/useful-samp-stuff	86f74b45523ac3d459c367d8416162c61e0f304a	.references/pawn/collections/ins1x--useful-samp-stuff/gamemodes/1nsanedeathmatch/pawno/include/YSI/y_php.inc	ins1x--useful-samp-stuff-source.zip	1fb6ade957cb1c658f92fb480f6cccee7593ae1b7d2efdf7eb06fd19fa1e8bba
ins1x/useful-samp-stuff	86f74b45523ac3d459c367d8416162c61e0f304a	.references/pawn/collections/ins1x--useful-samp-stuff/gamemodes/1nsanedeathmatch/pawno/include/YSI/y_stringhash.inc	ins1x--useful-samp-stuff-source.zip	a67aeff23d08e03ffdfff25bfe2a39a3397c55dfc16b4972c7826309dfb540ed
ins1x/useful-samp-stuff	86f74b45523ac3d459c367d8416162c61e0f304a	.references/pawn/collections/ins1x--useful-samp-stuff/gamemodes/1nsanedeathmatch/pawno/include/YSI/y_malloc.inc	ins1x--useful-samp-stuff-source.zip	bf18eb0f2683f002aef379cb6a14664d0d21a282365424166228010dea41c11c
ins1x/useful-samp-stuff	86f74b45523ac3d459c367d8416162c61e0f304a	.references/pawn/collections/ins1x--useful-samp-stuff/gamemodes/1nsanedeathmatch/pawno/include/YSI/y_master.inc	ins1x--useful-samp-stuff-source.zip	867c3a3f5da3cf5dcda7f1efe512477bb51cc0d7bd87854b7e82245caf6135be
ins1x/useful-samp-stuff	86f74b45523ac3d459c367d8416162c61e0f304a	.references/pawn/collections/ins1x--useful-samp-stuff/gamemodes/1nsanedeathmatch/pawno/include/YSI/y_text.inc	ins1x--useful-samp-stuff-source.zip	f2abfbc8703b3568869676c528528d15af3e92df8750f866155e95008694c434
ins1x/useful-samp-stuff	86f74b45523ac3d459c367d8416162c61e0f304a	.references/pawn/collections/ins1x--useful-samp-stuff/gamemodes/1nsanedeathmatch/pawno/include/YSI/y_va.inc	ins1x--useful-samp-stuff-source.zip	51ec9b49c0f2fea3bd2e0153129f9aaf4904f89055d08d53c30f1938c98b6dc5
ins1x/useful-samp-stuff	86f74b45523ac3d459c367d8416162c61e0f304a	.references/pawn/collections/ins1x--useful-samp-stuff/gamemodes/1nsanedeathmatch/pawno/include/YSI/y_cell.inc	ins1x--useful-samp-stuff-source.zip	646c875205ebc717fcfba39f14ea2a38c0f9ef23aa24ac8bfe376ea3108db2c8
ins1x/useful-samp-stuff	86f74b45523ac3d459c367d8416162c61e0f304a	.references/pawn/collections/ins1x--useful-samp-stuff/gamemodes/1nsanedeathmatch/pawno/include/YSI/y_gui.inc	ins1x--useful-samp-stuff-source.zip	548b607a5e2601c286e9434d8396d3f23edccbec26af5e739a7eb5d1854e5331
ins1x/useful-samp-stuff	86f74b45523ac3d459c367d8416162c61e0f304a	.references/pawn/collections/ins1x--useful-samp-stuff/gamemodes/1nsanedeathmatch/pawno/include/YSI/y_utils.inc	ins1x--useful-samp-stuff-source.zip	20221ece082d0de115f5a375029d5b3601078ca093e4992eaa297547ecd673bb
ins1x/useful-samp-stuff	86f74b45523ac3d459c367d8416162c61e0f304a	.references/pawn/collections/ins1x--useful-samp-stuff/gamemodes/1nsanedeathmatch/pawno/include/YSI/y_colours.inc	ins1x--useful-samp-stuff-source.zip	2d8f26d9ee5e17ec45418206da4e4ce3c3b0d764e374a3225c4c5e4d84cf9a7c
ins1x/useful-samp-stuff	86f74b45523ac3d459c367d8416162c61e0f304a	.references/pawn/collections/ins1x--useful-samp-stuff/gamemodes/1nsanedeathmatch/pawno/include/YSI/y_remote.inc	ins1x--useful-samp-stuff-source.zip	24662ab9c02b40a63a294e850423c54cfed86aa81a5af991246c49e5ba9b53dd
ins1x/useful-samp-stuff	86f74b45523ac3d459c367d8416162c61e0f304a	.references/pawn/collections/ins1x--useful-samp-stuff/gamemodes/1nsanedeathmatch/pawno/include/YSI/y_ini.inc	ins1x--useful-samp-stuff-source.zip	98c13986b071625ef235a97694364d5e419e5d58c666a1da04f4a82a396e193d
ins1x/useful-samp-stuff	86f74b45523ac3d459c367d8416162c61e0f304a	.references/pawn/collections/ins1x--useful-samp-stuff/gamemodes/1nsanedeathmatch/pawno/include/YSI/y_playerarray.inc	ins1x--useful-samp-stuff-source.zip	f475494d0ab273d148f1424136ce01b9702edd77d237fe3882f0b9a930184aca
ins1x/useful-samp-stuff	86f74b45523ac3d459c367d8416162c61e0f304a	.references/pawn/collections/ins1x--useful-samp-stuff/gamemodes/1nsanedeathmatch/pawno/include/YSI/y_tdmorph.h	ins1x--useful-samp-stuff-source.zip	6cce0184e9f6fb9702ea5e41d355440e080144909937d37ca8be6497c4c7129d
ins1x/useful-samp-stuff	86f74b45523ac3d459c367d8416162c61e0f304a	.references/pawn/collections/ins1x--useful-samp-stuff/gamemodes/1nsanedeathmatch/pawno/include/YSI/y_uvar.inc	ins1x--useful-samp-stuff-source.zip	31699814adda14ad545c745389a7fac0c8205063598f0b3bfd5898ef2fd1e285
ins1x/useful-samp-stuff	86f74b45523ac3d459c367d8416162c61e0f304a	.references/pawn/collections/ins1x--useful-samp-stuff/gamemodes/1nsanedeathmatch/pawno/include/YSI/y_hooks.inc	ins1x--useful-samp-stuff-source.zip	a0d8d0f86297d616332ef8a8f2419a99eff6fa8468bdcf2f1e9f2dc83c52d950
ins1x/useful-samp-stuff	86f74b45523ac3d459c367d8416162c61e0f304a	.references/pawn/collections/ins1x--useful-samp-stuff/gamemodes/1nsanedeathmatch/pawno/include/YSI/y_flooding.inc	ins1x--useful-samp-stuff-source.zip	b842148f304c865f0552819d28e97eb3e258ad9da1f73e8d4321816fcd1443a8
ins1x/useful-samp-stuff	86f74b45523ac3d459c367d8416162c61e0f304a	.references/pawn/collections/ins1x--useful-samp-stuff/gamemodes/1nsanedeathmatch/pawno/include/YSI/y_groups.inc	ins1x--useful-samp-stuff-source.zip	7aa3dab43b04e501c25ae3e660e826877471e9e298b5902efb0b7dff439e7580
ins1x/useful-samp-stuff	86f74b45523ac3d459c367d8416162c61e0f304a	.references/pawn/collections/ins1x--useful-samp-stuff/gamemodes/1nsanedeathmatch/pawno/include/YSI/y_lock.inc	ins1x--useful-samp-stuff-source.zip	a0cd7d58c31df38c86507b137753865c096514df0013977212551d8beff50514
ins1x/useful-samp-stuff	86f74b45523ac3d459c367d8416162c61e0f304a	.references/pawn/collections/ins1x--useful-samp-stuff/gamemodes/1nsanedeathmatch/pawno/include/YSI/y_colors.inc	ins1x--useful-samp-stuff-source.zip	da9bf4dc8607a8af8f1c8cb427195d1909246635527d4bb9aeafdba631d082aa
ins1x/useful-samp-stuff	86f74b45523ac3d459c367d8416162c61e0f304a	.references/pawn/collections/ins1x--useful-samp-stuff/gamemodes/1nsanedeathmatch/pawno/include/YSI/y_xml.inc	ins1x--useful-samp-stuff-source.zip	8f566741ad74232f4c57008fb7d701ce10bdefa6cafce38ddbd9d77876e0e887
ins1x/useful-samp-stuff	86f74b45523ac3d459c367d8416162c61e0f304a	.references/pawn/collections/ins1x--useful-samp-stuff/gamemodes/1nsanedeathmatch/pawno/include/YSI/y_scriptinit.inc	ins1x--useful-samp-stuff-source.zip	6d7006204a93860ec6f8d7d1c5404dca9b24f21ebfce5f8b4da98a5b911fd207
ins1x/useful-samp-stuff	86f74b45523ac3d459c367d8416162c61e0f304a	.references/pawn/collections/ins1x--useful-samp-stuff/gamemodes/1nsanedeathmatch/pawno/include/YSI/y_languages.inc	ins1x--useful-samp-stuff-source.zip	81b6b08f578d629de1b8a1437a4b5596155c2bbc3b6a7c8cc0f34f53cd90cd1f
ins1x/useful-samp-stuff	86f74b45523ac3d459c367d8416162c61e0f304a	.references/pawn/collections/ins1x--useful-samp-stuff/gamemodes/1nsanedeathmatch/pawno/include/YSI/y_als.inc	ins1x--useful-samp-stuff-source.zip	31e9d38c048ac6a2ad39827df0441cd05c1535dc61380019bd49e78222f2daac
ins1x/useful-samp-stuff	86f74b45523ac3d459c367d8416162c61e0f304a	.references/pawn/collections/ins1x--useful-samp-stuff/gamemodes/1nsanedeathmatch/pawno/include/YSI/y_races.inc	ins1x--useful-samp-stuff-source.zip	a73adc23776f32f59e841c69f5f40489129377d4c8574bc2a3ba7c0fb56c17d8
ins1x/useful-samp-stuff	86f74b45523ac3d459c367d8416162c61e0f304a	.references/pawn/collections/ins1x--useful-samp-stuff/gamemodes/1nsanedeathmatch/pawno/include/YSI/y_zonepulse.inc	ins1x--useful-samp-stuff-source.zip	481539bf46990c8b806ee658623c11c837126a840dd193bb6d37294bfe743959
ins1x/useful-samp-stuff	86f74b45523ac3d459c367d8416162c61e0f304a	.references/pawn/collections/ins1x--useful-samp-stuff/gamemodes/1nsanedeathmatch/pawno/include/YSI/y_bintree.inc	ins1x--useful-samp-stuff-source.zip	0666d0dac8c6e614c0237adf852ee6bf9ef902e457316ae1ec3e1a05cbecc403
ins1x/useful-samp-stuff	86f74b45523ac3d459c367d8416162c61e0f304a	.references/pawn/collections/ins1x--useful-samp-stuff/gamemodes/1nsanedeathmatch/pawno/include/YSI/y_iterate.inc	ins1x--useful-samp-stuff-source.zip	b8c4d0c47315e653ac38bd60c3a3c72a2077b01232f176c20f4cb956eb4e6fcf
ins1x/useful-samp-stuff	86f74b45523ac3d459c367d8416162c61e0f304a	.references/pawn/collections/ins1x--useful-samp-stuff/gamemodes/1nsanedeathmatch/pawno/include/YSI/y_areas.inc	ins1x--useful-samp-stuff-source.zip	42a5253a86c78ffcecee5204516d3649db9025e2bc2b9f0df65fdb4f8331afdd
ins1x/useful-samp-stuff	86f74b45523ac3d459c367d8416162c61e0f304a	.references/pawn/collections/ins1x--useful-samp-stuff/gamemodes/1nsanedeathmatch/pawno/include/YSI/y_zonenames.inc	ins1x--useful-samp-stuff-source.zip	a22aa6f6e764a8bc2ba19b283dc8cb84129eece396c2bfa37715e04c8ac3d83b
ins1x/useful-samp-stuff	86f74b45523ac3d459c367d8416162c61e0f304a	.references/pawn/collections/ins1x--useful-samp-stuff/gamemodes/1nsanedeathmatch/pawno/include/YSI/y_bit.inc	ins1x--useful-samp-stuff-source.zip	c457f228fa232a0c6d81916485e1be0cd58c30d0795cec030192c13a2647477d
ins1x/useful-samp-stuff	86f74b45523ac3d459c367d8416162c61e0f304a	.references/pawn/collections/ins1x--useful-samp-stuff/gamemodes/1nsanedeathmatch/pawno/include/YSI/y_bitmap.inc	ins1x--useful-samp-stuff-source.zip	445be847c9fd668c9a646595563b05e2797db4c7cf30a3b1f1ea5ae287eba629
ins1x/useful-samp-stuff	86f74b45523ac3d459c367d8416162c61e0f304a	.references/pawn/collections/ins1x--useful-samp-stuff/gamemodes/1nsanedeathmatch/pawno/include/YSI/y_mouse.inc	ins1x--useful-samp-stuff-source.zip	87f9e778fab4a7759324b382bfdb98a453f55212952f456d9e02a4a83d97b58c
ins1x/useful-samp-stuff	86f74b45523ac3d459c367d8416162c61e0f304a	.references/pawn/collections/ins1x--useful-samp-stuff/gamemodes/1nsanedeathmatch/pawno/include/YSI/y_dialog.inc	ins1x--useful-samp-stuff-source.zip	4d1bdd25dac73e835aebdd0eea998d11422dc7c8f558424c4860fd05d58afc4b
ins1x/useful-samp-stuff	86f74b45523ac3d459c367d8416162c61e0f304a	.references/pawn/collections/ins1x--useful-samp-stuff/gamemodes/1nsanedeathmatch/pawno/include/YSI/y_gui2.inc	ins1x--useful-samp-stuff-source.zip	638d28149f7a9db4f63ea337c56c807b99e78e20773b3b1e863ba105c54be809
ins1x/useful-samp-stuff	86f74b45523ac3d459c367d8416162c61e0f304a	.references/pawn/collections/ins1x--useful-samp-stuff/gamemodes/1nsanedeathmatch/pawno/include/YSI/y_playerset.inc	ins1x--useful-samp-stuff-source.zip	6de349940ae23c64cb8b83c36a9c51b35e046c918c0371a3ad51018f571e0d78
ins1x/useful-samp-stuff	86f74b45523ac3d459c367d8416162c61e0f304a	.references/pawn/collections/ins1x--useful-samp-stuff/gamemodes/1nsanedeathmatch/pawno/include/YSI/y_timers.inc	ins1x--useful-samp-stuff-source.zip	20c8c95fdbbc9ca422ab45bc5e8e0c19684ceb96cf5c54744a8ee69a7bdf78c8
ins1x/useful-samp-stuff	86f74b45523ac3d459c367d8416162c61e0f304a	.references/pawn/collections/ins1x--useful-samp-stuff/gamemodes/1nsanedeathmatch/pawno/include/YSI/y_testing.inc	ins1x--useful-samp-stuff-source.zip	7676f020ee2ab0902a0967a94d68eb34bc36988548b7891a72271419883edae1
ins1x/useful-samp-stuff	86f74b45523ac3d459c367d8416162c61e0f304a	.references/pawn/collections/ins1x--useful-samp-stuff/gamemodes/1nsanedeathmatch/pawno/include/YSI/y_svar.inc	ins1x--useful-samp-stuff-source.zip	b5d653ddadb0c41358963330ea2cf1a68af7ecf60b18a8d0c5da4a1f58ad460a
ins1x/useful-samp-stuff	86f74b45523ac3d459c367d8416162c61e0f304a	.references/pawn/collections/ins1x--useful-samp-stuff/gamemodes/1nsanedeathmatch/pawno/include/YSI/y_jaggedarray.inc	ins1x--useful-samp-stuff-source.zip	1858f4f87c1bfcb5f731df875cda7b9230b957892dfad9ce13932835d05c29eb
ins1x/useful-samp-stuff	86f74b45523ac3d459c367d8416162c61e0f304a	.references/pawn/collections/ins1x--useful-samp-stuff/gamemodes/1nsanedeathmatch/pawno/include/YSI/y_extra.inc	ins1x--useful-samp-stuff-source.zip	0df8f134597aafa57e90f71260ee45e1879b7711f95151e928fd6054c108492c
ins1x/useful-samp-stuff	86f74b45523ac3d459c367d8416162c61e0f304a	.references/pawn/collections/ins1x--useful-samp-stuff/gamemodes/1nsanedeathmatch/pawno/include/YSI/y_commands.inc	ins1x--useful-samp-stuff-source.zip	d669606b277a9a44b9d466e2bdf90f2feebfbf8ba2bec0a720d75572f7e456db
ins1x/useful-samp-stuff	86f74b45523ac3d459c367d8416162c61e0f304a	.references/pawn/collections/ins1x--useful-samp-stuff/gamemodes/1nsanedeathmatch/pawno/include/YSI/y_files.inc	ins1x--useful-samp-stuff-source.zip	9214cc7de18d85cedd498ffdc118dba7b5627bafed03bfad6219ff2e2d2b1dad
ins1x/useful-samp-stuff	86f74b45523ac3d459c367d8416162c61e0f304a	.references/pawn/collections/ins1x--useful-samp-stuff/gamemodes/1nsanedeathmatch/pawno/include/YSI/y_classes.inc	ins1x--useful-samp-stuff-source.zip	1d1e81b43ef7e71a4651179970199e5ced7926f31604a0d10460755bbed4e1f4
ins1x/useful-samp-stuff	86f74b45523ac3d459c367d8416162c61e0f304a	.references/pawn/collections/ins1x--useful-samp-stuff/gamemodes/1nsanedeathmatch/pawno/include/YSI/y_amx.inc	ins1x--useful-samp-stuff-source.zip	d5b2a8dc9df314d0962d9e0342a87db7740f30c64fcbb347937200a12ac0466b
ins1x/useful-samp-stuff	86f74b45523ac3d459c367d8416162c61e0f304a	.references/pawn/collections/ins1x--useful-samp-stuff/gamemodes/1nsanedeathmatch/pawno/include/YSI/extra/y_extra_users.inc	ins1x--useful-samp-stuff-source.zip	15e42749ac4a582d5c962298f5b4ff77016c553abd4e9f4774e0b393a5095f9f
ins1x/useful-samp-stuff	86f74b45523ac3d459c367d8416162c61e0f304a	.references/pawn/collections/ins1x--useful-samp-stuff/gamemodes/1nsanedeathmatch/pawno/include/YSI/extra/y_extra_languages.inc	ins1x--useful-samp-stuff-source.zip	30877f8fe81f9c7a7f55c1374dfc77f0e55fcc3e12d281e237abbe3e4deef85b
ins1x/useful-samp-stuff	86f74b45523ac3d459c367d8416162c61e0f304a	.references/pawn/collections/ins1x--useful-samp-stuff/gamemodes/1nsanedeathmatch/pawno/include/YSI/extra/y_extra_other.inc	ins1x--useful-samp-stuff-source.zip	e24114800546b4d80e7800349cb40d0ed26d91a982de99aea72973a31022678e
ins1x/useful-samp-stuff	86f74b45523ac3d459c367d8416162c61e0f304a	.references/pawn/collections/ins1x--useful-samp-stuff/gamemodes/1nsanedeathmatch/pawno/include/YSI/y_master/_cleanup.inc	ins1x--useful-samp-stuff-source.zip	ffe5e03272ce3467cc716a2d96f90db6585a7e274e286d35ef4af4e90a989e59
ins1x/useful-samp-stuff	86f74b45523ac3d459c367d8416162c61e0f304a	.references/pawn/collections/ins1x--useful-samp-stuff/gamemodes/1nsanedeathmatch/pawno/include/YSI/y_master/_resolve.inc	ins1x--useful-samp-stuff-source.zip	f5490ec699ff5ad6b1031003af73dcfb47edc5b731cec2ec5b1011b67b02348c
ins1x/useful-samp-stuff	86f74b45523ac3d459c367d8416162c61e0f304a	.references/pawn/collections/ins1x--useful-samp-stuff/gamemodes/1nsanedeathmatch/pawno/include/YSI/y_master/tests.inc	ins1x--useful-samp-stuff-source.zip	e3b0c44298fc1c149afbf4c8996fb92427ae41e4649b934ca495991b7852b855
ins1x/useful-samp-stuff	86f74b45523ac3d459c367d8416162c61e0f304a	.references/pawn/collections/ins1x--useful-samp-stuff/gamemodes/1nsanedeathmatch/pawno/include/YSI/y_master/_impl2.inc	ins1x--useful-samp-stuff-source.zip	c2898ecbeb51591706c54a6258c5717ad3ae34d8cb1e639a363ed0c9b53579d7
ins1x/useful-samp-stuff	86f74b45523ac3d459c367d8416162c61e0f304a	.references/pawn/collections/ins1x--useful-samp-stuff/gamemodes/1nsanedeathmatch/pawno/include/YSI/y_master/_auto.inc	ins1x--useful-samp-stuff-source.zip	e8436872092cc6a910956f3e8c5f7695c864c541dcc3895f6ae11654194547f0
ins1x/useful-samp-stuff	86f74b45523ac3d459c367d8416162c61e0f304a	.references/pawn/collections/ins1x--useful-samp-stuff/gamemodes/1nsanedeathmatch/pawno/include/YSI/y_master/_impl1.inc	ins1x--useful-samp-stuff-source.zip	62c5ea27e2cc6cd892a880bc72fff41eb8e9dfd71b389183ab7b1c4885dca9cd
ins1x/useful-samp-stuff	86f74b45523ac3d459c367d8416162c61e0f304a	.references/pawn/collections/ins1x--useful-samp-stuff/gamemodes/1nsanedeathmatch/pawno/include/YSI/y_master/once.inc	ins1x--useful-samp-stuff-source.zip	63746e3c05c6e662e7e56033eff76e23ccce42eff1f11c5cf631e548a456261f
ins1x/useful-samp-stuff	86f74b45523ac3d459c367d8416162c61e0f304a	.references/pawn/collections/ins1x--useful-samp-stuff/gamemodes/1nsanedeathmatch/pawno/include/YSI/y_master/_override.inc	ins1x--useful-samp-stuff-source.zip	086544ccae018d8be4e96a6eaa2c6a41f9dc9c2e7a6200e2b5ac9508d07c89d4
ins1x/useful-samp-stuff	86f74b45523ac3d459c367d8416162c61e0f304a	.references/pawn/collections/ins1x--useful-samp-stuff/gamemodes/1nsanedeathmatch/pawno/include/YSI/y_users/ini.inc	ins1x--useful-samp-stuff-source.zip	2b47e69aa544b6cc9b08f23c92e6ede7de71a67965e30d93405838514df77f92
ins1x/useful-samp-stuff	86f74b45523ac3d459c367d8416162c61e0f304a	.references/pawn/collections/ins1x--useful-samp-stuff/gamemodes/1nsanedeathmatch/pawno/include/YSI/y_users/tests.inc	ins1x--useful-samp-stuff-source.zip	afd75eeeea1e6462fa7932cf3e3fea0d4be07d7637bbd6650e4a373fce314583
ins1x/useful-samp-stuff	86f74b45523ac3d459c367d8416162c61e0f304a	.references/pawn/collections/ins1x--useful-samp-stuff/gamemodes/1nsanedeathmatch/pawno/include/YSI/y_users/blueg7.inc	ins1x--useful-samp-stuff-source.zip	97ffcc069634274774c6f1402ffa4d1266b3a4b1064a64340e493df139fbd57e
ins1x/useful-samp-stuff	86f74b45523ac3d459c367d8416162c61e0f304a	.references/pawn/collections/ins1x--useful-samp-stuff/gamemodes/1nsanedeathmatch/pawno/include/YSI/y_bitmap/fonts.inc	ins1x--useful-samp-stuff-source.zip	3c6904993ee2a4c2e21166eca5d2f0346e80933f4c1c14d78644531f82d8ad2b
ins1x/useful-samp-stuff	86f74b45523ac3d459c367d8416162c61e0f304a	.references/pawn/collections/ins1x--useful-samp-stuff/gamemodes/1nsanedeathmatch/pawno/include/YSI/y_bitmap/write.inc	ins1x--useful-samp-stuff-source.zip	07e53375a1bf234ad6e0589f7a6ebee3e8bcf9e84023a708795c5fe6fd4ff65c
ins1x/useful-samp-stuff	86f74b45523ac3d459c367d8416162c61e0f304a	.references/pawn/collections/ins1x--useful-samp-stuff/gamemodes/1nsanedeathmatch/pawno/include/YSI/y_bitmap/tests.inc	ins1x--useful-samp-stuff-source.zip	5373860517f2b7d69329b72d638786ffabb149ef4d7545ca6d48ba278393bb4d
ins1x/useful-samp-stuff	86f74b45523ac3d459c367d8416162c61e0f304a	.references/pawn/collections/ins1x--useful-samp-stuff/gamemodes/1nsanedeathmatch/pawno/include/YSI/y_bitmap/subpixel.inc	ins1x--useful-samp-stuff-source.zip	de537af08ab0a25c11bbdf7be426146b9e7cd9d7a4e6b0ace43bb89dd5be2ec0
ins1x/useful-samp-stuff	86f74b45523ac3d459c367d8416162c61e0f304a	.references/pawn/collections/ins1x--useful-samp-stuff/gamemodes/1nsanedeathmatch/pawno/include/YSI/y_bitmap/shapes.inc	ins1x--useful-samp-stuff-source.zip	d8f4f511964e0e0f00174e78144f197dd88b91124978ec0b4a34edfa7d160f7f
ins1x/useful-samp-stuff	86f74b45523ac3d459c367d8416162c61e0f304a	.references/pawn/collections/ins1x--useful-samp-stuff/gamemodes/1nsanedeathmatch/pawno/include/YSI/y_bitmap/patterns.inc	ins1x--useful-samp-stuff-source.zip	69641ff7c03ec9183d9f589a9940cb5c3888a32f93d21b13bd18b970338392de
ins1x/useful-samp-stuff	86f74b45523ac3d459c367d8416162c61e0f304a	.references/pawn/collections/ins1x--useful-samp-stuff/gamemodes/1nsanedeathmatch/pawno/include/YSI/y_bitmap/blending.inc	ins1x--useful-samp-stuff-source.zip	c041bca817ffbe6e671139db44a18c0652684a4fdb0b2dcf71484650746d50eb
ins1x/useful-samp-stuff	86f74b45523ac3d459c367d8416162c61e0f304a	.references/pawn/collections/ins1x--useful-samp-stuff/gamemodes/1nsanedeathmatch/pawno/include/YSI/y_bitmap/impl.inc	ins1x--useful-samp-stuff-source.zip	6792ab3cbffcd39a40b1139b42e2bde9f8d068f164bcf78ce4740af572dcf0a6
ins1x/useful-samp-stuff	86f74b45523ac3d459c367d8416162c61e0f304a	.references/pawn/collections/ins1x--useful-samp-stuff/gamemodes/1nsanedeathmatch/pawno/include/YSI/y_svar/ini.inc	ins1x--useful-samp-stuff-source.zip	e44708641dc0cb48c1a3b2f71f9879d11eb971cb99f68a817a0e8a49258ef042
ins1x/useful-samp-stuff	86f74b45523ac3d459c367d8416162c61e0f304a	.references/pawn/collections/ins1x--useful-samp-stuff/gamemodes/1nsanedeathmatch/pawno/include/YSI/y_svar/tests.inc	ins1x--useful-samp-stuff-source.zip	34a4bff15027150f2459defefb7a946789bdced2c38f6c67ccda74275bba7bb9
ins1x/useful-samp-stuff	86f74b45523ac3d459c367d8416162c61e0f304a	.references/pawn/collections/ins1x--useful-samp-stuff/gamemodes/1nsanedeathmatch/pawno/include/YSI/y_timers/tests.inc	ins1x--useful-samp-stuff-source.zip	807d65a4734113936ba9bd411924dcee3f16e1b76b7cd969e6c992b65c78795b
ins1x/useful-samp-stuff	86f74b45523ac3d459c367d8416162c61e0f304a	.references/pawn/collections/ins1x--useful-samp-stuff/gamemodes/1nsanedeathmatch/pawno/include/YSI/y_timers/v2.inc	ins1x--useful-samp-stuff-source.zip	114522cd640973ebd44850334439953e992db5fddbdd83822953b54cb96272a5
ins1x/useful-samp-stuff	86f74b45523ac3d459c367d8416162c61e0f304a	.references/pawn/collections/ins1x--useful-samp-stuff/gamemodes/1nsanedeathmatch/pawno/include/YSI/y_timers/v3.inc	ins1x--useful-samp-stuff-source.zip	1ddb8e1af18a1f851b42ef9059483ed7e172095d74a7ae93bd97f3e591130e6f
ins1x/useful-samp-stuff	86f74b45523ac3d459c367d8416162c61e0f304a	.references/pawn/collections/ins1x--useful-samp-stuff/gamemodes/1nsanedeathmatch/pawno/include/YSI/y_timers/v1.inc	ins1x--useful-samp-stuff-source.zip	e3b0c44298fc1c149afbf4c8996fb92427ae41e4649b934ca495991b7852b855
ins1x/useful-samp-stuff	86f74b45523ac3d459c367d8416162c61e0f304a	.references/pawn/collections/ins1x--useful-samp-stuff/gamemodes/1nsanedeathmatch/pawno/include/YSI/y_timers/impl.inc	ins1x--useful-samp-stuff-source.zip	d4ad829d63d9dbdb165f3b36cb03eb91ab093a3805de469121f17a6a792a6963
ins1x/useful-samp-stuff	86f74b45523ac3d459c367d8416162c61e0f304a	.references/pawn/collections/ins1x--useful-samp-stuff/gamemodes/1nsanedeathmatch/pawno/include/YSI/y_hooks/tests.inc	ins1x--useful-samp-stuff-source.zip	af230a5c984e84ed1407bf01e9c31ce48824ec1dec2104dbaefe398b6dac4716
ins1x/useful-samp-stuff	86f74b45523ac3d459c367d8416162c61e0f304a	.references/pawn/collections/ins1x--useful-samp-stuff/gamemodes/1nsanedeathmatch/pawno/include/YSI/y_hooks/impl.inc	ins1x--useful-samp-stuff-source.zip	28d59bdfc420d12b6a79d97cd4182bd5a51f8ad6d12180a766c2b5bcd51c8ee2
ins1x/useful-samp-stuff	86f74b45523ac3d459c367d8416162c61e0f304a	.references/pawn/collections/ins1x--useful-samp-stuff/gamemodes/1nsanedeathmatch/pawno/include/YSI/internal/y_textrender.inc	ins1x--useful-samp-stuff-source.zip	ee36f2202b29158b724c6026f6b4246d7d711f10b3e8a6390053882261658276
ins1x/useful-samp-stuff	86f74b45523ac3d459c367d8416162c61e0f304a	.references/pawn/collections/ins1x--useful-samp-stuff/gamemodes/1nsanedeathmatch/pawno/include/YSI/internal/y_natives.inc	ins1x--useful-samp-stuff-source.zip	4b311e5bca5bc2496b90bd20a5378947c4c256139a1c6b5828f019210b85160d
ins1x/useful-samp-stuff	86f74b45523ac3d459c367d8416162c61e0f304a	.references/pawn/collections/ins1x--useful-samp-stuff/gamemodes/1nsanedeathmatch/pawno/include/YSI/internal/y_funcinc.inc	ins1x--useful-samp-stuff-source.zip	2cd39aacb55937a8cb0a564802d438995b67cd61e3f7b2f4d4a4015c3041439e
ins1x/useful-samp-stuff	86f74b45523ac3d459c367d8416162c61e0f304a	.references/pawn/collections/ins1x--useful-samp-stuff/gamemodes/1nsanedeathmatch/pawno/include/YSI/internal/y_groupsingle.inc	ins1x--useful-samp-stuff-source.zip	6302b8719995b0d7e067ee1bb4aff568636222daebfa26333852423df61362bf
ins1x/useful-samp-stuff	86f74b45523ac3d459c367d8416162c61e0f304a	.references/pawn/collections/ins1x--useful-samp-stuff/gamemodes/1nsanedeathmatch/pawno/include/YSI/internal/y_styles.inc	ins1x--useful-samp-stuff-source.zip	4cc002d004d2ca90515e6eeadb8febaa49572e6dc84bdc8afe4ec9ce0e4e55c7
ins1x/useful-samp-stuff	86f74b45523ac3d459c367d8416162c61e0f304a	.references/pawn/collections/ins1x--useful-samp-stuff/gamemodes/1nsanedeathmatch/pawno/include/YSI/internal/y_grouprevert.inc	ins1x--useful-samp-stuff-source.zip	6ad17fc8e62767c35830599dcdae14724b7266104acf04fdaa2be054a0af8401
ins1x/useful-samp-stuff	86f74b45523ac3d459c367d8416162c61e0f304a	.references/pawn/collections/ins1x--useful-samp-stuff/gamemodes/1nsanedeathmatch/pawno/include/YSI/internal/y_globaltags.inc	ins1x--useful-samp-stuff-source.zip	470903a59540d11cc6c37a3303f3d502721564c31bb4ce7744451b56b859a2aa
ins1x/useful-samp-stuff	86f74b45523ac3d459c367d8416162c61e0f304a	.references/pawn/collections/ins1x--useful-samp-stuff/gamemodes/1nsanedeathmatch/pawno/include/YSI/internal/y_formatin.inc	ins1x--useful-samp-stuff-source.zip	74310e8b350e5ab31790a2f0286cdcf781c5475f4fbac0b9b2c502cd5864d066
ins1x/useful-samp-stuff	86f74b45523ac3d459c367d8416162c61e0f304a	.references/pawn/collections/ins1x--useful-samp-stuff/gamemodes/1nsanedeathmatch/pawno/include/YSI/internal/y_stripnumbers.inc	ins1x--useful-samp-stuff-source.zip	52bac0aeb96dc9096bee3a38255668d60540c5e56d59b733dab34e6de42533b7
ins1x/useful-samp-stuff	86f74b45523ac3d459c367d8416162c61e0f304a	.references/pawn/collections/ins1x--useful-samp-stuff/gamemodes/1nsanedeathmatch/pawno/include/YSI/internal/y_x11switch.inc	ins1x--useful-samp-stuff-source.zip	f8ee2a47b089b7adf0c369c531498020d781aa2321121268d849fd4a44adf14e
ins1x/useful-samp-stuff	86f74b45523ac3d459c367d8416162c61e0f304a	.references/pawn/collections/ins1x--useful-samp-stuff/gamemodes/1nsanedeathmatch/pawno/include/YSI/internal/y_x11def.inc	ins1x--useful-samp-stuff-source.zip	5d6680984c9da90f5f284fb7fd3d3cb76f5b1d1f18849dbaed66adfafd8fdcb2
ins1x/useful-samp-stuff	86f74b45523ac3d459c367d8416162c61e0f304a	.references/pawn/collections/ins1x--useful-samp-stuff/gamemodes/1nsanedeathmatch/pawno/include/YSI/internal/y_groupsecond.inc	ins1x--useful-samp-stuff-source.zip	5565b65a9a129819b598211f740da91673539eabd0398fa715391e2e57df9f72
ins1x/useful-samp-stuff	86f74b45523ac3d459c367d8416162c61e0f304a	.references/pawn/collections/ins1x--useful-samp-stuff/gamemodes/1nsanedeathmatch/pawno/include/YSI/internal/y_version.inc	ins1x--useful-samp-stuff-source.zip	782c3897a5c30b99de80ceb5972508a6f38097fbedca9ab3fcb6af8aa20b5bd0
ins1x/useful-samp-stuff	86f74b45523ac3d459c367d8416162c61e0f304a	.references/pawn/collections/ins1x--useful-samp-stuff/gamemodes/1nsanedeathmatch/pawno/include/YSI/internal/y_grouponce.inc	ins1x--useful-samp-stuff-source.zip	8e7b2ba8f5b42eab154a145eeebf9f57934e3403a03787bd9cb0654f80b89e39
ins1x/useful-samp-stuff	86f74b45523ac3d459c367d8416162c61e0f304a	.references/pawn/collections/ins1x--useful-samp-stuff/gamemodes/1nsanedeathmatch/pawno/include/YSI/internal/y_incognitostreamer.inc	ins1x--useful-samp-stuff-source.zip	bf0e98f6728ef545bcf2e8fec32f88fc3606d21234e8b9b297edbf716ebd4df7
ins1x/useful-samp-stuff	86f74b45523ac3d459c367d8416162c61e0f304a	.references/pawn/collections/ins1x--useful-samp-stuff/gamemodes/1nsanedeathmatch/pawno/include/YSI/internal/y_unique.inc	ins1x--useful-samp-stuff-source.zip	62909a660f353b13dfa58b5b7f3ffa9bb8423f419520cd9d8f9756cf51b806df
ins1x/useful-samp-stuff	86f74b45523ac3d459c367d8416162c61e0f304a	.references/pawn/collections/ins1x--useful-samp-stuff/gamemodes/1nsanedeathmatch/pawno/include/YSI/internal/y_unique - Copy.inc	ins1x--useful-samp-stuff-source.zip	62909a660f353b13dfa58b5b7f3ffa9bb8423f419520cd9d8f9756cf51b806df
ins1x/useful-samp-stuff	86f74b45523ac3d459c367d8416162c61e0f304a	.references/pawn/collections/ins1x--useful-samp-stuff/gamemodes/1nsanedeathmatch/pawno/include/YSI/internal/y_x11parse.inc	ins1x--useful-samp-stuff-source.zip	196d34f23ea88be2eafef75508b5acab20d46062b08665c2e0a0dc1cf03cf1c5
ins1x/useful-samp-stuff	86f74b45523ac3d459c367d8416162c61e0f304a	.references/pawn/collections/ins1x--useful-samp-stuff/gamemodes/1nsanedeathmatch/pawno/include/YSI/internal/y_nogroups.inc	ins1x--useful-samp-stuff-source.zip	38a9fadbdd9841140229c60cd7308cbe1b7dcf489d85e25ef9551d8cdff38f05
ins1x/useful-samp-stuff	86f74b45523ac3d459c367d8416162c61e0f304a	.references/pawn/collections/ins1x--useful-samp-stuff/gamemodes/1nsanedeathmatch/pawno/include/YSI/internal/y_textint.inc	ins1x--useful-samp-stuff-source.zip	122f8b3394992ecb01dd252877c1912c8952712809ca74521e20bc824688c671
ins1x/useful-samp-stuff	86f74b45523ac3d459c367d8416162c61e0f304a	.references/pawn/collections/ins1x--useful-samp-stuff/gamemodes/1nsanedeathmatch/pawno/include/YSI/internal/y_renative.inc	ins1x--useful-samp-stuff-source.zip	13b3991cba5b2ce7d5cf7e5de2ef55c808f3670dd3c9bd4e8638781ccbed5afb
ins1x/useful-samp-stuff	86f74b45523ac3d459c367d8416162c61e0f304a	.references/pawn/collections/ins1x--useful-samp-stuff/gamemodes/1nsanedeathmatch/pawno/include/YSI/internal/y_shortfunc.inc	ins1x--useful-samp-stuff-source.zip	76183d0fc9c821322389c5decff1c96c191822871c21de87634b79b2f1694995
ins1x/useful-samp-stuff	86f74b45523ac3d459c367d8416162c61e0f304a	.references/pawn/collections/ins1x--useful-samp-stuff/gamemodes/1nsanedeathmatch/pawno/include/YSI/internal/y_classgroups.inc	ins1x--useful-samp-stuff-source.zip	12778f46c63ca2a56178825e4c587dc354f43b047ae359d383c1fc6f5c3f6746
ins1x/useful-samp-stuff	86f74b45523ac3d459c367d8416162c61e0f304a	.references/pawn/collections/ins1x--useful-samp-stuff/gamemodes/1nsanedeathmatch/pawno/include/YSI/internal/y_plugins.inc	ins1x--useful-samp-stuff-source.zip	ea1537722a52bab6b018dc5d53c6e0be3c92867d7e67fca0714b9b0c52368049
ins1x/useful-samp-stuff	86f74b45523ac3d459c367d8416162c61e0f304a	.references/pawn/collections/ins1x--useful-samp-stuff/gamemodes/1nsanedeathmatch/pawno/include/YSI/y_als/tests.inc	ins1x--useful-samp-stuff-source.zip	6de6da378ffbd8f13bba4a0a954bf9393890a4c57f96627d41a324c49047b428
ins1x/useful-samp-stuff	86f74b45523ac3d459c367d8416162c61e0f304a	.references/pawn/collections/ins1x--useful-samp-stuff/gamemodes/1nsanedeathmatch/pawno/include/YSI/y_als/impl.inc	ins1x--useful-samp-stuff-source.zip	c6673371b8e16764d8d877493ab62f88f952f75a173ed7bda2cb5ac1dab86857
ins1x/useful-samp-stuff	86f74b45523ac3d459c367d8416162c61e0f304a	.references/pawn/collections/ins1x--useful-samp-stuff/gamemodes/1nsanedeathmatch/pawno/include/YSI/y_zonepulse/tests.inc	ins1x--useful-samp-stuff-source.zip	7db74e03ac1fffc0cae5c11ce1d49ff482e1d7898f1a224ce31073da7ebbb644
ins1x/useful-samp-stuff	86f74b45523ac3d459c367d8416162c61e0f304a	.references/pawn/collections/ins1x--useful-samp-stuff/gamemodes/1nsanedeathmatch/pawno/include/YSI/y_zonepulse/impl.inc	ins1x--useful-samp-stuff-source.zip	64bbac7e7ed37d54c2f97b14e84edcbe5bc26c5c5f6946c01427e29049ee6f9c
ins1x/useful-samp-stuff	86f74b45523ac3d459c367d8416162c61e0f304a	.references/pawn/collections/ins1x--useful-samp-stuff/gamemodes/1nsanedeathmatch/pawno/include/YSI/y_races/tests.inc	ins1x--useful-samp-stuff-source.zip	8692a1c04d8b966bd4856a1c78487d9db38abcb347b082eb82846a195835e814
ins1x/useful-samp-stuff	86f74b45523ac3d459c367d8416162c61e0f304a	.references/pawn/collections/ins1x--useful-samp-stuff/gamemodes/1nsanedeathmatch/pawno/include/YSI/y_races/groups.inc	ins1x--useful-samp-stuff-source.zip	ae2dd350b09f95617eaf660ccebb455149db2896aa2ffee43e66c05818f27680
ins1x/useful-samp-stuff	86f74b45523ac3d459c367d8416162c61e0f304a	.references/pawn/collections/ins1x--useful-samp-stuff/gamemodes/1nsanedeathmatch/pawno/include/YSI/y_races/impl.inc	ins1x--useful-samp-stuff-source.zip	0289d18d0bd691cb4b280d6f813504933d6e24b25989258f1bc893671fd0ccc6
ins1x/useful-samp-stuff	86f74b45523ac3d459c367d8416162c61e0f304a	.references/pawn/collections/ins1x--useful-samp-stuff/gamemodes/1nsanedeathmatch/pawno/include/YSI/y_va/tests.inc	ins1x--useful-samp-stuff-source.zip	35edfc7cb1d04c486957ffa73c3db2e12786e15265270b68f731ae14dcef79ce
ins1x/useful-samp-stuff	86f74b45523ac3d459c367d8416162c61e0f304a	.references/pawn/collections/ins1x--useful-samp-stuff/gamemodes/1nsanedeathmatch/pawno/include/YSI/y_va/impl.inc	ins1x--useful-samp-stuff-source.zip	5b88dfde0f4b1cc6a63f844ebf61c114a88dce561d135eee81c0e7befd3d4d28
ins1x/useful-samp-stuff	86f74b45523ac3d459c367d8416162c61e0f304a	.references/pawn/collections/ins1x--useful-samp-stuff/gamemodes/1nsanedeathmatch/scriptfiles/players/root.ini	ins1x--useful-samp-stuff-source.zip	4dc80d0159b4511df514fc566ab899393d8dd53cc537806fe0900d0d9a15fec6
ins1x/useful-samp-stuff	86f74b45523ac3d459c367d8416162c61e0f304a	.references/pawn/collections/ins1x--useful-samp-stuff/gamemodes/1nsanedeathmatch/scriptfiles/gangs/1.ini	ins1x--useful-samp-stuff-source.zip	ebd3765b9482522f1f25081bea0454e817563565757cfe45fe824b0c1b3f8d05
ins1x/useful-samp-stuff	86f74b45523ac3d459c367d8416162c61e0f304a	.references/pawn/collections/ins1x--useful-samp-stuff/gamemodes/1nsanedeathmatch/scriptfiles/vehicles/sf.txt	ins1x--useful-samp-stuff-source.zip	2de6fce1654227bb40eb0e4851b3c4b691b3ae82080218fbae8d3f8f381d04de
ins1x/useful-samp-stuff	86f74b45523ac3d459c367d8416162c61e0f304a	.references/pawn/collections/ins1x--useful-samp-stuff/gamemodes/1nsanedeathmatch/scriptfiles/vehicles/country.txt	ins1x--useful-samp-stuff-source.zip	b17609aeed5c624c3ce998339bc6c9613de93502523c8130f3d6e42bf705e702
ins1x/useful-samp-stuff	86f74b45523ac3d459c367d8416162c61e0f304a	.references/pawn/collections/ins1x--useful-samp-stuff/gamemodes/1nsanedeathmatch/scriptfiles/vehicles/ls.txt	ins1x--useful-samp-stuff-source.zip	3bd723b5b693a9b5842b1147521a23cf30301c41e0d55af2d7786c3f853a7f40
ins1x/useful-samp-stuff	86f74b45523ac3d459c367d8416162c61e0f304a	.references/pawn/collections/ins1x--useful-samp-stuff/gamemodes/1nsanedeathmatch/scriptfiles/vehicles/lv.txt	ins1x--useful-samp-stuff-source.zip	b8221a4b96d15d0fb1fe2288b4dfaaa49a2736324e707c6857175871ed25ef5e
ins1x/useful-samp-stuff	86f74b45523ac3d459c367d8416162c61e0f304a	.references/pawn/collections/ins1x--useful-samp-stuff/gamemodes/1nsanedeathmatch/scriptfiles/vehicles/vehspawn.txt	ins1x--useful-samp-stuff-source.zip	6a2429d01fcd2baf8b3f07a318a95ba84aaa4191a1882a165d2e4cf3fcdaf513
ins1x/useful-samp-stuff	86f74b45523ac3d459c367d8416162c61e0f304a	.references/pawn/collections/ins1x--useful-samp-stuff/gamemodes/1nsanedeathmatch/scriptfiles/maps/cleartxt.cmd	ins1x--useful-samp-stuff-source.zip	18aff960c61394aa93611849b33d0b682404c6d803170ec47a8376f54a257fcb
ins1x/useful-samp-stuff	86f74b45523ac3d459c367d8416162c61e0f304a	.references/pawn/collections/ins1x--useful-samp-stuff/gamemodes/debug-gamemode/gamemodes/debugmode.pwn	ins1x--useful-samp-stuff-source.zip	7a336f60f91cd38596134cbdf01e3842bd0069370300666bfc3c3c91f9767a93
ins1x/useful-samp-stuff	86f74b45523ac3d459c367d8416162c61e0f304a	.references/pawn/collections/ins1x--useful-samp-stuff/gamemodes/debug-gamemode/models/artconfig.txt	ins1x--useful-samp-stuff-source.zip	348b9a859e8219956017f9d7e71fd2435c8e269e0f1598c22a4a5dda17321d06
ins1x/useful-samp-stuff	86f74b45523ac3d459c367d8416162c61e0f304a	.references/pawn/collections/ins1x--useful-samp-stuff/gamemodes/debug-gamemode/filterscripts/pnetstats.pwn	ins1x--useful-samp-stuff-source.zip	7c29e545c9e71b6591ed160fd8a9f934c38fe04ef6ce7f484bcec233c28f2948
ins1x/useful-samp-stuff	86f74b45523ac3d459c367d8416162c61e0f304a	.references/pawn/collections/ins1x--useful-samp-stuff/gamemodes/debug-gamemode/filterscripts/test_cmds.pwn	ins1x--useful-samp-stuff-source.zip	1810877c65c256577fbe947a258d6781c567d39b285a8d9525276e0bc1503e89
ins1x/useful-samp-stuff	86f74b45523ac3d459c367d8416162c61e0f304a	.references/pawn/collections/ins1x--useful-samp-stuff/gamemodes/debug-gamemode/filterscripts/netstats.pwn	ins1x--useful-samp-stuff-source.zip	f9cc049d27dc30db7c2b05857ee16a4834b658c4cca6b89b3af39fedc3c24987
ins1x/useful-samp-stuff	86f74b45523ac3d459c367d8416162c61e0f304a	.references/pawn/collections/ins1x--useful-samp-stuff/gamemodes/debug-gamemode/filterscripts/aview.pwn	ins1x--useful-samp-stuff-source.zip	7d37aca24def1da0bbdf13a4290c3e855f0cb1efca64f919613f4761daa5f29d
ins1x/useful-samp-stuff	86f74b45523ac3d459c367d8416162c61e0f304a	.references/pawn/collections/ins1x--useful-samp-stuff/gamemodes/debug-gamemode/filterscripts/attachments.pwn	ins1x--useful-samp-stuff-source.zip	59694f2f7c2601e92dc82a5ca6deabba85ab965d3743951953d5c7dad2fd11c8
ins1x/useful-samp-stuff	86f74b45523ac3d459c367d8416162c61e0f304a	.references/pawn/collections/ins1x--useful-samp-stuff/gamemodes/debug-gamemode/filterscripts/fs_cmds.pwn	ins1x--useful-samp-stuff-source.zip	41c608ca182bc5269947e1d64e669899fae48172c258bce0eec86e3af6d9c39e
ins1x/useful-samp-stuff	86f74b45523ac3d459c367d8416162c61e0f304a	.references/pawn/collections/ins1x--useful-samp-stuff/gamemodes/debug-gamemode/filterscripts/ospawner.pwn	ins1x--useful-samp-stuff-source.zip	7775a3b3595760ba23caac31afaed2c8e0d4793a74c6cf657e39fc5bdb21a521
ins1x/useful-samp-stuff	86f74b45523ac3d459c367d8416162c61e0f304a	.references/pawn/collections/ins1x--useful-samp-stuff/gamemodes/debug-gamemode/filterscripts/npc_record.pwn	ins1x--useful-samp-stuff-source.zip	b57084ebcf4038ef4a6d07b063e1c10aaf66102948b33550171726ca97f0bfa2
ins1x/useful-samp-stuff	86f74b45523ac3d459c367d8416162c61e0f304a	.references/pawn/collections/ins1x--useful-samp-stuff/gamemodes/debug-gamemode/filterscripts/flymode.pwn	ins1x--useful-samp-stuff-source.zip	8d33716d618bb487764b5d2f2ef12fa25d1223feee46256b8f9372c0c30ce4fb
ins1x/useful-samp-stuff	86f74b45523ac3d459c367d8416162c61e0f304a	.references/pawn/collections/ins1x--useful-samp-stuff/gamemodes/debug-gamemode/filterscripts/specbar.pwn	ins1x--useful-samp-stuff-source.zip	b1f5d65a7b829065a4a21b0ecc4311bb77dfac8161fb4f1a67570cc7b8ac719d
ins1x/useful-samp-stuff	86f74b45523ac3d459c367d8416162c61e0f304a	.references/pawn/collections/ins1x--useful-samp-stuff/gamemodes/debug-gamemode/filterscripts/afly.pwn	ins1x--useful-samp-stuff-source.zip	fa8d3f81dc5f797d3ce66af68d4b1b1d0edc6b145a2979eb064c2ce939ef5348
ins1x/useful-samp-stuff	86f74b45523ac3d459c367d8416162c61e0f304a	.references/pawn/collections/ins1x--useful-samp-stuff/gamemodes/debug-gamemode/filterscripts/samp_anims.pwn	ins1x--useful-samp-stuff-source.zip	19f2b9a7400c82e71547986917698a6eb04cabc681633ddf1180d52f6c91b1d4
ins1x/useful-samp-stuff	86f74b45523ac3d459c367d8416162c61e0f304a	.references/pawn/collections/ins1x--useful-samp-stuff/gamemodes/debug-gamemode/filterscripts/fsdebug.pwn	ins1x--useful-samp-stuff-source.zip	59beb302c45faa1b2ea23839371942542475ae3d4007602b9e74a3f7b9058fce
ins1x/useful-samp-stuff	86f74b45523ac3d459c367d8416162c61e0f304a	.references/pawn/collections/ins1x--useful-samp-stuff/gamemodes/debug-gamemode/filterscripts/http_test.pwn	ins1x--useful-samp-stuff-source.zip	4e7c9924c4145e90646216510e78784e68683356178204f32a862dc880c01a45
ins1x/useful-samp-stuff	86f74b45523ac3d459c367d8416162c61e0f304a	.references/pawn/collections/ins1x--useful-samp-stuff/gamemodes/debug-gamemode/filterscripts/skinchanger.pwn	ins1x--useful-samp-stuff-source.zip	ed1f8a1ba183a27777f0ead213f28eb377612c6749d250877412c841f64291b6
ins1x/useful-samp-stuff	86f74b45523ac3d459c367d8416162c61e0f304a	.references/pawn/collections/ins1x--useful-samp-stuff/gamemodes/debug-gamemode/filterscripts/vspawner.pwn	ins1x--useful-samp-stuff-source.zip	4df271b5c1b1e84a9c1263966a6ff6372708c72e3f59339b45c25f81955fa49f
ins1x/useful-samp-stuff	86f74b45523ac3d459c367d8416162c61e0f304a	.references/pawn/collections/ins1x--useful-samp-stuff/gamemodes/debug-gamemode/filterscripts/vae.pwn	ins1x--useful-samp-stuff-source.zip	2123a59e46531f97bd5f4c2a2071e3744b263c8d4fa72eb9db4a9311f8c0f03c
ins1x/useful-samp-stuff	86f74b45523ac3d459c367d8416162c61e0f304a	.references/pawn/collections/ins1x--useful-samp-stuff/gamemodes/debug-gamemode/include/compat.inc	ins1x--useful-samp-stuff-source.zip	42c7b1d0f834bf4975e1386aec72d99da9ae6522de3aff71cefe3733a3f1c5e7
ins1x/useful-samp-stuff	86f74b45523ac3d459c367d8416162c61e0f304a	.references/pawn/collections/ins1x--useful-samp-stuff/gamemodes/debug-gamemode/include/crashdetect.inc	ins1x--useful-samp-stuff-source.zip	fb8aeb0ee8a0f1055e17480fc51f75e08db8c57c0e247aca09fe405f9fa59506
ins1x/useful-samp-stuff	86f74b45523ac3d459c367d8416162c61e0f304a	.references/pawn/collections/ins1x--useful-samp-stuff/gamemodes/debug-gamemode/include/profiler.inc	ins1x--useful-samp-stuff-source.zip	0ecf1ef49feef2f757e0f2fe149354838a6e9fe063179c26691c236df263981c
ins1x/useful-samp-stuff	86f74b45523ac3d459c367d8416162c61e0f304a	.references/pawn/collections/ins1x--useful-samp-stuff/gamemodes/debug-gamemode/include/sscanf2.inc	ins1x--useful-samp-stuff-source.zip	c38a2f17d558ddabebd82e2c8e8404c1df7bd9ba9ded357c216a131486c5add4
ins1x/useful-samp-stuff	86f74b45523ac3d459c367d8416162c61e0f304a	.references/pawn/collections/ins1x--useful-samp-stuff/gamemodes/Texture-Studio-2.1-Mtools/filterscripts/mtools.pwn	ins1x--useful-samp-stuff-source.zip	aec73f7c8454c9d8879231705fa1f8c754728433aed4a621a4de2578de401272
ins1x/useful-samp-stuff	86f74b45523ac3d459c367d8416162c61e0f304a	.references/pawn/collections/ins1x--useful-samp-stuff/gamemodes/Texture-Studio-2.1-Mtools/tools/converter/Console.cpp	ins1x--useful-samp-stuff-source.zip	03ec4e7f23fc8b1cf7c3e12234a433943af1c3302cb01524693f06e84ee5473f
ins1x/useful-samp-stuff	86f74b45523ac3d459c367d8416162c61e0f304a	.references/pawn/collections/ins1x--useful-samp-stuff/gamemodes/Texture-Studio-2.1-Mtools/tools/converter/example.bat	ins1x--useful-samp-stuff-source.zip	96e258f18225a209dfd416f43ddf22688afde8327594705a7764035e5aaf75e7
ins1x/useful-samp-stuff	86f74b45523ac3d459c367d8416162c61e0f304a	.references/pawn/collections/ins1x--useful-samp-stuff/gamemodes/Texture-Studio-2.1-Mtools/tools/converter/CA3.inc	ins1x--useful-samp-stuff-source.zip	68d04f370379c30afd6fd753fb79a5ed8d3bfd90e95be84f9880cda9f997592c
ins1x/useful-samp-stuff	86f74b45523ac3d459c367d8416162c61e0f304a	.references/pawn/collections/ins1x--useful-samp-stuff/gamemodes/Texture-Studio-2.1-Mtools/tools/converter/palma.inc	ins1x--useful-samp-stuff-source.zip	a07caad7fc6244ec751c0c41e2d3dac526c8b12ff03182e4d3d2bc67f4db1cda
ins1x/useful-samp-stuff	86f74b45523ac3d459c367d8416162c61e0f304a	.references/pawn/collections/ins1x--useful-samp-stuff/gamemodes/Texture-Studio-2.1-Mtools/scriptfiles/mtools/README.txt	ins1x--useful-samp-stuff-source.zip	fcc9b576c113704b1310ec8997a5cb4fef1860408f3f469310b43de6afd78876
ins1x/useful-samp-stuff	86f74b45523ac3d459c367d8416162c61e0f304a	.references/pawn/collections/ins1x--useful-samp-stuff/gamemodes/Texture-Studio-2.1-Mtools/scriptfiles/tstudio/ExportCars/vv.pwn	ins1x--useful-samp-stuff-source.zip	fd0795f4b78ecb8a9f6d5a3043882e1e803e04e47b1ea6c2fbea8ec6f2851296
ins1x/useful-samp-stuff	86f74b45523ac3d459c367d8416162c61e0f304a	.references/pawn/collections/ins1x--useful-samp-stuff/gamemodes/Texture-Studio-2.1-Mtools/scriptfiles/tstudio/ExportCars/all.pwn	ins1x--useful-samp-stuff-source.zip	aa866c2a1dda88d487705ca290ce88757054c4a3e7cc9acf83f1e50353aa65c1
ins1x/useful-samp-stuff	86f74b45523ac3d459c367d8416162c61e0f304a	.references/pawn/collections/ins1x--useful-samp-stuff/gamemodes/Texture-Studio-2.1-Mtools/scriptfiles/tstudio/ExportCars/Blank.txt	ins1x--useful-samp-stuff-source.zip	e3b0c44298fc1c149afbf4c8996fb92427ae41e4649b934ca495991b7852b855
ins1x/useful-samp-stuff	86f74b45523ac3d459c367d8416162c61e0f304a	.references/pawn/collections/ins1x--useful-samp-stuff/gamemodes/Texture-Studio-2.1-Mtools/scriptfiles/tstudio/DayZCars/Blank.txt	ins1x--useful-samp-stuff-source.zip	e3b0c44298fc1c149afbf4c8996fb92427ae41e4649b934ca495991b7852b855
ins1x/useful-samp-stuff	86f74b45523ac3d459c367d8416162c61e0f304a	.references/pawn/collections/ins1x--useful-samp-stuff/gamemodes/Texture-Studio-2.1-Mtools/filterscripts/tstudio/tsmain.pwn	ins1x--useful-samp-stuff-source.zip	02d54d21b91cc161e4ab4e388ffa45559ce95d8f9e6264054a73049f80bb3c24
ins1x/useful-samp-stuff	86f74b45523ac3d459c367d8416162c61e0f304a	.references/pawn/collections/ins1x--useful-samp-stuff/gamemodes/RSC-Public/gamemodes/cwPublic.pwn	ins1x--useful-samp-stuff-source.zip	e742078b883c6275b1d88570ba8f9934e02f1c039f624c29ed5fc57a6fc94a7f
ins1x/useful-samp-stuff	86f74b45523ac3d459c367d8416162c61e0f304a	.references/pawn/collections/ins1x--useful-samp-stuff/docs/server/Libraries.md	ins1x--useful-samp-stuff-source.zip	86a74e310c211e87820bbfcb67db9733ba94341a879d25d21f9de5dc504c9aab
ins1x/useful-samp-stuff	86f74b45523ac3d459c367d8416162c61e0f304a	.references/pawn/collections/ins1x--useful-samp-stuff/docs/server/VehicleSpecialAbilities.md	ins1x--useful-samp-stuff-source.zip	3e33d245d00b0c4b4d4777745c92668b6c54287c6401df615984da0d835382a7
ins1x/useful-samp-stuff	86f74b45523ac3d459c367d8416162c61e0f304a	.references/pawn/collections/ins1x--useful-samp-stuff/docs/server/StreamerConfig.md	ins1x--useful-samp-stuff-source.zip	1dbd5f81d88635336df1f8e69ac10ca8bd4ab8b4360d0a9f106c592f9a9e998e
ins1x/useful-samp-stuff	86f74b45523ac3d459c367d8416162c61e0f304a	.references/pawn/collections/ins1x--useful-samp-stuff/docs/server/ServerConfig.md	ins1x--useful-samp-stuff-source.zip	9609694f0e8c61e2c95ba3c0c82fac0140f2911c33e78c84c5069d3624376076
ins1x/useful-samp-stuff	86f74b45523ac3d459c367d8416162c61e0f304a	.references/pawn/collections/ins1x--useful-samp-stuff/docs/server/VehicleHandling.txt	ins1x--useful-samp-stuff-source.zip	f4e3da4522ca9d1fe4d57dd7c874a5f40f350ceafa26832cbe1cba8cf1d41c5a
ins1x/useful-samp-stuff	86f74b45523ac3d459c367d8416162c61e0f304a	.references/pawn/collections/ins1x--useful-samp-stuff/docs/server/open.mp.md	ins1x--useful-samp-stuff-source.zip	fe4805e0007255068b4385a8fea9d9da068f587e456fb55cc8c4fda31049fbd4
ins1x/useful-samp-stuff	86f74b45523ac3d459c367d8416162c61e0f304a	.references/pawn/collections/ins1x--useful-samp-stuff/docs/server/Bugs.md	ins1x--useful-samp-stuff-source.zip	910942f0df8d9eac37f8a65e4cce26fab4c323fdf76cba3b96980775d297c433
ins1x/useful-samp-stuff	86f74b45523ac3d459c367d8416162c61e0f304a	.references/pawn/collections/ins1x--useful-samp-stuff/docs/client/Troubleshooting.md	ins1x--useful-samp-stuff-source.zip	f028d3ebf7c323457a48e32ac289365974acf8cc11e6e0bdb6e2ec24ea913355
ins1x/useful-samp-stuff	86f74b45523ac3d459c367d8416162c61e0f304a	.references/pawn/collections/ins1x--useful-samp-stuff/docs/client/GTASA_Default_Files.md	ins1x--useful-samp-stuff-source.zip	c8935575b1a314fffe97ce061977a979a1722285b2a07e5cd9962e1648d49c09
ins1x/useful-samp-stuff	86f74b45523ac3d459c367d8416162c61e0f304a	.references/pawn/collections/ins1x--useful-samp-stuff/docs/client/LUA_Patterns_cheatsheet.md	ins1x--useful-samp-stuff-source.zip	3794bee703b7c34a18937be5c3fa1cca1fa414003bacf4c65bc9fb688a649933
ins1x/useful-samp-stuff	86f74b45523ac3d459c367d8416162c61e0f304a	.references/pawn/collections/ins1x--useful-samp-stuff/docs/client/SAMP ADDON.md	ins1x--useful-samp-stuff-source.zip	4da7fa0c386955bb50ab0c14aeaa8faa4a4030b61425b596c66d46447650d2aa
ins1x/useful-samp-stuff	86f74b45523ac3d459c367d8416162c61e0f304a	.references/pawn/collections/ins1x--useful-samp-stuff/docs/etc/events.md	ins1x--useful-samp-stuff-source.zip	c7d5a6f8998a7fc6a6b908d2fb9b2f8be3fce280445e70b4bead844afc2353c0
ins1x/useful-samp-stuff	86f74b45523ac3d459c367d8416162c61e0f304a	.references/pawn/collections/ins1x--useful-samp-stuff/docs/mapping/MapEditors.md	ins1x--useful-samp-stuff-source.zip	0e7f4545923b0ee0cd387bd17c2a7694593674fdf9ff42a459ff5cbf59687167
ins1x/useful-samp-stuff	86f74b45523ac3d459c367d8416162c61e0f304a	.references/pawn/collections/ins1x--useful-samp-stuff/docs/mapping/MappingMaterials.md	ins1x--useful-samp-stuff-source.zip	7452943a653a724f448a224dc8072cc13b2f56ddbafd1b24afb2a0992d03e8dc
ins1x/useful-samp-stuff	86f74b45523ac3d459c367d8416162c61e0f304a	.references/pawn/collections/ins1x--useful-samp-stuff/docs/mapping/PopularObjects.md	ins1x--useful-samp-stuff-source.zip	1a8a6dc5ace9b0e7fc43093a0ef7f464bb92d8ced428993cf14be4c5819fdf6c
ins1x/useful-samp-stuff	86f74b45523ac3d459c367d8416162c61e0f304a	.references/pawn/collections/ins1x--useful-samp-stuff/docs/mapping/IdLists.md	ins1x--useful-samp-stuff-source.zip	e732706e932af536956988f25668d82a10f4c4624007e4d6647f970e318de347
ins1x/useful-samp-stuff	86f74b45523ac3d459c367d8416162c61e0f304a	.references/pawn/collections/ins1x--useful-samp-stuff/docs/mapping/AbsolutePlay/Советы по маппингу на Absolute Play.md	ins1x--useful-samp-stuff-source.zip	776510a8e08b42f54b758b0b7a822450014d15b78d7778fddbbb4009942fdfcb
ins1x/useful-samp-stuff	86f74b45523ac3d459c367d8416162c61e0f304a	.references/pawn/collections/ins1x--useful-samp-stuff/docs/mapping/AbsolutePlay/Редактор карт 2.0.md	ins1x--useful-samp-stuff-source.zip	c3d807b34e800486be1fc2216d442149858ae00f344986ab807e83ad6d4a198e
ins1x/useful-samp-stuff	86f74b45523ac3d459c367d8416162c61e0f304a	.references/pawn/collections/ins1x--useful-samp-stuff/docs/mapping/AbsolutePlay/README.md	ins1x--useful-samp-stuff-source.zip	2ed5908a38d7d3d1b6a49b22aecf5e00dbd351f29850e8de0f69566b5c276c05
ins1x/useful-samp-stuff	86f74b45523ac3d459c367d8416162c61e0f304a	.references/pawn/collections/ins1x--useful-samp-stuff/docs/mapping/AbsolutePlay/Редактор карт Absolute Play FAQ.md	ins1x--useful-samp-stuff-source.zip	261c688af8175f371a00d55511042bd85d062d8ed14c4d4411089575b6a1d974
ins1x/useful-samp-stuff	86f74b45523ac3d459c367d8416162c61e0f304a	.references/pawn/collections/ins1x--useful-samp-stuff/filterscripts/fs_cmds/fs_cmds.pwn	ins1x--useful-samp-stuff-source.zip	41c608ca182bc5269947e1d64e669899fae48172c258bce0eec86e3af6d9c39e
ins1x/useful-samp-stuff	86f74b45523ac3d459c367d8416162c61e0f304a	.references/pawn/collections/ins1x--useful-samp-stuff/filterscripts/checkmobile/ckeckmobile.pwn	ins1x--useful-samp-stuff-source.zip	523044b2f9dc2699e1575e38441a4536af3b55ca2e783c9590f61de520977301
ins1x/useful-samp-stuff	86f74b45523ac3d459c367d8416162c61e0f304a	.references/pawn/collections/ins1x--useful-samp-stuff/filterscripts/dashcam/dashcam.pwn	ins1x--useful-samp-stuff-source.zip	5fe727a338db99a1b702f25f7c2810924911cfc60d380560ae10d811dc6216d2
ins1x/useful-samp-stuff	86f74b45523ac3d459c367d8416162c61e0f304a	.references/pawn/collections/ins1x--useful-samp-stuff/filterscripts/vae/vae.pwn	ins1x--useful-samp-stuff-source.zip	1021a0a8b0fcad4c63df3c3502c0043291bd34cdb7ae52e441bad2a652387737
ins1x/useful-samp-stuff	86f74b45523ac3d459c367d8416162c61e0f304a	.references/pawn/collections/ins1x--useful-samp-stuff/filterscripts/aedit/aedit.pwn	ins1x--useful-samp-stuff-source.zip	e73381b846b9eada12b8772e548014df98037aa9da94c857326c40d66bab359d
ins1x/useful-samp-stuff	86f74b45523ac3d459c367d8416162c61e0f304a	.references/pawn/collections/ins1x--useful-samp-stuff/filterscripts/jizzy/jizzy.pwn	ins1x--useful-samp-stuff-source.zip	9b132e759350a5717deca1ea7c14480676e1aa8945cd4f160d90916c5015b990
ins1x/useful-samp-stuff	86f74b45523ac3d459c367d8416162c61e0f304a	.references/pawn/collections/ins1x--useful-samp-stuff/filterscripts/specbar/specbar.pwn	ins1x--useful-samp-stuff-source.zip	b1f5d65a7b829065a4a21b0ecc4311bb77dfac8161fb4f1a67570cc7b8ac719d
ins1x/useful-samp-stuff	86f74b45523ac3d459c367d8416162c61e0f304a	.references/pawn/collections/ins1x--useful-samp-stuff/filterscripts/ufo/ufo.pwn	ins1x--useful-samp-stuff-source.zip	a8494cdced7737024eed5135f69bcc3736261b06dc4ef556e1dc95d9fc0597a5
ins1x/useful-samp-stuff	86f74b45523ac3d459c367d8416162c61e0f304a	.references/pawn/collections/ins1x--useful-samp-stuff/filterscripts/geoip_ipapi/geoip_ipapi.pwn	ins1x--useful-samp-stuff-source.zip	c53f37c2a78af2a0fc0edb5cc0b57bea2e4747a7e4c781e6e005fc8bb5b81e95
ins1x/useful-samp-stuff	86f74b45523ac3d459c367d8416162c61e0f304a	.references/pawn/collections/ins1x--useful-samp-stuff/filterscripts/blank_filterscripts/test_cmds.pwn	ins1x--useful-samp-stuff-source.zip	9421d184e9876dc8a9116428fe8120cba3a18cedc7e79aa7d5d3d923f3239d14
ins1x/useful-samp-stuff	86f74b45523ac3d459c367d8416162c61e0f304a	.references/pawn/collections/ins1x--useful-samp-stuff/filterscripts/blank_filterscripts/blank_filterscript.pwn	ins1x--useful-samp-stuff-source.zip	afda390c162d69ed99698211dfd162796096a6edca3cd9ea8efa64b6c232de3f
ins1x/useful-samp-stuff	86f74b45523ac3d459c367d8416162c61e0f304a	.references/pawn/collections/ins1x--useful-samp-stuff/filterscripts/blank_filterscripts/blank_filterscript_full.pwn	ins1x--useful-samp-stuff-source.zip	cf9d53673d330fe37fc91b341e65d5eca6ef73f1be98d670913e4ced5120d536
ins1x/useful-samp-stuff	86f74b45523ac3d459c367d8416162c61e0f304a	.references/pawn/collections/ins1x--useful-samp-stuff/filterscripts/blank_filterscripts/blank_filterscript_streamer.pwn	ins1x--useful-samp-stuff-source.zip	c00ffeaee597b748051b19025db5dc1847fc81a1f9e6384bea728a07153ba468
ins1x/useful-samp-stuff	86f74b45523ac3d459c367d8416162c61e0f304a	.references/pawn/collections/ins1x--useful-samp-stuff/filterscripts/blank_filterscripts/blank_include.inc	ins1x--useful-samp-stuff-source.zip	1a43ced0e93c6f01d48c939ffaf60e02bd409d899b17e9e343ae91f94dd0b95e
ins1x/useful-samp-stuff	86f74b45523ac3d459c367d8416162c61e0f304a	.references/pawn/collections/ins1x--useful-samp-stuff/filterscripts/blank_filterscripts/blank_filterscript_macro.pwn	ins1x--useful-samp-stuff-source.zip	b89d9623597669c9842b59e297e07eeec29392e570281b741d46f4c1b64ecb06
ins1x/useful-samp-stuff	86f74b45523ac3d459c367d8416162c61e0f304a	.references/pawn/collections/ins1x--useful-samp-stuff/filterscripts/derby/derby_fs.pwn	ins1x--useful-samp-stuff-source.zip	c7241670af00474d9ca054b13948c0ac75fcd78aad911ec87c0440b634f766ff
ins1x/useful-samp-stuff	86f74b45523ac3d459c367d8416162c61e0f304a	.references/pawn/collections/ins1x--useful-samp-stuff/filterscripts/bodylabel/bodylabel.pwn	ins1x--useful-samp-stuff-source.zip	4c7976297cf6567e6b021220dc670365d7c759a8a31dd64b42827d003798f0c3
ins1x/useful-samp-stuff	86f74b45523ac3d459c367d8416162c61e0f304a	.references/pawn/collections/ins1x--useful-samp-stuff/filterscripts/afly/afly.pwn	ins1x--useful-samp-stuff-source.zip	fa8d3f81dc5f797d3ce66af68d4b1b1d0edc6b145a2979eb064c2ce939ef5348
ins1x/useful-samp-stuff	86f74b45523ac3d459c367d8416162c61e0f304a	.references/pawn/collections/ins1x--useful-samp-stuff/filterscripts/undeground_bar/undeground_bar.pwn	ins1x--useful-samp-stuff-source.zip	c8554b438cd2aa2590baeed4740969bf8fe13bf74de846afc8e085b93332e03a
ins1x/useful-samp-stuff	86f74b45523ac3d459c367d8416162c61e0f304a	.references/pawn/collections/ins1x--useful-samp-stuff/include/samp_skins/samp-skins.inc	ins1x--useful-samp-stuff-source.zip	126c485b4424a5bed10f0a2cf4da21a53ae12fff995cc89459fc1ddc7ab5e16a
ins1x/useful-samp-stuff	86f74b45523ac3d459c367d8416162c61e0f304a	.references/pawn/collections/ins1x--useful-samp-stuff/include/valid_objects/valid_objects.inc	ins1x--useful-samp-stuff-source.zip	677d9b5a9614ce846047e05cf03c5733cc06e123189237f644fd97a0f1365aff
ins1x/useful-samp-stuff	86f74b45523ac3d459c367d8416162c61e0f304a	.references/pawn/collections/ins1x--useful-samp-stuff/include/valid_objects/README.md	ins1x--useful-samp-stuff-source.zip	715e3d3a4f6a9d5b31b4e46711f57180523e3056865f471ae5aee91ad85aa0b9
ins1x/useful-samp-stuff	86f74b45523ac3d459c367d8416162c61e0f304a	.references/pawn/collections/ins1x--useful-samp-stuff/include/valid_objects/ugmp_objects.inc	ins1x--useful-samp-stuff-source.zip	fa6d927a988b3dbab9b0323df94ec76ad4bf9e786fe6c32916fbf7fe9f376bf4
ins1x/useful-samp-stuff	86f74b45523ac3d459c367d8416162c61e0f304a	.references/pawn/collections/ins1x--useful-samp-stuff/include/functions/GetWeaponSlot.pwn	ins1x--useful-samp-stuff-source.zip	a3511255edcca7c30ff2b56f72ccbc0727fa459bb6193aba04314a45b74a1e11
ins1x/useful-samp-stuff	86f74b45523ac3d459c367d8416162c61e0f304a	.references/pawn/collections/ins1x--useful-samp-stuff/include/functions/GetPlayerSpeed.pwn	ins1x--useful-samp-stuff-source.zip	716bdc816f9905207bf1d3960a687a0dcd0216fffe1ec4a21df5553529ccb1dd
ins1x/useful-samp-stuff	86f74b45523ac3d459c367d8416162c61e0f304a	.references/pawn/collections/ins1x--useful-samp-stuff/include/functions/functions.md	ins1x--useful-samp-stuff-source.zip	d29059ebb2ac379a0ed75d46072ea1caabfb45b84173d9000dda6d18acb31c00
ins1x/useful-samp-stuff	86f74b45523ac3d459c367d8416162c61e0f304a	.references/pawn/collections/ins1x--useful-samp-stuff/include/functions/DeathMeassages.pwn	ins1x--useful-samp-stuff-source.zip	4584ba9042f06cf7dc67dd8a84eada5768d80cfe3830c1ac1d333c5358958dad
ins1x/useful-samp-stuff	86f74b45523ac3d459c367d8416162c61e0f304a	.references/pawn/collections/ins1x--useful-samp-stuff/include/functions/ReSpawnPlayer.pwn	ins1x--useful-samp-stuff-source.zip	2f9ef534bf81ed216fb6dbafec441ae3019d96822fa8be47f4ace953b936c8b3
ins1x/useful-samp-stuff	86f74b45523ac3d459c367d8416162c61e0f304a	.references/pawn/collections/ins1x--useful-samp-stuff/include/functions/DestroyAllVehicles.pwn	ins1x--useful-samp-stuff-source.zip	f3653bd4afd0ba7d2435494087de5b86619cdaa5a002041bdd1847ec1cb71e04
ins1x/useful-samp-stuff	86f74b45523ac3d459c367d8416162c61e0f304a	.references/pawn/collections/ins1x--useful-samp-stuff/include/functions/GetPlayerFPS.pwn	ins1x--useful-samp-stuff-source.zip	70efd1b5065fdf42f2596bcbcdc3b0062c951d687ee2556c2617e0f7088e6c14
ins1x/useful-samp-stuff	86f74b45523ac3d459c367d8416162c61e0f304a	.references/pawn/collections/ins1x--useful-samp-stuff/include/functions/README.md	ins1x--useful-samp-stuff-source.zip	e45c86a35c6faf8a4c207f7d03c0934c8a8d5c8ed96e66ad58e3e778156d77cf
ins1x/useful-samp-stuff	86f74b45523ac3d459c367d8416162c61e0f304a	.references/pawn/collections/ins1x--useful-samp-stuff/include/functions/CrashPlayer.pwn	ins1x--useful-samp-stuff-source.zip	f0570e4e10d5798d6b38ef432dbc3c47596fd2ce8818f8536336428c73a88e87
ins1x/useful-samp-stuff	86f74b45523ac3d459c367d8416162c61e0f304a	.references/pawn/collections/ins1x--useful-samp-stuff/include/functions/GetClosestPlayer.pwn	ins1x--useful-samp-stuff-source.zip	a2be5c49c7d6db709c6418830e91e52e1cb980a1aa816f0fcc905b8703dbfc86
ins1x/useful-samp-stuff	86f74b45523ac3d459c367d8416162c61e0f304a	.references/pawn/collections/ins1x--useful-samp-stuff/include/functions/GetClosestCar.pwn	ins1x--useful-samp-stuff-source.zip	c13357a83d0652cb3a5bf9155c7ae6c7b05d470312454f5f948f55da5995a214
ins1x/useful-samp-stuff	86f74b45523ac3d459c367d8416162c61e0f304a	.references/pawn/collections/ins1x--useful-samp-stuff/include/functions/DbEscape.pwn	ins1x--useful-samp-stuff-source.zip	e07d9f63738ea269ab7364341f7aaf642f4c7ddbea92759db90a8eac10715285
ins1x/useful-samp-stuff	86f74b45523ac3d459c367d8416162c61e0f304a	.references/pawn/collections/ins1x--useful-samp-stuff/include/functions/ClistToRGB.pwn	ins1x--useful-samp-stuff-source.zip	2a218798ad592ec07547d34af14ac54e8a15b03385a8b0957c0083aee81da322
ins1x/useful-samp-stuff	86f74b45523ac3d459c367d8416162c61e0f304a	.references/pawn/collections/ins1x--useful-samp-stuff/include/functions/CountDynObjects.pwn	ins1x--useful-samp-stuff-source.zip	6c9c33b0afa2acd85934bd56d7da0c399ccfa14eafcb9b4217af5e24330fa383
ins1x/useful-samp-stuff	86f74b45523ac3d459c367d8416162c61e0f304a	.references/pawn/collections/ins1x--useful-samp-stuff/include/functions/VisulaClantagToggle.pwn	ins1x--useful-samp-stuff-source.zip	908c10d0e5fbf5b37b90a8fc361a9ebb044ff97c8f7cebc605d749bac1cc2fe8
yassinebouelkheir/Xeon-SpeedoMeter	43b755558a741fcc6b6517a70091db99fbf90885	.references/pawn/filterscripts/yassinebouelkheir--Xeon-SpeedoMeter/.gitignore	yassinebouelkheir--Xeon-SpeedoMeter-source.zip	6c818ea0de021fe11f83c62559209776453936b05518bb9e1c3d2fe4ae6b02c5
yassinebouelkheir/Xeon-SpeedoMeter	43b755558a741fcc6b6517a70091db99fbf90885	.references/pawn/filterscripts/yassinebouelkheir--Xeon-SpeedoMeter/LICENCE.md	yassinebouelkheir--Xeon-SpeedoMeter-source.zip	33bc26d4498c183b703d1760ee45b8774d21d6e0178ca393dc715271840c7a21
yassinebouelkheir/Xeon-SpeedoMeter	43b755558a741fcc6b6517a70091db99fbf90885	.references/pawn/filterscripts/yassinebouelkheir--Xeon-SpeedoMeter/README.md	yassinebouelkheir--Xeon-SpeedoMeter-source.zip	32e4e75baf8da79a8edf4e2dbd5365f84a36e8d773c24241148605f5de7eea4e
yassinebouelkheir/Xeon-SpeedoMeter	43b755558a741fcc6b6517a70091db99fbf90885	.references/pawn/filterscripts/yassinebouelkheir--Xeon-SpeedoMeter/filterscripts/xspeedo.pwn	yassinebouelkheir--Xeon-SpeedoMeter-source.zip	beefc3a888ad8115df2200506fb5d1dc3a4f41de3f59eaaf7928335fd90b7be1
yassinebouelkheir/Xeon-SpeedoMeter	43b755558a741fcc6b6517a70091db99fbf90885	.references/pawn/filterscripts/yassinebouelkheir--Xeon-SpeedoMeter/pawno/include/foreach.inc	yassinebouelkheir--Xeon-SpeedoMeter-source.zip	ab5a2f0533159e0d96515e4ce889de7000adca1253b356dfc24e220678c73525
